bdc,cik,accession,form,period_end,file_date,identifier,entity,company,type,sector,desc,affil,fv,cost,par,shares,mark,spread,rate,base_rate,pik_rate,pik,maturity,acq,ccy,fv_raw
ARCC,0001287750,0001628280-26-050307,10-Q,2026-06-30,2026-07-29,ACP Avenu Midco LLC | First lien senior secured revolving loan,ACP Avenu Midco LLC |,ACP Avenu Midco LLC |,First Lien,,,,900000.0,900000.0,900000.0,,100.0,5.0,8.65,,,False,,,USD,900000.0
ARCC,0001287750,0001628280-26-050307,10-Q,2026-06-30,2026-07-29,ACP Avenu Midco LLC  | First lien senior secured loan,ACP Avenu Midco LLC  |,ACP Avenu Midco LLC  |,First Lien,,,,3600000.0,3500000.0,3600000.0,,100.0,5.0,8.69,,,False,,,USD,3600000.0
ARCC,0001287750,0001628280-26-050307,10-Q,2026-06-30,2026-07-29,ACP Avenu Midco LLC  | First lien senior secured loan 2,ACP Avenu Midco LLC  |,ACP Avenu Midco LLC  |,First Lien,,,,13100000.0,13000000.0,13100000.0,,100.0,5.0,8.69,,,False,,,USD,13100000.0
ARCC,0001287750,0001628280-26-050307,10-Q,2026-06-30,2026-07-29,"Actfy Buyer, Inc. | First lien senior secured loan",Actfy Buyer,Actfy Buyer,First Lien,,,,2100000.0,2100000.0,2100000.0,,100.0,4.75,8.39,,,False,,,USD,2100000.0
ARCC,0001287750,0001628280-26-050307,10-Q,2026-06-30,2026-07-29,"Activate Holdings (US) Corp. and CrossPoint Capital AS SPV, LP | First lien senior secured loan",Activate Holdings (US) Corp. and CrossPoint Capital AS SPV,Activate Holdings (US) Corp. and CrossPoint Capital AS SPV,First Lien,,,,6800000.0,6800000.0,6800000.0,,100.0,5.25,8.98,,,False,,,USD,6800000.0
ARCC,0001287750,0001628280-26-050307,10-Q,2026-06-30,2026-07-29,"Activate Holdings (US) Corp. and CrossPoint Capital AS SPV, LP | First lien senior secured loan 1",Activate Holdings (US) Corp. and CrossPoint Capital AS SPV,Activate Holdings (US) Corp. and CrossPoint Capital AS SPV,First Lien,,,,41900000.0,41900000.0,41900000.0,,100.0,5.25,8.98,,,False,,,USD,41900000.0
ARCC,0001287750,0001628280-26-050307,10-Q,2026-06-30,2026-07-29,"Activate Holdings (US) Corp. and CrossPoint Capital AS SPV, LP | Limited partnership interest",Activate Holdings (US) Corp. and CrossPoint Capital AS SPV,Activate Holdings (US) Corp. and CrossPoint Capital AS SPV,LP Interest,,,,13200000.0,10300000.0,,9249000.0,128.16,,,,,False,,,USD,13200000.0
ARCC,0001287750,0001628280-26-050307,10-Q,2026-06-30,2026-07-29,Adonis Bidco Inc. | First lien senior secured loan,Adonis Bidco Inc. |,Adonis Bidco Inc. |,First Lien,,,,28500000.0,30000000.0,30000000.0,,95.0,5.5,9.23,,,False,,,USD,28500000.0
ARCC,0001287750,0001628280-26-050307,10-Q,2026-06-30,2026-07-29,Adonis Bidco Inc. | First lien senior secured loan 1,Adonis Bidco Inc. |,Adonis Bidco Inc. |,First Lien,,,,226700000.0,238600000.0,238600000.0,,95.01,5.75,9.48,,2.88,True,,,USD,226700000.0
ARCC,0001287750,0001628280-26-050307,10-Q,2026-06-30,2026-07-29,"AI Titan Parent, Inc. | First lien senior secured loan",AI Titan Parent,AI Titan Parent,First Lien,,,,7200000.0,7300000.0,7300000.0,,98.63,4.5,8.13,,,False,,,USD,7200000.0
ARCC,0001287750,0001628280-26-050307,10-Q,2026-06-30,2026-07-29,"Anaplan, Inc., | First lien senior secured loan","Anaplan, Inc.","Anaplan, Inc.",First Lien,,,,5700000.0,5800000.0,5800000.0,,98.28,4.5,8.17,,,False,,,USD,5700000.0
ARCC,0001287750,0001628280-26-050307,10-Q,2026-06-30,2026-07-29,"APG Intermediate Holdings Corporation and APG Holdings, LLC | Class A membership units",APG Intermediate Holdings Corporation and APG Holdings,APG Intermediate Holdings Corporation and APG Holdings,Equity,,,,3600000.0,9800000.0,,9750000.0,36.73,,,,,False,,,USD,3600000.0
ARCC,0001287750,0001628280-26-050307,10-Q,2026-06-30,2026-07-29,"Apple Bidco Holdings, Inc. | First lien senior secured revolving loan",Apple Bidco Holdings,Apple Bidco Holdings,First Lien,,,,2600000.0,2700000.0,2700000.0,,96.3,4.5,8.23,,,False,,,USD,2600000.0
ARCC,0001287750,0001628280-26-050307,10-Q,2026-06-30,2026-07-29,"Apple Bidco Holdings, Inc. | First lien senior secured loan",Apple Bidco Holdings,Apple Bidco Holdings,First Lien,,,,51600000.0,53200000.0,53200000.0,,96.99,4.5,8.23,,,False,,,USD,51600000.0
ARCC,0001287750,0001628280-26-050307,10-Q,2026-06-30,2026-07-29,"Appriss Health, LLC and Appriss Health Intermediate Holdings, Inc. | First lien senior secured loan","Appriss Health, LLC and Appriss Health Intermediate Holdings","Appriss Health, LLC and Appriss Health Intermediate Holdings",First Lien,,,,2800000.0,2800000.0,2800000.0,,100.0,4.75,8.49,,,False,,,USD,2800000.0
ARCC,0001287750,0001628280-26-050307,10-Q,2026-06-30,2026-07-29,"Aptean, Inc. and Aptean Acquiror Inc. | First lien senior secured revolving loan",Aptean,Aptean,First Lien,,,,100000.0,100000.0,100000.0,,100.0,4.75,8.42,,,False,,,USD,100000.0
ARCC,0001287750,0001628280-26-050307,10-Q,2026-06-30,2026-07-29,"Aptean, Inc. and Aptean Acquiror Inc. | First lien senior secured loan",Aptean,Aptean,First Lien,,,,19700000.0,19800000.0,19900000.0,,98.99,4.75,8.42,,,False,,,USD,19700000.0
ARCC,0001287750,0001628280-26-050307,10-Q,2026-06-30,2026-07-29,"Archduke Buyer, Inc. | First lien senior secured loan",Archduke Buyer,Archduke Buyer,First Lien,,,,60400000.0,61000000.0,61000000.0,,99.02,5.5,9.16,,,False,,,USD,60400000.0
ARCC,0001287750,0001628280-26-050307,10-Q,2026-06-30,2026-07-29,"Arrow Borrower 2025, Inc. | First lien senior secured loan",Arrow Borrower 2025,Arrow Borrower 2025,First Lien,,,,28000000.0,28300000.0,28300000.0,,98.94,4.25,7.98,,,False,,,USD,28000000.0
ARCC,0001287750,0001628280-26-050307,10-Q,2026-06-30,2026-07-29,"Artifact Bidco, Inc. | First lien senior secured loan",Artifact Bidco,Artifact Bidco,First Lien,,,,6800000.0,6800000.0,6800000.0,,100.0,4.15,7.88,,,False,,,USD,6800000.0
ARCC,0001287750,0001628280-26-050307,10-Q,2026-06-30,2026-07-29,Aston Bidco (Holding) Limited | First lien senior secured loan,Aston Bidco (Holding) Limited |,Aston Bidco (Holding) Limited |,First Lien,,,,108500000.0,108200000.0,108500000.0,,100.0,6.0,9.87,,,False,,,USD,108500000.0
ARCC,0001287750,0001628280-26-050307,10-Q,2026-06-30,2026-07-29,"Auctane, Inc. | First lien senior secured loan",Auctane,Auctane,First Lien,,,,241600000.0,245300000.0,245300000.0,,98.49,5.75,9.52,,,False,,,USD,241600000.0
ARCC,0001287750,0001628280-26-050307,10-Q,2026-06-30,2026-07-29,"Banyan Software Holdings, LLC and Banyan Software Intermediate, Inc. | First lien senior secured revolving loan","Banyan Software Holdings, LLC and Banyan Software Intermediate","Banyan Software Holdings, LLC and Banyan Software Intermediate",First Lien,,,,1500000.0,1500000.0,1500000.0,,100.0,5.5,9.15,,,False,,,USD,1500000.0
ARCC,0001287750,0001628280-26-050307,10-Q,2026-06-30,2026-07-29,"Banyan Software Holdings, LLC and Banyan Software Intermediate, Inc. | First lien senior secured loan","Banyan Software Holdings, LLC and Banyan Software Intermediate","Banyan Software Holdings, LLC and Banyan Software Intermediate",First Lien,,,,140500000.0,140500000.0,140500000.0,,100.0,5.5,9.14,,,False,,,USD,140500000.0
ARCC,0001287750,0001628280-26-050307,10-Q,2026-06-30,2026-07-29,"Banyan Software Holdings, LLC and Banyan Software Intermediate, Inc. |  First lien senior secured loan 1","Banyan Software Holdings, LLC and Banyan Software Intermediate","Banyan Software Holdings, LLC and Banyan Software Intermediate",First Lien,,,,21300000.0,21300000.0,21300000.0,,100.0,5.5,9.14,,,False,,,USD,21300000.0
ARCC,0001287750,0001628280-26-050307,10-Q,2026-06-30,2026-07-29,"Banyan Software Holdings, LLC and Banyan Software Intermediate, Inc. | First lien senior secured loan 2","Banyan Software Holdings, LLC and Banyan Software Intermediate","Banyan Software Holdings, LLC and Banyan Software Intermediate",First Lien,,,,3500000.0,3500000.0,3500000.0,,100.0,5.25,8.89,,,False,,,USD,3500000.0
ARCC,0001287750,0001628280-26-050307,10-Q,2026-06-30,2026-07-29,"Banyan Software Holdings, LLC and Banyan Software Intermediate, Inc. | Series A preferred shares","Banyan Software Holdings, LLC and Banyan Software Intermediate","Banyan Software Holdings, LLC and Banyan Software Intermediate",Preferred Equity,,,,105900000.0,105900000.0,,90019.0,100.0,,,,14.0,True,,,USD,105900000.0
ARCC,0001287750,0001628280-26-050307,10-Q,2026-06-30,2026-07-29,"BCTO Ignition Purchaser, Inc. | Senior subordinated loan",BCTO Ignition Purchaser,BCTO Ignition Purchaser,Senior Subordinated,,,,4700000.0,4700000.0,4700000.0,,100.0,7.5,,,11.17,True,,,USD,4700000.0
ARCC,0001287750,0001628280-26-050307,10-Q,2026-06-30,2026-07-29,"BCTO Ignition Purchaser, Inc. | Senior subordinated loan 1",BCTO Ignition Purchaser,BCTO Ignition Purchaser,Senior Subordinated,,,,2700000.0,2700000.0,2700000.0,,100.0,7.5,,,,False,,,USD,2700000.0
ARCC,0001287750,0001628280-26-050307,10-Q,2026-06-30,2026-07-29,"Bobcat Purchaser, LLC and Bobcat Topco, L.P. | First lien senior secured loan","Bobcat Purchaser, LLC and Bobcat Topco","Bobcat Purchaser, LLC and Bobcat Topco",First Lien,,,,15400000.0,15400000.0,15400000.0,,100.0,4.75,8.48,,,False,,,USD,15400000.0
ARCC,0001287750,0001628280-26-050307,10-Q,2026-06-30,2026-07-29,"Bobcat Purchaser, LLC and Bobcat Topco, L.P. | Class A-1 units","Bobcat Purchaser, LLC and Bobcat Topco","Bobcat Purchaser, LLC and Bobcat Topco",Common Equity,,,,1300000.0,1700000.0,,1729228.0,76.47,,,,,False,,,USD,1300000.0
ARCC,0001287750,0001628280-26-050307,10-Q,2026-06-30,2026-07-29,Borrower R365 Holdings LLC | First lien senior secured loan,Borrower R365 Holdings LLC |,Borrower R365 Holdings LLC |,First Lien,,,,1900000.0,1900000.0,1900000.0,,100.0,6.0,9.88,,,False,,,USD,1900000.0
ARCC,0001287750,0001628280-26-050307,10-Q,2026-06-30,2026-07-29,Borrower R365 Holdings LLC |  First lien senior secured loan 1,Borrower R365 Holdings LLC |,Borrower R365 Holdings LLC |,First Lien,,,,15900000.0,15900000.0,15900000.0,,100.0,6.0,9.88,,,False,,,USD,15900000.0
ARCC,0001287750,0001628280-26-050307,10-Q,2026-06-30,2026-07-29,"Bottomline Technologies, Inc. | First lien senior secured loan",Bottomline Technologies,Bottomline Technologies,First Lien,,,,16500000.0,16500000.0,16500000.0,,100.0,4.5,8.23,,,False,,,USD,16500000.0
ARCC,0001287750,0001628280-26-050307,10-Q,2026-06-30,2026-07-29,"Businessolver.com, Inc. | First lien senior secured loan",Businessolver.com,Businessolver.com,First Lien,,,,27700000.0,28000000.0,28000000.0,,98.93,4.5,8.23,,,False,,,USD,27700000.0
ARCC,0001287750,0001628280-26-050307,10-Q,2026-06-30,2026-07-29,"Cardinal Parent, Inc. and Packers Software Intermediate Holdings, Inc. | First lien senior secured loan","Cardinal Parent, Inc. and Packers Software Intermediate Holdings","Cardinal Parent, Inc. and Packers Software Intermediate Holdings",First Lien,,,,14500000.0,16200000.0,16500000.0,,87.88,4.5,8.38,,,False,,,USD,14500000.0
ARCC,0001287750,0001628280-26-050307,10-Q,2026-06-30,2026-07-29,"Cardinal Parent, Inc. and Packers Software Intermediate Holdings, Inc. | Second lien senior secured loan","Cardinal Parent, Inc. and Packers Software Intermediate Holdings","Cardinal Parent, Inc. and Packers Software Intermediate Holdings",Second Lien,,,,63800000.0,71300000.0,71600000.0,,89.11,7.75,11.63,,,False,,,USD,63800000.0
ARCC,0001287750,0001628280-26-050307,10-Q,2026-06-30,2026-07-29,"Cardinal Parent, Inc. and Packers Software Intermediate Holdings, Inc.  | Series A preferred shares","Cardinal Parent, Inc. and Packers Software Intermediate Holdings","Cardinal Parent, Inc. and Packers Software Intermediate Holdings",Preferred Equity,,,,39000000.0,45900000.0,,24898.0,84.97,,11.0,,,False,,,USD,39000000.0
ARCC,0001287750,0001628280-26-050307,10-Q,2026-06-30,2026-07-29,"Cardinal Parent, Inc. and Packers Software Intermediate Holdings, Inc. |  Series A-2preferred shares","Cardinal Parent, Inc. and Packers Software Intermediate Holdings","Cardinal Parent, Inc. and Packers Software Intermediate Holdings",Equity,,,,13900000.0,16300000.0,,8963.0,85.28,,11.0,,,False,,,USD,13900000.0
ARCC,0001287750,0001628280-26-050307,10-Q,2026-06-30,2026-07-29,"Cardinal Parent, Inc. and Packers Software Intermediate Holdings, Inc. |  Series A-3 preferred shares","Cardinal Parent, Inc. and Packers Software Intermediate Holdings","Cardinal Parent, Inc. and Packers Software Intermediate Holdings",Preferred Equity,,,,16700000.0,19700000.0,,11952.0,84.77,,11.0,,,False,,,USD,16700000.0
ARCC,0001287750,0001628280-26-050307,10-Q,2026-06-30,2026-07-29,"Cascade Parent Inc., Cascade Intermediate II, Inc., and Haveli Cascade Co-Invest I, L.P. | First lien senior secured revolving loan","Cascade Parent Inc., Cascade Intermediate II, Inc., and Haveli Cascade Co-Invest I","Cascade Parent Inc., Cascade Intermediate II, Inc., and Haveli Cascade Co-Invest I",First Lien,,,,0.0,0.0,0.0,,,,,,,False,,,USD,0.0
ARCC,0001287750,0001628280-26-050307,10-Q,2026-06-30,2026-07-29,"Cascade Parent Inc., Cascade Intermediate II, Inc., and Haveli Cascade Co-Invest I, L.P., First lien senior secured loan","Cascade Parent Inc., Cascade Intermediate II, Inc., and Haveli Cascade Co-Invest I, L.P.","Cascade Parent Inc., Cascade Intermediate II, Inc., and Haveli Cascade Co-Invest I, L.P.",First Lien,,,,29500000.0,29800000.0,29800000.0,,98.99,5.75,9.39,,,False,,,USD,29500000.0
ARCC,0001287750,0001628280-26-050307,10-Q,2026-06-30,2026-07-29,"Cascade Parent Inc., Cascade Intermediate II, Inc., and Haveli Cascade Co-Invest I, L.P., Senior subordinated loan","Cascade Parent Inc., Cascade Intermediate II, Inc., and Haveli Cascade Co-Invest I, L.P.","Cascade Parent Inc., Cascade Intermediate II, Inc., and Haveli Cascade Co-Invest I, L.P.",Senior Subordinated,,,,25700000.0,26100000.0,26100000.0,,98.47,,,,13.0,True,,,USD,25700000.0
ARCC,0001287750,0001628280-26-050307,10-Q,2026-06-30,2026-07-29,"Cascade Parent Inc., Cascade Intermediate II, Inc., and Haveli Cascade Co-Invest I, L.P., Limited partnership interests","Cascade Parent Inc., Cascade Intermediate II, Inc., and Haveli Cascade Co-Invest I, L.P.","Cascade Parent Inc., Cascade Intermediate II, Inc., and Haveli Cascade Co-Invest I, L.P.",LP Interest,,,,5800000.0,5300000.0,,5324000.0,109.43,,,,,False,,,USD,5800000.0
ARCC,0001287750,0001628280-26-050307,10-Q,2026-06-30,2026-07-29,"Centralsquare Technologies, LLC and Supermoose Newco, Inc. | First lien senior secured revolving loan","Centralsquare Technologies, LLC and Supermoose Newco","Centralsquare Technologies, LLC and Supermoose Newco",First Lien,,,,0.0,0.0,0.0,,,,,,,False,,,USD,0.0
ARCC,0001287750,0001628280-26-050307,10-Q,2026-06-30,2026-07-29,"Centralsquare Technologies, LLC and Supermoose Newco, Inc. | First lien senior secured loan","Centralsquare Technologies, LLC and Supermoose Newco","Centralsquare Technologies, LLC and Supermoose Newco",First Lien,,,,144000000.0,144000000.0,144000000.0,,100.0,5.75,9.39,,,False,,,USD,144000000.0
ARCC,0001287750,0001628280-26-050307,10-Q,2026-06-30,2026-07-29,"Centralsquare Technologies, LLC and Supermoose Newco, Inc. | Series A preferred stock","Centralsquare Technologies, LLC and Supermoose Newco","Centralsquare Technologies, LLC and Supermoose Newco",Preferred Equity,,,,115500000.0,115300000.0,,83332.0,100.17,,,,15.0,True,,,USD,115500000.0
ARCC,0001287750,0001628280-26-050307,10-Q,2026-06-30,2026-07-29,"Clearwater Analytics, LLC and Clearwater Analytics Holdings, Inc.| First lien senior secured loan","Clearwater Analytics, LLC and Clearwater Analytics Holdings","Clearwater Analytics, LLC and Clearwater Analytics Holdings",First Lien,,,,130000000.0,130700000.0,130700000.0,,99.46,4.5,8.23,,,False,,,USD,130000000.0
ARCC,0001287750,0001628280-26-050307,10-Q,2026-06-30,2026-07-29,"Cloud Software Group, Inc., Picard Parent, Inc., Cloud Software Group Holdings, Inc., Picard HoldCo, LLC and Elliott Alto Co-Investor Aggregator L.P. |  Limited partnership interests","Cloud Software Group, Inc., Picard Parent, Inc., Cloud Software Group Holdings, Inc., Picard HoldCo","Cloud Software Group, Inc., Picard Parent, Inc., Cloud Software Group Holdings, Inc., Picard HoldCo",LP Interest,,,,30500000.0,12300000.0,,12250000.0,247.97,,,,,False,,,USD,30500000.0
ARCC,0001287750,0001628280-26-050307,10-Q,2026-06-30,2026-07-29,"Community Brands ParentCo, LLC, |  Class A units","Community Brands ParentCo, LLC","Community Brands ParentCo, LLC",Common Equity,,,,1100000.0,5000000.0,,500000.0,22.0,,,,,False,,,USD,1100000.0
ARCC,0001287750,0001628280-26-050307,10-Q,2026-06-30,2026-07-29,"Computer Services, Inc., | First lien senior secured loan","Computer Services, Inc.","Computer Services, Inc.",First Lien,,,,49200000.0,50200000.0,50200000.0,,98.01,4.5,8.23,,,False,,,USD,49200000.0
ARCC,0001287750,0001628280-26-050307,10-Q,2026-06-30,2026-07-29,"Consilio Midco Limited, Compusoft US LLC, and Consilio Investment Holdings, L.P. | Common units","Consilio Midco Limited, Compusoft US LLC, and Consilio Investment Holdings","Consilio Midco Limited, Compusoft US LLC, and Consilio Investment Holdings",Common Equity,,,,9400000.0,4800000.0,,483584.0,195.83,,,,,False,,,USD,9400000.0
ARCC,0001287750,0001628280-26-050307,10-Q,2026-06-30,2026-07-29,"Consilio Midco Limited, Compusoft US LLC, and Consilio Investment Holdings, L.P. |  Series A common units","Consilio Midco Limited, Compusoft US LLC, and Consilio Investment Holdings","Consilio Midco Limited, Compusoft US LLC, and Consilio Investment Holdings",Common Equity,,,,500000.0,200000.0,,23340.0,250.0,,,,,False,,,USD,500000.0
ARCC,0001287750,0001628280-26-050307,10-Q,2026-06-30,2026-07-29,"CoreLogic, Inc. and T-VIII Celestial Co-Invest LP. | First lien senior secured revolving loan",CoreLogic,CoreLogic,First Lien,,,,12500000.0,12600000.0,12600000.0,,99.21,3.25,7.01,,,False,,,USD,12500000.0
ARCC,0001287750,0001628280-26-050307,10-Q,2026-06-30,2026-07-29,"CoreLogic, Inc. and T-VIII Celestial Co-Invest LP. |  Second lien senior secured loan",CoreLogic,CoreLogic,Second Lien,,,,152900000.0,155700000.0,155700000.0,,98.2,6.5,10.26,,,False,,,USD,152900000.0
ARCC,0001287750,0001628280-26-050307,10-Q,2026-06-30,2026-07-29,"CoreLogic, Inc. and T-VIII Celestial Co-Invest LP. |  Limited partnership units",CoreLogic,CoreLogic,LP Interest,,,,53000000.0,59700000.0,,59665989.0,88.78,,,,,False,,,USD,53000000.0
ARCC,0001287750,0001628280-26-050307,10-Q,2026-06-30,2026-07-29,"Cority Software Inc., Cority Software (USA) Inc., and Cority Parent, Inc. | First lien senior secured loan","Cority Software Inc., Cority Software (USA) Inc., and Cority Parent","Cority Software Inc., Cority Software (USA) Inc., and Cority Parent",First Lien,,,,59800000.0,61700000.0,61700000.0,,96.92,4.5,8.16,,,False,,,USD,59800000.0
ARCC,0001287750,0001628280-26-050307,10-Q,2026-06-30,2026-07-29,"Cority Software Inc., Cority Software (USA) Inc., and Cority Parent, Inc. | Preferred equity","Cority Software Inc., Cority Software (USA) Inc., and Cority Parent","Cority Software Inc., Cority Software (USA) Inc., and Cority Parent",Preferred Equity,,,,700000.0,400000.0,,198.0,175.0,,,,9.0,True,,,USD,700000.0
ARCC,0001287750,0001628280-26-050307,10-Q,2026-06-30,2026-07-29,"Cority Software Inc., Cority Software (USA) Inc., and Cority Parent, Inc. | Common equity","Cority Software Inc., Cority Software (USA) Inc., and Cority Parent","Cority Software Inc., Cority Software (USA) Inc., and Cority Parent",Common Equity,,,,0.0,0.0,,190143.0,,,,,,False,,,USD,0.0
ARCC,0001287750,0001628280-26-050307,10-Q,2026-06-30,2026-07-29,"Cornerstone OnDemand, Inc. and Sunshine Software Holdings, Inc. | First lien senior secured revolving loan","Cornerstone OnDemand, Inc. and Sunshine Software Holdings","Cornerstone OnDemand, Inc. and Sunshine Software Holdings",First Lien,,,,6200000.0,9800000.0,9800000.0,,63.27,3.0,6.76,,,False,,,USD,6200000.0
ARCC,0001287750,0001628280-26-050307,10-Q,2026-06-30,2026-07-29,"Cornerstone OnDemand, Inc. and Sunshine Software Holdings, Inc.|  First lien senior secured loan","Cornerstone OnDemand, Inc. and Sunshine Software Holdings","Cornerstone OnDemand, Inc. and Sunshine Software Holdings",First Lien,,,,10300000.0,15200000.0,16400000.0,,62.8,3.75,7.51,,,False,,,USD,10300000.0
ARCC,0001287750,0001628280-26-050307,10-Q,2026-06-30,2026-07-29,"Cornerstone OnDemand, Inc. and Sunshine Software Holdings, Inc. | Second lien senior secured loan","Cornerstone OnDemand, Inc. and Sunshine Software Holdings","Cornerstone OnDemand, Inc. and Sunshine Software Holdings",Second Lien,,,,88000000.0,137500000.0,137500000.0,,64.0,6.5,10.26,,,False,,,USD,88000000.0
ARCC,0001287750,0001628280-26-050307,10-Q,2026-06-30,2026-07-29,"Cornerstone OnDemand, Inc. and Sunshine Software Holdings, Inc. | Series A preferred shares","Cornerstone OnDemand, Inc. and Sunshine Software Holdings","Cornerstone OnDemand, Inc. and Sunshine Software Holdings",Preferred Equity,,,,113100000.0,188500000.0,,116413.0,60.0,,,,10.5,True,,,USD,113100000.0
ARCC,0001287750,0001628280-26-050307,10-Q,2026-06-30,2026-07-29,"Cornerstone OnDemand, Inc. and Sunshine Software Holdings, Inc. | Class A-1 common stock","Cornerstone OnDemand, Inc. and Sunshine Software Holdings","Cornerstone OnDemand, Inc. and Sunshine Software Holdings",Common Equity,,,,14700000.0,13600000.0,,1360100.0,108.09,,,,,False,,,USD,14700000.0
ARCC,0001287750,0001628280-26-050307,10-Q,2026-06-30,2026-07-29,"Coupa Holdings, LLC and Coupa Software Incorporated | First lien senior secured loan",Coupa Holdings,Coupa Holdings,First Lien,,,,9200000.0,9700000.0,9700000.0,,94.85,5.25,8.91,,,False,,,USD,9200000.0
ARCC,0001287750,0001628280-26-050307,10-Q,2026-06-30,2026-07-29,"Databricks, Inc. | First lien senior secured loan",Databricks,Databricks,First Lien,,,,100000.0,100000.0,100000.0,,100.0,4.5,8.11,,,False,,,USD,100000.0
ARCC,0001287750,0001628280-26-050307,10-Q,2026-06-30,2026-07-29,"Datix Bidco Limited and RL Datix Holdings (USA), Inc. | First lien senior secured loan",Datix Bidco Limited and RL Datix Holdings (USA),Datix Bidco Limited and RL Datix Holdings (USA),First Lien,,,,103500000.0,104600000.0,104600000.0,,98.95,5.0,8.73,,,False,,,USD,103500000.0
ARCC,0001287750,0001628280-26-050307,10-Q,2026-06-30,2026-07-29,"Datix Bidco Limited and RL Datix Holdings (USA), Inc. | First lien senior secured loan 1",Datix Bidco Limited and RL Datix Holdings (USA),Datix Bidco Limited and RL Datix Holdings (USA),First Lien,,,,55700000.0,53100000.0,56200000.0,,99.11,5.0,8.74,,,False,,,USD,55700000.0
ARCC,0001287750,0001628280-26-050307,10-Q,2026-06-30,2026-07-29,"Digicert, Inc., Dcert Buyer, Inc., DCert Preferred Holdings, Inc. and Destiny Digital Holdings, L.P. | First lien senior secured loan","Digicert, Inc., Dcert Buyer, Inc., DCert Preferred Holdings, Inc. and Destiny Digital Holdings","Digicert, Inc., Dcert Buyer, Inc., DCert Preferred Holdings, Inc. and Destiny Digital Holdings",First Lien,,,,121600000.0,123000000.0,124100000.0,,97.99,5.75,9.39,,,False,,,USD,121600000.0
ARCC,0001287750,0001628280-26-050307,10-Q,2026-06-30,2026-07-29,"Digicert, Inc., Dcert Buyer, Inc., DCert Preferred Holdings, Inc. and Destiny Digital Holdings, L.P. | Second lien senior secured loan","Digicert, Inc., Dcert Buyer, Inc., DCert Preferred Holdings, Inc. and Destiny Digital Holdings","Digicert, Inc., Dcert Buyer, Inc., DCert Preferred Holdings, Inc. and Destiny Digital Holdings",Second Lien,,,,19100000.0,20500000.0,22800000.0,,83.77,7.0,10.64,,,False,,,USD,19100000.0
ARCC,0001287750,0001628280-26-050307,10-Q,2026-06-30,2026-07-29,"Digicert, Inc., Dcert Buyer, Inc., DCert Preferred Holdings, Inc. and Destiny Digital Holdings, L.P. | Series A preferred shares","Digicert, Inc., Dcert Buyer, Inc., DCert Preferred Holdings, Inc. and Destiny Digital Holdings","Digicert, Inc., Dcert Buyer, Inc., DCert Preferred Holdings, Inc. and Destiny Digital Holdings",Preferred Equity,,,,175000000.0,218800000.0,,129822.0,79.98,,,,10.5,True,,,USD,175000000.0
ARCC,0001287750,0001628280-26-050307,10-Q,2026-06-30,2026-07-29,"Digicert, Inc., Dcert Buyer, Inc., DCert Preferred Holdings, Inc. and Destiny Digital Holdings, L.P. | Series A units","Digicert, Inc., Dcert Buyer, Inc., DCert Preferred Holdings, Inc. and Destiny Digital Holdings","Digicert, Inc., Dcert Buyer, Inc., DCert Preferred Holdings, Inc. and Destiny Digital Holdings",Common Equity,,,,12200000.0,13300000.0,,817194.0,91.73,,,,,False,,,USD,12200000.0
ARCC,0001287750,0001628280-26-050307,10-Q,2026-06-30,2026-07-29,"Diligent Corporation and Diligent Preferred Issuer, Inc. | First lien senior secured revolving loan",Diligent Corporation and Diligent Preferred Issuer,Diligent Corporation and Diligent Preferred Issuer,First Lien,,,,900000.0,900000.0,900000.0,,100.0,5.0,8.65,,,False,,,USD,900000.0
ARCC,0001287750,0001628280-26-050307,10-Q,2026-06-30,2026-07-29,"Diligent Corporation and Diligent Preferred Issuer, Inc. | First lien senior secured loan",Diligent Corporation and Diligent Preferred Issuer,Diligent Corporation and Diligent Preferred Issuer,First Lien,,,,3300000.0,3400000.0,3400000.0,,97.06,8.42,,,12.09,True,,,USD,3300000.0
ARCC,0001287750,0001628280-26-050307,10-Q,2026-06-30,2026-07-29,"Diligent Corporation and Diligent Preferred Issuer, Inc. | First lien senior secured loan 1",Diligent Corporation and Diligent Preferred Issuer,Diligent Corporation and Diligent Preferred Issuer,First Lien,,,,19400000.0,20000000.0,20100000.0,,96.52,5.0,8.67,,,False,,,USD,19400000.0
ARCC,0001287750,0001628280-26-050307,10-Q,2026-06-30,2026-07-29,"Diligent Corporation and Diligent Preferred Issuer, Inc. | Preferred stock",Diligent Corporation and Diligent Preferred Issuer,Diligent Corporation and Diligent Preferred Issuer,Preferred Equity,,,,20800000.0,21600000.0,,13140.0,96.3,,,,10.5,True,,,USD,20800000.0
ARCC,0001287750,0001628280-26-050307,10-Q,2026-06-30,2026-07-29,Doxim Inc. | First lien senior secured revolving loan,Doxim Inc. |,Doxim Inc. |,First Lien,,,,0.0,0.0,0.0,,,,,,,False,,,USD,0.0
ARCC,0001287750,0001628280-26-050307,10-Q,2026-06-30,2026-07-29,Doxim Inc. | First lien senior secured loan,Doxim Inc. |,Doxim Inc. |,First Lien,,,,84300000.0,84300000.0,84300000.0,,100.0,6.5,10.14,,,False,,,USD,84300000.0
ARCC,0001287750,0001628280-26-050307,10-Q,2026-06-30,2026-07-29,"DriveCentric Holdings, LLC | First lien senior secured loan",DriveCentric Holdings,DriveCentric Holdings,First Lien,,,,11600000.0,11600000.0,11600000.0,,100.0,4.5,8.23,,,False,,,USD,11600000.0
ARCC,0001287750,0001628280-26-050307,10-Q,2026-06-30,2026-07-29,"DriveCentric Holdings, LLC | First lien senior secured loan 1",DriveCentric Holdings,DriveCentric Holdings,First Lien,,,,12100000.0,12100000.0,12100000.0,,100.0,4.5,8.2,,,False,,,USD,12100000.0
ARCC,0001287750,0001628280-26-050307,10-Q,2026-06-30,2026-07-29,"Echo Purchaser, Inc. |  First lien senior secured loan",Echo Purchaser,Echo Purchaser,First Lien,,,,11300000.0,11300000.0,11300000.0,,100.0,5.5,9.17,,,False,,,USD,11300000.0
ARCC,0001287750,0001628280-26-050307,10-Q,2026-06-30,2026-07-29,"Eclipse Topco, Inc., Eclipse Investor Parent, L.P. and Eclipse Buyer, Inc. | First lien senior secured loan","Eclipse Topco, Inc., Eclipse Investor Parent, L.P. and Eclipse Buyer","Eclipse Topco, Inc., Eclipse Investor Parent, L.P. and Eclipse Buyer",First Lien,,,,34900000.0,35200000.0,35200000.0,,99.15,4.5,8.15,,,False,,,USD,34900000.0
ARCC,0001287750,0001628280-26-050307,10-Q,2026-06-30,2026-07-29,"Eclipse Topco, Inc., Eclipse Investor Parent, L.P. and Eclipse Buyer, Inc. | Preferred units","Eclipse Topco, Inc., Eclipse Investor Parent, L.P. and Eclipse Buyer","Eclipse Topco, Inc., Eclipse Investor Parent, L.P. and Eclipse Buyer",Preferred Equity,,,,8200000.0,8200000.0,,656.0,100.0,,,,12.5,True,,,USD,8200000.0
ARCC,0001287750,0001628280-26-050307,10-Q,2026-06-30,2026-07-29,"Eclipse Topco, Inc., Eclipse Investor Parent, L.P. and Eclipse Buyer, Inc. | Class A common units","Eclipse Topco, Inc., Eclipse Investor Parent, L.P. and Eclipse Buyer","Eclipse Topco, Inc., Eclipse Investor Parent, L.P. and Eclipse Buyer",Common Equity,,,,500000.0,600000.0,,563.0,83.33,,,,,False,,,USD,500000.0
ARCC,0001287750,0001628280-26-050307,10-Q,2026-06-30,2026-07-29,"Edition Holdings, Inc. and Enverus, Inc. | First lien senior secured revolving loan","Edition Holdings, Inc. and Enverus","Edition Holdings, Inc. and Enverus",First Lien,,,,200000.0,200000.0,200000.0,,100.0,4.5,8.15,,,False,,,USD,200000.0
ARCC,0001287750,0001628280-26-050307,10-Q,2026-06-30,2026-07-29,"Edition Holdings, Inc. and Enverus, Inc. | First lien senior secured loan","Edition Holdings, Inc. and Enverus","Edition Holdings, Inc. and Enverus",First Lien,,,,79200000.0,80900000.0,80900000.0,,97.9,4.5,8.14,,,False,,,USD,79200000.0
ARCC,0001287750,0001628280-26-050307,10-Q,2026-06-30,2026-07-29,"Edmunds Govtech, Inc. |  First lien senior secured revolving loan",Edmunds Govtech,Edmunds Govtech,First Lien,,,,1700000.0,1700000.0,1700000.0,,100.0,3.75,7.48,,,False,,,USD,1700000.0
ARCC,0001287750,0001628280-26-050307,10-Q,2026-06-30,2026-07-29,"Edmunds Govtech, Inc. | First lien senior secured loan",Edmunds Govtech,Edmunds Govtech,First Lien,,,,5200000.0,5200000.0,5200000.0,,100.0,4.75,8.48,,,False,,,USD,5200000.0
ARCC,0001287750,0001628280-26-050307,10-Q,2026-06-30,2026-07-29,"Einstein Parent, Inc. |  First lien senior secured loan",Einstein Parent,Einstein Parent,First Lien,,,,45900000.0,45900000.0,45900000.0,,100.0,5.25,8.91,,,False,,,USD,45900000.0
ARCC,0001287750,0001628280-26-050307,10-Q,2026-06-30,2026-07-29,"Elemica, Inc. and EZ Elemica Holdings, Inc. |  First lien senior secured revolving loan","Elemica, Inc. and EZ Elemica Holdings","Elemica, Inc. and EZ Elemica Holdings",First Lien,,,,800000.0,900000.0,900000.0,,88.89,4.75,8.4,,,False,,,USD,800000.0
ARCC,0001287750,0001628280-26-050307,10-Q,2026-06-30,2026-07-29,"Elemica, Inc. and EZ Elemica Holdings, Inc. |  First lien senior secured loan","Elemica, Inc. and EZ Elemica Holdings","Elemica, Inc. and EZ Elemica Holdings",First Lien,,,,110800000.0,113000000.0,113000000.0,,98.05,4.75,8.48,,,False,,,USD,110800000.0
ARCC,0001287750,0001628280-26-050307,10-Q,2026-06-30,2026-07-29,"Elemica, Inc. and EZ Elemica Holdings, Inc. |  Preferred equity","Elemica, Inc. and EZ Elemica Holdings","Elemica, Inc. and EZ Elemica Holdings",Preferred Equity,,,,5100000.0,3700000.0,,4599.0,137.84,,,,,False,,,USD,5100000.0
ARCC,0001287750,0001628280-26-050307,10-Q,2026-06-30,2026-07-29,"EP Purchaser, LLC and TPG VIII EP Co-Invest II, L.P. | First lien senior secured loan","EP Purchaser, LLC and TPG VIII EP Co-Invest II","EP Purchaser, LLC and TPG VIII EP Co-Invest II",First Lien,,,,32800000.0,49500000.0,49700000.0,,66.0,4.5,8.28,,,False,,,USD,32800000.0
ARCC,0001287750,0001628280-26-050307,10-Q,2026-06-30,2026-07-29,"EP Purchaser, LLC and TPG VIII EP Co-Invest II, L.P. |  Partnership units","EP Purchaser, LLC and TPG VIII EP Co-Invest II","EP Purchaser, LLC and TPG VIII EP Co-Invest II",LP Interest,,,,1600000.0,3000000.0,,5034483.0,53.33,,,,,False,,,USD,1600000.0
ARCC,0001287750,0001628280-26-050307,10-Q,2026-06-30,2026-07-29,"eResearch Technology, Inc. and Astorg VII Co-Invest ERT, | Limited partnership interest","eResearch Technology, Inc. and Astorg VII Co-Invest ERT","eResearch Technology, Inc. and Astorg VII Co-Invest ERT",LP Interest,,,,500000.0,0.0,,3988000.0,,,,,,False,,,USD,500000.0
ARCC,0001287750,0001628280-26-050307,10-Q,2026-06-30,2026-07-29,"ESHA Intermediate, LLC, |  First lien senior secured loan","ESHA Intermediate, LLC","ESHA Intermediate, LLC",First Lien,,,,21800000.0,22200000.0,22200000.0,,98.2,4.5,8.18,,,False,,,USD,21800000.0
ARCC,0001287750,0001628280-26-050307,10-Q,2026-06-30,2026-07-29,"Extrahop Networks, Inc. | First lien senior secured revolving loan",Extrahop Networks,Extrahop Networks,First Lien,,,,4300000.0,4300000.0,4300000.0,,100.0,6.5,10.34,,,False,,,USD,4300000.0
ARCC,0001287750,0001628280-26-050307,10-Q,2026-06-30,2026-07-29,"Extrahop Networks, Inc. |  First lien senior secured loan",Extrahop Networks,Extrahop Networks,First Lien,,,,3800000.0,3800000.0,3800000.0,,100.0,6.5,10.32,,,False,,,USD,3800000.0
ARCC,0001287750,0001628280-26-050307,10-Q,2026-06-30,2026-07-29,"Extrahop Networks, Inc. |  First lien senior secured loan 1",Extrahop Networks,Extrahop Networks,First Lien,,,,34600000.0,35000000.0,35000000.0,,98.86,6.5,10.32,,,False,,,USD,34600000.0
ARCC,0001287750,0001628280-26-050307,10-Q,2026-06-30,2026-07-29,"Flexera Software LLC, | First lien senior secured loan",Flexera Software LLC,Flexera Software LLC,First Lien,,,,18200000.0,18600000.0,18600000.0,,97.85,4.75,8.4,,,False,,,USD,18200000.0
ARCC,0001287750,0001628280-26-050307,10-Q,2026-06-30,2026-07-29,"Flexera Software LLC, |  First lien senior secured loan 1",Flexera Software LLC,Flexera Software LLC,First Lien,,,,6500000.0,6800000.0,6600000.0,,98.48,4.75,6.96,,,False,,,USD,6500000.0
ARCC,0001287750,0001628280-26-050307,10-Q,2026-06-30,2026-07-29,"Flexera Software LLC, |  First lien senior secured loan 2",Flexera Software LLC,Flexera Software LLC,First Lien,,,,118000000.0,120400000.0,120400000.0,,98.01,4.75,8.4,,,False,,,USD,118000000.0
ARCC,0001287750,0001628280-26-050307,10-Q,2026-06-30,2026-07-29,"Forescout Technologies, Inc. | First lien senior secured loan",Forescout Technologies,Forescout Technologies,First Lien,,,,5100000.0,5100000.0,5100000.0,,100.0,4.5,8.23,,,False,,,USD,5100000.0
ARCC,0001287750,0001628280-26-050307,10-Q,2026-06-30,2026-07-29,"GHP-VGS Purchaser LLC, |  First lien senior secured revolving loan",GHP-VGS Purchaser LLC,GHP-VGS Purchaser LLC,First Lien,,,,300000.0,300000.0,300000.0,,100.0,4.5,8.23,,,False,,,USD,300000.0
ARCC,0001287750,0001628280-26-050307,10-Q,2026-06-30,2026-07-29,"GHP-VGS Purchaser LLC,  | First lien senior secured loan",GHP-VGS Purchaser LLC,GHP-VGS Purchaser LLC,First Lien,,,,10600000.0,10600000.0,10600000.0,,100.0,4.5,8.16,,,False,,,USD,10600000.0
ARCC,0001287750,0001628280-26-050307,10-Q,2026-06-30,2026-07-29,"GI Ranger Intermediate LLC, |  First lien senior secured revolving loan",GI Ranger Intermediate LLC,GI Ranger Intermediate LLC,First Lien,,,,1900000.0,2100000.0,2100000.0,,90.48,6.0,9.89,,,False,,,USD,1900000.0
ARCC,0001287750,0001628280-26-050307,10-Q,2026-06-30,2026-07-29,"GI Ranger Intermediate LLC, | First lien senior secured loan",GI Ranger Intermediate LLC,GI Ranger Intermediate LLC,First Lien,,,,8600000.0,9800000.0,9800000.0,,87.76,6.0,9.88,,,False,,,USD,8600000.0
ARCC,0001287750,0001628280-26-050307,10-Q,2026-06-30,2026-07-29,"GI Ranger Intermediate LLC, | First lien senior secured loan 1",GI Ranger Intermediate LLC,GI Ranger Intermediate LLC,First Lien,,,,2700000.0,3000000.0,3000000.0,,90.0,6.0,9.88,,,False,,,USD,2700000.0
ARCC,0001287750,0001628280-26-050307,10-Q,2026-06-30,2026-07-29,"Goose Borrower, L.P. |  First lien senior secured loan",Goose Borrower,Goose Borrower,First Lien,,,,83100000.0,83900000.0,83900000.0,,99.05,4.75,8.48,,,False,,,USD,83100000.0
ARCC,0001287750,0001628280-26-050307,10-Q,2026-06-30,2026-07-29,"Guidepoint Security Holdings, LLC, | First lien senior secured revolving loan","Guidepoint Security Holdings, LLC","Guidepoint Security Holdings, LLC",First Lien,,,,800000.0,800000.0,800000.0,,100.0,5.0,8.65,,,False,,,USD,800000.0
ARCC,0001287750,0001628280-26-050307,10-Q,2026-06-30,2026-07-29,"Guidepoint Security Holdings, LLC, |  First lien senior secured loan","Guidepoint Security Holdings, LLC","Guidepoint Security Holdings, LLC",First Lien,,,,7900000.0,7900000.0,7900000.0,,100.0,5.0,8.64,,,False,,,USD,7900000.0
ARCC,0001287750,0001628280-26-050307,10-Q,2026-06-30,2026-07-29,"Guidepoint Security Holdings, LLC, | First lien senior secured loan 1","Guidepoint Security Holdings, LLC","Guidepoint Security Holdings, LLC",First Lien,,,,7000000.0,7000000.0,7000000.0,,100.0,5.0,8.62,,,False,,,USD,7000000.0
ARCC,0001287750,0001628280-26-050307,10-Q,2026-06-30,2026-07-29,"Guidepoint Security Holdings, LLC, | First lien senior secured loan 2","Guidepoint Security Holdings, LLC","Guidepoint Security Holdings, LLC",First Lien,,,,2400000.0,2400000.0,2400000.0,,100.0,5.0,8.64,,,False,,,USD,2400000.0
ARCC,0001287750,0001628280-26-050307,10-Q,2026-06-30,2026-07-29,"Heavy Construction Systems Specialists, LLC, | First lien senior secured loan","Heavy Construction Systems Specialists, LLC","Heavy Construction Systems Specialists, LLC",First Lien,,,,13700000.0,13700000.0,13700000.0,,100.0,3.75,10.5,,,False,,,USD,13700000.0
ARCC,0001287750,0001628280-26-050307,10-Q,2026-06-30,2026-07-29,"Heavy Construction Systems Specialists, LLC, | First lien senior secured loan 1","Heavy Construction Systems Specialists, LLC","Heavy Construction Systems Specialists, LLC",First Lien,,,,100000.0,100000.0,100000.0,,100.0,3.75,10.5,,,False,,,USD,100000.0
ARCC,0001287750,0001628280-26-050307,10-Q,2026-06-30,2026-07-29,"HS Purchaser, LLC, and Help/Systems Holdings, Inc. |  First lien senior secured loan","HS Purchaser, LLC, and Help/Systems Holdings","HS Purchaser, LLC, and Help/Systems Holdings",First Lien,,,,56000000.0,63600000.0,63600000.0,,88.05,6.5,10.14,,3.25,True,,,USD,56000000.0
ARCC,0001287750,0001628280-26-050307,10-Q,2026-06-30,2026-07-29,"Huskies Parent, Inc., GI Insurity Parent LLC and GI Insurity TopCo LP | First lien senior secured revolving loan","Huskies Parent, Inc.","Huskies Parent, Inc.",First Lien,,,,1500000.0,1600000.0,1600000.0,,93.75,5.5,9.25,,,False,,,USD,1500000.0
ARCC,0001287750,0001628280-26-050307,10-Q,2026-06-30,2026-07-29,"Huskies Parent, Inc., GI Insurity Parent LLC and GI Insurity TopCo LP | First lien senior secured loan","Huskies Parent, Inc.","Huskies Parent, Inc.",First Lien,,,,54300000.0,58400000.0,58400000.0,,92.98,6.0,9.74,,0.5,True,,,USD,54300000.0
ARCC,0001287750,0001628280-26-050307,10-Q,2026-06-30,2026-07-29,"Huskies Parent, Inc., GI Insurity Parent LLC and GI Insurity TopCo LP | First lien senior secured loan 1","Huskies Parent, Inc.","Huskies Parent, Inc.",First Lien,,,,5000000.0,5300000.0,5300000.0,,94.34,6.0,9.74,,,False,,,USD,5000000.0
ARCC,0001287750,0001628280-26-050307,10-Q,2026-06-30,2026-07-29,"Huskies Parent, Inc., GI Insurity Parent LLC and GI Insurity TopCo LP | Senior subordinated loan","Huskies Parent, Inc.","Huskies Parent, Inc.",Senior Subordinated,,,,120900000.0,140600000.0,140600000.0,,85.99,,,,10.0,True,,,USD,120900000.0
ARCC,0001287750,0001628280-26-050307,10-Q,2026-06-30,2026-07-29,"Huskies Parent, Inc., GI Insurity Parent LLC and GI Insurity TopCo LP | Company units","Huskies Parent, Inc.","Huskies Parent, Inc.",Company Units,,,,1500000.0,8800000.0,,4246457.0,17.05,,,,,False,,,USD,1500000.0
ARCC,0001287750,0001628280-26-050307,10-Q,2026-06-30,2026-07-29,"Hyland Software, Inc. | First lien senior secured loan",Hyland Software,Hyland Software,First Lien,,,,108600000.0,107700000.0,108600000.0,,100.0,4.75,8.39,,,False,,,USD,108600000.0
ARCC,0001287750,0001628280-26-050307,10-Q,2026-06-30,2026-07-29,"Hyphen Solutions, LLC, | First lien senior secured loan","Hyphen Solutions, LLC","Hyphen Solutions, LLC",First Lien,,,,11800000.0,11900000.0,11900000.0,,99.16,4.5,8.14,,,False,,,USD,11800000.0
ARCC,0001287750,0001628280-26-050307,10-Q,2026-06-30,2026-07-29,"iCapital, Inc. | Common stock",iCapital,iCapital,Common Equity,,,,1100000.0,1000000.0,,71430.0,110.0,,,,,False,,,USD,1100000.0
ARCC,0001287750,0001628280-26-050307,10-Q,2026-06-30,2026-07-29,"Icefall Parent, Inc. | First lien senior secured loan",Icefall Parent,Icefall Parent,First Lien,,,,1600000.0,1600000.0,1600000.0,,100.0,4.5,8.23,,,False,,,USD,1600000.0
ARCC,0001287750,0001628280-26-050307,10-Q,2026-06-30,2026-07-29,"ID.me, LLC and ID.me, Inc. |  First lien senior secured loan","ID.me, LLC and ID.me","ID.me, LLC and ID.me",First Lien,,,,126400000.0,124800000.0,132100000.0,,95.69,,10.25,,5.25,True,,,USD,126400000.0
ARCC,0001287750,0001628280-26-050307,10-Q,2026-06-30,2026-07-29,"ID.me, LLC and ID.me, Inc., | Series E preferred units","ID.me, LLC and ID.me, Inc.","ID.me, LLC and ID.me, Inc.",Preferred Equity,,,,17500000.0,16000000.0,,10827926.0,109.38,,,,,False,,,USD,17500000.0
ARCC,0001287750,0001628280-26-050307,10-Q,2026-06-30,2026-07-29,"ID.me, LLC and ID.me, Inc. | Warrant to purchase common stock","ID.me, LLC and ID.me","ID.me, LLC and ID.me",Warrant,,,,11200000.0,9600000.0,,6924708.0,116.67,,,,,False,,,USD,11200000.0
ARCC,0001287750,0001628280-26-050307,10-Q,2026-06-30,2026-07-29,"Internet Truckstop Group LLC, | First lien senior secured loan",Internet Truckstop Group LLC,Internet Truckstop Group LLC,First Lien,,,,39500000.0,39400000.0,39500000.0,,100.0,5.25,9.13,,,False,,,USD,39500000.0
ARCC,0001287750,0001628280-26-050307,10-Q,2026-06-30,2026-07-29,"IQN Holding Corp, | First lien senior secured revolving loan",IQN Holding Corp,IQN Holding Corp,First Lien,,,,1400000.0,1400000.0,1400000.0,,100.0,5.25,8.99,,,False,,,USD,1400000.0
ARCC,0001287750,0001628280-26-050307,10-Q,2026-06-30,2026-07-29,IQN Holding Corp. | First lien senior secured loan,IQN Holding Corp. |,IQN Holding Corp. |,First Lien,,,,1400000.0,1400000.0,1400000.0,,100.0,5.25,8.98,,,False,,,USD,1400000.0
ARCC,0001287750,0001628280-26-050307,10-Q,2026-06-30,2026-07-29,JAMS Holdings LP and Jams Buyer LLC | First lien senior secured loan,JAMS Holdings LP and Jams Buyer LLC |,JAMS Holdings LP and Jams Buyer LLC |,First Lien,,,,13900000.0,13900000.0,13900000.0,,100.0,5.0,8.73,,,False,,,USD,13900000.0
ARCC,0001287750,0001628280-26-050307,10-Q,2026-06-30,2026-07-29,JAMS Holdings LP and Jams Buyer LLC | Preferred units,JAMS Holdings LP and Jams Buyer LLC |,JAMS Holdings LP and Jams Buyer LLC |,Preferred Equity,,,,1100000.0,1100000.0,,1001000.0,100.0,,,,8.0,True,,,USD,1100000.0
ARCC,0001287750,0001628280-26-050307,10-Q,2026-06-30,2026-07-29,"Jeppesen Holdings, LLC, | First lien senior secured loan","Jeppesen Holdings, LLC","Jeppesen Holdings, LLC",First Lien,,,,13900000.0,14000000.0,14000000.0,,99.29,4.75,8.41,,,False,,,USD,13900000.0
ARCC,0001287750,0001628280-26-050307,10-Q,2026-06-30,2026-07-29,"Kairos Bidco Limited, |  First lien senior secured revolving loan",Kairos Bidco Limited,Kairos Bidco Limited,First Lien,,,,300000.0,300000.0,300000.0,,100.0,4.75,8.48,,,False,,,USD,300000.0
ARCC,0001287750,0001628280-26-050307,10-Q,2026-06-30,2026-07-29,"Kairos Bidco Limited, |  First lien senior secured loan",Kairos Bidco Limited,Kairos Bidco Limited,First Lien,,,,24800000.0,24800000.0,24800000.0,,100.0,4.75,8.48,,,False,,,USD,24800000.0
ARCC,0001287750,0001628280-26-050307,10-Q,2026-06-30,2026-07-29,"Kaseya Inc. and Knockout Intermediate Holdings I Inc., | Preferred stock",Kaseya Inc. and Knockout Intermediate Holdings I Inc.,Kaseya Inc. and Knockout Intermediate Holdings I Inc.,Preferred Equity,,,,25200000.0,36600000.0,,21289.0,68.85,10.75,,,14.59,True,,,USD,25200000.0
ARCC,0001287750,0001628280-26-050307,10-Q,2026-06-30,2026-07-29,"LeanTaaS Holdings, Inc. | First lien senior secured loan",LeanTaaS Holdings,LeanTaaS Holdings,First Lien,,,,71800000.0,73200000.0,73200000.0,,98.09,7.75,11.48,,,False,,,USD,71800000.0
ARCC,0001287750,0001628280-26-050307,10-Q,2026-06-30,2026-07-29,"LeanTaaS Holdings, Inc. | First lien senior secured loan 1",LeanTaaS Holdings,LeanTaaS Holdings,First Lien,,,,5100000.0,5200000.0,5200000.0,,98.08,7.75,11.48,,,False,,,USD,5100000.0
ARCC,0001287750,0001628280-26-050307,10-Q,2026-06-30,2026-07-29,"Lobos Parent, Inc. |  First lien senior secured revolving loan",Lobos Parent,Lobos Parent,First Lien,,,,900000.0,900000.0,900000.0,,100.0,4.25,7.99,,,False,,,USD,900000.0
ARCC,0001287750,0001628280-26-050307,10-Q,2026-06-30,2026-07-29,"Majesco and Magic Topco, L.P. | Class A units",Majesco and Magic Topco,Majesco and Magic Topco,Common Equity,,,,4300000.0,1700000.0,,1624.0,252.94,,,,9.0,True,,,USD,4300000.0
ARCC,0001287750,0001628280-26-050307,10-Q,2026-06-30,2026-07-29,"Majesco and Magic Topco, L.P., Class B units","Majesco and Magic Topco, L.P.","Majesco and Magic Topco, L.P.",Common Equity,,,,0.0,0.0,,570625.0,,,,,,False,,,USD,0.0
ARCC,0001287750,0001628280-26-050307,10-Q,2026-06-30,2026-07-29,"Merit Software Finance Holdings, LLC, | First lien senior secured loan","Merit Software Finance Holdings, LLC","Merit Software Finance Holdings, LLC",First Lien,,,,8500000.0,8500000.0,8500000.0,,100.0,5.25,8.98,,,False,,,USD,8500000.0
ARCC,0001287750,0001628280-26-050307,10-Q,2026-06-30,2026-07-29,"Merit Software Finance Holdings, LLC, |  First lien senior secured loan 1","Merit Software Finance Holdings, LLC","Merit Software Finance Holdings, LLC",First Lien,,,,24500000.0,24500000.0,24500000.0,,100.0,5.25,8.98,,,False,,,USD,24500000.0
ARCC,0001287750,0001628280-26-050307,10-Q,2026-06-30,2026-07-29,"Metatiedot Bidco OY and Metatiedot US, LLC, | First lien senior secured revolving loan","Metatiedot Bidco OY and Metatiedot US, LLC","Metatiedot Bidco OY and Metatiedot US, LLC",First Lien,,,,200000.0,200000.0,200000.0,,100.0,5.0,7.21,,,False,,,USD,200000.0
ARCC,0001287750,0001628280-26-050307,10-Q,2026-06-30,2026-07-29,"Metatiedot Bidco OY and Metatiedot US, LLC, |  First lien senior secured loan","Metatiedot Bidco OY and Metatiedot US, LLC","Metatiedot Bidco OY and Metatiedot US, LLC",First Lien,,,,8600000.0,8100000.0,8600000.0,,100.0,5.0,7.24,,,False,,,USD,8600000.0
ARCC,0001287750,0001628280-26-050307,10-Q,2026-06-30,2026-07-29,"Metatiedot Bidco OY and Metatiedot US, LLC, | First lien senior secured loan 1","Metatiedot Bidco OY and Metatiedot US, LLC","Metatiedot Bidco OY and Metatiedot US, LLC",First Lien,,,,5200000.0,5200000.0,5200000.0,,100.0,5.0,8.67,,,False,,,USD,5200000.0
ARCC,0001287750,0001628280-26-050307,10-Q,2026-06-30,2026-07-29,"Mimecast Borrowerco, Inc. and Magnesium Co- Invest SCSp, | First lien senior secured loan","Mimecast Borrowerco, Inc. and Magnesium Co- Invest SCSp","Mimecast Borrowerco, Inc. and Magnesium Co- Invest SCSp",First Lien,,,,10100000.0,10100000.0,10100000.0,,100.0,4.5,8.14,,,False,,,USD,10100000.0
ARCC,0001287750,0001628280-26-050307,10-Q,2026-06-30,2026-07-29,"Mimecast Borrowerco, Inc. and Magnesium Co- Invest SCSp, | First lien senior secured loan 1","Mimecast Borrowerco, Inc. and Magnesium Co- Invest SCSp","Mimecast Borrowerco, Inc. and Magnesium Co- Invest SCSp",First Lien,,,,23600000.0,22000000.0,23600000.0,,100.0,4.5,8.23,,,False,,,USD,23600000.0
ARCC,0001287750,0001628280-26-050307,10-Q,2026-06-30,2026-07-29,"Mimecast Borrowerco, Inc. and Magnesium Co- Invest SCSp, | Limited partnership interest","Mimecast Borrowerco, Inc. and Magnesium Co- Invest SCSp","Mimecast Borrowerco, Inc. and Magnesium Co- Invest SCSp",LP Interest,,,,50200000.0,39800000.0,,3975.0,126.13,,,,,False,,,USD,50200000.0
ARCC,0001287750,0001628280-26-050307,10-Q,2026-06-30,2026-07-29,"Ministry Brands Holdings, LLC and RCP MB Investments B, L.P. | First lien senior secured loan","Ministry Brands Holdings, LLC and RCP MB Investments B","Ministry Brands Holdings, LLC and RCP MB Investments B",First Lien,,,,30100000.0,31400000.0,31400000.0,,95.86,5.5,9.24,,,False,,,USD,30100000.0
ARCC,0001287750,0001628280-26-050307,10-Q,2026-06-30,2026-07-29,"Ministry Brands Holdings, LLC and RCP MB Investments B, L.P. | First lien senior secured loan 1","Ministry Brands Holdings, LLC and RCP MB Investments B","Ministry Brands Holdings, LLC and RCP MB Investments B",First Lien,,,,6800000.0,7000000.0,7000000.0,,97.14,5.5,9.24,,,False,,,USD,6800000.0
ARCC,0001287750,0001628280-26-050307,10-Q,2026-06-30,2026-07-29,"Ministry Brands Holdings, LLC and RCP MB Investments B, L.P. | Limited partner interests","Ministry Brands Holdings, LLC and RCP MB Investments B","Ministry Brands Holdings, LLC and RCP MB Investments B",LP Interest,,,,5000000.0,9600000.0,,9574000.0,52.08,,,,,False,,,USD,5000000.0
ARCC,0001287750,0001628280-26-050307,10-Q,2026-06-30,2026-07-29,"ML Holdco, Inc. | First lien senior secured loan",ML Holdco,ML Holdco,First Lien,,,,87800000.0,89600000.0,89600000.0,,97.99,4.25,7.91,,,False,,,USD,87800000.0
ARCC,0001287750,0001628280-26-050307,10-Q,2026-06-30,2026-07-29,"Modernizing Medicine, Inc. and ModMed Software Midco Holdings, Inc. |  Series A preferred stock","Modernizing Medicine, Inc. and ModMed Software Midco Holdings","Modernizing Medicine, Inc. and ModMed Software Midco Holdings",Preferred Equity,,,,28400000.0,28400000.0,,24499.0,100.0,,,,13.0,True,,,USD,28400000.0
ARCC,0001287750,0001628280-26-050307,10-Q,2026-06-30,2026-07-29,"Moonraker AcquisitionCo LLC and Moonraker HoldCo LLC, | First lien senior secured loan",Moonraker AcquisitionCo LLC and Moonraker HoldCo LLC,Moonraker AcquisitionCo LLC and Moonraker HoldCo LLC,First Lien,,,,23400000.0,23400000.0,23400000.0,,100.0,5.75,9.42,,,False,,,USD,23400000.0
ARCC,0001287750,0001628280-26-050307,10-Q,2026-06-30,2026-07-29,"Moonraker AcquisitionCo LLC and Moonraker HoldCo LLC, | Class A units",Moonraker AcquisitionCo LLC and Moonraker HoldCo LLC,Moonraker AcquisitionCo LLC and Moonraker HoldCo LLC,Common Equity,,,,3500000.0,6100000.0,,45320.0,57.38,,,,8.0,True,,,USD,3500000.0
ARCC,0001287750,0001628280-26-050307,10-Q,2026-06-30,2026-07-29,"Motor Vehicle Software Corporation, | First lien senior secured loan",Motor Vehicle Software Corporation,Motor Vehicle Software Corporation,First Lien,,,,10200000.0,10200000.0,10200000.0,,100.0,4.5,8.23,,,False,,,USD,10200000.0
ARCC,0001287750,0001628280-26-050307,10-Q,2026-06-30,2026-07-29,"MRI Software LLC, | First lien senior secured revolving loan",MRI Software LLC,MRI Software LLC,First Lien,,,,1100000.0,1100000.0,1100000.0,,100.0,4.75,8.48,,,False,,,USD,1100000.0
ARCC,0001287750,0001628280-26-050307,10-Q,2026-06-30,2026-07-29,"MRI Software LLC, | First lien senior secured loan",MRI Software LLC,MRI Software LLC,First Lien,,,,4700000.0,4700000.0,4700000.0,,100.0,4.75,8.48,,,False,,,USD,4700000.0
ARCC,0001287750,0001628280-26-050307,10-Q,2026-06-30,2026-07-29,"MRI Software LLC, | First lien senior secured loan 1",MRI Software LLC,MRI Software LLC,First Lien,,,,2600000.0,2600000.0,2600000.0,,100.0,4.75,8.48,,,False,,,USD,2600000.0
ARCC,0001287750,0001628280-26-050307,10-Q,2026-06-30,2026-07-29,"MRI Software LLC, | First lien senior secured loan 2",MRI Software LLC,MRI Software LLC,First Lien,,,,3900000.0,4000000.0,4000000.0,,97.5,4.75,8.48,,,False,,,USD,3900000.0
ARCC,0001287750,0001628280-26-050307,10-Q,2026-06-30,2026-07-29,"MS Buyer, Inc. | First lien senior secured loan",MS Buyer,MS Buyer,First Lien,,,,4000000.0,4000000.0,4100000.0,,97.56,5.25,8.98,,,False,,,USD,4000000.0
ARCC,0001287750,0001628280-26-050307,10-Q,2026-06-30,2026-07-29,"Namecheap, Inc. | First lien senior secured loan",Namecheap,Namecheap,First Lien,,,,13500000.0,13500000.0,13500000.0,,100.0,4.75,8.39,,,False,,,USD,13500000.0
ARCC,0001287750,0001628280-26-050307,10-Q,2026-06-30,2026-07-29,"Netsmart, Inc. and Netsmart Technologies, Inc. |First lien senior secured loan","Netsmart, Inc. and Netsmart Technologies","Netsmart, Inc. and Netsmart Technologies",First Lien,,,,32800000.0,33500000.0,33500000.0,,97.91,5.2,8.84,,2.7,True,,,USD,32800000.0
ARCC,0001287750,0001628280-26-050307,10-Q,2026-06-30,2026-07-29,"Netsmart, Inc. and Netsmart Technologies, Inc. | First lien senior secured loan 1","Netsmart, Inc. and Netsmart Technologies","Netsmart, Inc. and Netsmart Technologies",First Lien,,,,27600000.0,28100000.0,28100000.0,,98.22,5.2,8.84,,2.7,True,,,USD,27600000.0
ARCC,0001287750,0001628280-26-050307,10-Q,2026-06-30,2026-07-29,"North Star Acquisitionco, LLC and Toucan Bidco Limited, |First lien senior secured loan","North Star Acquisitionco, LLC and Toucan Bidco Limited","North Star Acquisitionco, LLC and Toucan Bidco Limited",First Lien,,,,6300000.0,5700000.0,6400000.0,,98.44,4.75,9.07,,,False,,,USD,6300000.0
ARCC,0001287750,0001628280-26-050307,10-Q,2026-06-30,2026-07-29,"North Star Acquisitionco, LLC and Toucan Bidco Limited, | First lien senior secured loan 1","North Star Acquisitionco, LLC and Toucan Bidco Limited","North Star Acquisitionco, LLC and Toucan Bidco Limited",First Lien,,,,5500000.0,5300000.0,5500000.0,,100.0,4.75,8.55,,,False,,,USD,5500000.0
ARCC,0001287750,0001628280-26-050307,10-Q,2026-06-30,2026-07-29,"North Star Acquisitionco, LLC and Toucan Bidco Limited, | First lien senior secured loan 2","North Star Acquisitionco, LLC and Toucan Bidco Limited","North Star Acquisitionco, LLC and Toucan Bidco Limited",First Lien,,,,3900000.0,4000000.0,4000000.0,,97.5,4.75,8.45,,,False,,,USD,3900000.0
ARCC,0001287750,0001628280-26-050307,10-Q,2026-06-30,2026-07-29,"North Star Acquisitionco, LLC and Toucan Bidco Limited, |First lien senior secured loan 3","North Star Acquisitionco, LLC and Toucan Bidco Limited","North Star Acquisitionco, LLC and Toucan Bidco Limited",First Lien,,,,4300000.0,4300000.0,4300000.0,,100.0,4.5,8.2,,,False,,,USD,4300000.0
ARCC,0001287750,0001628280-26-050307,10-Q,2026-06-30,2026-07-29,"Omnigo Software, LLC, Omnigo Software - I, Inc., and Omnigo Software - Q, Inc. | First lien senior secured loan","Omnigo Software, LLC, Omnigo Software - I, Inc., and Omnigo Software - Q","Omnigo Software, LLC, Omnigo Software - I, Inc., and Omnigo Software - Q",First Lien,,,,13500000.0,13700000.0,13700000.0,,98.54,5.0,8.64,,,False,,,USD,13500000.0
ARCC,0001287750,0001628280-26-050307,10-Q,2026-06-30,2026-07-29,"Optimizely North America Inc. and Optimizely Sweden Holdings AB, | First lien senior secured loan",Optimizely North America Inc. and Optimizely Sweden Holdings AB,Optimizely North America Inc. and Optimizely Sweden Holdings AB,First Lien,,,,5300000.0,5600000.0,5600000.0,,94.64,5.5,9.14,,2.5,True,,,USD,5300000.0
ARCC,0001287750,0001628280-26-050307,10-Q,2026-06-30,2026-07-29,"Optimizely North America Inc. and Optimizely Sweden Holdings AB, | First lien senior secured loan 1",Optimizely North America Inc. and Optimizely Sweden Holdings AB,Optimizely North America Inc. and Optimizely Sweden Holdings AB,First Lien,,,,2100000.0,2000000.0,2200000.0,,95.45,5.75,7.96,,2.5,True,,,USD,2100000.0
ARCC,0001287750,0001628280-26-050307,10-Q,2026-06-30,2026-07-29,"Optimizely North America Inc. and Optimizely Sweden Holdings AB, | First lien senior secured loan 2",Optimizely North America Inc. and Optimizely Sweden Holdings AB,Optimizely North America Inc. and Optimizely Sweden Holdings AB,First Lien,,,,900000.0,900000.0,900000.0,,100.0,6.0,9.73,,2.5,True,,,USD,900000.0
ARCC,0001287750,0001628280-26-050307,10-Q,2026-06-30,2026-07-29,"PCMI Parent, LLC and PCMI Ultimate Holdings, LP, | First lien senior secured loan","PCMI Parent, LLC and PCMI Ultimate Holdings, LP","PCMI Parent, LLC and PCMI Ultimate Holdings, LP",First Lien,,,,6700000.0,6700000.0,6700000.0,,100.0,4.75,8.42,,,False,,,USD,6700000.0
ARCC,0001287750,0001628280-26-050307,10-Q,2026-06-30,2026-07-29,"PCMI Parent, LLC and PCMI Ultimate Holdings, LP, | Class A units","PCMI Parent, LLC and PCMI Ultimate Holdings, LP","PCMI Parent, LLC and PCMI Ultimate Holdings, LP",Common Equity,,,,1500000.0,1100000.0,,1014.0,136.36,,,,9.0,True,,,USD,1500000.0
ARCC,0001287750,0001628280-26-050307,10-Q,2026-06-30,2026-07-29,"PCMI Parent, LLC and PCMI Ultimate Holdings, LP, | Class B units","PCMI Parent, LLC and PCMI Ultimate Holdings, LP","PCMI Parent, LLC and PCMI Ultimate Holdings, LP",Common Equity,,,,0.0,0.0,,241447.0,,,,,,False,,,USD,0.0
ARCC,0001287750,0001628280-26-050307,10-Q,2026-06-30,2026-07-29,"PDDS HoldCo, Inc., | First lien senior secured revolving loan","PDDS HoldCo, Inc.","PDDS HoldCo, Inc.",First Lien,,,,200000.0,100000.0,200000.0,,100.0,6.0,9.62,,,False,,,USD,200000.0
ARCC,0001287750,0001628280-26-050307,10-Q,2026-06-30,2026-07-29,"PDDS HoldCo, Inc., | First lien senior secured loan","PDDS HoldCo, Inc.","PDDS HoldCo, Inc.",First Lien,,,,13800000.0,13600000.0,13800000.0,,100.0,6.0,9.63,,,False,,,USD,13800000.0
ARCC,0001287750,0001628280-26-050307,10-Q,2026-06-30,2026-07-29,"PDI TA Holdings, Inc., Peachtree Parent, Inc. and Insight PDI Holdings, LLC | First lien senior secured revolving loan","PDI TA Holdings, Inc., Peachtree Parent, Inc. and Insight PDI Holdings","PDI TA Holdings, Inc., Peachtree Parent, Inc. and Insight PDI Holdings",First Lien,,,,2300000.0,2500000.0,2500000.0,,92.0,5.5,9.17,,,False,,,USD,2300000.0
ARCC,0001287750,0001628280-26-050307,10-Q,2026-06-30,2026-07-29,"PDI TA Holdings, Inc., Peachtree Parent, Inc. and Insight PDI Holdings, LLC | First lien senior secured loan","PDI TA Holdings, Inc., Peachtree Parent, Inc. and Insight PDI Holdings","PDI TA Holdings, Inc., Peachtree Parent, Inc. and Insight PDI Holdings",First Lien,,,,8300000.0,8800000.0,8800000.0,,94.32,6.0,9.66,,3.0,True,,,USD,8300000.0
ARCC,0001287750,0001628280-26-050307,10-Q,2026-06-30,2026-07-29,"PDI TA Holdings, Inc., Peachtree Parent, Inc. and Insight PDI Holdings, LLC | Series A preferred stock","PDI TA Holdings, Inc., Peachtree Parent, Inc. and Insight PDI Holdings","PDI TA Holdings, Inc., Peachtree Parent, Inc. and Insight PDI Holdings",Preferred Equity,,,,35100000.0,35500000.0,,13656.0,98.87,,,,13.25,True,,,USD,35100000.0
ARCC,0001287750,0001628280-26-050307,10-Q,2026-06-30,2026-07-29,"PDI TA Holdings, Inc., Peachtree Parent, Inc. and Insight PDI Holdings, LLC | Class A units","PDI TA Holdings, Inc., Peachtree Parent, Inc. and Insight PDI Holdings","PDI TA Holdings, Inc., Peachtree Parent, Inc. and Insight PDI Holdings",Common Equity,,,,1700000.0,2100000.0,,2062493.0,80.95,,,,,False,,,USD,1700000.0
ARCC,0001287750,0001628280-26-050307,10-Q,2026-06-30,2026-07-29,"Petvisor Holdings, LLC, | First lien senior secured revolving loan","Petvisor Holdings, LLC","Petvisor Holdings, LLC",First Lien,,,,3400000.0,3500000.0,3500000.0,,97.14,4.5,11.25,,,False,,,USD,3400000.0
ARCC,0001287750,0001628280-26-050307,10-Q,2026-06-30,2026-07-29,"Petvisor Holdings, LLC, | First lien senior secured loan","Petvisor Holdings, LLC","Petvisor Holdings, LLC",First Lien,,,,5900000.0,6000000.0,6000000.0,,98.33,5.5,9.23,,,False,,,USD,5900000.0
ARCC,0001287750,0001628280-26-050307,10-Q,2026-06-30,2026-07-29,"Petvisor Holdings, LLC, | First lien senior secured loan 1","Petvisor Holdings, LLC","Petvisor Holdings, LLC",First Lien,,,,13400000.0,13600000.0,13600000.0,,98.53,5.5,9.23,,,False,,,USD,13400000.0
ARCC,0001287750,0001628280-26-050307,10-Q,2026-06-30,2026-07-29,"Pluralsight, LLC and Pluralsight Holdings, LLC and Paradigmatic Holdco LLC. | First lien senior secured loan","Pluralsight, LLC and Pluralsight Holdings","Pluralsight, LLC and Pluralsight Holdings",First Lien,,,,21800000.0,21700000.0,21800000.0,,100.0,3.0,6.64,,,False,,,USD,21800000.0
ARCC,0001287750,0001628280-26-050307,10-Q,2026-06-30,2026-07-29,"Pluralsight, LLC and Pluralsight Holdings, LLC and Paradigmatic Holdco LLC. | First lien senior secured loan 1","Pluralsight, LLC and Pluralsight Holdings","Pluralsight, LLC and Pluralsight Holdings",First Lien,,,,0.0,21900000.0,23700000.0,,0.0,,,,,False,,,USD,0.0
ARCC,0001287750,0001628280-26-050307,10-Q,2026-06-30,2026-07-29,"Pluralsight, LLC and Pluralsight Holdings, LLC and Paradigmatic Holdco LLC. | Common units","Pluralsight, LLC and Pluralsight Holdings","Pluralsight, LLC and Pluralsight Holdings",Common Equity,,,,0.0,14300000.0,,6356812.0,0.0,,,,,False,,,USD,0.0
ARCC,0001287750,0001628280-26-050307,10-Q,2026-06-30,2026-07-29,"PracticeTek Purchaser, LLC, PracticeTek MidCo, LLC and GSV PracticeTek Holdings, LLC | First lien senior secured revolving loan","PracticeTek Purchaser, LLC, PracticeTek MidCo, LLC and GSV PracticeTek Holdings","PracticeTek Purchaser, LLC, PracticeTek MidCo, LLC and GSV PracticeTek Holdings",First Lien,,,,500000.0,500000.0,500000.0,,100.0,4.5,8.23,,,False,,,USD,500000.0
ARCC,0001287750,0001628280-26-050307,10-Q,2026-06-30,2026-07-29,"PracticeTek Purchaser, LLC, PracticeTek MidCo, LLC and GSV PracticeTek Holdings, LLC | First lien senior secured loan","PracticeTek Purchaser, LLC, PracticeTek MidCo, LLC and GSV PracticeTek Holdings","PracticeTek Purchaser, LLC, PracticeTek MidCo, LLC and GSV PracticeTek Holdings",First Lien,,,,36000000.0,36000000.0,36000000.0,,100.0,5.75,9.48,,,False,,,USD,36000000.0
ARCC,0001287750,0001628280-26-050307,10-Q,2026-06-30,2026-07-29,"PracticeTek Purchaser, LLC, PracticeTek MidCo, LLC and GSV PracticeTek Holdings, LLC | Senior subordinated loan","PracticeTek Purchaser, LLC, PracticeTek MidCo, LLC and GSV PracticeTek Holdings","PracticeTek Purchaser, LLC, PracticeTek MidCo, LLC and GSV PracticeTek Holdings",Senior Subordinated,,,,57500000.0,57500000.0,57500000.0,,100.0,,,,14.0,True,,,USD,57500000.0
ARCC,0001287750,0001628280-26-050307,10-Q,2026-06-30,2026-07-29,"PracticeTek Purchaser, LLC, PracticeTek MidCo, LLC and GSV PracticeTek Holdings, LLC | Class A units","PracticeTek Purchaser, LLC, PracticeTek MidCo, LLC and GSV PracticeTek Holdings","PracticeTek Purchaser, LLC, PracticeTek MidCo, LLC and GSV PracticeTek Holdings",Common Equity,,,,22800000.0,29200000.0,,33220282.0,78.08,,,,8.0,True,,,USD,22800000.0
ARCC,0001287750,0001628280-26-050307,10-Q,2026-06-30,2026-07-29,"Project Potter Buyer, LLC and Project Potter Parent, L.P. | First lien senior secured revolving loan","Project Potter Buyer, LLC and Project Potter Parent","Project Potter Buyer, LLC and Project Potter Parent",First Lien,,,,0.0,0.0,0.0,,,,,,,False,,,USD,0.0
ARCC,0001287750,0001628280-26-050307,10-Q,2026-06-30,2026-07-29,"Project Potter Buyer, LLC and Project Potter Parent, L.P. |First lien senior secured loan","Project Potter Buyer, LLC and Project Potter Parent","Project Potter Buyer, LLC and Project Potter Parent",First Lien,,,,25400000.0,25400000.0,25400000.0,,100.0,5.25,8.98,,,False,,,USD,25400000.0
ARCC,0001287750,0001628280-26-050307,10-Q,2026-06-30,2026-07-29,"Project Potter Buyer, LLC and Project Potter Parent, L.P. | First lien senior secured loan 1","Project Potter Buyer, LLC and Project Potter Parent","Project Potter Buyer, LLC and Project Potter Parent",First Lien,,,,11600000.0,11600000.0,11600000.0,,100.0,5.25,8.98,,,False,,,USD,11600000.0
ARCC,0001287750,0001628280-26-050307,10-Q,2026-06-30,2026-07-29,"Project Potter Buyer, LLC and Project Potter Parent, L.P. | First lien senior secured loan 2","Project Potter Buyer, LLC and Project Potter Parent","Project Potter Buyer, LLC and Project Potter Parent",First Lien,,,,42100000.0,42100000.0,42100000.0,,100.0,5.25,8.98,,,False,,,USD,42100000.0
ARCC,0001287750,0001628280-26-050307,10-Q,2026-06-30,2026-07-29,"Project Potter Buyer, LLC and Project Potter Parent, L.P. | First lien senior secured loan 3","Project Potter Buyer, LLC and Project Potter Parent","Project Potter Buyer, LLC and Project Potter Parent",First Lien,,,,17600000.0,17600000.0,17600000.0,,100.0,5.25,8.98,,,False,,,USD,17600000.0
ARCC,0001287750,0001628280-26-050307,10-Q,2026-06-30,2026-07-29,"Project Potter Buyer, LLC and Project Potter Parent, L.P. | First lien senior secured loan 4","Project Potter Buyer, LLC and Project Potter Parent","Project Potter Buyer, LLC and Project Potter Parent",First Lien,,,,100000.0,100000.0,100000.0,,100.0,5.25,8.98,,,False,,,USD,100000.0
ARCC,0001287750,0001628280-26-050307,10-Q,2026-06-30,2026-07-29,"Project Potter Buyer, LLC and Project Potter Parent, L.P. | Class B units","Project Potter Buyer, LLC and Project Potter Parent","Project Potter Buyer, LLC and Project Potter Parent",Common Equity,,,,2700000.0,0.0,,588636.0,,,,,,False,,,USD,2700000.0
ARCC,0001287750,0001628280-26-050307,10-Q,2026-06-30,2026-07-29,"Proofpoint, Inc. | First lien senior secured loan",Proofpoint,Proofpoint,First Lien,,,,900000.0,900000.0,1000000.0,,90.0,3.0,6.73,,,False,,,USD,900000.0
ARCC,0001287750,0001628280-26-050307,10-Q,2026-06-30,2026-07-29,"Proofpoint, Inc. | Second lien senior secured loan",Proofpoint,Proofpoint,Second Lien,,,,50500000.0,52600000.0,52100000.0,,96.93,5.75,7.88,,,False,,,USD,50500000.0
ARCC,0001287750,0001628280-26-050307,10-Q,2026-06-30,2026-07-29,"Proofpoint, Inc. | Second lien senior secured loan 1",Proofpoint,Proofpoint,Second Lien,,,,50500000.0,51600000.0,52100000.0,,96.93,5.75,9.48,,,False,,,USD,50500000.0
ARCC,0001287750,0001628280-26-050307,10-Q,2026-06-30,2026-07-29,"QF Holdings, Inc. |  First lien senior secured revolving loan",QF Holdings,QF Holdings,First Lien,,,,400000.0,400000.0,400000.0,,100.0,4.5,8.24,,,False,,,USD,400000.0
ARCC,0001287750,0001628280-26-050307,10-Q,2026-06-30,2026-07-29,"QF Holdings, Inc. | First lien senior secured loan",QF Holdings,QF Holdings,First Lien,,,,46000000.0,46900000.0,46900000.0,,98.08,4.5,8.23,,,False,,,USD,46000000.0
ARCC,0001287750,0001628280-26-050307,10-Q,2026-06-30,2026-07-29,"Regent Education, Inc. | Warrant to purchase shares of common stock",Regent Education,Regent Education,Warrant,,,,0.0,0.0,,5394181.0,,,,,,False,,,USD,0.0
ARCC,0001287750,0001628280-26-050307,10-Q,2026-06-30,2026-07-29,"Revalize, Inc. | First lien senior secured revolving loan",Revalize,Revalize,First Lien,,,,300000.0,400000.0,400000.0,,75.0,6.25,10.13,,,False,,,USD,300000.0
ARCC,0001287750,0001628280-26-050307,10-Q,2026-06-30,2026-07-29,"Revalize, Inc. | First lien senior secured loan",Revalize,Revalize,First Lien,,,,600000.0,700000.0,700000.0,,85.71,6.5,10.38,,1.75,True,,,USD,600000.0
ARCC,0001287750,0001628280-26-050307,10-Q,2026-06-30,2026-07-29,"RMS HoldCo II, LLC & RMS Group Holdings, Inc. | First lien senior secured loan","RMS HoldCo II, LLC & RMS Group Holdings","RMS HoldCo II, LLC & RMS Group Holdings",First Lien,,,,100000.0,100000.0,100000.0,,100.0,5.0,8.66,,,False,,,USD,100000.0
ARCC,0001287750,0001628280-26-050307,10-Q,2026-06-30,2026-07-29,"RMS HoldCo II, LLC & RMS Group Holdings, Inc. | First lien senior secured loan 1","RMS HoldCo II, LLC & RMS Group Holdings","RMS HoldCo II, LLC & RMS Group Holdings",First Lien,,,,100000.0,100000.0,100000.0,,100.0,5.0,8.66,,,False,,,USD,100000.0
ARCC,0001287750,0001628280-26-050307,10-Q,2026-06-30,2026-07-29,"RMS HoldCo II, LLC & RMS Group Holdings, Inc. | Class A common stock","RMS HoldCo II, LLC & RMS Group Holdings","RMS HoldCo II, LLC & RMS Group Holdings",Common Equity,,,,1300000.0,5500000.0,,566.0,23.64,,,,,False,,,USD,1300000.0
ARCC,0001287750,0001628280-26-050307,10-Q,2026-06-30,2026-07-29,"Runway Bidco, LLC, | First lien senior secured loan","Runway Bidco, LLC","Runway Bidco, LLC",First Lien,,,,41400000.0,42000000.0,42300000.0,,97.87,4.5,8.23,,,False,,,USD,41400000.0
ARCC,0001287750,0001628280-26-050307,10-Q,2026-06-30,2026-07-29,"Sapphire Software Buyer, Inc., | First lien senior secured loan","Sapphire Software Buyer, Inc.","Sapphire Software Buyer, Inc.",First Lien,,,,30400000.0,31300000.0,31300000.0,,97.12,5.0,8.73,,,False,,,USD,30400000.0
ARCC,0001287750,0001628280-26-050307,10-Q,2026-06-30,2026-07-29,"Severin Acquisition, LLC, | First lien senior secured revolving loan","Severin Acquisition, LLC","Severin Acquisition, LLC",First Lien,,,,13200000.0,13700000.0,13700000.0,,96.35,4.75,8.39,,,False,,,USD,13200000.0
ARCC,0001287750,0001628280-26-050307,10-Q,2026-06-30,2026-07-29,"Severin Acquisition, LLC | First lien senior secured loan",Severin Acquisition,Severin Acquisition,First Lien,,,,141500000.0,145800000.0,145900000.0,,96.98,5.0,8.64,,2.25,True,,,USD,141500000.0
ARCC,0001287750,0001628280-26-050307,10-Q,2026-06-30,2026-07-29,"Smarsh Inc. and Skywalker TopCo, LLC, | First lien senior secured revolving loan","Smarsh Inc. and Skywalker TopCo, LLC","Smarsh Inc. and Skywalker TopCo, LLC",First Lien,,,,1100000.0,1200000.0,1200000.0,,91.67,4.75,8.39,,,False,,,USD,1100000.0
ARCC,0001287750,0001628280-26-050307,10-Q,2026-06-30,2026-07-29,"Smarsh Inc. and Skywalker TopCo, LLC, | First lien senior secured loan","Smarsh Inc. and Skywalker TopCo, LLC","Smarsh Inc. and Skywalker TopCo, LLC",First Lien,,,,3700000.0,3700000.0,3700000.0,,100.0,4.75,8.48,,,False,,,USD,3700000.0
ARCC,0001287750,0001628280-26-050307,10-Q,2026-06-30,2026-07-29,"Smarsh Inc. and Skywalker TopCo, LLC, | Common units","Smarsh Inc. and Skywalker TopCo, LLC","Smarsh Inc. and Skywalker TopCo, LLC",Common Equity,,,,5800000.0,6300000.0,,1742623.0,92.06,,,,,False,,,USD,5800000.0
ARCC,0001287750,0001628280-26-050307,10-Q,2026-06-30,2026-07-29,"SoundCloud Limited, | Common stock",SoundCloud Limited,SoundCloud Limited,Common Equity,,,,700000.0,400000.0,,73422.0,175.0,,,,,False,,,USD,700000.0
ARCC,0001287750,0001628280-26-050307,10-Q,2026-06-30,2026-07-29,"Spaceship Purchaser, Inc. | First lien senior secured revolving loan",Spaceship Purchaser,Spaceship Purchaser,First Lien,,,,0.0,0.0,0.0,,,,,,,False,,,USD,0.0
ARCC,0001287750,0001628280-26-050307,10-Q,2026-06-30,2026-07-29,"Spaceship Purchaser, Inc. | First lien senior secured loan",Spaceship Purchaser,Spaceship Purchaser,First Lien,,,,74400000.0,74400000.0,74400000.0,,100.0,3.75,7.48,,,False,,,USD,74400000.0
ARCC,0001287750,0001628280-26-050307,10-Q,2026-06-30,2026-07-29,"Spark Purchaser, Inc. | First lien senior secured loan",Spark Purchaser,Spark Purchaser,First Lien,,,,30300000.0,30300000.0,30300000.0,,100.0,5.25,8.98,,,False,,,USD,30300000.0
ARCC,0001287750,0001628280-26-050307,10-Q,2026-06-30,2026-07-29,"Spirit RR Holdings, Inc. and Winterfell Co-Invest SCSp, | First lien senior secured revolving loan","Spirit RR Holdings, Inc. and Winterfell Co-Invest SCSp","Spirit RR Holdings, Inc. and Winterfell Co-Invest SCSp",First Lien,,,,0.0,0.0,0.0,,,,,,,False,,,USD,0.0
ARCC,0001287750,0001628280-26-050307,10-Q,2026-06-30,2026-07-29,"Spirit RR Holdings, Inc. and Winterfell Co-Invest SCSp, | First lien senior secured loan","Spirit RR Holdings, Inc. and Winterfell Co-Invest SCSp","Spirit RR Holdings, Inc. and Winterfell Co-Invest SCSp",First Lien,,,,2500000.0,2500000.0,2500000.0,,100.0,4.5,8.33,,,False,,,USD,2500000.0
ARCC,0001287750,0001628280-26-050307,10-Q,2026-06-30,2026-07-29,"Spirit RR Holdings, Inc. and Winterfell Co-Invest SCSp, | Limited partnership interests","Spirit RR Holdings, Inc. and Winterfell Co-Invest SCSp","Spirit RR Holdings, Inc. and Winterfell Co-Invest SCSp",LP Interest,,,,19800000.0,10200000.0,,1010.0,194.12,,,,,False,,,USD,19800000.0
ARCC,0001287750,0001628280-26-050307,10-Q,2026-06-30,2026-07-29,"Storable, Inc. and EQT IX Co-Investment (E) SCSP, | Limited partnership interests","Storable, Inc. and EQT IX Co-Investment (E) SCSP","Storable, Inc. and EQT IX Co-Investment (E) SCSP",LP Interest,,,,9800000.0,5700000.0,,614950.0,171.93,,,,,False,,,USD,9800000.0
ARCC,0001287750,0001628280-26-050307,10-Q,2026-06-30,2026-07-29,"Sundance Group Holdings, Inc., | First lien senior secured revolving loan","Sundance Group Holdings, Inc.","Sundance Group Holdings, Inc.",First Lien,,,,400000.0,400000.0,400000.0,,100.0,4.75,8.48,,,False,,,USD,400000.0
ARCC,0001287750,0001628280-26-050307,10-Q,2026-06-30,2026-07-29,"Sundance Group Holdings, Inc., | First lien senior secured loan","Sundance Group Holdings, Inc.","Sundance Group Holdings, Inc.",First Lien,,,,28300000.0,28600000.0,28600000.0,,98.95,4.75,8.48,,,False,,,USD,28300000.0
ARCC,0001287750,0001628280-26-050307,10-Q,2026-06-30,2026-07-29,"Sundance Group Holdings, Inc., | First lien senior secured loan 1","Sundance Group Holdings, Inc.","Sundance Group Holdings, Inc.",First Lien,,,,3900000.0,3900000.0,3900000.0,,100.0,4.75,8.48,,,False,,,USD,3900000.0
ARCC,0001287750,0001628280-26-050307,10-Q,2026-06-30,2026-07-29,"Superman Holdings, LLC. | First lien senior secured loan",Superman Holdings,Superman Holdings,First Lien,,,,10700000.0,10700000.0,10700000.0,,100.0,4.5,8.23,,,False,,,USD,10700000.0
ARCC,0001287750,0001628280-26-050307,10-Q,2026-06-30,2026-07-29,"Tamarack Intermediate, L.L.C. and Tamarack Parent, L.L.C. | First lien senior secured loan","Tamarack Intermediate, L.L.C. and Tamarack Parent","Tamarack Intermediate, L.L.C. and Tamarack Parent",First Lien,,,,10600000.0,10700000.0,10700000.0,,99.07,5.0,8.68,,,False,,,USD,10600000.0
ARCC,0001287750,0001628280-26-050307,10-Q,2026-06-30,2026-07-29,"Tamarack Intermediate, L.L.C. and Tamarack Parent, L.L.C. | First lien senior secured loan 1","Tamarack Intermediate, L.L.C. and Tamarack Parent","Tamarack Intermediate, L.L.C. and Tamarack Parent",First Lien,,,,7500000.0,7500000.0,7500000.0,,100.0,5.0,8.67,,,False,,,USD,7500000.0
ARCC,0001287750,0001628280-26-050307,10-Q,2026-06-30,2026-07-29,"Tamarack Intermediate, L.L.C. and Tamarack Parent, L.L.C. | First lien senior secured loan 2","Tamarack Intermediate, L.L.C. and Tamarack Parent","Tamarack Intermediate, L.L.C. and Tamarack Parent",First Lien,,,,33600000.0,33900000.0,33900000.0,,99.12,5.0,8.67,,,False,,,USD,33600000.0
ARCC,0001287750,0001628280-26-050307,10-Q,2026-06-30,2026-07-29,"Tamarack Intermediate, L.L.C. and Tamarack Parent, L.L.C. |  First lien senior secured loan 3","Tamarack Intermediate, L.L.C. and Tamarack Parent","Tamarack Intermediate, L.L.C. and Tamarack Parent",First Lien,,,,5700000.0,5700000.0,5700000.0,,100.0,5.0,8.67,,,False,,,USD,5700000.0
ARCC,0001287750,0001628280-26-050307,10-Q,2026-06-30,2026-07-29,"Tamarack Intermediate, L.L.C. and Tamarack Parent, L.L.C. | Class A-2 units","Tamarack Intermediate, L.L.C. and Tamarack Parent","Tamarack Intermediate, L.L.C. and Tamarack Parent",Common Equity,,,,7500000.0,5100000.0,,5057.0,147.06,,,,,False,,,USD,7500000.0
ARCC,0001287750,0001628280-26-050307,10-Q,2026-06-30,2026-07-29,"TCP Hawker Intermediate LLC, | First lien senior secured revolving loan",TCP Hawker Intermediate LLC,TCP Hawker Intermediate LLC,First Lien,,,,3500000.0,3600000.0,3600000.0,,97.22,3.75,7.48,,,False,,,USD,3500000.0
ARCC,0001287750,0001628280-26-050307,10-Q,2026-06-30,2026-07-29,"TCP Hawker Intermediate LLC, | First lien senior secured loan",TCP Hawker Intermediate LLC,TCP Hawker Intermediate LLC,First Lien,,,,1900000.0,2000000.0,2000000.0,,95.0,5.0,8.73,,,False,,,USD,1900000.0
ARCC,0001287750,0001628280-26-050307,10-Q,2026-06-30,2026-07-29,"TCP Hawker Intermediate LLC, | First lien senior secured loan 1",TCP Hawker Intermediate LLC,TCP Hawker Intermediate LLC,First Lien,,,,48400000.0,50000000.0,50000000.0,,96.8,5.0,8.73,,,False,,,USD,48400000.0
ARCC,0001287750,0001628280-26-050307,10-Q,2026-06-30,2026-07-29,"Three Rivers Buyer, Inc. | First lien senior secured loan",Three Rivers Buyer,Three Rivers Buyer,First Lien,,,,5700000.0,5700000.0,5700000.0,,100.0,4.75,8.36,,,False,,,USD,5700000.0
ARCC,0001287750,0001628280-26-050307,10-Q,2026-06-30,2026-07-29,"Trading Technologies International, Inc. | First lien senior secured loan",Trading Technologies International,Trading Technologies International,First Lien,,,,20800000.0,21200000.0,21200000.0,,98.11,4.25,7.91,,,False,,,USD,20800000.0
ARCC,0001287750,0001628280-26-050307,10-Q,2026-06-30,2026-07-29,Transit Technologies LLC. | First lien senior secured loan,Transit Technologies LLC. |,Transit Technologies LLC. |,First Lien,,,,12000000.0,12100000.0,12100000.0,,99.17,5.0,8.68,,,False,,,USD,12000000.0
ARCC,0001287750,0001628280-26-050307,10-Q,2026-06-30,2026-07-29,Transit Technologies LLC. | First lien senior secured loan 1,Transit Technologies LLC. |,Transit Technologies LLC. |,First Lien,,,,7800000.0,8000000.0,8000000.0,,97.5,4.5,8.18,,,False,,,USD,7800000.0
ARCC,0001287750,0001628280-26-050307,10-Q,2026-06-30,2026-07-29,"UFS, LLC and BV-UFS Aggregator, LLC, | First lien senior secured loan","UFS, LLC and BV-UFS Aggregator, LLC","UFS, LLC and BV-UFS Aggregator, LLC",First Lien,,,,36100000.0,36100000.0,36100000.0,,100.0,4.75,8.39,,,False,,,USD,36100000.0
ARCC,0001287750,0001628280-26-050307,10-Q,2026-06-30,2026-07-29,"UFS, LLC and BV-UFS Aggregator, LLC. | Membership interests","UFS, LLC and BV-UFS Aggregator","UFS, LLC and BV-UFS Aggregator",LLC Interest,,,,600000.0,500000.0,,263506.0,120.0,,,,,False,,,USD,600000.0
ARCC,0001287750,0001628280-26-050307,10-Q,2026-06-30,2026-07-29,"UKG Inc. and H&F Unite Partners, L.P. | Limited partnership interests",UKG Inc. and H&F Unite Partners,UKG Inc. and H&F Unite Partners,LP Interest,,,,22400000.0,12600000.0,,12583556.0,177.78,,,,,False,,,USD,22400000.0
ARCC,0001287750,0001628280-26-050307,10-Q,2026-06-30,2026-07-29,"Unicorn Holdco Intermediate II LLC, | First lien senior secured loan",Unicorn Holdco Intermediate II LLC,Unicorn Holdco Intermediate II LLC,First Lien,,,,10300000.0,10400000.0,10400000.0,,99.04,4.5,8.23,,,False,,,USD,10300000.0
ARCC,0001287750,0001628280-26-050307,10-Q,2026-06-30,2026-07-29,"UserZoom Technologies, Inc. | First lien senior secured loan",UserZoom Technologies,UserZoom Technologies,First Lien,,,,5000000.0,5800000.0,5900000.0,,84.75,7.75,11.4,,1.75,True,,,USD,5000000.0
ARCC,0001287750,0001628280-26-050307,10-Q,2026-06-30,2026-07-29,"UserZoom Technologies, Inc. | First lien senior secured loan 1",UserZoom Technologies,UserZoom Technologies,First Lien,,,,1500000.0,1700000.0,1700000.0,,88.24,7.75,11.42,,1.75,True,,,USD,1500000.0
ARCC,0001287750,0001628280-26-050307,10-Q,2026-06-30,2026-07-29,"Vamos Bidco, Inc., | First lien senior secured  revolving loan","Vamos Bidco, Inc.","Vamos Bidco, Inc.",First Lien,,,,400000.0,400000.0,400000.0,,100.0,4.5,8.23,,,False,,,USD,400000.0
ARCC,0001287750,0001628280-26-050307,10-Q,2026-06-30,2026-07-29,"Vamos Bidco, Inc. | First lien senior secured loan",Vamos Bidco,Vamos Bidco,First Lien,,,,17800000.0,18000000.0,18000000.0,,98.89,4.5,8.23,,,False,,,USD,17800000.0
ARCC,0001287750,0001628280-26-050307,10-Q,2026-06-30,2026-07-29,"Victors Purchaser, LLC and WP Victors Co-Investment, L.P. | First lien senior secured revolving loan","Victors Purchaser, LLC and WP Victors Co-Investment","Victors Purchaser, LLC and WP Victors Co-Investment",First Lien,,,,1600000.0,1600000.0,1600000.0,,100.0,4.5,8.14,,,False,,,USD,1600000.0
ARCC,0001287750,0001628280-26-050307,10-Q,2026-06-30,2026-07-29,"Victors Purchaser, LLC and WP Victors Co-Investment, L.P. | First lien senior secured loan","Victors Purchaser, LLC and WP Victors Co-Investment","Victors Purchaser, LLC and WP Victors Co-Investment",First Lien,,,,6500000.0,6600000.0,6600000.0,,98.48,4.5,8.23,,,False,,,USD,6500000.0
ARCC,0001287750,0001628280-26-050307,10-Q,2026-06-30,2026-07-29,"Victors Purchaser, LLC and WP Victors Co-Investment, L.P. | First lien senior secured loan 1","Victors Purchaser, LLC and WP Victors Co-Investment","Victors Purchaser, LLC and WP Victors Co-Investment",First Lien,,,,100000.0,100000.0,100000.0,,100.0,4.5,8.23,,,False,,,USD,100000.0
ARCC,0001287750,0001628280-26-050307,10-Q,2026-06-30,2026-07-29,"Victors Purchaser, LLC and WP Victors Co-Investment, L.P. | First lien senior secured loan 2","Victors Purchaser, LLC and WP Victors Co-Investment","Victors Purchaser, LLC and WP Victors Co-Investment",First Lien,,,,38600000.0,39000000.0,39000000.0,,98.97,4.5,8.23,,,False,,,USD,38600000.0
ARCC,0001287750,0001628280-26-050307,10-Q,2026-06-30,2026-07-29,"Victors Purchaser, LLC and WP Victors Co-Investment, L.P. | Partnership units","Victors Purchaser, LLC and WP Victors Co-Investment","Victors Purchaser, LLC and WP Victors Co-Investment",LP Interest,,,,6700000.0,4900000.0,,4867968.0,136.73,,,,,False,,,USD,6700000.0
ARCC,0001287750,0001628280-26-050307,10-Q,2026-06-30,2026-07-29,"Viper Bidco, Inc. | First lien senior secured loan",Viper Bidco,Viper Bidco,First Lien,,,,5500000.0,5500000.0,5500000.0,,100.0,4.5,8.23,,,False,,,USD,5500000.0
ARCC,0001287750,0001628280-26-050307,10-Q,2026-06-30,2026-07-29,"WebPT, Inc. and WPT Intermediate Holdco, Inc. | First lien senior secured loan","WebPT, Inc. and WPT Intermediate Holdco","WebPT, Inc. and WPT Intermediate Holdco",First Lien,,,,100000.0,100000.0,100000.0,,100.0,6.25,10.2,,3.13,True,,,USD,100000.0
ARCC,0001287750,0001628280-26-050307,10-Q,2026-06-30,2026-07-29,"WebPT, Inc. and WPT Intermediate Holdco, Inc. | Senior subordinated loan","WebPT, Inc. and WPT Intermediate Holdco","WebPT, Inc. and WPT Intermediate Holdco",Senior Subordinated,,,,64300000.0,79400000.0,79400000.0,,80.98,,,,13.25,True,,,USD,64300000.0
ARCC,0001287750,0001628280-26-050307,10-Q,2026-06-30,2026-07-29,"Wellington Bidco Inc. and Wellington TopCo LP, | First lien senior secured revolving loan",Wellington Bidco Inc. and Wellington TopCo LP,Wellington Bidco Inc. and Wellington TopCo LP,First Lien,,,,600000.0,600000.0,600000.0,,100.0,4.75,8.48,,,False,,,USD,600000.0
ARCC,0001287750,0001628280-26-050307,10-Q,2026-06-30,2026-07-29,"Wellington Bidco Inc. and Wellington TopCo LP, | First lien senior secured loan",Wellington Bidco Inc. and Wellington TopCo LP,Wellington Bidco Inc. and Wellington TopCo LP,First Lien,,,,4100000.0,4200000.0,4200000.0,,97.62,4.75,8.48,,,False,,,USD,4100000.0
ARCC,0001287750,0001628280-26-050307,10-Q,2026-06-30,2026-07-29,"Wellington Bidco Inc. and Wellington TopCo LP, | First lien senior secured loan 1",Wellington Bidco Inc. and Wellington TopCo LP,Wellington Bidco Inc. and Wellington TopCo LP,First Lien,,,,3900000.0,3900000.0,3900000.0,,100.0,4.75,8.48,,,False,,,USD,3900000.0
ARCC,0001287750,0001628280-26-050307,10-Q,2026-06-30,2026-07-29,"Wellington Bidco Inc. and Wellington TopCo LP, | Class A-2 preferred units",Wellington Bidco Inc. and Wellington TopCo LP,Wellington Bidco Inc. and Wellington TopCo LP,Preferred Equity,,,,2900000.0,2400000.0,,2323000.0,120.83,,,,,False,,,USD,2900000.0
ARCC,0001287750,0001628280-26-050307,10-Q,2026-06-30,2026-07-29,"Wellness AcquisitionCo, Inc., | First lien senior secured revolving loan","Wellness AcquisitionCo, Inc.","Wellness AcquisitionCo, Inc.",First Lien,,,,0.0,0.0,0.0,,,,,,,False,,,USD,0.0
ARCC,0001287750,0001628280-26-050307,10-Q,2026-06-30,2026-07-29,"Wellness AcquisitionCo, Inc., | First lien senior secured loan","Wellness AcquisitionCo, Inc.","Wellness AcquisitionCo, Inc.",First Lien,,,,3800000.0,3800000.0,3800000.0,,100.0,4.75,8.48,,,False,,,USD,3800000.0
ARCC,0001287750,0001628280-26-050307,10-Q,2026-06-30,2026-07-29,"Wellness AcquisitionCo, Inc., | First lien senior secured loan 1","Wellness AcquisitionCo, Inc.","Wellness AcquisitionCo, Inc.",First Lien,,,,5600000.0,5600000.0,5600000.0,,100.0,4.75,8.48,,,False,,,USD,5600000.0
ARCC,0001287750,0001628280-26-050307,10-Q,2026-06-30,2026-07-29,"Wellness AcquisitionCo, Inc., | First lien senior secured loan 2","Wellness AcquisitionCo, Inc.","Wellness AcquisitionCo, Inc.",First Lien,,,,3000000.0,3000000.0,3000000.0,,100.0,4.75,8.48,,,False,,,USD,3000000.0
ARCC,0001287750,0001628280-26-050307,10-Q,2026-06-30,2026-07-29,"WorkWave Intermediate II, LLC, | First lien senior secured revolving loan","WorkWave Intermediate II, LLC","WorkWave Intermediate II, LLC",First Lien,,,,1300000.0,1300000.0,1300000.0,,100.0,5.75,9.49,,,False,,,USD,1300000.0
ARCC,0001287750,0001628280-26-050307,10-Q,2026-06-30,2026-07-29,"WorkWave Intermediate II, LLC, | First lien senior secured loan","WorkWave Intermediate II, LLC","WorkWave Intermediate II, LLC",First Lien,,,,141100000.0,144000000.0,144000000.0,,97.99,5.75,9.45,,,False,,,USD,141100000.0
ARCC,0001287750,0001628280-26-050307,10-Q,2026-06-30,2026-07-29,"ZenDesk, Inc., Zoro TopCo, Inc. and Zoro TopCo, LP | First lien senior secured loan","ZenDesk, Inc., Zoro TopCo, Inc. and Zoro TopCo","ZenDesk, Inc., Zoro TopCo, Inc. and Zoro TopCo",First Lien,,,,28300000.0,29200000.0,29200000.0,,96.92,5.0,8.71,,,False,,,USD,28300000.0
ARCC,0001287750,0001628280-26-050307,10-Q,2026-06-30,2026-07-29,"ZenDesk, Inc., Zoro TopCo, Inc. and Zoro TopCo, LP | First lien senior secured loan 1","ZenDesk, Inc., Zoro TopCo, Inc. and Zoro TopCo","ZenDesk, Inc., Zoro TopCo, Inc. and Zoro TopCo",First Lien,,,,10200000.0,10500000.0,10500000.0,,97.14,5.0,8.71,,,False,,,USD,10200000.0
ARCC,0001287750,0001628280-26-050307,10-Q,2026-06-30,2026-07-29,"ZenDesk, Inc., Zoro TopCo, Inc. and Zoro TopCo, LP | Series A preferred stock","ZenDesk, Inc., Zoro TopCo, Inc. and Zoro TopCo","ZenDesk, Inc., Zoro TopCo, Inc. and Zoro TopCo",Preferred Equity,,,,10400000.0,10400000.0,,6553.0,100.0,9.5,,,13.23,True,,,USD,10400000.0
ARCC,0001287750,0001628280-26-050307,10-Q,2026-06-30,2026-07-29,"ZenDesk, Inc., Zoro TopCo, Inc. and Zoro TopCo, LP | Class A common units","ZenDesk, Inc., Zoro TopCo, Inc. and Zoro TopCo","ZenDesk, Inc., Zoro TopCo, Inc. and Zoro TopCo",Common Equity,,,,2000000.0,2700000.0,,269100.0,74.07,,,,,False,,,USD,2000000.0
ARCC,0001287750,0001628280-26-050307,10-Q,2026-06-30,2026-07-29,"Aduro Advisors, LLC, | First lien senior secured loan","Aduro Advisors, LLC","Aduro Advisors, LLC",First Lien,,,,8100000.0,8100000.0,8100000.0,,100.0,4.75,8.48,,,False,,,USD,8100000.0
ARCC,0001287750,0001628280-26-050307,10-Q,2026-06-30,2026-07-29,"BCC Blueprint Holdings I, LLC and BCC Blueprint Investments, LLC | Senior subordinated loan","BCC Blueprint Holdings I, LLC and BCC Blueprint Investments","BCC Blueprint Holdings I, LLC and BCC Blueprint Investments",Senior Subordinated,,,,16000000.0,16000000.0,16000000.0,,100.0,6.75,10.48,,,False,,,USD,16000000.0
ARCC,0001287750,0001628280-26-050307,10-Q,2026-06-30,2026-07-29,"BCC Blueprint Holdings I, LLC and BCC Blueprint Investments, LLC | Senior subordinated loan 1","BCC Blueprint Holdings I, LLC and BCC Blueprint Investments","BCC Blueprint Holdings I, LLC and BCC Blueprint Investments",Senior Subordinated,,,,200000.0,200000.0,200000.0,,100.0,6.75,10.43,,,False,,,USD,200000.0
ARCC,0001287750,0001628280-26-050307,10-Q,2026-06-30,2026-07-29,"BCC Blueprint Holdings I, LLC and BCC Blueprint Investments, LLC | Senior subordinated loan 2","BCC Blueprint Holdings I, LLC and BCC Blueprint Investments","BCC Blueprint Holdings I, LLC and BCC Blueprint Investments",Senior Subordinated,,,,7000000.0,7000000.0,7000000.0,,100.0,,,,9.3,True,,,USD,7000000.0
ARCC,0001287750,0001628280-26-050307,10-Q,2026-06-30,2026-07-29,"BCC Blueprint Holdings I, LLC and BCC Blueprint Investments, LLC | Common units","BCC Blueprint Holdings I, LLC and BCC Blueprint Investments","BCC Blueprint Holdings I, LLC and BCC Blueprint Investments",Common Equity,,,,18200000.0,7200000.0,,7165615.0,252.78,,,,,False,,,USD,18200000.0
ARCC,0001287750,0001628280-26-050307,10-Q,2026-06-30,2026-07-29,"Beacon Pointe Harmony, LLC, | First lien senior secured loan","Beacon Pointe Harmony, LLC","Beacon Pointe Harmony, LLC",First Lien,,,,3700000.0,3700000.0,3700000.0,,100.0,4.5,8.14,,,False,,,USD,3700000.0
ARCC,0001287750,0001628280-26-050307,10-Q,2026-06-30,2026-07-29,"Clearstead Advisors, LLC, | First lien senior secured revolving loan","Clearstead Advisors, LLC","Clearstead Advisors, LLC",First Lien,,,,500000.0,500000.0,500000.0,,100.0,4.75,8.42,,,False,,,USD,500000.0
ARCC,0001287750,0001628280-26-050307,10-Q,2026-06-30,2026-07-29,"Clearstead Advisors, LLC, | First lien senior secured loan","Clearstead Advisors, LLC","Clearstead Advisors, LLC",First Lien,,,,1200000.0,1200000.0,1200000.0,,100.0,4.75,8.46,,,False,,,USD,1200000.0
ARCC,0001287750,0001628280-26-050307,10-Q,2026-06-30,2026-07-29,"Clearstead Advisors, LLC, | First lien senior secured loan 1","Clearstead Advisors, LLC","Clearstead Advisors, LLC",First Lien,,,,2000000.0,2000000.0,2000000.0,,100.0,4.75,8.6,,,False,,,USD,2000000.0
ARCC,0001287750,0001628280-26-050307,10-Q,2026-06-30,2026-07-29,Convera International Holdings Limited and Convera International Financial S.A R.L. | First lien senior secured loan,Convera International Holdings Limited and Convera International Financial S.A R.L. |,Convera International Holdings Limited and Convera International Financial S.A R.L. |,First Lien,,,,23800000.0,23800000.0,23800000.0,,100.0,4.75,8.63,,,False,,,USD,23800000.0
ARCC,0001287750,0001628280-26-050307,10-Q,2026-06-30,2026-07-29,Convera International Holdings Limited and Convera International Financial S.A R.L. | First lien senior secured loan 1,Convera International Holdings Limited and Convera International Financial S.A R.L. |,Convera International Holdings Limited and Convera International Financial S.A R.L. |,First Lien,,,,4700000.0,4700000.0,4700000.0,,100.0,4.75,8.63,,,False,,,USD,4700000.0
ARCC,0001287750,0001628280-26-050307,10-Q,2026-06-30,2026-07-29,"CrossCountry Mortgage, LLC and CrossCountry Holdco, LLC, | Series D preferred units","CrossCountry Mortgage, LLC and CrossCountry Holdco, LLC","CrossCountry Mortgage, LLC and CrossCountry Holdco, LLC",Preferred Equity,,,,36900000.0,24900000.0,,90577.0,148.19,,,,,False,,,USD,36900000.0
ARCC,0001287750,0001628280-26-050307,10-Q,2026-06-30,2026-07-29,"CrossCountry Mortgage, LLC and CrossCountry Holdco, LLC, | Series B-3 units","CrossCountry Mortgage, LLC and CrossCountry Holdco, LLC","CrossCountry Mortgage, LLC and CrossCountry Holdco, LLC",Common Equity,,,,4500000.0,3100000.0,,11069.0,145.16,,,,,False,,,USD,4500000.0
ARCC,0001287750,0001628280-26-050307,10-Q,2026-06-30,2026-07-29,eCapital Finance Corp. | Senior subordinated loan,eCapital Finance Corp. |,eCapital Finance Corp. |,Senior Subordinated,,,,5300000.0,5300000.0,5400000.0,,98.15,7.25,10.97,,,False,,,USD,5300000.0
ARCC,0001287750,0001628280-26-050307,10-Q,2026-06-30,2026-07-29,eCapital Finance Corp. | Senior subordinated loan 1,eCapital Finance Corp. |,eCapital Finance Corp. |,Senior Subordinated,,,,5700000.0,5800000.0,5800000.0,,98.28,7.25,10.97,,,False,,,USD,5700000.0
ARCC,0001287750,0001628280-26-050307,10-Q,2026-06-30,2026-07-29,eCapital Finance Corp. | Senior subordinated loan 2,eCapital Finance Corp. |,eCapital Finance Corp. |,Senior Subordinated,,,,55200000.0,55200000.0,55800000.0,,98.92,7.25,10.97,,,False,,,USD,55200000.0
ARCC,0001287750,0001628280-26-050307,10-Q,2026-06-30,2026-07-29,eCapital Finance Corp. | Senior subordinated loan 3,eCapital Finance Corp. |,eCapital Finance Corp. |,Senior Subordinated,,,,12200000.0,12200000.0,12300000.0,,99.19,7.25,10.97,,,False,,,USD,12200000.0
ARCC,0001287750,0001628280-26-050307,10-Q,2026-06-30,2026-07-29,eCapital Finance Corp. | Senior subordinated loan 4,eCapital Finance Corp. |,eCapital Finance Corp. |,Senior Subordinated,,,,24100000.0,24100000.0,24300000.0,,99.18,7.25,10.97,,,False,,,USD,24100000.0
ARCC,0001287750,0001628280-26-050307,10-Q,2026-06-30,2026-07-29,eCapital Finance Corp. | Senior subordinated loan 5,eCapital Finance Corp. |,eCapital Finance Corp. |,Senior Subordinated,,,,55400000.0,55400000.0,56000000.0,,98.93,7.25,10.97,,,False,,,USD,55400000.0
ARCC,0001287750,0001628280-26-050307,10-Q,2026-06-30,2026-07-29,eCapital Finance Corp. | Senior subordinated loan 6,eCapital Finance Corp. |,eCapital Finance Corp. |,Senior Subordinated,,,,41700000.0,41900000.0,42100000.0,,99.05,7.25,10.97,,,False,,,USD,41700000.0
ARCC,0001287750,0001628280-26-050307,10-Q,2026-06-30,2026-07-29,eCapital Finance Corp. | Senior subordinated loan 7,eCapital Finance Corp. |,eCapital Finance Corp. |,Senior Subordinated,,,,21700000.0,21700000.0,21900000.0,,99.09,7.25,10.97,,,False,,,USD,21700000.0
ARCC,0001287750,0001628280-26-050307,10-Q,2026-06-30,2026-07-29,"Endeavor Bidco LLC and Endeavor TopCo, Inc. | First lien senior secured loan",Endeavor Bidco LLC and Endeavor TopCo,Endeavor Bidco LLC and Endeavor TopCo,First Lien,,,,6100000.0,6100000.0,6100000.0,,100.0,4.25,7.98,,,False,,,USD,6100000.0
ARCC,0001287750,0001628280-26-050307,10-Q,2026-06-30,2026-07-29,"Endeavor Bidco LLC and Endeavor TopCo, Inc. | Class A common units",Endeavor Bidco LLC and Endeavor TopCo,Endeavor Bidco LLC and Endeavor TopCo,Common Equity,,,,3000000.0,1900000.0,,1859.0,157.89,,,,,False,,,USD,3000000.0
ARCC,0001287750,0001628280-26-050307,10-Q,2026-06-30,2026-07-29,"GAPCO AIV Interholdco (CP), L.P. | Senior subordinated loan 1",GAPCO AIV Interholdco (CP),GAPCO AIV Interholdco (CP),Senior Subordinated,,,,52100000.0,52100000.0,52100000.0,,100.0,6.75,,,10.48,True,,,USD,52100000.0
ARCC,0001287750,0001628280-26-050307,10-Q,2026-06-30,2026-07-29,"GAPCO AIV Interholdco (CP), L.P. | Senior subordinated loan 2",GAPCO AIV Interholdco (CP),GAPCO AIV Interholdco (CP),Senior Subordinated,,,,12800000.0,12800000.0,12800000.0,,100.0,6.75,,,10.48,True,,,USD,12800000.0
ARCC,0001287750,0001628280-26-050307,10-Q,2026-06-30,2026-07-29,"Grit Buyer, Inc. and Integrum Grit Co-Invest LP, | First lien senior secured loan","Grit Buyer, Inc. and Integrum Grit Co-Invest LP","Grit Buyer, Inc. and Integrum Grit Co-Invest LP",First Lien,,,,5000000.0,5000000.0,5000000.0,,100.0,4.5,8.23,,,False,,,USD,5000000.0
ARCC,0001287750,0001628280-26-050307,10-Q,2026-06-30,2026-07-29,"Grit Buyer, Inc. and Integrum Grit Co-Invest LP, | Limited partnership interests","Grit Buyer, Inc. and Integrum Grit Co-Invest LP","Grit Buyer, Inc. and Integrum Grit Co-Invest LP",LP Interest,,,,4500000.0,3600000.0,,4420500.0,125.0,,,,,False,,,USD,4500000.0
ARCC,0001287750,0001628280-26-050307,10-Q,2026-06-30,2026-07-29,"GTCR F Buyer Corp. and GTCR (D) Investors LP, | First lien senior secured loan",GTCR F Buyer Corp. and GTCR (D) Investors LP,GTCR F Buyer Corp. and GTCR (D) Investors LP,First Lien,,,,5500000.0,5500000.0,5500000.0,,100.0,5.0,8.73,,,False,,,USD,5500000.0
ARCC,0001287750,0001628280-26-050307,10-Q,2026-06-30,2026-07-29,"GTCR F Buyer Corp. and GTCR (D) Investors LP, | First lien senior secured loan 1",GTCR F Buyer Corp. and GTCR (D) Investors LP,GTCR F Buyer Corp. and GTCR (D) Investors LP,First Lien,,,,600000.0,600000.0,600000.0,,100.0,5.0,8.73,,,False,,,USD,600000.0
ARCC,0001287750,0001628280-26-050307,10-Q,2026-06-30,2026-07-29,"GTCR F Buyer Corp. and GTCR (D) Investors LP, |  Limited partnership interests",GTCR F Buyer Corp. and GTCR (D) Investors LP,GTCR F Buyer Corp. and GTCR (D) Investors LP,LP Interest,,,,11100000.0,4900000.0,,4873286.0,226.53,,,,,False,,,USD,11100000.0
ARCC,0001287750,0001628280-26-050307,10-Q,2026-06-30,2026-07-29,"HighTower Holding, LLC, |  Senior subordinated loan","HighTower Holding, LLC","HighTower Holding, LLC",Senior Subordinated,,,,8000000.0,7400000.0,8100000.0,,98.77,,6.75,,,False,,,USD,8000000.0
ARCC,0001287750,0001628280-26-050307,10-Q,2026-06-30,2026-07-29,"IH Elevate Buyer, Inc. and Integrum Elevate Co-Invest LP, | First lien senior secured loan","IH Elevate Buyer, Inc. and Integrum Elevate Co-Invest LP","IH Elevate Buyer, Inc. and Integrum Elevate Co-Invest LP",First Lien,,,,34200000.0,34700000.0,34700000.0,,98.56,5.0,8.64,,,False,,,USD,34200000.0
ARCC,0001287750,0001628280-26-050307,10-Q,2026-06-30,2026-07-29,"IH Elevate Buyer, Inc. and Integrum Elevate Co-Invest LP, | Limited partnership interests","IH Elevate Buyer, Inc. and Integrum Elevate Co-Invest LP","IH Elevate Buyer, Inc. and Integrum Elevate Co-Invest LP",LP Interest,,,,2600000.0,2600000.0,,2598000.0,100.0,,,,,False,,,USD,2600000.0
ARCC,0001287750,0001628280-26-050307,10-Q,2026-06-30,2026-07-29,"Ivy Hill Asset Management, L.P. | Subordinated revolving loan",Ivy Hill Asset Management,Ivy Hill Asset Management,Subordinated,,,,946000000.0,946000000.0,946000000.0,,100.0,6.5,10.23,,,False,,,USD,946000000.0
ARCC,0001287750,0001628280-26-050307,10-Q,2026-06-30,2026-07-29,"Ivy Hill Asset Management, L.P. |  Member interest",Ivy Hill Asset Management,Ivy Hill Asset Management,LLC Interest,,,,1896800000.0,1700500000.0,,,111.54,,,,,False,,,USD,1896800000.0
ARCC,0001287750,0001628280-26-050307,10-Q,2026-06-30,2026-07-29,"Lido Advisors, LLC and LAL Group Holdings, LLC | First lien senior secured revolving loan","Lido Advisors, LLC and LAL Group Holdings","Lido Advisors, LLC and LAL Group Holdings",First Lien,,,,2700000.0,2700000.0,2700000.0,,100.0,4.75,8.43,,,False,,,USD,2700000.0
ARCC,0001287750,0001628280-26-050307,10-Q,2026-06-30,2026-07-29,"Lido Advisors, LLC and LAL Group Holdings, LLC | First lien senior secured loan","Lido Advisors, LLC and LAL Group Holdings","Lido Advisors, LLC and LAL Group Holdings",First Lien,,,,5900000.0,5900000.0,5900000.0,,100.0,4.75,8.45,,,False,,,USD,5900000.0
ARCC,0001287750,0001628280-26-050307,10-Q,2026-06-30,2026-07-29,"Lido Advisors, LLC and LAL Group Holdings, LLC | First lien senior secured loan 1","Lido Advisors, LLC and LAL Group Holdings","Lido Advisors, LLC and LAL Group Holdings",First Lien,,,,4700000.0,4700000.0,4700000.0,,100.0,4.75,8.42,,,False,,,USD,4700000.0
ARCC,0001287750,0001628280-26-050307,10-Q,2026-06-30,2026-07-29,"Lido Advisors, LLC and LAL Group Holdings, LLC | Class Z preferred units","Lido Advisors, LLC and LAL Group Holdings","Lido Advisors, LLC and LAL Group Holdings",Preferred Equity,,,,9800000.0,10600000.0,,9671180.0,92.45,,,,7.0,True,,,USD,9800000.0
ARCC,0001287750,0001628280-26-050307,10-Q,2026-06-30,2026-07-29,"Lido Advisors, LLC and LAL Group Holdings, LLC | Class A-0 common units","Lido Advisors, LLC and LAL Group Holdings","Lido Advisors, LLC and LAL Group Holdings",Common Equity,,,,4900000.0,5000000.0,,4835590.0,98.0,,,,,False,,,USD,4900000.0
ARCC,0001287750,0001628280-26-050307,10-Q,2026-06-30,2026-07-29,"Mai Capital Management Intermediate LLC, | First lien senior secured loan",Mai Capital Management Intermediate LLC,Mai Capital Management Intermediate LLC,First Lien,,,,2000000.0,2000000.0,2000000.0,,100.0,4.75,8.48,,,False,,,USD,2000000.0
ARCC,0001287750,0001628280-26-050307,10-Q,2026-06-30,2026-07-29,"Mai Capital Management Intermediate LLC, | First lien senior secured loan 1",Mai Capital Management Intermediate LLC,Mai Capital Management Intermediate LLC,First Lien,,,,6000000.0,6000000.0,6000000.0,,100.0,4.75,8.48,,,False,,,USD,6000000.0
ARCC,0001287750,0001628280-26-050307,10-Q,2026-06-30,2026-07-29,MC Accelerate Co-Invest Feeder LP and MC CIF Wealth Management (UK) Ltd. | Z1 preferred shares,MC Accelerate Co-Invest Feeder LP and MC CIF Wealth Management (UK) Ltd. | Z1,MC Accelerate Co-Invest Feeder LP and MC CIF Wealth Management (UK) Ltd. | Z1,Preferred Equity,,,,14300000.0,14200000.0,,12901.0,100.7,,,,12.0,True,,,USD,14300000.0
ARCC,0001287750,0001628280-26-050307,10-Q,2026-06-30,2026-07-29,MC Accelerate Co-Invest Feeder LP and MC CIF Wealth Management (UK) Ltd. | Z2 preferred shares,MC Accelerate Co-Invest Feeder LP and MC CIF Wealth Management (UK) Ltd. | Z2,MC Accelerate Co-Invest Feeder LP and MC CIF Wealth Management (UK) Ltd. | Z2,Preferred Equity,,,,13600000.0,13500000.0,,12901.0,100.74,,12.0,,6.0,True,,,USD,13600000.0
ARCC,0001287750,0001628280-26-050307,10-Q,2026-06-30,2026-07-29,MC Accelerate Co-Invest Feeder LP and MC CIF Wealth Management (UK) Ltd. | Z3 preferred shares,MC Accelerate Co-Invest Feeder LP and MC CIF Wealth Management (UK) Ltd. | Z3,MC Accelerate Co-Invest Feeder LP and MC CIF Wealth Management (UK) Ltd. | Z3,Preferred Equity,,,,24800000.0,24800000.0,,24572.0,100.0,,,,12.0,True,,,USD,24800000.0
ARCC,0001287750,0001628280-26-050307,10-Q,2026-06-30,2026-07-29,MC Accelerate Co-Invest Feeder LP and MC CIF Wealth Management (UK) Ltd. | Membership interest,MC Accelerate Co-Invest Feeder LP and MC CIF Wealth Management (UK) Ltd. |,MC Accelerate Co-Invest Feeder LP and MC CIF Wealth Management (UK) Ltd. |,LLC Interest,,,,0.0,0.0,,1000.0,,,,,,False,,,USD,0.0
ARCC,0001287750,0001628280-26-050307,10-Q,2026-06-30,2026-07-29,"Medlar Bidco Limited, | First lien senior secured loan",Medlar Bidco Limited,Medlar Bidco Limited,First Lien,,,,26800000.0,26900000.0,26800000.0,,100.0,4.5,8.25,,,False,,,USD,26800000.0
ARCC,0001287750,0001628280-26-050307,10-Q,2026-06-30,2026-07-29,"Merit Financial Group, LLC and CWC Fund I (MFA) LP , | First lien senior secured loan","Merit Financial Group, LLC and CWC Fund I (MFA) LP","Merit Financial Group, LLC and CWC Fund I (MFA) LP",First Lien,,,,17700000.0,17700000.0,17700000.0,,100.0,4.75,8.46,,,False,,,USD,17700000.0
ARCC,0001287750,0001628280-26-050307,10-Q,2026-06-30,2026-07-29,"Merit Financial Group, LLC and CWC Fund I (MFA) LP, | Limited partnership interests","Merit Financial Group, LLC and CWC Fund I (MFA) LP","Merit Financial Group, LLC and CWC Fund I (MFA) LP",LP Interest,,,,5700000.0,5100000.0,,5086230.0,111.76,,,,,False,,,USD,5700000.0
ARCC,0001287750,0001628280-26-050307,10-Q,2026-06-30,2026-07-29,"Monica Holdco (US), Inc., | First lien senior secured loan","Monica Holdco (US), Inc.","Monica Holdco (US), Inc.",First Lien,,,,2500000.0,2500000.0,2500000.0,,100.0,5.25,9.13,,,False,,,USD,2500000.0
ARCC,0001287750,0001628280-26-050307,10-Q,2026-06-30,2026-07-29,"Monica Holdco (US), Inc., | First lien senior secured loan 1","Monica Holdco (US), Inc.","Monica Holdco (US), Inc.",First Lien,,,,2700000.0,2700000.0,2700000.0,,100.0,5.25,8.98,,,False,,,USD,2700000.0
ARCC,0001287750,0001628280-26-050307,10-Q,2026-06-30,2026-07-29,"Monica Holdco (US), Inc., | First lien senior secured loan 2","Monica Holdco (US), Inc.","Monica Holdco (US), Inc.",First Lien,,,,4200000.0,4200000.0,4200000.0,,100.0,5.25,9.13,,,False,,,USD,4200000.0
ARCC,0001287750,0001628280-26-050307,10-Q,2026-06-30,2026-07-29,"MWH Intermediate II, LLC, | First lien senior secured loan","MWH Intermediate II, LLC","MWH Intermediate II, LLC",First Lien,,,,7800000.0,7900000.0,7900000.0,,98.73,5.25,8.89,,,False,,,USD,7800000.0
ARCC,0001287750,0001628280-26-050307,10-Q,2026-06-30,2026-07-29,"Nexus Buyer LLC, | Second lien senior secured loan",Nexus Buyer LLC,Nexus Buyer LLC,Second Lien,,,,121000000.0,123900000.0,124900000.0,,96.88,5.75,9.39,,,False,,,USD,121000000.0
ARCC,0001287750,0001628280-26-050307,10-Q,2026-06-30,2026-07-29,"Oak Funding LLC, | First lien senior secured loan",Oak Funding LLC,Oak Funding LLC,First Lien,,,,41900000.0,41900000.0,41900000.0,,100.0,4.5,8.16,,,False,,,USD,41900000.0
ARCC,0001287750,0001628280-26-050307,10-Q,2026-06-30,2026-07-29,"Pathstone Family Office LLC and Kelso XI Tailwind Co-Investment, L.P., | First lien senior secured loan","Pathstone Family Office LLC and Kelso XI Tailwind Co-Investment, L.P.","Pathstone Family Office LLC and Kelso XI Tailwind Co-Investment, L.P.",First Lien,,,,2400000.0,2400000.0,2400000.0,,100.0,4.5,8.24,,,False,,,USD,2400000.0
ARCC,0001287750,0001628280-26-050307,10-Q,2026-06-30,2026-07-29,"Pathstone Family Office LLC and Kelso XI Tailwind Co-Investment, L.P., | First lien senior secured loan 1","Pathstone Family Office LLC and Kelso XI Tailwind Co-Investment, L.P.","Pathstone Family Office LLC and Kelso XI Tailwind Co-Investment, L.P.",First Lien,,,,8000000.0,8000000.0,8000000.0,,100.0,4.5,8.24,,,False,,,USD,8000000.0
ARCC,0001287750,0001628280-26-050307,10-Q,2026-06-30,2026-07-29,"Pathstone Family Office LLC and Kelso XI Tailwind Co-Investment, L.P., | Limited partnership interests","Pathstone Family Office LLC and Kelso XI Tailwind Co-Investment, L.P.","Pathstone Family Office LLC and Kelso XI Tailwind Co-Investment, L.P.",LP Interest,,,,3800000.0,2000000.0,,1965100.0,190.0,,,,,False,,,USD,3800000.0
ARCC,0001287750,0001628280-26-050307,10-Q,2026-06-30,2026-07-29,"PCIA SPV-3, LLC and ASE Royal Aggregator, LLC, | First lien senior secured loan","PCIA SPV-3, LLC and ASE Royal Aggregator, LLC","PCIA SPV-3, LLC and ASE Royal Aggregator, LLC",First Lien,,,,5800000.0,5800000.0,5800000.0,,100.0,4.75,8.39,,,False,,,USD,5800000.0
ARCC,0001287750,0001628280-26-050307,10-Q,2026-06-30,2026-07-29,"PCIA SPV-3, LLC and ASE Royal Aggregator, LLC, | Preferred units","PCIA SPV-3, LLC and ASE Royal Aggregator, LLC","PCIA SPV-3, LLC and ASE Royal Aggregator, LLC",Preferred Equity,,,,15200000.0,6500000.0,,6431667.0,233.85,,,,,False,,,USD,15200000.0
ARCC,0001287750,0001628280-26-050307,10-Q,2026-06-30,2026-07-29,"PCS MidCo, Inc. and PCS Parent, L.P. | First lien senior secured loan","PCS MidCo, Inc. and PCS Parent","PCS MidCo, Inc. and PCS Parent",First Lien,,,,8100000.0,8100000.0,8100000.0,,100.0,5.75,9.48,,,False,,,USD,8100000.0
ARCC,0001287750,0001628280-26-050307,10-Q,2026-06-30,2026-07-29,"PCS MidCo, Inc. and PCS Parent, L.P. | Class A units","PCS MidCo, Inc. and PCS Parent","PCS MidCo, Inc. and PCS Parent",Common Equity,,,,700000.0,800000.0,,785000.0,87.5,,,,,False,,,USD,700000.0
ARCC,0001287750,0001628280-26-050307,10-Q,2026-06-30,2026-07-29,"Perigon Wealth Management, LLC, Perigon Wealth Advisors Holdings Company, LLC and CWC Fund I Co-Invest (Prism) LP, | First lien senior secured loan","Perigon Wealth Management, LLC, Perigon Wealth Advisors Holdings Company, LLC and CWC Fund I Co-Invest (Prism) LP","Perigon Wealth Management, LLC, Perigon Wealth Advisors Holdings Company, LLC and CWC Fund I Co-Invest (Prism) LP",First Lien,,,,300000.0,300000.0,300000.0,,100.0,4.5,8.14,,,False,,,USD,300000.0
ARCC,0001287750,0001628280-26-050307,10-Q,2026-06-30,2026-07-29,"Perigon Wealth Management, LLC, Perigon Wealth Advisors Holdings Company, LLC and CWC Fund I Co-Invest (Prism) LP, Limited partnership interest","Perigon Wealth Management, LLC, Perigon Wealth Advisors Holdings Company, LLC and CWC Fund I Co-Invest (Prism) LP","Perigon Wealth Management, LLC, Perigon Wealth Advisors Holdings Company, LLC and CWC Fund I Co-Invest (Prism) LP",LP Interest,,,,2700000.0,2400000.0,,2374000.0,112.5,,,,,False,,,USD,2700000.0
ARCC,0001287750,0001628280-26-050307,10-Q,2026-06-30,2026-07-29,"Petrus Buyer, Inc. | First lien senior secured revolving loan",Petrus Buyer,Petrus Buyer,First Lien,,,,800000.0,800000.0,800000.0,,100.0,4.75,8.42,,,False,,,USD,800000.0
ARCC,0001287750,0001628280-26-050307,10-Q,2026-06-30,2026-07-29,"Petrus Buyer, Inc. | First lien senior secured loan 1",Petrus Buyer,Petrus Buyer,First Lien,,,,6400000.0,6400000.0,6400000.0,,100.0,4.75,8.43,,,False,,,USD,6400000.0
ARCC,0001287750,0001628280-26-050307,10-Q,2026-06-30,2026-07-29,"Petrus Buyer, Inc. | First lien senior secured loan 2",Petrus Buyer,Petrus Buyer,First Lien,,,,1200000.0,1200000.0,1200000.0,,100.0,4.5,8.14,,,False,,,USD,1200000.0
ARCC,0001287750,0001628280-26-050307,10-Q,2026-06-30,2026-07-29,"Rialto Management Group, LLC | First lien senior secured revolving loan",Rialto Management Group,Rialto Management Group,First Lien,,,,0.0,0.0,0.0,,,,,,,False,,,USD,0.0
ARCC,0001287750,0001628280-26-050307,10-Q,2026-06-30,2026-07-29,"Rialto Management Group, LLC | First lien senior secured loan 1",Rialto Management Group,Rialto Management Group,First Lien,,,,22900000.0,22800000.0,22900000.0,,100.0,5.0,8.64,,,False,,,USD,22900000.0
ARCC,0001287750,0001628280-26-050307,10-Q,2026-06-30,2026-07-29,"Rialto Management Group, LLC | First lien senior secured loan 2",Rialto Management Group,Rialto Management Group,First Lien,,,,5900000.0,5900000.0,5900000.0,,100.0,5.0,8.64,,,False,,,USD,5900000.0
ARCC,0001287750,0001628280-26-050307,10-Q,2026-06-30,2026-07-29,"RWA Wealth Partners, LLC | First lien senior secured loan",RWA Wealth Partners,RWA Wealth Partners,First Lien,,,,9100000.0,9100000.0,9100000.0,,100.0,4.75,8.39,,,False,,,USD,9100000.0
ARCC,0001287750,0001628280-26-050307,10-Q,2026-06-30,2026-07-29,"Steward Partners Global Advisory, LLC, Steward Partners Investment Advisory, LLC, Steward Partners Intermediate II, LLC, and Steward Partners New Holdings, LLC | First lien senior secured loan 1","Steward Partners Global Advisory, LLC, Steward Partners Investment Advisory, LLC, Steward Partners Intermediate II, LLC, and Steward Partners New Holdings","Steward Partners Global Advisory, LLC, Steward Partners Investment Advisory, LLC, Steward Partners Intermediate II, LLC, and Steward Partners New Holdings",First Lien,,,,4800000.0,4800000.0,4800000.0,,100.0,5.0,8.64,,,False,,,USD,4800000.0
ARCC,0001287750,0001628280-26-050307,10-Q,2026-06-30,2026-07-29,"Steward Partners Global Advisory, LLC, Steward Partners Investment Advisory, LLC, Steward Partners Intermediate II, LLC, and Steward Partners New Holdings, LLC | First lien senior secured loan 2","Steward Partners Global Advisory, LLC, Steward Partners Investment Advisory, LLC, Steward Partners Intermediate II, LLC, and Steward Partners New Holdings","Steward Partners Global Advisory, LLC, Steward Partners Investment Advisory, LLC, Steward Partners Intermediate II, LLC, and Steward Partners New Holdings",First Lien,,,,9600000.0,9600000.0,9600000.0,,100.0,5.0,8.64,,,False,,,USD,9600000.0
ARCC,0001287750,0001628280-26-050307,10-Q,2026-06-30,2026-07-29,"Steward Partners Global Advisory, LLC, Steward Partners Investment Advisory, LLC, Steward Partners Intermediate II, LLC, and Steward Partners New Holdings, LLC | Senior subordinated loan","Steward Partners Global Advisory, LLC, Steward Partners Investment Advisory, LLC, Steward Partners Intermediate II, LLC, and Steward Partners New Holdings","Steward Partners Global Advisory, LLC, Steward Partners Investment Advisory, LLC, Steward Partners Intermediate II, LLC, and Steward Partners New Holdings",Senior Subordinated,,,,22800000.0,22500000.0,25000000.0,,91.2,,,,11.0,True,,,USD,22800000.0
ARCC,0001287750,0001628280-26-050307,10-Q,2026-06-30,2026-07-29,"Steward Partners Global Advisory, LLC, Steward Partners Investment Advisory, LLC, Steward Partners Intermediate II, LLC, and Steward Partners New Holdings, LLC | Warrant to purchase common stock","Steward Partners Global Advisory, LLC, Steward Partners Investment Advisory, LLC, Steward Partners Intermediate II, LLC, and Steward Partners New Holdings","Steward Partners Global Advisory, LLC, Steward Partners Investment Advisory, LLC, Steward Partners Intermediate II, LLC, and Steward Partners New Holdings",Warrant,,,,2500000.0,2400000.0,,129164.0,104.17,,,,,False,,,USD,2500000.0
ARCC,0001287750,0001628280-26-050307,10-Q,2026-06-30,2026-07-29,"The Mather Group, LLC, TVG-TMG Topco, Inc., and TVG-TMG Holdings, LLC | First lien senior secured loan","The Mather Group, LLC, TVG-TMG Topco, Inc., and TVG-TMG Holdings","The Mather Group, LLC, TVG-TMG Topco, Inc., and TVG-TMG Holdings",First Lien,,,,3800000.0,3800000.0,3800000.0,,100.0,5.25,9.13,,,False,,,USD,3800000.0
ARCC,0001287750,0001628280-26-050307,10-Q,2026-06-30,2026-07-29,"The Mather Group, LLC, TVG-TMG Topco, Inc., and TVG-TMG Holdings, LLC | First lien senior secured loan 1","The Mather Group, LLC, TVG-TMG Topco, Inc., and TVG-TMG Holdings","The Mather Group, LLC, TVG-TMG Topco, Inc., and TVG-TMG Holdings",First Lien,,,,200000.0,200000.0,200000.0,,100.0,5.25,9.1,,,False,,,USD,200000.0
ARCC,0001287750,0001628280-26-050307,10-Q,2026-06-30,2026-07-29,"The Mather Group, LLC, TVG-TMG Topco, Inc., and TVG-TMG Holdings, LLC | First lien senior secured loan 2","The Mather Group, LLC, TVG-TMG Topco, Inc., and TVG-TMG Holdings","The Mather Group, LLC, TVG-TMG Topco, Inc., and TVG-TMG Holdings",First Lien,,,,400000.0,400000.0,400000.0,,100.0,5.25,9.13,,,False,,,USD,400000.0
ARCC,0001287750,0001628280-26-050307,10-Q,2026-06-30,2026-07-29,"The Mather Group, LLC, TVG-TMG Topco, Inc., and TVG-TMG Holdings, LLC | Senior subordinated loan","The Mather Group, LLC, TVG-TMG Topco, Inc., and TVG-TMG Holdings","The Mather Group, LLC, TVG-TMG Topco, Inc., and TVG-TMG Holdings",Senior Subordinated,,,,4600000.0,4600000.0,4600000.0,,100.0,,,,12.0,True,,,USD,4600000.0
ARCC,0001287750,0001628280-26-050307,10-Q,2026-06-30,2026-07-29,"The Mather Group, LLC, TVG-TMG Topco, Inc., and TVG-TMG Holdings, LLC | Series A preferred units","The Mather Group, LLC, TVG-TMG Topco, Inc., and TVG-TMG Holdings","The Mather Group, LLC, TVG-TMG Topco, Inc., and TVG-TMG Holdings",Preferred Equity,,,,7200000.0,7200000.0,,7199.0,100.0,,,,,False,,,USD,7200000.0
ARCC,0001287750,0001628280-26-050307,10-Q,2026-06-30,2026-07-29,"The Mather Group, LLC, TVG-TMG Topco, Inc., and TVG-TMG Holdings, LLC | Common units","The Mather Group, LLC, TVG-TMG Topco, Inc., and TVG-TMG Holdings","The Mather Group, LLC, TVG-TMG Topco, Inc., and TVG-TMG Holdings",Common Equity,,,,4100000.0,0.0,,7199.0,,,,,,False,,,USD,4100000.0
ARCC,0001287750,0001628280-26-050307,10-Q,2026-06-30,2026-07-29,"The Ultimus Group Midco, LLC, The Ultimus Group, LLC, and The Ultimus Group Aggregator, LP | First lien senior secured loan","The Ultimus Group Midco, LLC, The Ultimus Group, LLC, and The Ultimus Group Aggregator","The Ultimus Group Midco, LLC, The Ultimus Group, LLC, and The Ultimus Group Aggregator",First Lien,,,,12600000.0,12700000.0,12700000.0,,99.21,4.5,8.23,,,False,,,USD,12600000.0
ARCC,0001287750,0001628280-26-050307,10-Q,2026-06-30,2026-07-29,"TPG IX Cardiff Debt HoldCo I, LLC, TPG IX Cardiff Debt Holdco II, LLC, TPG IX Cardiff CI I, L.P., and TPG IX Cardiff CI II, L.P. | Senior subordinated loan","TPG IX Cardiff Debt HoldCo I, LLC, TPG IX Cardiff Debt Holdco II, LLC, TPG IX Cardiff CI I, L.P., and TPG IX Cardiff CI II","TPG IX Cardiff Debt HoldCo I, LLC, TPG IX Cardiff Debt Holdco II, LLC, TPG IX Cardiff CI I, L.P., and TPG IX Cardiff CI II",Senior Subordinated,,,,11700000.0,11700000.0,11700000.0,,100.0,6.5,,,10.18,True,,,USD,11700000.0
ARCC,0001287750,0001628280-26-050307,10-Q,2026-06-30,2026-07-29,"TPG IX Cardiff Debt HoldCo I, LLC, TPG IX Cardiff Debt Holdco II, LLC, TPG IX Cardiff CI I, L.P., and TPG IX Cardiff CI II, L.P. | Limited partnership interest 1","TPG IX Cardiff Debt HoldCo I, LLC, TPG IX Cardiff Debt Holdco II, LLC, TPG IX Cardiff CI I, L.P., and TPG IX Cardiff CI II","TPG IX Cardiff Debt HoldCo I, LLC, TPG IX Cardiff Debt Holdco II, LLC, TPG IX Cardiff CI I, L.P., and TPG IX Cardiff CI II",LP Interest,,,,8200000.0,5800000.0,,5719511.0,141.38,,,,,False,,,USD,8200000.0
ARCC,0001287750,0001628280-26-050307,10-Q,2026-06-30,2026-07-29,"TPG IX Cardiff Debt HoldCo I, LLC, TPG IX Cardiff Debt Holdco II, LLC, TPG IX Cardiff CI I, L.P., and TPG IX Cardiff CI II, L.P. | Limited partnership interest 2","TPG IX Cardiff Debt HoldCo I, LLC, TPG IX Cardiff Debt Holdco II, LLC, TPG IX Cardiff CI I, L.P., and TPG IX Cardiff CI II","TPG IX Cardiff Debt HoldCo I, LLC, TPG IX Cardiff Debt Holdco II, LLC, TPG IX Cardiff CI I, L.P., and TPG IX Cardiff CI II",LP Interest,,,,900000.0,600000.0,,636275.0,150.0,,,,,False,,,USD,900000.0
ARCC,0001287750,0001628280-26-050307,10-Q,2026-06-30,2026-07-29,"Waverly Advisors, LLC and WAAM Topco, LLC | First lien senior secured revolving loan","Waverly Advisors, LLC and WAAM Topco","Waverly Advisors, LLC and WAAM Topco",First Lien,,,,800000.0,800000.0,800000.0,,100.0,5.75,9.63,,,False,,,USD,800000.0
ARCC,0001287750,0001628280-26-050307,10-Q,2026-06-30,2026-07-29,"Waverly Advisors, LLC and WAAM Topco, LLC | First lien senior secured loan 1","Waverly Advisors, LLC and WAAM Topco","Waverly Advisors, LLC and WAAM Topco",First Lien,,,,38500000.0,38500000.0,38500000.0,,100.0,5.25,9.13,,,False,,,USD,38500000.0
ARCC,0001287750,0001628280-26-050307,10-Q,2026-06-30,2026-07-29,"Waverly Advisors, LLC and WAAM Topco, LLC | First lien senior secured loan 2","Waverly Advisors, LLC and WAAM Topco","Waverly Advisors, LLC and WAAM Topco",First Lien,,,,700000.0,700000.0,700000.0,,100.0,5.75,9.63,,,False,,,USD,700000.0
ARCC,0001287750,0001628280-26-050307,10-Q,2026-06-30,2026-07-29,"Waverly Advisors, LLC and WAAM Topco, LLC | First lien senior secured loan 3","Waverly Advisors, LLC and WAAM Topco","Waverly Advisors, LLC and WAAM Topco",First Lien,,,,4900000.0,4900000.0,4900000.0,,100.0,5.5,9.38,,,False,,,USD,4900000.0
ARCC,0001287750,0001628280-26-050307,10-Q,2026-06-30,2026-07-29,"Waverly Advisors, LLC and WAAM Topco, LLC | Class A units","Waverly Advisors, LLC and WAAM Topco","Waverly Advisors, LLC and WAAM Topco",Common Equity,,,,6200000.0,2300000.0,,1584539.0,269.57,,,,,False,,,USD,6200000.0
ARCC,0001287750,0001628280-26-050307,10-Q,2026-06-30,2026-07-29,"Wealth Enhancement Group, LLC | First lien senior secured loan 1",Wealth Enhancement Group,Wealth Enhancement Group,First Lien,,,,100000.0,100000.0,100000.0,,100.0,4.25,7.94,,,False,,,USD,100000.0
ARCC,0001287750,0001628280-26-050307,10-Q,2026-06-30,2026-07-29,"Wealth Enhancement Group, LLC | First lien senior secured loan 2",Wealth Enhancement Group,Wealth Enhancement Group,First Lien,,,,1900000.0,1900000.0,1900000.0,,100.0,4.25,7.94,,,False,,,USD,1900000.0
ARCC,0001287750,0001628280-26-050307,10-Q,2026-06-30,2026-07-29,"Wealth Enhancement Group, LLC | First lien senior secured loan 3",Wealth Enhancement Group,Wealth Enhancement Group,First Lien,,,,900000.0,900000.0,900000.0,,100.0,4.25,7.94,,,False,,,USD,900000.0
ARCC,0001287750,0001628280-26-050307,10-Q,2026-06-30,2026-07-29,"Wealth Enhancement Group, LLC | First lien senior secured loan 4",Wealth Enhancement Group,Wealth Enhancement Group,First Lien,,,,500000.0,500000.0,500000.0,,100.0,4.25,7.94,,,False,,,USD,500000.0
ARCC,0001287750,0001628280-26-050307,10-Q,2026-06-30,2026-07-29,"Wealth Enhancement Group, LLC | First lien senior secured loan 5",Wealth Enhancement Group,Wealth Enhancement Group,First Lien,,,,28800000.0,29100000.0,29100000.0,,98.97,4.25,7.92,,,False,,,USD,28800000.0
ARCC,0001287750,0001628280-26-050307,10-Q,2026-06-30,2026-07-29,Wellington-Altus Financial Inc. | First lien senior secured revolving loan,Wellington-Altus Financial Inc. |,Wellington-Altus Financial Inc. |,First Lien,,,,0.0,0.0,0.0,,,,,,,False,,,USD,0.0
ARCC,0001287750,0001628280-26-050307,10-Q,2026-06-30,2026-07-29,Wellington-Altus Financial Inc. | First lien senior secured loan,Wellington-Altus Financial Inc. |,Wellington-Altus Financial Inc. |,First Lien,,,,800000.0,800000.0,800000.0,,100.0,5.0,7.61,,,False,,,USD,800000.0
ARCC,0001287750,0001628280-26-050307,10-Q,2026-06-30,2026-07-29,Wellington-Altus Financial Inc. | Common stock,Wellington-Altus Financial Inc. |,Wellington-Altus Financial Inc. |,Common Equity,,,,4600000.0,2700000.0,,76375.0,170.37,,,,,False,,,USD,4600000.0
ARCC,0001287750,0001628280-26-050307,10-Q,2026-06-30,2026-07-29,Wharf Street Ratings Acquisition LLC | First lien senior secured loan,Wharf Street Ratings Acquisition LLC |,Wharf Street Ratings Acquisition LLC |,First Lien,,,,5000000.0,4900000.0,5000000.0,,100.0,4.5,8.14,,,False,,,USD,5000000.0
ARCC,0001287750,0001628280-26-050307,10-Q,2026-06-30,2026-07-29,"Absolute Dental Group LLC and Absolute Dental Equity, LLC | First lien senior secured revolving loan",Absolute Dental Group LLC and Absolute Dental Equity,Absolute Dental Group LLC and Absolute Dental Equity,First Lien,,,,14500000.0,23100000.0,24100000.0,,60.17,,,,,False,,,USD,14500000.0
ARCC,0001287750,0001628280-26-050307,10-Q,2026-06-30,2026-07-29,"Absolute Dental Group LLC and Absolute Dental Equity, LLC | First lien senior secured loan",Absolute Dental Group LLC and Absolute Dental Equity,Absolute Dental Group LLC and Absolute Dental Equity,First Lien,,,,28500000.0,44400000.0,47500000.0,,60.0,,,,,False,,,USD,28500000.0
ARCC,0001287750,0001628280-26-050307,10-Q,2026-06-30,2026-07-29,"Absolute Dental Group LLC and Absolute Dental Equity, LLC | Class A preferred units",Absolute Dental Group LLC and Absolute Dental Equity,Absolute Dental Group LLC and Absolute Dental Equity,Preferred Equity,,,,0.0,16200000.0,,20000000.0,0.0,,,,,False,,,USD,0.0
ARCC,0001287750,0001628280-26-050307,10-Q,2026-06-30,2026-07-29,"Absolute Dental Group LLC and Absolute Dental Equity, LLC | Class A common units",Absolute Dental Group LLC and Absolute Dental Equity,Absolute Dental Group LLC and Absolute Dental Equity,Common Equity,,,,0.0,4700000.0,,6553553.0,0.0,,,,,False,,,USD,0.0
ARCC,0001287750,0001628280-26-050307,10-Q,2026-06-30,2026-07-29,"ADG, LLC, GEDC Equity, LLC and RC IV GEDC Investor LLC | First lien senior secured loan","ADG, LLC, GEDC Equity","ADG, LLC, GEDC Equity",First Lien,,,,15800000.0,15800000.0,15800000.0,,100.0,7.0,10.88,,3.0,True,,,USD,15800000.0
ARCC,0001287750,0001628280-26-050307,10-Q,2026-06-30,2026-07-29,"ADG, LLC, GEDC Equity, LLC and RC IV GEDC Investor LLC | Second lien senior secured loan","ADG, LLC, GEDC Equity","ADG, LLC, GEDC Equity",Second Lien,,,,15700000.0,54200000.0,58100000.0,,27.02,,,,,False,,,USD,15700000.0
ARCC,0001287750,0001628280-26-050307,10-Q,2026-06-30,2026-07-29,"ADG, LLC, GEDC Equity, LLC and RC IV GEDC Investor LLC | Class A common units","ADG, LLC, GEDC Equity","ADG, LLC, GEDC Equity",Common Equity,,,,0.0,29400000.0,,7604889.0,0.0,,,,,False,,,USD,0.0
ARCC,0001287750,0001628280-26-050307,10-Q,2026-06-30,2026-07-29,"Advarra Holdings, Inc. | First lien senior secured loan 1",Advarra Holdings,Advarra Holdings,First Lien,,,,3900000.0,3900000.0,3900000.0,,100.0,4.5,8.14,,,False,,,USD,3900000.0
ARCC,0001287750,0001628280-26-050307,10-Q,2026-06-30,2026-07-29,"Advarra Holdings, Inc. | First lien senior secured loan 2",Advarra Holdings,Advarra Holdings,First Lien,,,,1600000.0,1600000.0,1600000.0,,100.0,4.5,8.14,,,False,,,USD,1600000.0
ARCC,0001287750,0001628280-26-050307,10-Q,2026-06-30,2026-07-29,Aerin Medical Inc. | First lien senior secured loan,Aerin Medical Inc. |,Aerin Medical Inc. |,First Lien,,,,16000000.0,15900000.0,16100000.0,,99.38,7.75,11.48,,4.38,True,,,USD,16000000.0
ARCC,0001287750,0001628280-26-050307,10-Q,2026-06-30,2026-07-29,Aerin Medical Inc. | Series G preferred shares,Aerin Medical Inc. | Series G,Aerin Medical Inc. | Series G,Preferred Equity,,,,900000.0,1000000.0,,877379.0,90.0,,,,,False,,,USD,900000.0
ARCC,0001287750,0001628280-26-050307,10-Q,2026-06-30,2026-07-29,"AHR Funding Holdings, Inc. and AHR Parent Holdings, LP | Series A preferred shares","AHR Funding Holdings, Inc. and AHR Parent Holdings","AHR Funding Holdings, Inc. and AHR Parent Holdings",Preferred Equity,,,,56500000.0,57700000.0,,35000.0,97.92,,,,12.75,True,,,USD,56500000.0
ARCC,0001287750,0001628280-26-050307,10-Q,2026-06-30,2026-07-29,"AHR Funding Holdings, Inc. and AHR Parent Holdings, LP | Preferred units","AHR Funding Holdings, Inc. and AHR Parent Holdings","AHR Funding Holdings, Inc. and AHR Parent Holdings",Preferred Equity,,,,6300000.0,13500000.0,,9900.0,46.67,,,,8.0,True,,,USD,6300000.0
ARCC,0001287750,0001628280-26-050307,10-Q,2026-06-30,2026-07-29,"AHR Funding Holdings, Inc. and AHR Parent Holdings, LP | Class B common units","AHR Funding Holdings, Inc. and AHR Parent Holdings","AHR Funding Holdings, Inc. and AHR Parent Holdings",Common Equity,,,,0.0,100000.0,,100000.0,0.0,,,,,False,,,USD,0.0
ARCC,0001287750,0001628280-26-050307,10-Q,2026-06-30,2026-07-29,"Alcresta Therapeutics, Inc. | First lien senior secured revolving loan",Alcresta Therapeutics,Alcresta Therapeutics,First Lien,,,,400000.0,400000.0,400000.0,,100.0,5.25,8.92,,,False,,,USD,400000.0
ARCC,0001287750,0001628280-26-050307,10-Q,2026-06-30,2026-07-29,"Alcresta Therapeutics, Inc. | First lien senior secured loan 1",Alcresta Therapeutics,Alcresta Therapeutics,First Lien,,,,13200000.0,13200000.0,13200000.0,,100.0,5.25,8.92,,,False,,,USD,13200000.0
ARCC,0001287750,0001628280-26-050307,10-Q,2026-06-30,2026-07-29,"Alcresta Therapeutics, Inc. | First lien senior secured loan 2",Alcresta Therapeutics,Alcresta Therapeutics,First Lien,,,,5500000.0,5500000.0,5500000.0,,100.0,5.25,8.95,,,False,,,USD,5500000.0
ARCC,0001287750,0001628280-26-050307,10-Q,2026-06-30,2026-07-29,"Aledade, Inc. | First lien senior secured revolving loan",Aledade,Aledade,First Lien,,,,26600000.0,26600000.0,26600000.0,,100.0,5.75,9.41,,,False,,,USD,26600000.0
ARCC,0001287750,0001628280-26-050307,10-Q,2026-06-30,2026-07-29,"Amerivet Partners Management, Inc. and AVE Holdings LP | Subordinated loan",Amerivet Partners Management,Amerivet Partners Management,Subordinated,,,,52400000.0,77000000.0,84600000.0,,61.94,,,,,False,,,USD,52400000.0
ARCC,0001287750,0001628280-26-050307,10-Q,2026-06-30,2026-07-29,"Amerivet Partners Management, Inc. and AVE Holdings LP | Class A units",Amerivet Partners Management,Amerivet Partners Management,Common Equity,,,,0.0,2900000.0,,2922.0,0.0,,,,,False,,,USD,0.0
ARCC,0001287750,0001628280-26-050307,10-Q,2026-06-30,2026-07-29,"Amerivet Partners Management, Inc. and AVE Holdings LP | Class C units",Amerivet Partners Management,Amerivet Partners Management,Common Equity,,,,0.0,1400000.0,,7144.0,0.0,,,,,False,,,USD,0.0
ARCC,0001287750,0001628280-26-050307,10-Q,2026-06-30,2026-07-29,"Artivion, Inc. | First lien senior secured revolving loan",Artivion,Artivion,First Lien,,,,900000.0,900000.0,900000.0,,100.0,3.5,7.19,,,False,,,USD,900000.0
ARCC,0001287750,0001628280-26-050307,10-Q,2026-06-30,2026-07-29,"AthenaHealth Group Inc., Minerva Holdco, Inc. and BCPE Co-Invest (A), LP | First lien senior secured loan","AthenaHealth Group Inc., Minerva Holdco, Inc. and BCPE Co-Invest (A)","AthenaHealth Group Inc., Minerva Holdco, Inc. and BCPE Co-Invest (A)",First Lien,,,,100000.0,100000.0,100000.0,,100.0,2.75,6.39,,,False,,,USD,100000.0
ARCC,0001287750,0001628280-26-050307,10-Q,2026-06-30,2026-07-29,"AthenaHealth Group Inc., Minerva Holdco, Inc. and BCPE Co-Invest (A), LP | Series A preferred units","AthenaHealth Group Inc., Minerva Holdco, Inc. and BCPE Co-Invest (A)","AthenaHealth Group Inc., Minerva Holdco, Inc. and BCPE Co-Invest (A)",Preferred Equity,,,,317800000.0,317700000.0,,198505.0,100.03,,,,10.75,True,,,USD,317800000.0
ARCC,0001287750,0001628280-26-050307,10-Q,2026-06-30,2026-07-29,"AthenaHealth Group Inc., Minerva Holdco, Inc. and BCPE Co-Invest (A), LP | Class A units","AthenaHealth Group Inc., Minerva Holdco, Inc. and BCPE Co-Invest (A)","AthenaHealth Group Inc., Minerva Holdco, Inc. and BCPE Co-Invest (A)",Common Equity,,,,14100000.0,10500000.0,,10487951.0,134.29,,,,,False,,,USD,14100000.0
ARCC,0001287750,0001628280-26-050307,10-Q,2026-06-30,2026-07-29,"Avalign Holdings, Inc. and Avalign Technologies, Inc. | First lien senior secured revolving loan","Avalign Holdings, Inc. and Avalign Technologies","Avalign Holdings, Inc. and Avalign Technologies",First Lien,,,,2000000.0,3500000.0,3600000.0,,55.56,,,,,False,,,USD,2000000.0
ARCC,0001287750,0001628280-26-050307,10-Q,2026-06-30,2026-07-29,"Avalign Holdings, Inc. and Avalign Technologies, Inc. | First lien senior secured loan","Avalign Holdings, Inc. and Avalign Technologies","Avalign Holdings, Inc. and Avalign Technologies",First Lien,,,,22700000.0,40200000.0,40500000.0,,56.05,,,,,False,,,USD,22700000.0
ARCC,0001287750,0001628280-26-050307,10-Q,2026-06-30,2026-07-29,"BAART Programs, Inc., MedMark Services, Inc., and Canadian Addiction Treatment Centres LP | First lien senior secured loan","BAART Programs, Inc., MedMark Services, Inc.","BAART Programs, Inc., MedMark Services, Inc.",First Lien,,,,4900000.0,5900000.0,5900000.0,,83.05,,,,,False,,,USD,4900000.0
ARCC,0001287750,0001628280-26-050307,10-Q,2026-06-30,2026-07-29,"Bambino Group Holdings, LLC | Class A preferred units",Bambino Group Holdings,Bambino Group Holdings,Preferred Equity,,,,700000.0,1000000.0,,1000000.0,70.0,,,,,False,,,USD,700000.0
ARCC,0001287750,0001628280-26-050307,10-Q,2026-06-30,2026-07-29,"Bayou Intermediate II, LLC | First lien senior secured revolving loan",Bayou Intermediate II,Bayou Intermediate II,First Lien,,,,2000000.0,2000000.0,2000000.0,,100.0,4.75,8.45,,,False,,,USD,2000000.0
ARCC,0001287750,0001628280-26-050307,10-Q,2026-06-30,2026-07-29,"Bayou Intermediate II, LLC | First lien senior secured loan",Bayou Intermediate II,Bayou Intermediate II,First Lien,,,,30800000.0,31100000.0,31100000.0,,99.04,4.75,8.48,,,False,,,USD,30800000.0
ARCC,0001287750,0001628280-26-050307,10-Q,2026-06-30,2026-07-29,Beehive Acquisition Corp | First lien senior secured loan,Beehive Acquisition Corp |,Beehive Acquisition Corp |,First Lien,,,,9500000.0,9600000.0,9600000.0,,98.96,4.75,8.43,,,False,,,USD,9500000.0
ARCC,0001287750,0001628280-26-050307,10-Q,2026-06-30,2026-07-29,"BrightStar Group Holdings, Inc. | First lien senior secured revolving loan",BrightStar Group Holdings,BrightStar Group Holdings,First Lien,,,,4000000.0,4000000.0,4000000.0,,100.0,3.75,10.5,,,False,,,USD,4000000.0
ARCC,0001287750,0001628280-26-050307,10-Q,2026-06-30,2026-07-29,"BrightStar Group Holdings, Inc. | First lien senior secured loan",BrightStar Group Holdings,BrightStar Group Holdings,First Lien,,,,7000000.0,7000000.0,7000000.0,,100.0,4.75,8.38,,,False,,,USD,7000000.0
ARCC,0001287750,0001628280-26-050307,10-Q,2026-06-30,2026-07-29,"BVI Medical, Inc. and BVI Group Limited | First lien senior secured revolving loan",BVI Medical,BVI Medical,First Lien,,,,1400000.0,1700000.0,1700000.0,,82.35,6.0,9.61,,,False,,,USD,1400000.0
ARCC,0001287750,0001628280-26-050307,10-Q,2026-06-30,2026-07-29,"BVI Medical, Inc. and BVI Group Limited | First lien senior secured loan 1",BVI Medical,BVI Medical,First Lien,,,,3800000.0,4500000.0,4500000.0,,84.44,6.0,9.67,,,False,,,USD,3800000.0
ARCC,0001287750,0001628280-26-050307,10-Q,2026-06-30,2026-07-29,"BVI Medical, Inc. and BVI Group Limited | First lien senior secured loan 2",BVI Medical,BVI Medical,First Lien,,,,121000000.0,144100000.0,144100000.0,,83.97,6.25,9.91,,5.0,True,,,USD,121000000.0
ARCC,0001287750,0001628280-26-050307,10-Q,2026-06-30,2026-07-29,"BVI Medical, Inc. and BVI Group Limited | Ordinary shares",BVI Medical,BVI Medical,Common Equity,,,,1800000.0,5000000.0,,3742.0,36.0,,,,,False,,,USD,1800000.0
ARCC,0001287750,0001628280-26-050307,10-Q,2026-06-30,2026-07-29,"CMI Parent, Inc. | First lien senior secured loan",CMI Parent,CMI Parent,First Lien,,,,23400000.0,23600000.0,23600000.0,,99.15,4.5,8.23,,,False,,,USD,23400000.0
ARCC,0001287750,0001628280-26-050307,10-Q,2026-06-30,2026-07-29,"Color Intermediate, LLC | First lien senior secured loan",Color Intermediate,Color Intermediate,First Lien,,,,19700000.0,19700000.0,19700000.0,,100.0,4.75,8.58,,,False,,,USD,19700000.0
ARCC,0001287750,0001628280-26-050307,10-Q,2026-06-30,2026-07-29,"Convey Health Solutions, Inc. | First lien senior secured loan 1",Convey Health Solutions,Convey Health Solutions,First Lien,,,,0.0,100000.0,100000.0,,0.0,,,,,False,,,USD,0.0
ARCC,0001287750,0001628280-26-050307,10-Q,2026-06-30,2026-07-29,"Convey Health Solutions, Inc. | First lien senior secured loan 2",Convey Health Solutions,Convey Health Solutions,First Lien,,,,0.0,100000.0,100000.0,,0.0,,,,,False,,,USD,0.0
ARCC,0001287750,0001628280-26-050307,10-Q,2026-06-30,2026-07-29,"Convey Health Solutions, Inc. | First lien senior secured loan 3",Convey Health Solutions,Convey Health Solutions,First Lien,,,,300000.0,1900000.0,1900000.0,,15.79,,,,,False,,,USD,300000.0
ARCC,0001287750,0001628280-26-050307,10-Q,2026-06-30,2026-07-29,Cradle Lux Bidco S.A.R.L. and Hamilton Thorne Inc. | First lien senior secured loan 1,Cradle Lux Bidco S.A.R.L. and Hamilton Thorne Inc. |,Cradle Lux Bidco S.A.R.L. and Hamilton Thorne Inc. |,First Lien,,,,2900000.0,2900000.0,2900000.0,,100.0,5.5,9.17,,,False,,,USD,2900000.0
ARCC,0001287750,0001628280-26-050307,10-Q,2026-06-30,2026-07-29,Cradle Lux Bidco S.A.R.L. and Hamilton Thorne Inc. | First lien senior secured loan 2,Cradle Lux Bidco S.A.R.L. and Hamilton Thorne Inc. |,Cradle Lux Bidco S.A.R.L. and Hamilton Thorne Inc. |,First Lien,,,,12100000.0,11400000.0,12100000.0,,100.0,5.5,7.73,,,False,,,USD,12100000.0
ARCC,0001287750,0001628280-26-050307,10-Q,2026-06-30,2026-07-29,"Crown CT Parent Inc., Crown CT HoldCo Inc. and Crown CT Management LLC | First lien senior secured revolving loan",Crown CT Parent Inc.,Crown CT Parent Inc.,First Lien,,,,100000.0,100000.0,100000.0,,100.0,5.5,9.39,,,False,,,USD,100000.0
ARCC,0001287750,0001628280-26-050307,10-Q,2026-06-30,2026-07-29,"Crown CT Parent Inc., Crown CT HoldCo Inc. and Crown CT Management LLC | First lien senior secured loan",Crown CT Parent Inc.,Crown CT Parent Inc.,First Lien,,,,23700000.0,23700000.0,23700000.0,,100.0,5.5,9.38,,,False,,,USD,23700000.0
ARCC,0001287750,0001628280-26-050307,10-Q,2026-06-30,2026-07-29,"Crown CT Parent Inc., Crown CT HoldCo Inc. and Crown CT Management LLC | Class A shares",Crown CT Parent Inc.,Crown CT Parent Inc.,Common Equity,,,,2500000.0,1900000.0,,192.0,131.58,,,,,False,,,USD,2500000.0
ARCC,0001287750,0001628280-26-050307,10-Q,2026-06-30,2026-07-29,"Crown CT Parent Inc., Crown CT HoldCo Inc. and Crown CT Management LLC | Common units",Crown CT Parent Inc.,Crown CT Parent Inc.,Common Equity,,,,400000.0,300000.0,,31.0,133.33,,,,,False,,,USD,400000.0
ARCC,0001287750,0001628280-26-050307,10-Q,2026-06-30,2026-07-29,"CVP Holdco, Inc. and OMERS Wildcats Investment Holdings LLC | First lien senior secured loan",CVP Holdco,CVP Holdco,First Lien,,,,41800000.0,41800000.0,41800000.0,,100.0,4.75,8.39,,,False,,,USD,41800000.0
ARCC,0001287750,0001628280-26-050307,10-Q,2026-06-30,2026-07-29,"CVP Holdco, Inc. and OMERS Wildcats Investment Holdings LLC | Class A preferred units",CVP Holdco,CVP Holdco,Preferred Equity,,,,2000000.0,2600000.0,,3678.0,76.92,,,,,False,,,USD,2000000.0
ARCC,0001287750,0001628280-26-050307,10-Q,2026-06-30,2026-07-29,"CVP Holdco, Inc. and OMERS Wildcats Investment Holdings LLC | Common stock",CVP Holdco,CVP Holdco,Common Equity,,,,22100000.0,14500000.0,,41443.0,152.41,,,,,False,,,USD,22100000.0
ARCC,0001287750,0001628280-26-050307,10-Q,2026-06-30,2026-07-29,"Empower Payments Investor, LLC | First lien senior secured loan 1",Empower Payments Investor,Empower Payments Investor,First Lien,,,,100000.0,100000.0,100000.0,,100.0,4.5,8.14,,,False,,,USD,100000.0
ARCC,0001287750,0001628280-26-050307,10-Q,2026-06-30,2026-07-29,"Empower Payments Investor, LLC | First lien senior secured loan 2",Empower Payments Investor,Empower Payments Investor,First Lien,,,,4000000.0,4000000.0,4100000.0,,97.56,4.5,8.14,,,False,,,USD,4000000.0
ARCC,0001287750,0001628280-26-050307,10-Q,2026-06-30,2026-07-29,"Evolent Health LLC and Evolent Health, Inc. | First lien senior secured loan",Evolent Health LLC and Evolent Health,Evolent Health LLC and Evolent Health,First Lien,,,,18300000.0,18300000.0,18300000.0,,100.0,5.5,9.31,,,False,,,USD,18300000.0
ARCC,0001287750,0001628280-26-050307,10-Q,2026-06-30,2026-07-29,"Evolent Health LLC and Evolent Health, Inc. | Second lien senior secured loan",Evolent Health LLC and Evolent Health,Evolent Health LLC and Evolent Health,Second Lien,,,,3900000.0,3800000.0,3800000.0,,102.63,6.0,9.83,,,False,,,USD,3900000.0
ARCC,0001287750,0001628280-26-050307,10-Q,2026-06-30,2026-07-29,"Galaxy Buyer, Inc. and Galaxy Topco I, L.P. | First lien senior secured loan","Galaxy Buyer, Inc. and Galaxy Topco I","Galaxy Buyer, Inc. and Galaxy Topco I",First Lien,,,,16000000.0,16100000.0,16100000.0,,99.38,4.75,8.42,,,False,,,USD,16000000.0
ARCC,0001287750,0001628280-26-050307,10-Q,2026-06-30,2026-07-29,"Galaxy Buyer, Inc. and Galaxy Topco I, L.P. | Class A-1 units","Galaxy Buyer, Inc. and Galaxy Topco I","Galaxy Buyer, Inc. and Galaxy Topco I",Common Equity,,,,1700000.0,1400000.0,,1406458.0,121.43,,,,,False,,,USD,1700000.0
ARCC,0001287750,0001628280-26-050307,10-Q,2026-06-30,2026-07-29,GHX Ultimate Parent Corporation and Nexus TopCo LP | First lien senior secured loan,GHX Ultimate Parent Corporation and Nexus TopCo LP |,GHX Ultimate Parent Corporation and Nexus TopCo LP |,First Lien,,,,91400000.0,92400000.0,92400000.0,,98.92,5.0,8.73,,2.5,True,,,USD,91400000.0
ARCC,0001287750,0001628280-26-050307,10-Q,2026-06-30,2026-07-29,GHX Ultimate Parent Corporation and Nexus TopCo LP | First lien senior secured loan 2,GHX Ultimate Parent Corporation and Nexus TopCo LP |,GHX Ultimate Parent Corporation and Nexus TopCo LP |,First Lien,,,,16600000.0,16800000.0,16800000.0,,98.81,5.0,8.73,,2.5,True,,,USD,16600000.0
ARCC,0001287750,0001628280-26-050307,10-Q,2026-06-30,2026-07-29,GHX Ultimate Parent Corporation and Nexus TopCo LP | Class C units,GHX Ultimate Parent Corporation and Nexus TopCo LP |,GHX Ultimate Parent Corporation and Nexus TopCo LP |,Common Equity,,,,0.0,0.0,,3208.0,,,,,,False,,,USD,0.0
ARCC,0001287750,0001628280-26-050307,10-Q,2026-06-30,2026-07-29,"Himalaya TopCo LLC and BCPE Hyperlink Holdings, LP | First lien senior secured revolving loan",Himalaya TopCo LLC and BCPE Hyperlink Holdings,Himalaya TopCo LLC and BCPE Hyperlink Holdings,First Lien,,,,5700000.0,5800000.0,5800000.0,,98.28,5.0,8.64,,,False,,,USD,5700000.0
ARCC,0001287750,0001628280-26-050307,10-Q,2026-06-30,2026-07-29,"Himalaya TopCo LLC and BCPE Hyperlink Holdings, LP | First lien senior secured loan 1",Himalaya TopCo LLC and BCPE Hyperlink Holdings,Himalaya TopCo LLC and BCPE Hyperlink Holdings,First Lien,,,,20500000.0,20900000.0,20900000.0,,98.09,5.25,8.89,,2.25,True,,,USD,20500000.0
ARCC,0001287750,0001628280-26-050307,10-Q,2026-06-30,2026-07-29,"Himalaya TopCo LLC and BCPE Hyperlink Holdings, LP | First lien senior secured loan 2",Himalaya TopCo LLC and BCPE Hyperlink Holdings,Himalaya TopCo LLC and BCPE Hyperlink Holdings,First Lien,,,,232300000.0,236900000.0,237000000.0,,98.02,5.25,8.89,,2.25,True,,,USD,232300000.0
ARCC,0001287750,0001628280-26-050307,10-Q,2026-06-30,2026-07-29,"Himalaya TopCo LLC and BCPE Hyperlink Holdings, LP | Class A units",Himalaya TopCo LLC and BCPE Hyperlink Holdings,Himalaya TopCo LLC and BCPE Hyperlink Holdings,Common Equity,,,,2300000.0,2500000.0,,253551.0,92.0,,,,,False,,,USD,2300000.0
ARCC,0001287750,0001628280-26-050307,10-Q,2026-06-30,2026-07-29,HuFriedy Group Acquisition LLC | First lien senior secured revolving loan,HuFriedy Group Acquisition LLC |,HuFriedy Group Acquisition LLC |,First Lien,,,,600000.0,600000.0,600000.0,,100.0,5.5,9.23,,,False,,,USD,600000.0
ARCC,0001287750,0001628280-26-050307,10-Q,2026-06-30,2026-07-29,HuFriedy Group Acquisition LLC | First lien senior secured loan 1,HuFriedy Group Acquisition LLC |,HuFriedy Group Acquisition LLC |,First Lien,,,,15200000.0,15200000.0,15200000.0,,100.0,5.5,9.16,,,False,,,USD,15200000.0
ARCC,0001287750,0001628280-26-050307,10-Q,2026-06-30,2026-07-29,HuFriedy Group Acquisition LLC | First lien senior secured loan 2,HuFriedy Group Acquisition LLC |,HuFriedy Group Acquisition LLC |,First Lien,,,,75700000.0,75700000.0,75700000.0,,100.0,5.5,9.18,,,False,,,USD,75700000.0
ARCC,0001287750,0001628280-26-050307,10-Q,2026-06-30,2026-07-29,"KBHS Acquisition, LLC (d/b/a Alita Care, LLC) | First lien senior secured revolving loan","KBHS Acquisition, LLC (d/b/a Alita Care","KBHS Acquisition, LLC (d/b/a Alita Care",First Lien,,,,2500000.0,4100000.0,4800000.0,,52.08,,,,,False,,,USD,2500000.0
ARCC,0001287750,0001628280-26-050307,10-Q,2026-06-30,2026-07-29,"KBHS Acquisition, LLC (d/b/a Alita Care, LLC) | First lien senior secured loan","KBHS Acquisition, LLC (d/b/a Alita Care","KBHS Acquisition, LLC (d/b/a Alita Care",First Lien,,,,500000.0,500000.0,500000.0,,100.0,5.0,8.8,,,False,,,USD,500000.0
ARCC,0001287750,0001628280-26-050307,10-Q,2026-06-30,2026-07-29,"LivTech Purchaser, Inc. | First lien senior secured loan",LivTech Purchaser,LivTech Purchaser,First Lien,,,,10300000.0,10400000.0,10400000.0,,99.04,5.0,8.65,,,False,,,USD,10300000.0
ARCC,0001287750,0001628280-26-050307,10-Q,2026-06-30,2026-07-29,"Napa Management Services Corporation and ASP NAPA Holdings, LLC | Preferred units",Napa Management Services Corporation and ASP NAPA Holdings,Napa Management Services Corporation and ASP NAPA Holdings,Preferred Equity,,,,300000.0,300000.0,,1842.0,100.0,,,,15.0,True,,,USD,300000.0
ARCC,0001287750,0001628280-26-050307,10-Q,2026-06-30,2026-07-29,"Napa Management Services Corporation and ASP NAPA Holdings, LLC | Senior preferred units",Napa Management Services Corporation and ASP NAPA Holdings,Napa Management Services Corporation and ASP NAPA Holdings,Preferred Equity,,,,400000.0,400000.0,,5320.0,100.0,,,,8.0,True,,,USD,400000.0
ARCC,0001287750,0001628280-26-050307,10-Q,2026-06-30,2026-07-29,"Napa Management Services Corporation and ASP NAPA Holdings, LLC | Class A units",Napa Management Services Corporation and ASP NAPA Holdings,Napa Management Services Corporation and ASP NAPA Holdings,Common Equity,,,,2300000.0,2500000.0,,25277.0,92.0,,,,,False,,,USD,2300000.0
ARCC,0001287750,0001628280-26-050307,10-Q,2026-06-30,2026-07-29,"Next Holdco, LLC | First lien senior secured loan",Next Holdco,Next Holdco,First Lien,,,,6400000.0,6400000.0,6400000.0,,100.0,5.25,8.89,,,False,,,USD,6400000.0
ARCC,0001287750,0001628280-26-050307,10-Q,2026-06-30,2026-07-29,NMN Holdings III Corp. and NMN Holdings LP | First lien senior secured revolving loan,NMN Holdings III Corp. and NMN Holdings LP |,NMN Holdings III Corp. and NMN Holdings LP |,First Lien,,,,0.0,0.0,0.0,,,,,,,False,,,USD,0.0
ARCC,0001287750,0001628280-26-050307,10-Q,2026-06-30,2026-07-29,NMN Holdings III Corp. and NMN Holdings LP | First lien senior secured loan 1,NMN Holdings III Corp. and NMN Holdings LP |,NMN Holdings III Corp. and NMN Holdings LP |,First Lien,,,,69900000.0,69900000.0,69900000.0,,100.0,4.5,8.14,,,False,,,USD,69900000.0
ARCC,0001287750,0001628280-26-050307,10-Q,2026-06-30,2026-07-29,NMN Holdings III Corp. and NMN Holdings LP | First lien senior secured loan 2,NMN Holdings III Corp. and NMN Holdings LP |,NMN Holdings III Corp. and NMN Holdings LP |,First Lien,,,,12900000.0,13300000.0,12900000.0,,100.0,5.0,7.28,,,False,,,USD,12900000.0
ARCC,0001287750,0001628280-26-050307,10-Q,2026-06-30,2026-07-29,NMN Holdings III Corp. and NMN Holdings LP | First lien senior secured loan 3,NMN Holdings III Corp. and NMN Holdings LP |,NMN Holdings III Corp. and NMN Holdings LP |,First Lien,,,,7100000.0,7100000.0,7100000.0,,100.0,4.75,8.39,,,False,,,USD,7100000.0
ARCC,0001287750,0001628280-26-050307,10-Q,2026-06-30,2026-07-29,NMN Holdings III Corp. and NMN Holdings LP | Partnership units,NMN Holdings III Corp. and NMN Holdings LP |,NMN Holdings III Corp. and NMN Holdings LP |,LP Interest,,,,9500000.0,3000000.0,,30000.0,316.67,,,,,False,,,USD,9500000.0
ARCC,0001287750,0001628280-26-050307,10-Q,2026-06-30,2026-07-29,"Nomi Health, Inc. | Warrant to purchase Series B preferred stock",Nomi Health,Nomi Health,Preferred Equity,,,,0.0,0.0,,9941.0,,,,,,False,,,USD,0.0
ARCC,0001287750,0001628280-26-050307,10-Q,2026-06-30,2026-07-29,"Nomi Health, Inc. | Warrant to purchase Class A common stock",Nomi Health,Nomi Health,Warrant,,,,0.0,0.0,,22211.0,,,,,,False,,,USD,0.0
ARCC,0001287750,0001628280-26-050307,10-Q,2026-06-30,2026-07-29,"Olympia Acquisition, Inc., Olympia TopCo, L.P., and Asclepius Holdings LLC | Preferred units","Olympia Acquisition, Inc., Olympia TopCo, L.P.","Olympia Acquisition, Inc., Olympia TopCo, L.P.",Preferred Equity,,,,0.0,0.0,,417189.0,,,,,,False,,,USD,0.0
ARCC,0001287750,0001628280-26-050307,10-Q,2026-06-30,2026-07-29,"Olympia Acquisition, Inc., Olympia TopCo, L.P., and Asclepius Holdings LLC | Preferred stock","Olympia Acquisition, Inc., Olympia TopCo, L.P.","Olympia Acquisition, Inc., Olympia TopCo, L.P.",Preferred Equity,,,,0.0,0.0,,7983.0,,,,,,False,,,USD,0.0
ARCC,0001287750,0001628280-26-050307,10-Q,2026-06-30,2026-07-29,"Olympia Acquisition, Inc., Olympia TopCo, L.P., and Asclepius Holdings LLC | Class A common units","Olympia Acquisition, Inc., Olympia TopCo, L.P.","Olympia Acquisition, Inc., Olympia TopCo, L.P.",Common Equity,,,,0.0,0.0,,9549000.0,,,,,,False,,,USD,0.0
ARCC,0001287750,0001628280-26-050307,10-Q,2026-06-30,2026-07-29,"Olympia Acquisition, Inc., Olympia TopCo, L.P., and Asclepius Holdings LLC | Common units","Olympia Acquisition, Inc., Olympia TopCo, L.P.","Olympia Acquisition, Inc., Olympia TopCo, L.P.",Common Equity,,,,0.0,0.0,,7584.0,,,,,,False,,,USD,0.0
ARCC,0001287750,0001628280-26-050307,10-Q,2026-06-30,2026-07-29,Pathway Vet Alliance LLC and Jedi Group Holdings LLC | First lien senior secured revolving loan,Pathway Vet Alliance LLC and Jedi Group Holdings LLC |,Pathway Vet Alliance LLC and Jedi Group Holdings LLC |,First Lien,,,,0.0,0.0,0.0,,,,,,,False,,,USD,0.0
ARCC,0001287750,0001628280-26-050307,10-Q,2026-06-30,2026-07-29,Pathway Vet Alliance LLC and Jedi Group Holdings LLC | Second lien senior secured loan,Pathway Vet Alliance LLC and Jedi Group Holdings LLC |,Pathway Vet Alliance LLC and Jedi Group Holdings LLC |,Second Lien,,,,57500000.0,75500000.0,88400000.0,,65.05,,,,,False,,,USD,57500000.0
ARCC,0001287750,0001628280-26-050307,10-Q,2026-06-30,2026-07-29,Pathway Vet Alliance LLC and Jedi Group Holdings LLC | Class R common units,Pathway Vet Alliance LLC and Jedi Group Holdings LLC | Class R,Pathway Vet Alliance LLC and Jedi Group Holdings LLC | Class R,Common Equity,,,,0.0,6000000.0,,6004768.0,0.0,,,,,False,,,USD,0.0
ARCC,0001287750,0001628280-26-050307,10-Q,2026-06-30,2026-07-29,Pegasus Aggregator Parent LLC | Class B units,Pegasus Aggregator Parent LLC |,Pegasus Aggregator Parent LLC |,Common Equity,,,,50200000.0,43200000.0,,3952946.0,116.2,,,,,False,,,USD,50200000.0
ARCC,0001287750,0001628280-26-050307,10-Q,2026-06-30,2026-07-29,"PetVet Care Centers, LLC | First lien senior secured revolving loan",PetVet Care Centers,PetVet Care Centers,First Lien,,,,6800000.0,8100000.0,8100000.0,,83.95,6.0,9.62,,,False,,,USD,6800000.0
ARCC,0001287750,0001628280-26-050307,10-Q,2026-06-30,2026-07-29,"PetVet Care Centers, LLC | First lien senior secured loan",PetVet Care Centers,PetVet Care Centers,First Lien,,,,108700000.0,129500000.0,129500000.0,,83.94,6.0,9.64,,,False,,,USD,108700000.0
ARCC,0001287750,0001628280-26-050307,10-Q,2026-06-30,2026-07-29,Premise Health Holding Corp. and OMERS Bluejay Investment Holdings LP | First lien senior secured revolving loan,Premise Health Holding Corp. and OMERS Bluejay Investment Holdings LP |,Premise Health Holding Corp. and OMERS Bluejay Investment Holdings LP |,First Lien,,,,0.0,0.0,0.0,,,,,,,False,,,USD,0.0
ARCC,0001287750,0001628280-26-050307,10-Q,2026-06-30,2026-07-29,Premise Health Holding Corp. and OMERS Bluejay Investment Holdings LP | First lien senior secured loan 1,Premise Health Holding Corp. and OMERS Bluejay Investment Holdings LP |,Premise Health Holding Corp. and OMERS Bluejay Investment Holdings LP |,First Lien,,,,11900000.0,11900000.0,11900000.0,,100.0,4.75,8.48,,,False,,,USD,11900000.0
ARCC,0001287750,0001628280-26-050307,10-Q,2026-06-30,2026-07-29,Premise Health Holding Corp. and OMERS Bluejay Investment Holdings LP | First lien senior secured loan 2,Premise Health Holding Corp. and OMERS Bluejay Investment Holdings LP |,Premise Health Holding Corp. and OMERS Bluejay Investment Holdings LP |,First Lien,,,,10600000.0,10600000.0,10600000.0,,100.0,4.75,8.48,,,False,,,USD,10600000.0
ARCC,0001287750,0001628280-26-050307,10-Q,2026-06-30,2026-07-29,Premise Health Holding Corp. and OMERS Bluejay Investment Holdings LP | Class A units,Premise Health Holding Corp. and OMERS Bluejay Investment Holdings LP |,Premise Health Holding Corp. and OMERS Bluejay Investment Holdings LP |,Common Equity,,,,18900000.0,5400000.0,,9775.0,350.0,,,,,False,,,USD,18900000.0
ARCC,0001287750,0001628280-26-050307,10-Q,2026-06-30,2026-07-29,"Project Alliance Buyer, LLC | First lien senior secured loan",Project Alliance Buyer,Project Alliance Buyer,First Lien,,,,6700000.0,6700000.0,6700000.0,,100.0,5.0,8.67,,,False,,,USD,6700000.0
ARCC,0001287750,0001628280-26-050307,10-Q,2026-06-30,2026-07-29,"Revival Animal Health, LLC | First lien senior secured revolving loan",Revival Animal Health,Revival Animal Health,First Lien,,,,1600000.0,1800000.0,1800000.0,,88.89,6.0,9.73,,,False,,,USD,1600000.0
ARCC,0001287750,0001628280-26-050307,10-Q,2026-06-30,2026-07-29,"Revival Animal Health, LLC | First lien senior secured loan 1",Revival Animal Health,Revival Animal Health,First Lien,,,,24200000.0,26600000.0,26600000.0,,90.98,6.0,9.71,,,False,,,USD,24200000.0
ARCC,0001287750,0001628280-26-050307,10-Q,2026-06-30,2026-07-29,"Revival Animal Health, LLC | First lien senior secured loan 2",Revival Animal Health,Revival Animal Health,First Lien,,,,1800000.0,2000000.0,2000000.0,,90.0,6.0,9.73,,,False,,,USD,1800000.0
ARCC,0001287750,0001628280-26-050307,10-Q,2026-06-30,2026-07-29,Signant Finance One Limited and Bracket Intermediate Holding Corp. | First lien senior secured revolving loan 1,Signant Finance One Limited and Bracket Intermediate Holding Corp. |,Signant Finance One Limited and Bracket Intermediate Holding Corp. |,First Lien,,,,100000.0,100000.0,100000.0,,100.0,5.0,8.67,,,False,,,USD,100000.0
ARCC,0001287750,0001628280-26-050307,10-Q,2026-06-30,2026-07-29,Signant Finance One Limited and Bracket Intermediate Holding Corp. | First lien senior secured revolving loan 2,Signant Finance One Limited and Bracket Intermediate Holding Corp. |,Signant Finance One Limited and Bracket Intermediate Holding Corp. |,First Lien,,,,1000000.0,1000000.0,1100000.0,,90.91,5.0,8.74,,,False,,,USD,1000000.0
ARCC,0001287750,0001628280-26-050307,10-Q,2026-06-30,2026-07-29,Signant Finance One Limited and Bracket Intermediate Holding Corp. | First lien senior secured loan,Signant Finance One Limited and Bracket Intermediate Holding Corp. |,Signant Finance One Limited and Bracket Intermediate Holding Corp. |,First Lien,,,,62300000.0,63000000.0,63500000.0,,98.11,5.0,8.7,,,False,,,USD,62300000.0
ARCC,0001287750,0001628280-26-050307,10-Q,2026-06-30,2026-07-29,"SiroMed Physician Services, Inc. and SiroMed Equity Holdings, LLC | Common units","SiroMed Physician Services, Inc. and SiroMed Equity Holdings","SiroMed Physician Services, Inc. and SiroMed Equity Holdings",Common Equity,,,,1500000.0,4800000.0,,684854.0,31.25,,,,,False,,,USD,1500000.0
ARCC,0001287750,0001628280-26-050307,10-Q,2026-06-30,2026-07-29,"SOC Telemed, Inc. and PSC Spark Holdings, LP | First lien senior secured loan","SOC Telemed, Inc. and PSC Spark Holdings","SOC Telemed, Inc. and PSC Spark Holdings",First Lien,,,,107300000.0,109500000.0,110600000.0,,97.02,7.5,11.21,,2.0,True,,,USD,107300000.0
ARCC,0001287750,0001628280-26-050307,10-Q,2026-06-30,2026-07-29,"SOC Telemed, Inc. and PSC Spark Holdings, LP | Class A-2 units","SOC Telemed, Inc. and PSC Spark Holdings","SOC Telemed, Inc. and PSC Spark Holdings",Common Equity,,,,1500000.0,4900000.0,,4812.0,30.61,,,,,False,,,USD,1500000.0
ARCC,0001287750,0001628280-26-050307,10-Q,2026-06-30,2026-07-29,"SOC Telemed, Inc. and PSC Spark Holdings, LP | Warrant to purchase units of common stock","SOC Telemed, Inc. and PSC Spark Holdings","SOC Telemed, Inc. and PSC Spark Holdings",Warrant,,,,300000.0,4700000.0,,6118.0,6.38,,,,,False,,,USD,300000.0
ARCC,0001287750,0001628280-26-050307,10-Q,2026-06-30,2026-07-29,Spruce Bidco II Inc. | First lien senior secured revolving loan,Spruce Bidco II Inc. |,Spruce Bidco II Inc. |,First Lien,,,,19700000.0,19700000.0,19700000.0,,100.0,4.75,8.41,,,False,,,USD,19700000.0
ARCC,0001287750,0001628280-26-050307,10-Q,2026-06-30,2026-07-29,Spruce Bidco II Inc. | First lien senior secured loan 1,Spruce Bidco II Inc. |,Spruce Bidco II Inc. |,First Lien,,,,7400000.0,7200000.0,7400000.0,,100.0,4.75,7.05,,,False,,,USD,7400000.0
ARCC,0001287750,0001628280-26-050307,10-Q,2026-06-30,2026-07-29,Spruce Bidco II Inc. | First lien senior secured loan 2,Spruce Bidco II Inc. |,Spruce Bidco II Inc. |,First Lien,,,,24800000.0,25900000.0,24800000.0,,100.0,5.0,5.75,,,False,,,USD,24800000.0
ARCC,0001287750,0001628280-26-050307,10-Q,2026-06-30,2026-07-29,Spruce Bidco II Inc. | First lien senior secured loan 3,Spruce Bidco II Inc. |,Spruce Bidco II Inc. |,First Lien,,,,25500000.0,25500000.0,25500000.0,,100.0,4.75,8.41,,,False,,,USD,25500000.0
ARCC,0001287750,0001628280-26-050307,10-Q,2026-06-30,2026-07-29,"Surescripts, LLC | First lien senior secured loan 1",Surescripts,Surescripts,First Lien,,,,4900000.0,4900000.0,4900000.0,,100.0,5.0,8.73,,,False,,,USD,4900000.0
ARCC,0001287750,0001628280-26-050307,10-Q,2026-06-30,2026-07-29,"Surescripts, LLC | First lien senior secured loan 2",Surescripts,Surescripts,First Lien,,,,38100000.0,38100000.0,38100000.0,,100.0,4.75,8.48,,,False,,,USD,38100000.0
ARCC,0001287750,0001628280-26-050307,10-Q,2026-06-30,2026-07-29,"Symplr Software Inc. and Symplr Software Intermediate Holdings, Inc. | First lien senior secured revolving loan 1",Symplr Software Inc. and Symplr Software Intermediate Holdings,Symplr Software Inc. and Symplr Software Intermediate Holdings,First Lien,,,,500000.0,800000.0,800000.0,,62.5,3.75,7.41,,,False,,,USD,500000.0
ARCC,0001287750,0001628280-26-050307,10-Q,2026-06-30,2026-07-29,"Symplr Software Inc. and Symplr Software Intermediate Holdings, Inc. | First lien senior secured revolving loan 2",Symplr Software Inc. and Symplr Software Intermediate Holdings,Symplr Software Inc. and Symplr Software Intermediate Holdings,First Lien,,,,6000000.0,9200000.0,9200000.0,,65.22,2.75,9.5,,,False,,,USD,6000000.0
ARCC,0001287750,0001628280-26-050307,10-Q,2026-06-30,2026-07-29,"Symplr Software Inc. and Symplr Software Intermediate Holdings, Inc. | First lien senior secured loan 1",Symplr Software Inc. and Symplr Software Intermediate Holdings,Symplr Software Inc. and Symplr Software Intermediate Holdings,First Lien,,,,11200000.0,17000000.0,17000000.0,,65.88,5.25,9.01,,,False,,,USD,11200000.0
ARCC,0001287750,0001628280-26-050307,10-Q,2026-06-30,2026-07-29,"Symplr Software Inc. and Symplr Software Intermediate Holdings, Inc. | First lien senior secured loan 2",Symplr Software Inc. and Symplr Software Intermediate Holdings,Symplr Software Inc. and Symplr Software Intermediate Holdings,First Lien,,,,18500000.0,27900000.0,28300000.0,,65.37,4.5,8.26,,,False,,,USD,18500000.0
ARCC,0001287750,0001628280-26-050307,10-Q,2026-06-30,2026-07-29,"Symplr Software Inc. and Symplr Software Intermediate Holdings, Inc. | Second lien senior secured loan 1",Symplr Software Inc. and Symplr Software Intermediate Holdings,Symplr Software Inc. and Symplr Software Intermediate Holdings,Second Lien,,,,51100000.0,76200000.0,76200000.0,,67.06,7.88,11.64,,,False,,,USD,51100000.0
ARCC,0001287750,0001628280-26-050307,10-Q,2026-06-30,2026-07-29,"Symplr Software Inc. and Symplr Software Intermediate Holdings, Inc. | Second lien senior secured loan 2",Symplr Software Inc. and Symplr Software Intermediate Holdings,Symplr Software Inc. and Symplr Software Intermediate Holdings,Second Lien,,,,39400000.0,56200000.0,56200000.0,,70.11,10.0,13.76,,4.0,True,,,USD,39400000.0
ARCC,0001287750,0001628280-26-050307,10-Q,2026-06-30,2026-07-29,"Symplr Software Inc. and Symplr Software Intermediate Holdings, Inc. | Series C-1 preferred shares",Symplr Software Inc. and Symplr Software Intermediate Holdings,Symplr Software Inc. and Symplr Software Intermediate Holdings,Preferred Equity,,,,88500000.0,138300000.0,,75939.0,63.99,,,,11.0,True,,,USD,88500000.0
ARCC,0001287750,0001628280-26-050307,10-Q,2026-06-30,2026-07-29,"Symplr Software Inc. and Symplr Software Intermediate Holdings, Inc. | Series C-2 preferred shares",Symplr Software Inc. and Symplr Software Intermediate Holdings,Symplr Software Inc. and Symplr Software Intermediate Holdings,Preferred Equity,,,,44300000.0,69300000.0,,40115.0,63.92,,,,11.0,True,,,USD,44300000.0
ARCC,0001287750,0001628280-26-050307,10-Q,2026-06-30,2026-07-29,Series C-3 preferred shares,Series C-3,Series C-3,Preferred Equity,,,,17300000.0,27000000.0,,16201.0,64.07,,,,11.0,True,,,USD,17300000.0
ARCC,0001287750,0001628280-26-050307,10-Q,2026-06-30,2026-07-29,"Tempus AI, Inc. | Common units",Tempus AI,Tempus AI,Common Equity,,,,3500000.0,1900000.0,,60821.0,184.21,,,,,False,,,USD,3500000.0
ARCC,0001287750,0001628280-26-050307,10-Q,2026-06-30,2026-07-29,Therapy Brands Holdings LLC | Second lien senior secured loan,Therapy Brands Holdings LLC |,Therapy Brands Holdings LLC |,Second Lien,,,,22400000.0,29000000.0,29100000.0,,76.98,6.75,10.68,,,False,,,USD,22400000.0
ARCC,0001287750,0001628280-26-050307,10-Q,2026-06-30,2026-07-29,"U.S. Anesthesia Partners, Inc. & U.S. Anesthesia Partners Holdings, Inc. | Second lien senior secured loan","U.S. Anesthesia Partners, Inc. & U.S. Anesthesia Partners Holdings","U.S. Anesthesia Partners, Inc. & U.S. Anesthesia Partners Holdings",Second Lien,,,,147800000.0,147800000.0,147800000.0,,100.0,7.5,11.23,,,False,,,USD,147800000.0
ARCC,0001287750,0001628280-26-050307,10-Q,2026-06-30,2026-07-29,"U.S. Anesthesia Partners, Inc. & U.S. Anesthesia Partners Holdings, Inc. | Common stock","U.S. Anesthesia Partners, Inc. & U.S. Anesthesia Partners Holdings","U.S. Anesthesia Partners, Inc. & U.S. Anesthesia Partners Holdings",Common Equity,,,,12100000.0,12900000.0,,3671429.0,93.8,,,,,False,,,USD,12100000.0
ARCC,0001287750,0001628280-26-050307,10-Q,2026-06-30,2026-07-29,"U.S. Urology Partners, LLC, General Atlantic (USU) Blocker Collection Holdco, L.P., and General Atlantic (USU-2) Coinvest, L.P. | First lien senior secured revolving loan","U.S. Urology Partners, LLC, General Atlantic (USU) Blocker Collection Holdco, L.P., and General Atlantic (USU-2) Coinvest","U.S. Urology Partners, LLC, General Atlantic (USU) Blocker Collection Holdco, L.P., and General Atlantic (USU-2) Coinvest",First Lien,,,,600000.0,600000.0,600000.0,,100.0,4.5,8.16,,,False,,,USD,600000.0
ARCC,0001287750,0001628280-26-050307,10-Q,2026-06-30,2026-07-29,"U.S. Urology Partners, LLC, General Atlantic (USU) Blocker Collection Holdco, L.P., and General Atlantic (USU-2) Coinvest, L.P. | First lien senior secured loan 1","U.S. Urology Partners, LLC, General Atlantic (USU) Blocker Collection Holdco, L.P., and General Atlantic (USU-2) Coinvest","U.S. Urology Partners, LLC, General Atlantic (USU) Blocker Collection Holdco, L.P., and General Atlantic (USU-2) Coinvest",First Lien,,,,13300000.0,13300000.0,13300000.0,,100.0,4.5,8.23,,,False,,,USD,13300000.0
ARCC,0001287750,0001628280-26-050307,10-Q,2026-06-30,2026-07-29,"U.S. Urology Partners, LLC, General Atlantic (USU) Blocker Collection Holdco, L.P., and General Atlantic (USU-2) Coinvest, L.P. | First lien senior secured loan 2","U.S. Urology Partners, LLC, General Atlantic (USU) Blocker Collection Holdco, L.P., and General Atlantic (USU-2) Coinvest","U.S. Urology Partners, LLC, General Atlantic (USU) Blocker Collection Holdco, L.P., and General Atlantic (USU-2) Coinvest",First Lien,,,,3900000.0,3900000.0,3900000.0,,100.0,4.5,8.23,,,False,,,USD,3900000.0
ARCC,0001287750,0001628280-26-050307,10-Q,2026-06-30,2026-07-29,"U.S. Urology Partners, LLC, General Atlantic (USU) Blocker Collection Holdco, L.P., and General Atlantic (USU-2) Coinvest, L.P. | Common units","U.S. Urology Partners, LLC, General Atlantic (USU) Blocker Collection Holdco, L.P., and General Atlantic (USU-2) Coinvest","U.S. Urology Partners, LLC, General Atlantic (USU) Blocker Collection Holdco, L.P., and General Atlantic (USU-2) Coinvest",Common Equity,,,,500000.0,500000.0,,442686.0,100.0,,,,,False,,,USD,500000.0
ARCC,0001287750,0001628280-26-050307,10-Q,2026-06-30,2026-07-29,"U.S. Urology Partners, LLC, General Atlantic (USU) Blocker Collection Holdco, L.P., and General Atlantic (USU-2) Coinvest, L.P. | Limited partnership interest","U.S. Urology Partners, LLC, General Atlantic (USU) Blocker Collection Holdco, L.P., and General Atlantic (USU-2) Coinvest","U.S. Urology Partners, LLC, General Atlantic (USU) Blocker Collection Holdco, L.P., and General Atlantic (USU-2) Coinvest",LP Interest,,,,3800000.0,2200000.0,,2190000.0,172.73,,,,,False,,,USD,3800000.0
ARCC,0001287750,0001628280-26-050307,10-Q,2026-06-30,2026-07-29,"United Digestive MSO Parent, LLC and Koln Co-Invest Unblocked, LP | First lien senior secured loan 1","United Digestive MSO Parent, LLC and Koln Co-Invest Unblocked","United Digestive MSO Parent, LLC and Koln Co-Invest Unblocked",First Lien,,,,12800000.0,12800000.0,12800000.0,,100.0,5.75,9.47,,,False,,,USD,12800000.0
ARCC,0001287750,0001628280-26-050307,10-Q,2026-06-30,2026-07-29,"United Digestive MSO Parent, LLC and Koln Co-Invest Unblocked, LP | First lien senior secured loan 2","United Digestive MSO Parent, LLC and Koln Co-Invest Unblocked","United Digestive MSO Parent, LLC and Koln Co-Invest Unblocked",First Lien,,,,2000000.0,2000000.0,2000000.0,,100.0,5.75,9.43,,,False,,,USD,2000000.0
ARCC,0001287750,0001628280-26-050307,10-Q,2026-06-30,2026-07-29,"United Digestive MSO Parent, LLC and Koln Co-Invest Unblocked, LP | Class A interests","United Digestive MSO Parent, LLC and Koln Co-Invest Unblocked","United Digestive MSO Parent, LLC and Koln Co-Invest Unblocked",Common Equity,,,,8300000.0,4600000.0,,4623.0,180.43,,,,,False,,,USD,8300000.0
ARCC,0001287750,0001628280-26-050307,10-Q,2026-06-30,2026-07-29,"VPP Intermediate Holdings, LLC and VPP Group Holdings, L.P. | First lien senior secured loan 1","VPP Intermediate Holdings, LLC and VPP Group Holdings","VPP Intermediate Holdings, LLC and VPP Group Holdings",First Lien,,,,6000000.0,6000000.0,6000000.0,,100.0,5.75,9.49,,,False,,,USD,6000000.0
ARCC,0001287750,0001628280-26-050307,10-Q,2026-06-30,2026-07-29,"VPP Intermediate Holdings, LLC and VPP Group Holdings, L.P. | First lien senior secured loan 2","VPP Intermediate Holdings, LLC and VPP Group Holdings","VPP Intermediate Holdings, LLC and VPP Group Holdings",First Lien,,,,8700000.0,8700000.0,8700000.0,,100.0,5.25,8.89,,,False,,,USD,8700000.0
ARCC,0001287750,0001628280-26-050307,10-Q,2026-06-30,2026-07-29,"VPP Intermediate Holdings, LLC and VPP Group Holdings, L.P. | First lien senior secured loan 3","VPP Intermediate Holdings, LLC and VPP Group Holdings","VPP Intermediate Holdings, LLC and VPP Group Holdings",First Lien,,,,2600000.0,2600000.0,2600000.0,,100.0,5.75,9.39,,,False,,,USD,2600000.0
ARCC,0001287750,0001628280-26-050307,10-Q,2026-06-30,2026-07-29,"VPP Intermediate Holdings, LLC and VPP Group Holdings, L.P. | First lien senior secured loan 4","VPP Intermediate Holdings, LLC and VPP Group Holdings","VPP Intermediate Holdings, LLC and VPP Group Holdings",First Lien,,,,12200000.0,12200000.0,12200000.0,,100.0,5.75,9.39,,,False,,,USD,12200000.0
ARCC,0001287750,0001628280-26-050307,10-Q,2026-06-30,2026-07-29,"VPP Intermediate Holdings, LLC and VPP Group Holdings, L.P. | First lien senior secured loan 5","VPP Intermediate Holdings, LLC and VPP Group Holdings","VPP Intermediate Holdings, LLC and VPP Group Holdings",First Lien,,,,8900000.0,8900000.0,8900000.0,,100.0,5.75,9.49,,,False,,,USD,8900000.0
ARCC,0001287750,0001628280-26-050307,10-Q,2026-06-30,2026-07-29,"VPP Intermediate Holdings, LLC and VPP Group Holdings, L.P. | Class A-2 units 1","VPP Intermediate Holdings, LLC and VPP Group Holdings","VPP Intermediate Holdings, LLC and VPP Group Holdings",Common Equity,,,,100000.0,100000.0,,45.0,100.0,,,,,False,,,USD,100000.0
ARCC,0001287750,0001628280-26-050307,10-Q,2026-06-30,2026-07-29,"VPP Intermediate Holdings, LLC and VPP Group Holdings, L.P. | Class A-2 units 2","VPP Intermediate Holdings, LLC and VPP Group Holdings","VPP Intermediate Holdings, LLC and VPP Group Holdings",Common Equity,,,,9400000.0,7500000.0,,7524.0,125.33,,,,,False,,,USD,9400000.0
ARCC,0001287750,0001628280-26-050307,10-Q,2026-06-30,2026-07-29,WSHP FC Acquisition LLC and WSHP FC Holdings LLC | First lien senior secured revolving loan,WSHP FC Acquisition LLC and WSHP FC Holdings LLC |,WSHP FC Acquisition LLC and WSHP FC Holdings LLC |,First Lien,,,,0.0,0.0,0.0,,,,,,,False,,,USD,0.0
ARCC,0001287750,0001628280-26-050307,10-Q,2026-06-30,2026-07-29,WSHP FC Acquisition LLC and WSHP FC Holdings LLC | First lien senior secured loan 1,WSHP FC Acquisition LLC and WSHP FC Holdings LLC |,WSHP FC Acquisition LLC and WSHP FC Holdings LLC |,First Lien,,,,77700000.0,77700000.0,77700000.0,,100.0,8.0,11.73,,5.0,True,,,USD,77700000.0
ARCC,0001287750,0001628280-26-050307,10-Q,2026-06-30,2026-07-29,WSHP FC Acquisition LLC and WSHP FC Holdings LLC | First lien senior secured loan 2,WSHP FC Acquisition LLC and WSHP FC Holdings LLC |,WSHP FC Acquisition LLC and WSHP FC Holdings LLC |,First Lien,,,,21500000.0,22100000.0,25000000.0,,86.0,,,,12.0,True,,,USD,21500000.0
ARCC,0001287750,0001628280-26-050307,10-Q,2026-06-30,2026-07-29,WSHP FC Acquisition LLC and WSHP FC Holdings LLC | Class A preferred units,WSHP FC Acquisition LLC and WSHP FC Holdings LLC | Class A,WSHP FC Acquisition LLC and WSHP FC Holdings LLC | Class A,Preferred Equity,,,,0.0,300000.0,,455.0,0.0,,,,,False,,,USD,0.0
ARCC,0001287750,0001628280-26-050307,10-Q,2026-06-30,2026-07-29,WSHP FC Acquisition LLC and WSHP FC Holdings LLC | Common units,WSHP FC Acquisition LLC and WSHP FC Holdings LLC |,WSHP FC Acquisition LLC and WSHP FC Holdings LLC |,Common Equity,,,,800000.0,5000000.0,,35299.0,16.0,,,,,False,,,USD,800000.0
ARCC,0001287750,0001628280-26-050307,10-Q,2026-06-30,2026-07-29,"ZocDoc, Inc. | First lien senior secured loan 1",ZocDoc,ZocDoc,First Lien,,,,1600000.0,1600000.0,1600000.0,,100.0,5.25,8.89,,,False,,,USD,1600000.0
ARCC,0001287750,0001628280-26-050307,10-Q,2026-06-30,2026-07-29,"ZocDoc, Inc. | First lien senior secured loan 2",ZocDoc,ZocDoc,First Lien,,,,64900000.0,64900000.0,64900000.0,,100.0,5.25,8.89,,,False,,,USD,64900000.0
ARCC,0001287750,0001628280-26-050307,10-Q,2026-06-30,2026-07-29,Accommodations Plus Technologies LLC | First lien senior secured loan 1,Accommodations Plus Technologies LLC |,Accommodations Plus Technologies LLC |,First Lien,,,,87000000.0,87000000.0,87000000.0,,100.0,5.25,8.94,,,False,,,USD,87000000.0
ARCC,0001287750,0001628280-26-050307,10-Q,2026-06-30,2026-07-29,Accommodations Plus Technologies LLC | First lien senior secured loan 2,Accommodations Plus Technologies LLC |,Accommodations Plus Technologies LLC |,First Lien,,,,29900000.0,29900000.0,29900000.0,,100.0,5.25,8.95,,,False,,,USD,29900000.0
ARCC,0001287750,0001628280-26-050307,10-Q,2026-06-30,2026-07-29,Aldinger Company Inc | First lien senior secured revolving loan,Aldinger Company Inc |,Aldinger Company Inc |,First Lien,,,,900000.0,900000.0,900000.0,,100.0,4.75,8.49,,,False,,,USD,900000.0
ARCC,0001287750,0001628280-26-050307,10-Q,2026-06-30,2026-07-29,Aldinger Company Inc | First lien senior secured loan 1,Aldinger Company Inc |,Aldinger Company Inc |,First Lien,,,,4600000.0,4600000.0,4600000.0,,100.0,4.75,8.48,,,False,,,USD,4600000.0
ARCC,0001287750,0001628280-26-050307,10-Q,2026-06-30,2026-07-29,Aldinger Company Inc | First lien senior secured loan 2,Aldinger Company Inc |,Aldinger Company Inc |,First Lien,,,,6700000.0,6700000.0,6700000.0,,100.0,4.75,8.48,,,False,,,USD,6700000.0
ARCC,0001287750,0001628280-26-050307,10-Q,2026-06-30,2026-07-29,"AMCP Clean Acquisition Company, LLC | First lien senior secured loan",AMCP Clean Acquisition Company,AMCP Clean Acquisition Company,First Lien,,,,14900000.0,14900000.0,14900000.0,,100.0,4.25,7.98,,,False,,,USD,14900000.0
ARCC,0001287750,0001628280-26-050307,10-Q,2026-06-30,2026-07-29,"ATI Restoration, LLC | First lien senior secured revolving loan",ATI Restoration,ATI Restoration,First Lien,,,,10800000.0,12200000.0,12200000.0,,88.52,6.5,10.23,,1.0,True,,,USD,10800000.0
ARCC,0001287750,0001628280-26-050307,10-Q,2026-06-30,2026-07-29,"ATI Restoration, LLC | First lien senior secured loan 1",ATI Restoration,ATI Restoration,First Lien,,,,25800000.0,29300000.0,29300000.0,,88.05,6.5,10.22,,1.0,True,,,USD,25800000.0
ARCC,0001287750,0001628280-26-050307,10-Q,2026-06-30,2026-07-29,"ATI Restoration, LLC | First lien senior secured loan 2",ATI Restoration,ATI Restoration,First Lien,,,,100000.0,100000.0,100000.0,,100.0,6.5,10.25,,1.0,True,,,USD,100000.0
ARCC,0001287750,0001628280-26-050307,10-Q,2026-06-30,2026-07-29,"ATI Restoration, LLC | First lien senior secured loan 3",ATI Restoration,ATI Restoration,First Lien,,,,38200000.0,43400000.0,43400000.0,,88.02,6.5,10.22,,1.0,True,,,USD,38200000.0
ARCC,0001287750,0001628280-26-050307,10-Q,2026-06-30,2026-07-29,"ATI Restoration, LLC | First lien senior secured loan 4",ATI Restoration,ATI Restoration,First Lien,,,,9500000.0,10800000.0,10800000.0,,87.96,6.5,10.25,,1.0,True,,,USD,9500000.0
ARCC,0001287750,0001628280-26-050307,10-Q,2026-06-30,2026-07-29,"Bluejack Fire Acquisition, Inc. and Bluejack Fire Holdings LLC | First lien senior secured revolving loan",Bluejack Fire Acquisition,Bluejack Fire Acquisition,First Lien,,,,1300000.0,1300000.0,1300000.0,,100.0,4.75,8.39,,,False,,,USD,1300000.0
ARCC,0001287750,0001628280-26-050307,10-Q,2026-06-30,2026-07-29,"Bluejack Fire Acquisition, Inc. and Bluejack Fire Holdings LLC | First lien senior secured loan",Bluejack Fire Acquisition,Bluejack Fire Acquisition,First Lien,,,,6900000.0,6900000.0,6900000.0,,100.0,4.75,8.39,,,False,,,USD,6900000.0
ARCC,0001287750,0001628280-26-050307,10-Q,2026-06-30,2026-07-29,"Bluejack Fire Acquisition, Inc. and Bluejack Fire Holdings LLC | Class A-1 units",Bluejack Fire Acquisition,Bluejack Fire Acquisition,Common Equity,,,,1200000.0,1400000.0,,1368.0,85.71,,,,,False,,,USD,1200000.0
ARCC,0001287750,0001628280-26-050307,10-Q,2026-06-30,2026-07-29,"Bobtail AcquisitionCo, LLC | First lien senior secured revolving loan",Bobtail AcquisitionCo,Bobtail AcquisitionCo,First Lien,,,,200000.0,200000.0,200000.0,,100.0,4.75,8.46,,,False,,,USD,200000.0
ARCC,0001287750,0001628280-26-050307,10-Q,2026-06-30,2026-07-29,"Bobtail AcquisitionCo, LLC | First lien senior secured loan",Bobtail AcquisitionCo,Bobtail AcquisitionCo,First Lien,,,,10100000.0,10100000.0,10100000.0,,100.0,4.75,8.41,,,False,,,USD,10100000.0
ARCC,0001287750,0001628280-26-050307,10-Q,2026-06-30,2026-07-29,"Capstone Acquisition Holdings, Inc., Capstone Logistics Holdings, Inc. and Capstone Parent Holdings, LP | First lien senior secured revolving loan","Capstone Acquisition Holdings, Inc., Capstone Logistics Holdings, Inc. and Capstone Parent Holdings","Capstone Acquisition Holdings, Inc., Capstone Logistics Holdings, Inc. and Capstone Parent Holdings",First Lien,,,,0.0,0.0,0.0,,,,,,,False,,,USD,0.0
ARCC,0001287750,0001628280-26-050307,10-Q,2026-06-30,2026-07-29,"Capstone Acquisition Holdings, Inc., Capstone Logistics Holdings, Inc. and Capstone Parent Holdings, LP | First lien senior secured loan","Capstone Acquisition Holdings, Inc., Capstone Logistics Holdings, Inc. and Capstone Parent Holdings","Capstone Acquisition Holdings, Inc., Capstone Logistics Holdings, Inc. and Capstone Parent Holdings",First Lien,,,,6500000.0,6500000.0,6500000.0,,100.0,4.5,8.24,,,False,,,USD,6500000.0
ARCC,0001287750,0001628280-26-050307,10-Q,2026-06-30,2026-07-29,"Capstone Acquisition Holdings, Inc., Capstone Logistics Holdings, Inc. and Capstone Parent Holdings, LP | Second lien senior secured loan","Capstone Acquisition Holdings, Inc., Capstone Logistics Holdings, Inc. and Capstone Parent Holdings","Capstone Acquisition Holdings, Inc., Capstone Logistics Holdings, Inc. and Capstone Parent Holdings",Second Lien,,,,92700000.0,92700000.0,92700000.0,,100.0,8.5,12.24,,,False,,,USD,92700000.0
ARCC,0001287750,0001628280-26-050307,10-Q,2026-06-30,2026-07-29,"Capstone Acquisition Holdings, Inc., Capstone Logistics Holdings, Inc. and Capstone Parent Holdings, LP | Class A units","Capstone Acquisition Holdings, Inc., Capstone Logistics Holdings, Inc. and Capstone Parent Holdings","Capstone Acquisition Holdings, Inc., Capstone Logistics Holdings, Inc. and Capstone Parent Holdings",Common Equity,,,,26300000.0,7300000.0,,10581.0,360.27,,,,,False,,,USD,26300000.0
ARCC,0001287750,0001628280-26-050307,10-Q,2026-06-30,2026-07-29,"Cards-Live Oak Holdings, Inc. | First lien senior secured revolving loan 1",Cards-Live Oak Holdings,Cards-Live Oak Holdings,First Lien,,,,3200000.0,3200000.0,3200000.0,,100.0,4.75,8.48,,,False,,,USD,3200000.0
ARCC,0001287750,0001628280-26-050307,10-Q,2026-06-30,2026-07-29,"Cards-Live Oak Holdings, Inc. | First lien senior secured revolving loan 2",Cards-Live Oak Holdings,Cards-Live Oak Holdings,First Lien,,,,900000.0,900000.0,900000.0,,100.0,3.75,10.5,,,False,,,USD,900000.0
ARCC,0001287750,0001628280-26-050307,10-Q,2026-06-30,2026-07-29,"Cards-Live Oak Holdings, Inc. | First lien senior secured loan 1",Cards-Live Oak Holdings,Cards-Live Oak Holdings,First Lien,,,,66400000.0,66400000.0,66400000.0,,100.0,4.75,8.48,,,False,,,USD,66400000.0
ARCC,0001287750,0001628280-26-050307,10-Q,2026-06-30,2026-07-29,"Cards-Live Oak Holdings, Inc. | First lien senior secured loan 2",Cards-Live Oak Holdings,Cards-Live Oak Holdings,First Lien,,,,1200000.0,1200000.0,1200000.0,,100.0,3.75,10.5,,,False,,,USD,1200000.0
ARCC,0001287750,0001628280-26-050307,10-Q,2026-06-30,2026-07-29,"Covert HoldCo, LP | Senior subordinated loan",Covert HoldCo,Covert HoldCo,Senior Subordinated,,,,165200000.0,168600000.0,168600000.0,,97.98,5.75,9.48,,,False,,,USD,165200000.0
ARCC,0001287750,0001628280-26-050307,10-Q,2026-06-30,2026-07-29,"Denali Intermediate Holdings, Inc. and Denali Parent Holdings, L.P. | First lien senior secured revolving loan","Denali Intermediate Holdings, Inc. and Denali Parent Holdings","Denali Intermediate Holdings, Inc. and Denali Parent Holdings",First Lien,,,,6200000.0,6500000.0,6500000.0,,95.38,5.5,9.12,,,False,,,USD,6200000.0
ARCC,0001287750,0001628280-26-050307,10-Q,2026-06-30,2026-07-29,"Denali Intermediate Holdings, Inc. and Denali Parent Holdings, L.P. | First lien senior secured loan","Denali Intermediate Holdings, Inc. and Denali Parent Holdings","Denali Intermediate Holdings, Inc. and Denali Parent Holdings",First Lien,,,,359600000.0,377600000.0,377600000.0,,95.23,5.5,9.15,,,False,,,USD,359600000.0
ARCC,0001287750,0001628280-26-050307,10-Q,2026-06-30,2026-07-29,"Denali Intermediate Holdings, Inc. and Denali Parent Holdings, L.P. | Series A units","Denali Intermediate Holdings, Inc. and Denali Parent Holdings","Denali Intermediate Holdings, Inc. and Denali Parent Holdings",Common Equity,,,,6200000.0,5800000.0,,540800.0,106.9,,,,8.0,True,,,USD,6200000.0
ARCC,0001287750,0001628280-26-050307,10-Q,2026-06-30,2026-07-29,"Divisions Holding Corporation, Divisions, Inc. and RC V Tecmo Investor LLC | First lien senior secured revolving loan","Divisions Holding Corporation, Divisions","Divisions Holding Corporation, Divisions",First Lien,,,,1900000.0,1900000.0,1900000.0,,100.0,4.5,8.15,,,False,,,USD,1900000.0
ARCC,0001287750,0001628280-26-050307,10-Q,2026-06-30,2026-07-29,"Divisions Holding Corporation, Divisions, Inc. and RC V Tecmo Investor LLC | First lien senior secured loan","Divisions Holding Corporation, Divisions","Divisions Holding Corporation, Divisions",First Lien,,,,100000.0,100000.0,100000.0,,100.0,4.5,8.23,,,False,,,USD,100000.0
ARCC,0001287750,0001628280-26-050307,10-Q,2026-06-30,2026-07-29,"Divisions Holding Corporation, Divisions, Inc. and RC V Tecmo Investor LLC | Common member units","Divisions Holding Corporation, Divisions","Divisions Holding Corporation, Divisions",Equity,,,,16500000.0,6700000.0,,9624000.0,246.27,,,,,False,,,USD,16500000.0
ARCC,0001287750,0001628280-26-050307,10-Q,2026-06-30,2026-07-29,"Dorado Bidco, Inc. | First lien senior secured loan",Dorado Bidco,Dorado Bidco,First Lien,,,,7700000.0,7700000.0,7700000.0,,100.0,4.25,7.92,,,False,,,USD,7700000.0
ARCC,0001287750,0001628280-26-050307,10-Q,2026-06-30,2026-07-29,"DP Flores Holdings, LLC | First lien senior secured loan",DP Flores Holdings,DP Flores Holdings,First Lien,,,,27800000.0,28100000.0,28100000.0,,98.93,6.5,10.17,,3.25,True,,,USD,27800000.0
ARCC,0001287750,0001628280-26-050307,10-Q,2026-06-30,2026-07-29,Drogon Bidco Inc. & Drogon Aggregator LP | First lien senior secured revolving loan,Drogon Bidco Inc. & Drogon Aggregator LP |,Drogon Bidco Inc. & Drogon Aggregator LP |,First Lien,,,,100000.0,100000.0,100000.0,,100.0,5.0,8.64,,,False,,,USD,100000.0
ARCC,0001287750,0001628280-26-050307,10-Q,2026-06-30,2026-07-29,Drogon Bidco Inc. & Drogon Aggregator LP | First lien senior secured loan,Drogon Bidco Inc. & Drogon Aggregator LP |,Drogon Bidco Inc. & Drogon Aggregator LP |,First Lien,,,,11000000.0,11000000.0,11000000.0,,100.0,5.0,8.64,,,False,,,USD,11000000.0
ARCC,0001287750,0001628280-26-050307,10-Q,2026-06-30,2026-07-29,Drogon Bidco Inc. & Drogon Aggregator LP | Class A-2 common units,Drogon Bidco Inc. & Drogon Aggregator LP | Class A-2,Drogon Bidco Inc. & Drogon Aggregator LP | Class A-2,Common Equity,,,,2400000.0,1900000.0,,1850000.0,126.32,,,,,False,,,USD,2400000.0
ARCC,0001287750,0001628280-26-050307,10-Q,2026-06-30,2026-07-29,"DTI Holdco, Inc. and OPE DTI Holdings, Inc. | Class A common stock","DTI Holdco, Inc. and OPE DTI Holdings","DTI Holdco, Inc. and OPE DTI Holdings",Common Equity,,,,9700000.0,7500000.0,,7500.0,129.33,,,,,False,,,USD,9700000.0
ARCC,0001287750,0001628280-26-050307,10-Q,2026-06-30,2026-07-29,"DTI Holdco, Inc. and OPE DTI Holdings, Inc. | Class B common stock","DTI Holdco, Inc. and OPE DTI Holdings","DTI Holdco, Inc. and OPE DTI Holdings",Common Equity,,,,0.0,0.0,,7500.0,,,,,,False,,,USD,0.0
ARCC,0001287750,0001628280-26-050307,10-Q,2026-06-30,2026-07-29,Duraserv LLC | First lien senior secured revolving loan,Duraserv LLC |,Duraserv LLC |,First Lien,,,,500000.0,500000.0,500000.0,,100.0,5.0,8.65,,,False,,,USD,500000.0
ARCC,0001287750,0001628280-26-050307,10-Q,2026-06-30,2026-07-29,Duraserv LLC | First lien senior secured loan 1,Duraserv LLC |,Duraserv LLC |,First Lien,,,,10100000.0,10200000.0,10200000.0,,99.02,5.0,8.65,,,False,,,USD,10100000.0
ARCC,0001287750,0001628280-26-050307,10-Q,2026-06-30,2026-07-29,Duraserv LLC | First lien senior secured loan 2,Duraserv LLC |,Duraserv LLC |,First Lien,,,,4800000.0,4800000.0,4800000.0,,100.0,5.0,8.65,,,False,,,USD,4800000.0
ARCC,0001287750,0001628280-26-050307,10-Q,2026-06-30,2026-07-29,"Elevation Services Parent Holdings, LLC | First lien senior secured revolving loan",Elevation Services Parent Holdings,Elevation Services Parent Holdings,First Lien,,,,2500000.0,2500000.0,2500000.0,,100.0,6.5,10.31,,,False,,,USD,2500000.0
ARCC,0001287750,0001628280-26-050307,10-Q,2026-06-30,2026-07-29,"Elevation Services Parent Holdings, LLC | First lien senior secured loan 1",Elevation Services Parent Holdings,Elevation Services Parent Holdings,First Lien,,,,13700000.0,13700000.0,13700000.0,,100.0,6.5,10.31,,,False,,,USD,13700000.0
ARCC,0001287750,0001628280-26-050307,10-Q,2026-06-30,2026-07-29,"Elevation Services Parent Holdings, LLC | First lien senior secured loan 2",Elevation Services Parent Holdings,Elevation Services Parent Holdings,First Lien,,,,1600000.0,1600000.0,1600000.0,,100.0,6.5,10.31,,,False,,,USD,1600000.0
ARCC,0001287750,0001628280-26-050307,10-Q,2026-06-30,2026-07-29,"Elevation Services Parent Holdings, LLC | First lien senior secured loan 3",Elevation Services Parent Holdings,Elevation Services Parent Holdings,First Lien,,,,8300000.0,8300000.0,8300000.0,,100.0,6.5,10.33,,,False,,,USD,8300000.0
ARCC,0001287750,0001628280-26-050307,10-Q,2026-06-30,2026-07-29,"Elliott Davis Advisory, LLC and Elliott Davis Advisory HoldCo, LLC | First lien senior secured loan","Elliott Davis Advisory, LLC and Elliott Davis Advisory HoldCo","Elliott Davis Advisory, LLC and Elliott Davis Advisory HoldCo",First Lien,,,,7300000.0,7300000.0,7300000.0,,100.0,4.75,8.33,,,False,,,USD,7300000.0
ARCC,0001287750,0001628280-26-050307,10-Q,2026-06-30,2026-07-29,"Elliott Davis Advisory, LLC and Elliott Davis Advisory HoldCo, LLC | Common stock","Elliott Davis Advisory, LLC and Elliott Davis Advisory HoldCo","Elliott Davis Advisory, LLC and Elliott Davis Advisory HoldCo",Common Equity,,,,5600000.0,4300000.0,,4273000.0,130.23,,,,,False,,,USD,5600000.0
ARCC,0001287750,0001628280-26-050307,10-Q,2026-06-30,2026-07-29,"EMB Purchaser, Inc. | First lien senior secured revolving loan",EMB Purchaser,EMB Purchaser,First Lien,,,,700000.0,800000.0,800000.0,,87.5,4.5,8.16,,,False,,,USD,700000.0
ARCC,0001287750,0001628280-26-050307,10-Q,2026-06-30,2026-07-29,"EMB Purchaser, Inc. | First lien senior secured loan",EMB Purchaser,EMB Purchaser,First Lien,,,,10400000.0,10600000.0,10600000.0,,98.11,4.5,8.23,,,False,,,USD,10400000.0
ARCC,0001287750,0001628280-26-050307,10-Q,2026-06-30,2026-07-29,"Firebird Acquisition Corp, Inc. | First lien senior secured revolving loan",Firebird Acquisition Corp,Firebird Acquisition Corp,First Lien,,,,0.0,0.0,0.0,,,,,,,False,,,USD,0.0
ARCC,0001287750,0001628280-26-050307,10-Q,2026-06-30,2026-07-29,"Firebird Acquisition Corp, Inc. | First lien senior secured loan",Firebird Acquisition Corp,Firebird Acquisition Corp,First Lien,,,,4200000.0,4200000.0,4200000.0,,100.0,5.0,8.66,,2.75,True,,,USD,4200000.0
ARCC,0001287750,0001628280-26-050307,10-Q,2026-06-30,2026-07-29,"Fly Wheel Acquireco, Inc. | First lien senior secured revolving loan",Fly Wheel Acquireco,Fly Wheel Acquireco,First Lien,,,,7400000.0,7400000.0,7400000.0,,100.0,6.25,9.88,,,False,,,USD,7400000.0
ARCC,0001287750,0001628280-26-050307,10-Q,2026-06-30,2026-07-29,"Fly Wheel Acquireco, Inc. | First lien senior secured loan",Fly Wheel Acquireco,Fly Wheel Acquireco,First Lien,,,,51200000.0,51200000.0,51200000.0,,100.0,6.25,9.89,,,False,,,USD,51200000.0
ARCC,0001287750,0001628280-26-050307,10-Q,2026-06-30,2026-07-29,"Frontline Road Safety Operations, LLC | First lien senior secured revolving loan",Frontline Road Safety Operations,Frontline Road Safety Operations,First Lien,,,,0.0,0.0,0.0,,,,,,,False,,,USD,0.0
ARCC,0001287750,0001628280-26-050307,10-Q,2026-06-30,2026-07-29,"Frontline Road Safety Operations, LLC | First lien senior secured loan 1",Frontline Road Safety Operations,Frontline Road Safety Operations,First Lien,,,,2600000.0,2600000.0,2600000.0,,100.0,5.0,8.64,,2.0,True,,,USD,2600000.0
ARCC,0001287750,0001628280-26-050307,10-Q,2026-06-30,2026-07-29,"Frontline Road Safety Operations, LLC | First lien senior secured loan 2",Frontline Road Safety Operations,Frontline Road Safety Operations,First Lien,,,,7600000.0,7800000.0,7800000.0,,97.44,5.0,8.64,,2.0,True,,,USD,7600000.0
ARCC,0001287750,0001628280-26-050307,10-Q,2026-06-30,2026-07-29,"Frontline Road Safety Operations, LLC | First lien senior secured loan 3",Frontline Road Safety Operations,Frontline Road Safety Operations,First Lien,,,,13700000.0,13800000.0,13800000.0,,99.28,5.0,8.64,,,False,,,USD,13700000.0
ARCC,0001287750,0001628280-26-050307,10-Q,2026-06-30,2026-07-29,"G702 Buyer, Inc. | First lien senior secured loan",G702 Buyer,G702 Buyer,First Lien,,,,10400000.0,10400000.0,10400000.0,,100.0,4.75,8.48,,,False,,,USD,10400000.0
ARCC,0001287750,0001628280-26-050307,10-Q,2026-06-30,2026-07-29,"HH-Stella, Inc. and Bedrock Parent Holdings, LP | First lien senior secured revolving loan","HH-Stella, Inc. and Bedrock Parent Holdings","HH-Stella, Inc. and Bedrock Parent Holdings",First Lien,,,,0.0,0.0,0.0,,,,,,,False,,,USD,0.0
ARCC,0001287750,0001628280-26-050307,10-Q,2026-06-30,2026-07-29,"HH-Stella, Inc. and Bedrock Parent Holdings, LP | First lien senior secured loan 1","HH-Stella, Inc. and Bedrock Parent Holdings","HH-Stella, Inc. and Bedrock Parent Holdings",First Lien,,,,18400000.0,18600000.0,18600000.0,,98.92,6.0,9.88,,,False,,,USD,18400000.0
ARCC,0001287750,0001628280-26-050307,10-Q,2026-06-30,2026-07-29,"HH-Stella, Inc. and Bedrock Parent Holdings, LP | First lien senior secured loan 2","HH-Stella, Inc. and Bedrock Parent Holdings","HH-Stella, Inc. and Bedrock Parent Holdings",First Lien,,,,8600000.0,8700000.0,8700000.0,,98.85,6.0,9.88,,,False,,,USD,8600000.0
ARCC,0001287750,0001628280-26-050307,10-Q,2026-06-30,2026-07-29,"HH-Stella, Inc. and Bedrock Parent Holdings, LP | First lien senior secured loan 3","HH-Stella, Inc. and Bedrock Parent Holdings","HH-Stella, Inc. and Bedrock Parent Holdings",First Lien,,,,17900000.0,18100000.0,18100000.0,,98.9,6.0,9.88,,,False,,,USD,17900000.0
ARCC,0001287750,0001628280-26-050307,10-Q,2026-06-30,2026-07-29,"HH-Stella, Inc. and Bedrock Parent Holdings, LP | First lien senior secured loan 4","HH-Stella, Inc. and Bedrock Parent Holdings","HH-Stella, Inc. and Bedrock Parent Holdings",First Lien,,,,21200000.0,21400000.0,21400000.0,,99.07,6.0,9.88,,,False,,,USD,21200000.0
ARCC,0001287750,0001628280-26-050307,10-Q,2026-06-30,2026-07-29,"HH-Stella, Inc. and Bedrock Parent Holdings, LP | Class A units","HH-Stella, Inc. and Bedrock Parent Holdings","HH-Stella, Inc. and Bedrock Parent Holdings",Common Equity,,,,2500000.0,3300000.0,,32982.0,75.76,,,,,False,,,USD,2500000.0
ARCC,0001287750,0001628280-26-050307,10-Q,2026-06-30,2026-07-29,"HP RSS Buyer, Inc. | First lien senior secured loan",HP RSS Buyer,HP RSS Buyer,First Lien,,,,16700000.0,16700000.0,16700000.0,,100.0,4.75,8.47,,,False,,,USD,16700000.0
ARCC,0001287750,0001628280-26-050307,10-Q,2026-06-30,2026-07-29,"IRI Group Holdings, Inc. and Circana, LLC | First lien senior secured revolving loan","IRI Group Holdings, Inc. and Circana","IRI Group Holdings, Inc. and Circana",First Lien,,,,0.0,0.0,0.0,,,,,,,False,,,USD,0.0
ARCC,0001287750,0001628280-26-050307,10-Q,2026-06-30,2026-07-29,"IRI Group Holdings, Inc. and Circana, LLC | First lien senior secured loan","IRI Group Holdings, Inc. and Circana","IRI Group Holdings, Inc. and Circana",First Lien,,,,139900000.0,139800000.0,139900000.0,,100.0,4.25,7.89,,,False,,,USD,139900000.0
ARCC,0001287750,0001628280-26-050307,10-Q,2026-06-30,2026-07-29,"ISQ Hawkeye Holdco, Inc. and ISQ Hawkeye Holdings, L.P. | First lien senior secured revolving loan","ISQ Hawkeye Holdco, Inc. and ISQ Hawkeye Holdings","ISQ Hawkeye Holdco, Inc. and ISQ Hawkeye Holdings",First Lien,,,,7100000.0,7100000.0,7100000.0,,100.0,4.0,7.69,,,False,,,USD,7100000.0
ARCC,0001287750,0001628280-26-050307,10-Q,2026-06-30,2026-07-29,"ISQ Hawkeye Holdco, Inc. and ISQ Hawkeye Holdings, L.P. | First lien senior secured loan","ISQ Hawkeye Holdco, Inc. and ISQ Hawkeye Holdings","ISQ Hawkeye Holdco, Inc. and ISQ Hawkeye Holdings",First Lien,,,,63300000.0,63300000.0,63300000.0,,100.0,4.0,7.69,,,False,,,USD,63300000.0
ARCC,0001287750,0001628280-26-050307,10-Q,2026-06-30,2026-07-29,"ISQ Hawkeye Holdco, Inc. and ISQ Hawkeye Holdings, L.P. | Class A units","ISQ Hawkeye Holdco, Inc. and ISQ Hawkeye Holdings","ISQ Hawkeye Holdco, Inc. and ISQ Hawkeye Holdings",Common Equity,,,,27800000.0,14500000.0,,13587.0,191.72,,,,,False,,,USD,27800000.0
ARCC,0001287750,0001628280-26-050307,10-Q,2026-06-30,2026-07-29,"Jones Fish Hatcheries & Distributors, LLC and Pond Management Group Holdings, LLC | First lien senior secured loan","Jones Fish Hatcheries & Distributors, LLC and Pond Management Group Holdings","Jones Fish Hatcheries & Distributors, LLC and Pond Management Group Holdings",First Lien,,,,17100000.0,17100000.0,17100000.0,,100.0,4.25,7.89,,,False,,,USD,17100000.0
ARCC,0001287750,0001628280-26-050307,10-Q,2026-06-30,2026-07-29,"Jones Fish Hatcheries & Distributors, LLC and Pond Management Group Holdings, LLC | Class A units","Jones Fish Hatcheries & Distributors, LLC and Pond Management Group Holdings","Jones Fish Hatcheries & Distributors, LLC and Pond Management Group Holdings",Common Equity,,,,2500000.0,2600000.0,,26260.0,96.15,,,,,False,,,USD,2500000.0
ARCC,0001287750,0001628280-26-050307,10-Q,2026-06-30,2026-07-29,"Kellermeyer Bergensons Services, LLC and KBS TopCo, LLC | First lien senior secured loan","Kellermeyer Bergensons Services, LLC and KBS TopCo","Kellermeyer Bergensons Services, LLC and KBS TopCo",First Lien,,,,47700000.0,47700000.0,47800000.0,,99.79,5.25,,,9.06,True,,,USD,47700000.0
ARCC,0001287750,0001628280-26-050307,10-Q,2026-06-30,2026-07-29,"Kellermeyer Bergensons Services, LLC and KBS TopCo, LLC | First lien senior secured loan 2","Kellermeyer Bergensons Services, LLC and KBS TopCo","Kellermeyer Bergensons Services, LLC and KBS TopCo",First Lien,,,,800000.0,13900000.0,16600000.0,,4.82,,,,,False,,,USD,800000.0
ARCC,0001287750,0001628280-26-050307,10-Q,2026-06-30,2026-07-29,"Kellermeyer Bergensons Services, LLC and KBS TopCo, LLC | Preferred units","Kellermeyer Bergensons Services, LLC and KBS TopCo","Kellermeyer Bergensons Services, LLC and KBS TopCo",Preferred Equity,,,,0.0,7700000.0,,4042767.0,0.0,,,,,False,,,USD,0.0
ARCC,0001287750,0001628280-26-050307,10-Q,2026-06-30,2026-07-29,"Kellermeyer Bergensons Services, LLC and KBS TopCo, LLC | Class A common units","Kellermeyer Bergensons Services, LLC and KBS TopCo","Kellermeyer Bergensons Services, LLC and KBS TopCo",Common Equity,,,,0.0,0.0,,4042767.0,,,,,,False,,,USD,0.0
ARCC,0001287750,0001628280-26-050307,10-Q,2026-06-30,2026-07-29,"Kings Buyer, LLC | First lien senior secured revolving loan",Kings Buyer,Kings Buyer,First Lien,,,,2800000.0,3000000.0,3000000.0,,93.33,4.25,11.0,,,False,,,USD,2800000.0
ARCC,0001287750,0001628280-26-050307,10-Q,2026-06-30,2026-07-29,"Kings Buyer, LLC | First lien senior secured loan",Kings Buyer,Kings Buyer,First Lien,,,,14900000.0,16000000.0,16000000.0,,93.12,5.25,9.05,,,False,,,USD,14900000.0
ARCC,0001287750,0001628280-26-050307,10-Q,2026-06-30,2026-07-29,KPS Global LLC and Cool Group LLC | First lien senior secured loan,KPS Global LLC and Cool Group LLC |,KPS Global LLC and Cool Group LLC |,First Lien,,,,5200000.0,5200000.0,5200000.0,,100.0,4.75,8.48,,,False,,,USD,5200000.0
ARCC,0001287750,0001628280-26-050307,10-Q,2026-06-30,2026-07-29,Laboratories Bidco LLC and Laboratories Topco LLC | First lien senior secured revolving loan 1,Laboratories Bidco LLC and Laboratories Topco LLC |,Laboratories Bidco LLC and Laboratories Topco LLC |,First Lien,,,,3600000.0,4500000.0,4700000.0,,76.6,0.75,7.5,,,False,,,USD,3600000.0
ARCC,0001287750,0001628280-26-050307,10-Q,2026-06-30,2026-07-29,Laboratories Bidco LLC and Laboratories Topco LLC | First lien senior secured loan 1,Laboratories Bidco LLC and Laboratories Topco LLC |,Laboratories Bidco LLC and Laboratories Topco LLC |,First Lien,,,,3600000.0,4400000.0,4700000.0,,76.6,1.75,5.63,,,False,,,USD,3600000.0
ARCC,0001287750,0001628280-26-050307,10-Q,2026-06-30,2026-07-29,Laboratories Bidco LLC and Laboratories Topco LLC | First lien senior secured revolving loan 2,Laboratories Bidco LLC and Laboratories Topco LLC |,Laboratories Bidco LLC and Laboratories Topco LLC |,First Lien,,,,12100000.0,15100000.0,15700000.0,,77.07,1.75,5.63,,,False,,,USD,12100000.0
ARCC,0001287750,0001628280-26-050307,10-Q,2026-06-30,2026-07-29,Laboratories Bidco LLC and Laboratories Topco LLC | First lien senior secured loan 2,Laboratories Bidco LLC and Laboratories Topco LLC |,Laboratories Bidco LLC and Laboratories Topco LLC |,First Lien,,,,18400000.0,23900000.0,24000000.0,,76.67,1.75,4.19,,,False,,,USD,18400000.0
ARCC,0001287750,0001628280-26-050307,10-Q,2026-06-30,2026-07-29,Laboratories Bidco LLC and Laboratories Topco LLC | First lien senior secured loan 3,Laboratories Bidco LLC and Laboratories Topco LLC |,Laboratories Bidco LLC and Laboratories Topco LLC |,First Lien,,,,100000.0,100000.0,100000.0,,100.0,1.75,5.63,,,False,,,USD,100000.0
ARCC,0001287750,0001628280-26-050307,10-Q,2026-06-30,2026-07-29,Laboratories Bidco LLC and Laboratories Topco LLC | First lien senior secured loan 4,Laboratories Bidco LLC and Laboratories Topco LLC |,Laboratories Bidco LLC and Laboratories Topco LLC |,First Lien,,,,300000.0,400000.0,400000.0,,75.0,5.75,9.48,,,False,,,USD,300000.0
ARCC,0001287750,0001628280-26-050307,10-Q,2026-06-30,2026-07-29,Laboratories Bidco LLC and Laboratories Topco LLC | First lien senior secured loan 5,Laboratories Bidco LLC and Laboratories Topco LLC |,Laboratories Bidco LLC and Laboratories Topco LLC |,First Lien,,,,13700000.0,16800000.0,17800000.0,,76.97,1.75,5.63,,,False,,,USD,13700000.0
ARCC,0001287750,0001628280-26-050307,10-Q,2026-06-30,2026-07-29,Laboratories Bidco LLC and Laboratories Topco LLC | Class A units,Laboratories Bidco LLC and Laboratories Topco LLC |,Laboratories Bidco LLC and Laboratories Topco LLC |,Common Equity,,,,0.0,4600000.0,,3099335.0,0.0,,,,,False,,,USD,0.0
ARCC,0001287750,0001628280-26-050307,10-Q,2026-06-30,2026-07-29,LBC Woodlands Purchaser LLC and LBC Woodlands Holdings LP | First lien senior secured revolving loan,LBC Woodlands Purchaser LLC and LBC Woodlands Holdings LP |,LBC Woodlands Purchaser LLC and LBC Woodlands Holdings LP |,First Lien,,,,200000.0,200000.0,200000.0,,100.0,5.0,8.66,,,False,,,USD,200000.0
ARCC,0001287750,0001628280-26-050307,10-Q,2026-06-30,2026-07-29,LBC Woodlands Purchaser LLC and LBC Woodlands Holdings LP | First lien senior secured loan,LBC Woodlands Purchaser LLC and LBC Woodlands Holdings LP |,LBC Woodlands Purchaser LLC and LBC Woodlands Holdings LP |,First Lien,,,,18300000.0,18900000.0,18900000.0,,96.83,5.0,8.66,,,False,,,USD,18300000.0
ARCC,0001287750,0001628280-26-050307,10-Q,2026-06-30,2026-07-29,LBC Woodlands Purchaser LLC and LBC Woodlands Holdings LP | Class A common units,LBC Woodlands Purchaser LLC and LBC Woodlands Holdings LP | Class A,LBC Woodlands Purchaser LLC and LBC Woodlands Holdings LP | Class A,Common Equity,,,,800000.0,1200000.0,,1205000.0,66.67,,,,,False,,,USD,800000.0
ARCC,0001287750,0001628280-26-050307,10-Q,2026-06-30,2026-07-29,"Lightbeam Bidco, Inc. | First lien senior secured revolving loan",Lightbeam Bidco,Lightbeam Bidco,First Lien,,,,0.0,0.0,0.0,,,,,,,False,,,USD,0.0
ARCC,0001287750,0001628280-26-050307,10-Q,2026-06-30,2026-07-29,"Lightbeam Bidco, Inc. | First lien senior secured loan 1",Lightbeam Bidco,Lightbeam Bidco,First Lien,,,,3300000.0,3300000.0,3300000.0,,100.0,4.8,8.46,,,False,,,USD,3300000.0
ARCC,0001287750,0001628280-26-050307,10-Q,2026-06-30,2026-07-29,"Lightbeam Bidco, Inc. | First lien senior secured loan 3",Lightbeam Bidco,Lightbeam Bidco,First Lien,,,,3300000.0,3300000.0,3300000.0,,100.0,4.8,8.46,,,False,,,USD,3300000.0
ARCC,0001287750,0001628280-26-050307,10-Q,2026-06-30,2026-07-29,"Lightbeam Bidco, Inc. | First lien senior secured loan 2",Lightbeam Bidco,Lightbeam Bidco,First Lien,,,,5200000.0,5200000.0,5200000.0,,100.0,4.8,8.46,,,False,,,USD,5200000.0
ARCC,0001287750,0001628280-26-050307,10-Q,2026-06-30,2026-07-29,"LJP Purchaser, Inc. and LJP Topco, LP | First lien senior secured loan 1","LJP Purchaser, Inc. and LJP Topco","LJP Purchaser, Inc. and LJP Topco",First Lien,,,,3400000.0,3400000.0,3400000.0,,100.0,5.5,9.23,,,False,,,USD,3400000.0
ARCC,0001287750,0001628280-26-050307,10-Q,2026-06-30,2026-07-29,"LJP Purchaser, Inc. and LJP Topco, LP | First lien senior secured loan 2","LJP Purchaser, Inc. and LJP Topco","LJP Purchaser, Inc. and LJP Topco",First Lien,,,,17500000.0,17500000.0,17500000.0,,100.0,5.5,9.23,,,False,,,USD,17500000.0
ARCC,0001287750,0001628280-26-050307,10-Q,2026-06-30,2026-07-29,"LJP Purchaser, Inc. and LJP Topco, LP | First lien senior secured loan 3","LJP Purchaser, Inc. and LJP Topco","LJP Purchaser, Inc. and LJP Topco",First Lien,,,,8200000.0,8200000.0,8200000.0,,100.0,5.5,9.23,,,False,,,USD,8200000.0
ARCC,0001287750,0001628280-26-050307,10-Q,2026-06-30,2026-07-29,"LJP Purchaser, Inc. and LJP Topco, LP | Class A units","LJP Purchaser, Inc. and LJP Topco","LJP Purchaser, Inc. and LJP Topco",Common Equity,,,,7600000.0,8000000.0,,5884191.0,95.0,,,,8.0,True,,,USD,7600000.0
ARCC,0001287750,0001628280-26-050307,10-Q,2026-06-30,2026-07-29,"Microstar Logistics LLC, Microstar Global Asset Management LLC, MStar Holding Corporation and Kegstar USA Inc. | First lien senior secured loan","Microstar Logistics LLC, Microstar Global Asset Management LLC","Microstar Logistics LLC, Microstar Global Asset Management LLC",First Lien,,,,134100000.0,134100000.0,134100000.0,,100.0,7.5,11.23,,,False,,,USD,134100000.0
ARCC,0001287750,0001628280-26-050307,10-Q,2026-06-30,2026-07-29,"MSIS Holdings, Inc. and MS Precision Parent, LP | First lien senior secured revolving loan","MSIS Holdings, Inc. and MS Precision Parent","MSIS Holdings, Inc. and MS Precision Parent",First Lien,,,,1000000.0,1000000.0,1000000.0,,100.0,3.75,10.5,,,False,,,USD,1000000.0
ARCC,0001287750,0001628280-26-050307,10-Q,2026-06-30,2026-07-29,"MSIS Holdings, Inc. and MS Precision Parent, LP | First lien senior secured loan","MSIS Holdings, Inc. and MS Precision Parent","MSIS Holdings, Inc. and MS Precision Parent",First Lien,,,,23400000.0,23400000.0,23400000.0,,100.0,4.75,8.48,,,False,,,USD,23400000.0
ARCC,0001287750,0001628280-26-050307,10-Q,2026-06-30,2026-07-29,"MSIS Holdings, Inc. and MS Precision Parent, LP | Class A-1 units","MSIS Holdings, Inc. and MS Precision Parent","MSIS Holdings, Inc. and MS Precision Parent",Common Equity,,,,1500000.0,1200000.0,,1184000.0,125.0,,,,,False,,,USD,1500000.0
ARCC,0001287750,0001628280-26-050307,10-Q,2026-06-30,2026-07-29,"NAS, LLC and Nationwide Marketing Group, LLC | First lien senior secured revolving loan","NAS, LLC and Nationwide Marketing Group","NAS, LLC and Nationwide Marketing Group",First Lien,,,,2500000.0,3000000.0,3000000.0,,83.33,,,,,False,,,USD,2500000.0
ARCC,0001287750,0001628280-26-050307,10-Q,2026-06-30,2026-07-29,"NAS, LLC and Nationwide Marketing Group, LLC | First lien senior secured loan 1","NAS, LLC and Nationwide Marketing Group","NAS, LLC and Nationwide Marketing Group",First Lien,,,,1100000.0,1300000.0,1300000.0,,84.62,,,,,False,,,USD,1100000.0
ARCC,0001287750,0001628280-26-050307,10-Q,2026-06-30,2026-07-29,"NAS, LLC and Nationwide Marketing Group, LLC | First lien senior secured loan 2","NAS, LLC and Nationwide Marketing Group","NAS, LLC and Nationwide Marketing Group",First Lien,,,,1900000.0,2200000.0,2200000.0,,86.36,,,,,False,,,USD,1900000.0
ARCC,0001287750,0001628280-26-050307,10-Q,2026-06-30,2026-07-29,"NAS, LLC and Nationwide Marketing Group, LLC | First lien senior secured loan 3","NAS, LLC and Nationwide Marketing Group","NAS, LLC and Nationwide Marketing Group",First Lien,,,,5100000.0,6000000.0,6000000.0,,85.0,,,,,False,,,USD,5100000.0
ARCC,0001287750,0001628280-26-050307,10-Q,2026-06-30,2026-07-29,Neptune Bidco US Inc. and Elliott Metron Co-Investor Aggregator L.P. | First lien senior secured revolving loan,Neptune Bidco US Inc. and Elliott Metron Co-Investor Aggregator L.P. |,Neptune Bidco US Inc. and Elliott Metron Co-Investor Aggregator L.P. |,First Lien,,,,0.0,0.0,0.0,,,,,,,False,,,USD,0.0
ARCC,0001287750,0001628280-26-050307,10-Q,2026-06-30,2026-07-29,Neptune Bidco US Inc. and Elliott Metron Co-Investor Aggregator L.P. | First lien senior secured notes,Neptune Bidco US Inc. and Elliott Metron Co-Investor Aggregator L.P. |,Neptune Bidco US Inc. and Elliott Metron Co-Investor Aggregator L.P. |,First Lien,,,,53900000.0,52100000.0,52800000.0,,102.08,,9.29,,,False,,,USD,53900000.0
ARCC,0001287750,0001628280-26-050307,10-Q,2026-06-30,2026-07-29,Neptune Bidco US Inc. and Elliott Metron Co-Investor Aggregator L.P. | First lien senior secured loan,Neptune Bidco US Inc. and Elliott Metron Co-Investor Aggregator L.P. |,Neptune Bidco US Inc. and Elliott Metron Co-Investor Aggregator L.P. |,First Lien,,,,49500000.0,50000000.0,50000000.0,,99.0,5.0,8.77,,,False,,,USD,49500000.0
ARCC,0001287750,0001628280-26-050307,10-Q,2026-06-30,2026-07-29,Neptune Bidco US Inc. and Elliott Metron Co-Investor Aggregator L.P. | Limited partnership interests,Neptune Bidco US Inc. and Elliott Metron Co-Investor Aggregator L.P. |,Neptune Bidco US Inc. and Elliott Metron Co-Investor Aggregator L.P. |,LP Interest,,,,7200000.0,4100000.0,,4040000.0,175.61,,,,,False,,,USD,7200000.0
ARCC,0001287750,0001628280-26-050307,10-Q,2026-06-30,2026-07-29,"Nest Topco Borrower Inc., KKR Nest Co-Invest L.P., and NBLY 2021-1 | Limited partner interest","Nest Topco Borrower Inc., KKR Nest Co-Invest L.P.","Nest Topco Borrower Inc., KKR Nest Co-Invest L.P.",LP Interest,,,,12500000.0,9700000.0,,9725000.0,128.87,,,,,False,,,USD,12500000.0
ARCC,0001287750,0001628280-26-050307,10-Q,2026-06-30,2026-07-29,Priority Waste Holdings LLC and Priority Waste Holdings Indiana LLC | First lien senior secured loan 1,Priority Waste Holdings LLC and Priority Waste Holdings Indiana LLC |,Priority Waste Holdings LLC and Priority Waste Holdings Indiana LLC |,First Lien,,,,45100000.0,45100000.0,45100000.0,,100.0,5.75,,,9.44,True,,,USD,45100000.0
ARCC,0001287750,0001628280-26-050307,10-Q,2026-06-30,2026-07-29,Priority Waste Holdings LLC and Priority Waste Holdings Indiana LLC | First lien senior secured loan 2,Priority Waste Holdings LLC and Priority Waste Holdings Indiana LLC |,Priority Waste Holdings LLC and Priority Waste Holdings Indiana LLC |,First Lien,,,,2900000.0,2900000.0,2900000.0,,100.0,5.5,,,9.44,True,,,USD,2900000.0
ARCC,0001287750,0001628280-26-050307,10-Q,2026-06-30,2026-07-29,"Pritchard Industries, LLC and LJ Pritchard TopCo Holdings, LLC | First lien senior secured loan","Pritchard Industries, LLC and LJ Pritchard TopCo Holdings","Pritchard Industries, LLC and LJ Pritchard TopCo Holdings",First Lien,,,,17600000.0,18700000.0,18700000.0,,94.12,6.0,9.85,,,False,,,USD,17600000.0
ARCC,0001287750,0001628280-26-050307,10-Q,2026-06-30,2026-07-29,"Pritchard Industries, LLC and LJ Pritchard TopCo Holdings, LLC | First lien senior secured loan 2","Pritchard Industries, LLC and LJ Pritchard TopCo Holdings","Pritchard Industries, LLC and LJ Pritchard TopCo Holdings",First Lien,,,,61300000.0,66000000.0,66000000.0,,92.88,5.75,9.6,,,False,,,USD,61300000.0
ARCC,0001287750,0001628280-26-050307,10-Q,2026-06-30,2026-07-29,"Pritchard Industries, LLC and LJ Pritchard TopCo Holdings, LLC | Class A units","Pritchard Industries, LLC and LJ Pritchard TopCo Holdings","Pritchard Industries, LLC and LJ Pritchard TopCo Holdings",Common Equity,,,,6300000.0,9000000.0,,8749201.0,70.0,,,,,False,,,USD,6300000.0
ARCC,0001287750,0001628280-26-050307,10-Q,2026-06-30,2026-07-29,PS Operating Company LLC and PS Op Holdings LLC | First lien senior secured revolving loan,PS Operating Company LLC and PS Op Holdings LLC |,PS Operating Company LLC and PS Op Holdings LLC |,First Lien,,,,1000000.0,4400000.0,5800000.0,,17.24,,,,,False,,,USD,1000000.0
ARCC,0001287750,0001628280-26-050307,10-Q,2026-06-30,2026-07-29,PS Operating Company LLC and PS Op Holdings LLC | First lien senior secured loan,PS Operating Company LLC and PS Op Holdings LLC |,PS Operating Company LLC and PS Op Holdings LLC |,First Lien,,,,3200000.0,15500000.0,19600000.0,,16.33,,,,,False,,,USD,3200000.0
ARCC,0001287750,0001628280-26-050307,10-Q,2026-06-30,2026-07-29,PS Operating Company LLC and PS Op Holdings LLC | Common units,PS Operating Company LLC and PS Op Holdings LLC |,PS Operating Company LLC and PS Op Holdings LLC |,Common Equity,,,,0.0,7400000.0,,279200.0,0.0,,,,,False,,,USD,0.0
ARCC,0001287750,0001628280-26-050307,10-Q,2026-06-30,2026-07-29,"PSC Parent, Inc. | First lien senior secured revolving loan",PSC Parent,PSC Parent,First Lien,,,,2300000.0,2300000.0,2300000.0,,100.0,5.25,8.89,,,False,,,USD,2300000.0
ARCC,0001287750,0001628280-26-050307,10-Q,2026-06-30,2026-07-29,"PSC Parent, Inc. | First lien senior secured loan 1",PSC Parent,PSC Parent,First Lien,,,,17000000.0,17000000.0,17000000.0,,100.0,5.25,8.89,,,False,,,USD,17000000.0
ARCC,0001287750,0001628280-26-050307,10-Q,2026-06-30,2026-07-29,"PSC Parent, Inc. | First lien senior secured loan 2",PSC Parent,PSC Parent,First Lien,,,,41700000.0,41700000.0,41700000.0,,100.0,5.25,8.89,,,False,,,USD,41700000.0
ARCC,0001287750,0001628280-26-050307,10-Q,2026-06-30,2026-07-29,R2 Acquisition Corp. | Common stock,R2 Acquisition Corp. |,R2 Acquisition Corp. |,Common Equity,,,,300000.0,200000.0,,250000.0,150.0,,,,,False,,,USD,300000.0
ARCC,0001287750,0001628280-26-050307,10-Q,2026-06-30,2026-07-29,"RE Community Holdings GP, LLC and RE Community Holdings, LP | Limited partnership interest 1","RE Community Holdings GP, LLC and RE Community Holdings","RE Community Holdings GP, LLC and RE Community Holdings",LP Interest,,,,0.0,0.0,,,,,,,,False,,,USD,0.0
ARCC,0001287750,0001628280-26-050307,10-Q,2026-06-30,2026-07-29,"RE Community Holdings GP, LLC and RE Community Holdings, LP | Limited partnership interest 2","RE Community Holdings GP, LLC and RE Community Holdings","RE Community Holdings GP, LLC and RE Community Holdings",LP Interest,,,,0.0,0.0,,,,,,,,False,,,USD,0.0
ARCC,0001287750,0001628280-26-050307,10-Q,2026-06-30,2026-07-29,"Registrar Intermediate, LLC and PSP Registrar Co-Investment Fund, L.P. | First lien senior secured revolving loan","Registrar Intermediate, LLC and PSP Registrar Co-Investment Fund","Registrar Intermediate, LLC and PSP Registrar Co-Investment Fund",First Lien,,,,6900000.0,7100000.0,7100000.0,,97.18,5.0,8.68,,,False,,,USD,6900000.0
ARCC,0001287750,0001628280-26-050307,10-Q,2026-06-30,2026-07-29,"Registrar Intermediate, LLC and PSP Registrar Co-Investment Fund, L.P. | First lien senior secured loan 1","Registrar Intermediate, LLC and PSP Registrar Co-Investment Fund","Registrar Intermediate, LLC and PSP Registrar Co-Investment Fund",First Lien,,,,7700000.0,7900000.0,7900000.0,,97.47,5.0,8.7,,,False,,,USD,7700000.0
ARCC,0001287750,0001628280-26-050307,10-Q,2026-06-30,2026-07-29,"Registrar Intermediate, LLC and PSP Registrar Co-Investment Fund, L.P. | First lien senior secured loan 2","Registrar Intermediate, LLC and PSP Registrar Co-Investment Fund","Registrar Intermediate, LLC and PSP Registrar Co-Investment Fund",First Lien,,,,3400000.0,3500000.0,3500000.0,,97.14,5.0,8.67,,,False,,,USD,3400000.0
ARCC,0001287750,0001628280-26-050307,10-Q,2026-06-30,2026-07-29,"Registrar Intermediate, LLC and PSP Registrar Co-Investment Fund, L.P. | Limited partner interests","Registrar Intermediate, LLC and PSP Registrar Co-Investment Fund","Registrar Intermediate, LLC and PSP Registrar Co-Investment Fund",LP Interest,,,,2000000.0,2700000.0,,,74.07,,,,,False,,,USD,2000000.0
ARCC,0001287750,0001628280-26-050307,10-Q,2026-06-30,2026-07-29,"Research Now Group, LLC and Dynata, LLC and New Insight Holdings, Inc. | Common units","Research Now Group, LLC and Dynata, LLC and New Insight Holdings","Research Now Group, LLC and Dynata, LLC and New Insight Holdings",Common Equity,,,,0.0,0.0,,49.0,,,,,,False,,,USD,0.0
ARCC,0001287750,0001628280-26-050307,10-Q,2026-06-30,2026-07-29,"Research Now Group, LLC and Dynata, LLC and New Insight Holdings, Inc. | Warrants to purchase shares of common stock","Research Now Group, LLC and Dynata, LLC and New Insight Holdings","Research Now Group, LLC and Dynata, LLC and New Insight Holdings",Warrant,,,,0.0,0.0,,142.0,,,,,,False,,,USD,0.0
ARCC,0001287750,0001628280-26-050307,10-Q,2026-06-30,2026-07-29,"Rocket Buyer, LLC | First lien senior secured revolving loan",Rocket Buyer,Rocket Buyer,First Lien,,,,1500000.0,1500000.0,1500000.0,,100.0,4.5,8.16,,,False,,,USD,1500000.0
ARCC,0001287750,0001628280-26-050307,10-Q,2026-06-30,2026-07-29,"Rocket Buyer, LLC | First lien senior secured loan",Rocket Buyer,Rocket Buyer,First Lien,,,,15700000.0,15900000.0,15900000.0,,98.74,4.5,8.14,,,False,,,USD,15700000.0
ARCC,0001287750,0001628280-26-050307,10-Q,2026-06-30,2026-07-29,Rodeo AcquisitionCo LLC | First lien senior secured revolving loan,Rodeo AcquisitionCo LLC |,Rodeo AcquisitionCo LLC |,First Lien,,,,200000.0,200000.0,200000.0,,100.0,4.75,8.48,,,False,,,USD,200000.0
ARCC,0001287750,0001628280-26-050307,10-Q,2026-06-30,2026-07-29,Rodeo AcquisitionCo LLC | First lien senior secured loan,Rodeo AcquisitionCo LLC |,Rodeo AcquisitionCo LLC |,First Lien,,,,18400000.0,18400000.0,18400000.0,,100.0,4.75,8.48,,,False,,,USD,18400000.0
ARCC,0001287750,0001628280-26-050307,10-Q,2026-06-30,2026-07-29,Saturn Purchaser Corp. | First lien senior secured loan,Saturn Purchaser Corp. |,Saturn Purchaser Corp. |,First Lien,,,,1700000.0,1700000.0,1700000.0,,100.0,4.85,8.52,,,False,,,USD,1700000.0
ARCC,0001287750,0001628280-26-050307,10-Q,2026-06-30,2026-07-29,"SGM Acquisition Sub, LLC and Schill Holdings, LP | First lien senior secured revolving loan","SGM Acquisition Sub, LLC and Schill Holdings","SGM Acquisition Sub, LLC and Schill Holdings",First Lien,,,,1500000.0,1500000.0,1500000.0,,100.0,4.75,8.39,,,False,,,USD,1500000.0
ARCC,0001287750,0001628280-26-050307,10-Q,2026-06-30,2026-07-29,"SGM Acquisition Sub, LLC and Schill Holdings, LP | First lien senior secured loan","SGM Acquisition Sub, LLC and Schill Holdings","SGM Acquisition Sub, LLC and Schill Holdings",First Lien,,,,26100000.0,26100000.0,26100000.0,,100.0,4.75,8.48,,,False,,,USD,26100000.0
ARCC,0001287750,0001628280-26-050307,10-Q,2026-06-30,2026-07-29,"SGM Acquisition Sub, LLC and Schill Holdings, LP | Common units","SGM Acquisition Sub, LLC and Schill Holdings","SGM Acquisition Sub, LLC and Schill Holdings",Common Equity,,,,1300000.0,1500000.0,,1492000.0,86.67,,,,,False,,,USD,1300000.0
ARCC,0001287750,0001628280-26-050307,10-Q,2026-06-30,2026-07-29,"Startec Equity, LLC | Member interest",Startec Equity,Startec Equity,LLC Interest,,,,0.0,0.0,,190581.0,,,,,,False,,,USD,0.0
ARCC,0001287750,0001628280-26-050307,10-Q,2026-06-30,2026-07-29,"SV Newco 2, Inc. and Site 2020 Incorporated | First lien senior secured revolving loan 1",SV Newco 2,SV Newco 2,First Lien,,,,400000.0,400000.0,400000.0,,100.0,4.0,10.75,,,False,,,USD,400000.0
ARCC,0001287750,0001628280-26-050307,10-Q,2026-06-30,2026-07-29,"SV Newco 2, Inc. and Site 2020 Incorporated | First lien senior secured revolving loan 2",SV Newco 2,SV Newco 2,First Lien,,,,800000.0,800000.0,800000.0,,100.0,5.0,8.68,,,False,,,USD,800000.0
ARCC,0001287750,0001628280-26-050307,10-Q,2026-06-30,2026-07-29,"SV Newco 2, Inc. and Site 2020 Incorporated | First lien senior secured loan 1",SV Newco 2,SV Newco 2,First Lien,,,,14400000.0,14400000.0,14400000.0,,100.0,5.0,8.73,,,False,,,USD,14400000.0
ARCC,0001287750,0001628280-26-050307,10-Q,2026-06-30,2026-07-29,"SV Newco 2, Inc. and Site 2020 Incorporated | First lien senior secured loan 2",SV Newco 2,SV Newco 2,First Lien,,,,2500000.0,2500000.0,2500000.0,,100.0,5.0,8.73,,,False,,,USD,2500000.0
ARCC,0001287750,0001628280-26-050307,10-Q,2026-06-30,2026-07-29,"Systems Planning and Analysis, Inc. | First lien senior secured revolving loan",Systems Planning and Analysis,Systems Planning and Analysis,First Lien,,,,1500000.0,1400000.0,1500000.0,,100.0,4.75,8.45,,,False,,,USD,1500000.0
ARCC,0001287750,0001628280-26-050307,10-Q,2026-06-30,2026-07-29,"Systems Planning and Analysis, Inc. | First lien senior secured loan",Systems Planning and Analysis,Systems Planning and Analysis,First Lien,,,,1000000.0,1000000.0,1000000.0,,100.0,4.75,8.48,,,False,,,USD,1000000.0
ARCC,0001287750,0001628280-26-050307,10-Q,2026-06-30,2026-07-29,Talon Buyer Inc. and Talon Holdings SCSP | First lien senior secured loan,Talon Buyer Inc. and Talon Holdings SCSP |,Talon Buyer Inc. and Talon Holdings SCSP |,First Lien,,,,15900000.0,16100000.0,16100000.0,,98.76,4.25,7.92,,,False,,,USD,15900000.0
ARCC,0001287750,0001628280-26-050307,10-Q,2026-06-30,2026-07-29,Talon Buyer Inc. and Talon Holdings SCSP | Class A units,Talon Buyer Inc. and Talon Holdings SCSP |,Talon Buyer Inc. and Talon Holdings SCSP |,Common Equity,,,,7800000.0,6400000.0,,6445000.0,121.88,,,,,False,,,USD,7800000.0
ARCC,0001287750,0001628280-26-050307,10-Q,2026-06-30,2026-07-29,"Thermostat Purchaser III, Inc. | First lien senior secured revolving loan",Thermostat Purchaser III,Thermostat Purchaser III,First Lien,,,,1100000.0,1100000.0,1100000.0,,100.0,3.0,9.75,,,False,,,USD,1100000.0
ARCC,0001287750,0001628280-26-050307,10-Q,2026-06-30,2026-07-29,"Thermostat Purchaser III, Inc. | Second lien senior secured loan",Thermostat Purchaser III,Thermostat Purchaser III,Second Lien,,,,22800000.0,23000000.0,23000000.0,,99.13,7.25,11.07,,,False,,,USD,22800000.0
ARCC,0001287750,0001628280-26-050307,10-Q,2026-06-30,2026-07-29,"TSS Buyer, LLC | First lien senior secured loan 1",TSS Buyer,TSS Buyer,First Lien,,,,300000.0,300000.0,300000.0,,100.0,5.0,8.69,,,False,,,USD,300000.0
ARCC,0001287750,0001628280-26-050307,10-Q,2026-06-30,2026-07-29,"TSS Buyer, LLC | First lien senior secured loan 2",TSS Buyer,TSS Buyer,First Lien,,,,2600000.0,2500000.0,2600000.0,,100.0,5.0,8.73,,,False,,,USD,2600000.0
ARCC,0001287750,0001628280-26-050307,10-Q,2026-06-30,2026-07-29,"TVG-MGT Upper Intermediate Holdings, LLC and Vistria Blocked MGT Investor, LP | Senior subordinated loan","TVG-MGT Upper Intermediate Holdings, LLC and Vistria Blocked MGT Investor","TVG-MGT Upper Intermediate Holdings, LLC and Vistria Blocked MGT Investor",Senior Subordinated,,,,27100000.0,27900000.0,27900000.0,,97.13,,,,14.0,True,,,USD,27100000.0
ARCC,0001287750,0001628280-26-050307,10-Q,2026-06-30,2026-07-29,"TVG-MGT Upper Intermediate Holdings, LLC and Vistria Blocked MGT Investor, LP | Class A common units","TVG-MGT Upper Intermediate Holdings, LLC and Vistria Blocked MGT Investor","TVG-MGT Upper Intermediate Holdings, LLC and Vistria Blocked MGT Investor",Common Equity,,,,3400000.0,4100000.0,,2712.0,82.93,,,,,False,,,USD,3400000.0
ARCC,0001287750,0001628280-26-050307,10-Q,2026-06-30,2026-07-29,"Unifi Aviation North America LLC and Unifi Aviation Canada, Inc. | First lien senior secured loan 1",Unifi Aviation North America LLC and Unifi Aviation Canada,Unifi Aviation North America LLC and Unifi Aviation Canada,First Lien,,,,48500000.0,48500000.0,48500000.0,,100.0,5.25,9.07,,,False,,,USD,48500000.0
ARCC,0001287750,0001628280-26-050307,10-Q,2026-06-30,2026-07-29,"Unifi Aviation North America LLC and Unifi Aviation Canada, Inc. | First lien senior secured loan 2",Unifi Aviation North America LLC and Unifi Aviation Canada,Unifi Aviation North America LLC and Unifi Aviation Canada,First Lien,,,,8700000.0,8700000.0,8700000.0,,100.0,5.25,9.07,,,False,,,USD,8700000.0
ARCC,0001287750,0001628280-26-050307,10-Q,2026-06-30,2026-07-29,"Unity Purchaser, LLC and Unity Ultimate Holdings, LP | First lien senior secured loan","Unity Purchaser, LLC and Unity Ultimate Holdings","Unity Purchaser, LLC and Unity Ultimate Holdings",First Lien,,,,14100000.0,14200000.0,14200000.0,,99.3,5.0,8.73,,,False,,,USD,14100000.0
ARCC,0001287750,0001628280-26-050307,10-Q,2026-06-30,2026-07-29,"Unity Purchaser, LLC and Unity Ultimate Holdings, LP | Class A-1 units","Unity Purchaser, LLC and Unity Ultimate Holdings","Unity Purchaser, LLC and Unity Ultimate Holdings",Common Equity,,,,2100000.0,2100000.0,,2068000.0,100.0,,,,,False,,,USD,2100000.0
ARCC,0001287750,0001628280-26-050307,10-Q,2026-06-30,2026-07-29,UP Intermediate II LLC and UPBW Blocker LLC | First lien senior secured revolving loan,UP Intermediate II LLC and UPBW Blocker LLC |,UP Intermediate II LLC and UPBW Blocker LLC |,First Lien,,,,600000.0,600000.0,600000.0,,100.0,3.5,10.25,,,False,,,USD,600000.0
ARCC,0001287750,0001628280-26-050307,10-Q,2026-06-30,2026-07-29,UP Intermediate II LLC and UPBW Blocker LLC | First lien senior secured loan,UP Intermediate II LLC and UPBW Blocker LLC |,UP Intermediate II LLC and UPBW Blocker LLC |,First Lien,,,,4700000.0,4700000.0,4700000.0,,100.0,4.5,8.23,,,False,,,USD,4700000.0
ARCC,0001287750,0001628280-26-050307,10-Q,2026-06-30,2026-07-29,UP Intermediate II LLC and UPBW Blocker LLC | Senior preferred units,UP Intermediate II LLC and UPBW Blocker LLC | Senior,UP Intermediate II LLC and UPBW Blocker LLC | Senior,Preferred Equity,,,,1200000.0,1200000.0,,10340.0,100.0,,,,15.0,True,,,USD,1200000.0
ARCC,0001287750,0001628280-26-050307,10-Q,2026-06-30,2026-07-29,UP Intermediate II LLC and UPBW Blocker LLC | Common units 1,UP Intermediate II LLC and UPBW Blocker LLC |,UP Intermediate II LLC and UPBW Blocker LLC |,Common Equity,,,,9200000.0,6000000.0,,60470.0,153.33,,,,,False,,,USD,9200000.0
ARCC,0001287750,0001628280-26-050307,10-Q,2026-06-30,2026-07-29,UP Intermediate II LLC and UPBW Blocker LLC | Common units 2,UP Intermediate II LLC and UPBW Blocker LLC |,UP Intermediate II LLC and UPBW Blocker LLC |,Common Equity,,,,600000.0,300000.0,,3918.0,200.0,,,,,False,,,USD,600000.0
ARCC,0001287750,0001628280-26-050307,10-Q,2026-06-30,2026-07-29,"Valcourt Holdings II, LLC and Jobs Holdings, Inc. | First lien senior secured loan","Valcourt Holdings II, LLC and Jobs Holdings","Valcourt Holdings II, LLC and Jobs Holdings",First Lien,,,,117600000.0,117600000.0,117600000.0,,100.0,4.75,8.39,,,False,,,USD,117600000.0
ARCC,0001287750,0001628280-26-050307,10-Q,2026-06-30,2026-07-29,"Visual Edge Technology, Inc., VEIT, LLC, and VEIT Topco, LLC | First lien senior secured revolving loan","Visual Edge Technology, Inc., VEIT, LLC, and VEIT Topco","Visual Edge Technology, Inc., VEIT, LLC, and VEIT Topco",First Lien,,,,2600000.0,2600000.0,2600000.0,,100.0,5.0,8.84,,,False,,,USD,2600000.0
ARCC,0001287750,0001628280-26-050307,10-Q,2026-06-30,2026-07-29,"Visual Edge Technology, Inc., VEIT, LLC, and VEIT Topco, LLC | First lien senior secured loan 1","Visual Edge Technology, Inc., VEIT, LLC, and VEIT Topco","Visual Edge Technology, Inc., VEIT, LLC, and VEIT Topco",First Lien,,,,2400000.0,2400000.0,2400000.0,,100.0,12.15,16.0,,12.0,True,,,USD,2400000.0
ARCC,0001287750,0001628280-26-050307,10-Q,2026-06-30,2026-07-29,"Visual Edge Technology, Inc., VEIT, LLC, and VEIT Topco, LLC | First lien senior secured loan 2","Visual Edge Technology, Inc., VEIT, LLC, and VEIT Topco","Visual Edge Technology, Inc., VEIT, LLC, and VEIT Topco",First Lien,,,,2200000.0,2200000.0,2200000.0,,100.0,5.0,8.88,,,False,,,USD,2200000.0
ARCC,0001287750,0001628280-26-050307,10-Q,2026-06-30,2026-07-29,"Visual Edge Technology, Inc., VEIT, LLC, and VEIT Topco, LLC | First lien senior secured loan 3","Visual Edge Technology, Inc., VEIT, LLC, and VEIT Topco","Visual Edge Technology, Inc., VEIT, LLC, and VEIT Topco",First Lien,,,,10200000.0,10200000.0,10200000.0,,100.0,12.15,,,15.88,True,,,USD,10200000.0
ARCC,0001287750,0001628280-26-050307,10-Q,2026-06-30,2026-07-29,"Visual Edge Technology, Inc., VEIT, LLC, and VEIT Topco, LLC | First lien senior secured loan 4","Visual Edge Technology, Inc., VEIT, LLC, and VEIT Topco","Visual Edge Technology, Inc., VEIT, LLC, and VEIT Topco",First Lien,,,,8100000.0,8000000.0,8100000.0,,100.0,12.15,,,15.88,True,,,USD,8100000.0
ARCC,0001287750,0001628280-26-050307,10-Q,2026-06-30,2026-07-29,"Visual Edge Technology, Inc., VEIT, LLC, and VEIT Topco, LLC | First lien senior secured loan 5","Visual Edge Technology, Inc., VEIT, LLC, and VEIT Topco","Visual Edge Technology, Inc., VEIT, LLC, and VEIT Topco",First Lien,,,,34700000.0,34200000.0,34700000.0,,100.0,7.0,10.88,,3.5,True,,,USD,34700000.0
ARCC,0001287750,0001628280-26-050307,10-Q,2026-06-30,2026-07-29,"Visual Edge Technology, Inc., VEIT, LLC, and VEIT Topco, LLC | Limited partnership interests","Visual Edge Technology, Inc., VEIT, LLC, and VEIT Topco","Visual Edge Technology, Inc., VEIT, LLC, and VEIT Topco",LP Interest,,,,6700000.0,17500000.0,,947000.0,38.29,,,,,False,,,USD,6700000.0
ARCC,0001287750,0001628280-26-050307,10-Q,2026-06-30,2026-07-29,"VRC Companies, LLC | Senior subordinated loan",VRC Companies,VRC Companies,Senior Subordinated,,,,5400000.0,5400000.0,5400000.0,,100.0,,12.0,,2.0,True,,,USD,5400000.0
ARCC,0001287750,0001628280-26-050307,10-Q,2026-06-30,2026-07-29,"VRS Buyer, Inc. | First lien senior secured loan",VRS Buyer,VRS Buyer,First Lien,,,,51100000.0,51700000.0,51700000.0,,98.84,3.5,7.23,,,False,,,USD,51100000.0
ARCC,0001287750,0001628280-26-050307,10-Q,2026-06-30,2026-07-29,"W.S. Connelly & Co., LLC and WSC Ultimate Holdings, LLC | First lien senior secured loan 1","W.S. Connelly & Co., LLC and WSC Ultimate Holdings","W.S. Connelly & Co., LLC and WSC Ultimate Holdings",First Lien,,,,17000000.0,17000000.0,17000000.0,,100.0,5.25,8.98,,,False,,,USD,17000000.0
ARCC,0001287750,0001628280-26-050307,10-Q,2026-06-30,2026-07-29,"W.S. Connelly & Co., LLC and WSC Ultimate Holdings, LLC | First lien senior secured loan 2","W.S. Connelly & Co., LLC and WSC Ultimate Holdings","W.S. Connelly & Co., LLC and WSC Ultimate Holdings",First Lien,,,,6400000.0,6400000.0,6400000.0,,100.0,5.25,8.98,,,False,,,USD,6400000.0
ARCC,0001287750,0001628280-26-050307,10-Q,2026-06-30,2026-07-29,"W.S. Connelly & Co., LLC and WSC Ultimate Holdings, LLC | Class A preferred units 1","W.S. Connelly & Co., LLC and WSC Ultimate Holdings","W.S. Connelly & Co., LLC and WSC Ultimate Holdings",Preferred Equity,,,,1100000.0,1100000.0,,9260.0,100.0,,,,10.0,True,,,USD,1100000.0
ARCC,0001287750,0001628280-26-050307,10-Q,2026-06-30,2026-07-29,"W.S. Connelly & Co., LLC and WSC Ultimate Holdings, LLC | Class A preferred units 2","W.S. Connelly & Co., LLC and WSC Ultimate Holdings","W.S. Connelly & Co., LLC and WSC Ultimate Holdings",Preferred Equity,,,,300000.0,0.0,,862.0,,,,,,False,,,USD,300000.0
ARCC,0001287750,0001628280-26-050307,10-Q,2026-06-30,2026-07-29,"XIFIN, Inc. and ACP Charger Co-Invest LLC | Class A units",XIFIN,XIFIN,Common Equity,,,,4700000.0,1800000.0,,180000.0,261.11,,,,,False,,,USD,4700000.0
ARCC,0001287750,0001628280-26-050307,10-Q,2026-06-30,2026-07-29,"XIFIN, Inc. and ACP Charger Co-Invest LLC | Class B units",XIFIN,XIFIN,Common Equity,,,,2300000.0,900000.0,,46363.0,255.56,,,,,False,,,USD,2300000.0
ARCC,0001287750,0001628280-26-050307,10-Q,2026-06-30,2026-07-29,"Zinc Buyer Corporation and Marmic Fire & Safety Co., Inc. | First lien senior secured revolving loan",Zinc Buyer Corporation and Marmic Fire & Safety Co.,Zinc Buyer Corporation and Marmic Fire & Safety Co.,First Lien,,,,100000.0,100000.0,100000.0,,100.0,4.75,8.4,,,False,,,USD,100000.0
ARCC,0001287750,0001628280-26-050307,10-Q,2026-06-30,2026-07-29,"Zinc Buyer Corporation and Marmic Fire & Safety Co., Inc. | First lien senior secured loan",Zinc Buyer Corporation and Marmic Fire & Safety Co.,Zinc Buyer Corporation and Marmic Fire & Safety Co.,First Lien,,,,12600000.0,12700000.0,12700000.0,,99.21,4.75,8.45,,,False,,,USD,12600000.0
ARCC,0001287750,0001628280-26-050307,10-Q,2026-06-30,2026-07-29,"Aimbridge Topco, LLC | Common units",Aimbridge Topco,Aimbridge Topco,Common Equity,,,,2900000.0,3300000.0,,56310.0,87.88,,,,,False,,,USD,2900000.0
ARCC,0001287750,0001628280-26-050307,10-Q,2026-06-30,2026-07-29,American Residential Services L.L.C. and Aragorn Parent Holdings LP | Series A preferred units,American Residential Services L.L.C. and Aragorn Parent Holdings LP | Series A,American Residential Services L.L.C. and Aragorn Parent Holdings LP | Series A,Preferred Equity,,,,8300000.0,3800000.0,,2531500.0,218.42,,,,10.0,True,,,USD,8300000.0
ARCC,0001287750,0001628280-26-050307,10-Q,2026-06-30,2026-07-29,"Apex Service Partners, LLC and Apex Service Partners Holdings, LLC | First lien senior secured revolving loan","Apex Service Partners, LLC and Apex Service Partners Holdings","Apex Service Partners, LLC and Apex Service Partners Holdings",First Lien,,,,4000000.0,4000000.0,4000000.0,,100.0,5.0,8.73,,,False,,,USD,4000000.0
ARCC,0001287750,0001628280-26-050307,10-Q,2026-06-30,2026-07-29,"Apex Service Partners, LLC and Apex Service Partners Holdings, LLC | First lien senior secured loan","Apex Service Partners, LLC and Apex Service Partners Holdings","Apex Service Partners, LLC and Apex Service Partners Holdings",First Lien,,,,198900000.0,198700000.0,198900000.0,,100.0,5.0,8.73,,,False,,,USD,198900000.0
ARCC,0001287750,0001628280-26-050307,10-Q,2026-06-30,2026-07-29,"Apex Service Partners, LLC and Apex Service Partners Holdings, LLC | Series B common units","Apex Service Partners, LLC and Apex Service Partners Holdings","Apex Service Partners, LLC and Apex Service Partners Holdings",Common Equity,,,,12000000.0,7200000.0,,262165.0,166.67,,,,,False,,,USD,12000000.0
ARCC,0001287750,0001628280-26-050307,10-Q,2026-06-30,2026-07-29,"Belfor Holdings, Inc. | First lien senior secured revolving loan",Belfor Holdings,Belfor Holdings,First Lien,,,,0.0,0.0,0.0,,,,,,,False,,,USD,0.0
ARCC,0001287750,0001628280-26-050307,10-Q,2026-06-30,2026-07-29,"Birdie Bidco, Inc. | First lien senior secured loan 1",Birdie Bidco,Birdie Bidco,First Lien,,,,22900000.0,22900000.0,22900000.0,,100.0,4.75,8.48,,2.25,True,,,USD,22900000.0
ARCC,0001287750,0001628280-26-050307,10-Q,2026-06-30,2026-07-29,"Calera XXVIII, LLC | Common units",Calera XXVIII,Calera XXVIII,Common Equity,,,,5700000.0,5400000.0,,5420161.0,105.56,,,,,False,,,USD,5700000.0
ARCC,0001287750,0001628280-26-050307,10-Q,2026-06-30,2026-07-29,"Clarion Home Services Group, LLC and LBC Breeze Holdings LLC | First lien senior secured revolving loan 1",Clarion Home Services Group,Clarion Home Services Group,First Lien,,,,800000.0,1000000.0,1000000.0,,80.0,6.0,9.79,,,False,,,USD,800000.0
ARCC,0001287750,0001628280-26-050307,10-Q,2026-06-30,2026-07-29,"Clarion Home Services Group, LLC and LBC Breeze Holdings LLC | First lien senior secured loan 1",Clarion Home Services Group,Clarion Home Services Group,First Lien,,,,2900000.0,3600000.0,3600000.0,,80.56,8.0,11.77,,6.0,True,,,USD,2900000.0
ARCC,0001287750,0001628280-26-050307,10-Q,2026-06-30,2026-07-29,"Clarion Home Services Group, LLC and LBC Breeze Holdings LLC | First lien senior secured loan 2",Clarion Home Services Group,Clarion Home Services Group,First Lien,,,,5700000.0,7000000.0,7000000.0,,81.43,8.25,12.04,,6.25,True,,,USD,5700000.0
ARCC,0001287750,0001628280-26-050307,10-Q,2026-06-30,2026-07-29,"Clarion Home Services Group, LLC and LBC Breeze Holdings LLC | Class A units",Clarion Home Services Group,Clarion Home Services Group,Common Equity,,,,0.0,4300000.0,,4296.0,0.0,,,,,False,,,USD,0.0
ARCC,0001287750,0001628280-26-050307,10-Q,2026-06-30,2026-07-29,"CMG HoldCo, LLC and CMG Buyer Holdings, Inc. | First lien senior secured revolving loan","CMG HoldCo, LLC and CMG Buyer Holdings","CMG HoldCo, LLC and CMG Buyer Holdings",First Lien,,,,7000000.0,7200000.0,7200000.0,,97.22,5.0,8.66,,,False,,,USD,7000000.0
ARCC,0001287750,0001628280-26-050307,10-Q,2026-06-30,2026-07-29,"CMG HoldCo, LLC and CMG Buyer Holdings, Inc. | First lien senior secured loan 1","CMG HoldCo, LLC and CMG Buyer Holdings","CMG HoldCo, LLC and CMG Buyer Holdings",First Lien,,,,16400000.0,16900000.0,16900000.0,,97.04,5.0,8.67,,,False,,,USD,16400000.0
ARCC,0001287750,0001628280-26-050307,10-Q,2026-06-30,2026-07-29,"CMG HoldCo, LLC and CMG Buyer Holdings, Inc. | First lien senior secured loan 2","CMG HoldCo, LLC and CMG Buyer Holdings","CMG HoldCo, LLC and CMG Buyer Holdings",First Lien,,,,3400000.0,3600000.0,3600000.0,,94.44,5.0,8.72,,,False,,,USD,3400000.0
ARCC,0001287750,0001628280-26-050307,10-Q,2026-06-30,2026-07-29,"CMG HoldCo, LLC and CMG Buyer Holdings, Inc. | First lien senior secured loan 3","CMG HoldCo, LLC and CMG Buyer Holdings","CMG HoldCo, LLC and CMG Buyer Holdings",First Lien,,,,3800000.0,4000000.0,4000000.0,,95.0,5.0,8.67,,,False,,,USD,3800000.0
ARCC,0001287750,0001628280-26-050307,10-Q,2026-06-30,2026-07-29,"CMG HoldCo, LLC and CMG Buyer Holdings, Inc. | Common stock","CMG HoldCo, LLC and CMG Buyer Holdings","CMG HoldCo, LLC and CMG Buyer Holdings",Common Equity,,,,3400000.0,3100000.0,,302.0,109.68,,,,,False,,,USD,3400000.0
ARCC,0001287750,0001628280-26-050307,10-Q,2026-06-30,2026-07-29,CST Holding Company | First lien senior secured loan 1,CST Holding Company |,CST Holding Company |,First Lien,,,,11300000.0,11300000.0,11300000.0,,100.0,5.0,8.74,,,False,,,USD,11300000.0
ARCC,0001287750,0001628280-26-050307,10-Q,2026-06-30,2026-07-29,CST Holding Company | First lien senior secured loan 2,CST Holding Company |,CST Holding Company |,First Lien,,,,100000.0,100000.0,100000.0,,100.0,5.0,8.74,,,False,,,USD,100000.0
ARCC,0001287750,0001628280-26-050307,10-Q,2026-06-30,2026-07-29,Davidson Hotel Company LLC | First lien senior secured loan,Davidson Hotel Company LLC |,Davidson Hotel Company LLC |,First Lien,,,,9100000.0,9100000.0,9100000.0,,100.0,5.0,8.64,,,False,,,USD,9100000.0
ARCC,0001287750,0001628280-26-050307,10-Q,2026-06-30,2026-07-29,"Equinox Holdings, Inc. | First lien senior secured loan",Equinox Holdings,Equinox Holdings,First Lien,,,,46500000.0,45900000.0,46500000.0,,100.0,7.25,10.98,,,False,,,USD,46500000.0
ARCC,0001287750,0001628280-26-050307,10-Q,2026-06-30,2026-07-29,"Equinox Holdings, Inc. | Second lien senior secured loan",Equinox Holdings,Equinox Holdings,Second Lien,,,,4900000.0,4900000.0,4900000.0,,100.0,,,,16.0,True,,,USD,4900000.0
ARCC,0001287750,0001628280-26-050307,10-Q,2026-06-30,2026-07-29,Essential Services Holding Corporation and OMERS Mahomes Investment Holdings LLC | First lien senior secured revolving loan,Essential Services Holding Corporation and OMERS Mahomes Investment Holdings LLC |,Essential Services Holding Corporation and OMERS Mahomes Investment Holdings LLC |,First Lien,,,,8100000.0,8600000.0,8600000.0,,94.19,5.25,8.91,,,False,,,USD,8100000.0
ARCC,0001287750,0001628280-26-050307,10-Q,2026-06-30,2026-07-29,Essential Services Holding Corporation and OMERS Mahomes Investment Holdings LLC | First lien senior secured loan,Essential Services Holding Corporation and OMERS Mahomes Investment Holdings LLC |,Essential Services Holding Corporation and OMERS Mahomes Investment Holdings LLC |,First Lien,,,,143000000.0,152100000.0,152200000.0,,93.96,5.63,9.3,,,False,,,USD,143000000.0
ARCC,0001287750,0001628280-26-050307,10-Q,2026-06-30,2026-07-29,Essential Services Holding Corporation and OMERS Mahomes Investment Holdings LLC | Preferred units,Essential Services Holding Corporation and OMERS Mahomes Investment Holdings LLC |,Essential Services Holding Corporation and OMERS Mahomes Investment Holdings LLC |,Preferred Equity,,,,10800000.0,10800000.0,,768.0,100.0,,,,15.0,True,,,USD,10800000.0
ARCC,0001287750,0001628280-26-050307,10-Q,2026-06-30,2026-07-29,Essential Services Holding Corporation and OMERS Mahomes Investment Holdings LLC | Class A units,Essential Services Holding Corporation and OMERS Mahomes Investment Holdings LLC |,Essential Services Holding Corporation and OMERS Mahomes Investment Holdings LLC |,Common Equity,,,,8500000.0,22900000.0,,6447.0,37.12,,,,,False,,,USD,8500000.0
ARCC,0001287750,0001628280-26-050307,10-Q,2026-06-30,2026-07-29,Eternal Aus Bidco Pty Ltd | First lien senior secured loan,Eternal Aus Bidco Pty Ltd |,Eternal Aus Bidco Pty Ltd |,First Lien,,,,3900000.0,3700000.0,3900000.0,,100.0,5.0,9.5,,,False,,,USD,3900000.0
ARCC,0001287750,0001628280-26-050307,10-Q,2026-06-30,2026-07-29,"Excel Fitness Consolidator LLC, Health Buyer LLC and Excel Fitness Holdings, Inc. | First lien senior secured revolving loan","Excel Fitness Consolidator LLC, Health Buyer LLC and Excel Fitness Holdings","Excel Fitness Consolidator LLC, Health Buyer LLC and Excel Fitness Holdings",First Lien,,,,9500000.0,9500000.0,9600000.0,,98.96,4.75,8.48,,,False,,,USD,9500000.0
ARCC,0001287750,0001628280-26-050307,10-Q,2026-06-30,2026-07-29,"Fitness Ventures Holdings, Inc. and Meaningful Partners Fitness Ventures Co-Investment LP | First lien senior secured revolving loan",Fitness Ventures Holdings,Fitness Ventures Holdings,First Lien,,,,2400000.0,2400000.0,2400000.0,,100.0,4.0,7.64,,,False,,,USD,2400000.0
ARCC,0001287750,0001628280-26-050307,10-Q,2026-06-30,2026-07-29,"Fitness Ventures Holdings, Inc. and Meaningful Partners Fitness Ventures Co-Investment LP | First lien senior secured loan 1",Fitness Ventures Holdings,Fitness Ventures Holdings,First Lien,,,,10500000.0,10500000.0,10500000.0,,100.0,4.75,8.39,,,False,,,USD,10500000.0
ARCC,0001287750,0001628280-26-050307,10-Q,2026-06-30,2026-07-29,"Fitness Ventures Holdings, Inc. and Meaningful Partners Fitness Ventures Co-Investment LP | First lien senior secured loan 2",Fitness Ventures Holdings,Fitness Ventures Holdings,First Lien,,,,3200000.0,3200000.0,3200000.0,,100.0,4.75,8.39,,,False,,,USD,3200000.0
ARCC,0001287750,0001628280-26-050307,10-Q,2026-06-30,2026-07-29,"Fitness Ventures Holdings, Inc. and Meaningful Partners Fitness Ventures Co-Investment LP | Common units",Fitness Ventures Holdings,Fitness Ventures Holdings,Common Equity,,,,17300000.0,12000000.0,,11957000.0,144.17,,,,,False,,,USD,17300000.0
ARCC,0001287750,0001628280-26-050307,10-Q,2026-06-30,2026-07-29,"Flinn Scientific, Inc. and WCI-Quantum Holdings, Inc. | First lien senior secured revolving loan 1","Flinn Scientific, Inc. and WCI-Quantum Holdings","Flinn Scientific, Inc. and WCI-Quantum Holdings",First Lien,,,,9700000.0,9900000.0,9900000.0,,97.98,5.5,9.26,,,False,,,USD,9700000.0
ARCC,0001287750,0001628280-26-050307,10-Q,2026-06-30,2026-07-29,"Flinn Scientific, Inc. and WCI-Quantum Holdings, Inc. | First lien senior secured revolving loan 2","Flinn Scientific, Inc. and WCI-Quantum Holdings","Flinn Scientific, Inc. and WCI-Quantum Holdings",First Lien,,,,4000000.0,4100000.0,4100000.0,,97.56,3.75,10.5,,,False,,,USD,4000000.0
ARCC,0001287750,0001628280-26-050307,10-Q,2026-06-30,2026-07-29,"Flinn Scientific, Inc. and WCI-Quantum Holdings, Inc. | First lien senior secured loan 1","Flinn Scientific, Inc. and WCI-Quantum Holdings","Flinn Scientific, Inc. and WCI-Quantum Holdings",First Lien,,,,7200000.0,7400000.0,7400000.0,,97.3,5.5,9.49,,,False,,,USD,7200000.0
ARCC,0001287750,0001628280-26-050307,10-Q,2026-06-30,2026-07-29,"Flinn Scientific, Inc. and WCI-Quantum Holdings, Inc. | First lien senior secured loan 2","Flinn Scientific, Inc. and WCI-Quantum Holdings","Flinn Scientific, Inc. and WCI-Quantum Holdings",First Lien,,,,28000000.0,28600000.0,28600000.0,,97.9,5.5,9.49,,,False,,,USD,28000000.0
ARCC,0001287750,0001628280-26-050307,10-Q,2026-06-30,2026-07-29,"Flinn Scientific, Inc. and WCI-Quantum Holdings, Inc. | First lien senior secured loan 3","Flinn Scientific, Inc. and WCI-Quantum Holdings","Flinn Scientific, Inc. and WCI-Quantum Holdings",First Lien,,,,4900000.0,5000000.0,5000000.0,,98.0,5.5,9.43,,,False,,,USD,4900000.0
ARCC,0001287750,0001628280-26-050307,10-Q,2026-06-30,2026-07-29,"Flinn Scientific, Inc. and WCI-Quantum Holdings, Inc. | First lien senior secured loan 4","Flinn Scientific, Inc. and WCI-Quantum Holdings","Flinn Scientific, Inc. and WCI-Quantum Holdings",First Lien,,,,1100000.0,1100000.0,1100000.0,,100.0,5.5,9.49,,,False,,,USD,1100000.0
ARCC,0001287750,0001628280-26-050307,10-Q,2026-06-30,2026-07-29,"Flinn Scientific, Inc. and WCI-Quantum Holdings, Inc. | Series A preferred stock","Flinn Scientific, Inc. and WCI-Quantum Holdings","Flinn Scientific, Inc. and WCI-Quantum Holdings",Preferred Equity,,,,300000.0,700000.0,,1272.0,42.86,,,,,False,,,USD,300000.0
ARCC,0001287750,0001628280-26-050307,10-Q,2026-06-30,2026-07-29,"Flint OpCo, LLC | First lien senior secured loan 1",Flint OpCo,Flint OpCo,First Lien,,,,4100000.0,4100000.0,4100000.0,,100.0,4.75,8.41,,,False,,,USD,4100000.0
ARCC,0001287750,0001628280-26-050307,10-Q,2026-06-30,2026-07-29,"Flint OpCo, LLC | First lien senior secured loan 2",Flint OpCo,Flint OpCo,First Lien,,,,6900000.0,6900000.0,6900000.0,,100.0,4.75,8.41,,,False,,,USD,6900000.0
ARCC,0001287750,0001628280-26-050307,10-Q,2026-06-30,2026-07-29,"Flint OpCo, LLC | First lien senior secured loan 3",Flint OpCo,Flint OpCo,First Lien,,,,2000000.0,2000000.0,2000000.0,,100.0,4.75,8.4,,,False,,,USD,2000000.0
ARCC,0001287750,0001628280-26-050307,10-Q,2026-06-30,2026-07-29,"Flint OpCo, LLC | First lien senior secured loan 4",Flint OpCo,Flint OpCo,First Lien,,,,14900000.0,14900000.0,14900000.0,,100.0,4.75,8.4,,,False,,,USD,14900000.0
ARCC,0001287750,0001628280-26-050307,10-Q,2026-06-30,2026-07-29,Goodlife Fitness Centers Inc. and AP Rainbow Co-Invest L.P. | First lien senior secured revolving loan,Goodlife Fitness Centers Inc. and AP Rainbow Co-Invest L.P. |,Goodlife Fitness Centers Inc. and AP Rainbow Co-Invest L.P. |,First Lien,,,,0.0,0.0,0.0,,,,,,,False,,,USD,0.0
ARCC,0001287750,0001628280-26-050307,10-Q,2026-06-30,2026-07-29,Goodlife Fitness Centers Inc. and AP Rainbow Co-Invest L.P. | First lien senior secured loan,Goodlife Fitness Centers Inc. and AP Rainbow Co-Invest L.P. |,Goodlife Fitness Centers Inc. and AP Rainbow Co-Invest L.P. |,First Lien,,,,34900000.0,36000000.0,35300000.0,,98.87,5.25,7.54,,,False,,,USD,34900000.0
ARCC,0001287750,0001628280-26-050307,10-Q,2026-06-30,2026-07-29,Goodlife Fitness Centers Inc. and AP Rainbow Co-Invest L.P. | Limited partnership interest,Goodlife Fitness Centers Inc. and AP Rainbow Co-Invest L.P. |,Goodlife Fitness Centers Inc. and AP Rainbow Co-Invest L.P. |,LP Interest,,,,7300000.0,7400000.0,,7321000.0,98.65,,,,,False,,,USD,7300000.0
ARCC,0001287750,0001628280-26-050307,10-Q,2026-06-30,2026-07-29,GS SEER Group Borrower LLC and GS SEER Group Holdings LLC | First lien senior secured revolving loan,GS SEER Group Borrower LLC and GS SEER Group Holdings LLC |,GS SEER Group Borrower LLC and GS SEER Group Holdings LLC |,First Lien,,,,2100000.0,2400000.0,2400000.0,,87.5,6.75,10.38,,,False,,,USD,2100000.0
ARCC,0001287750,0001628280-26-050307,10-Q,2026-06-30,2026-07-29,GS SEER Group Borrower LLC and GS SEER Group Holdings LLC | First lien senior secured loan,GS SEER Group Borrower LLC and GS SEER Group Holdings LLC |,GS SEER Group Borrower LLC and GS SEER Group Holdings LLC |,First Lien,,,,21800000.0,24200000.0,24200000.0,,90.08,6.75,10.48,,,False,,,USD,21800000.0
ARCC,0001287750,0001628280-26-050307,10-Q,2026-06-30,2026-07-29,GS SEER Group Borrower LLC and GS SEER Group Holdings LLC | Class A common units,GS SEER Group Borrower LLC and GS SEER Group Holdings LLC | Class A,GS SEER Group Borrower LLC and GS SEER Group Holdings LLC | Class A,Common Equity,,,,800000.0,4400000.0,,4424.0,18.18,,,,,False,,,USD,800000.0
ARCC,0001287750,0001628280-26-050307,10-Q,2026-06-30,2026-07-29,"Helios Service Partners, LLC and Astra Service Partners, LLC | First lien senior secured loan","Helios Service Partners, LLC and Astra Service Partners","Helios Service Partners, LLC and Astra Service Partners",First Lien,,,,50900000.0,50900000.0,50900000.0,,100.0,4.5,8.23,,,False,,,USD,50900000.0
ARCC,0001287750,0001628280-26-050307,10-Q,2026-06-30,2026-07-29,"IFH Franchisee Holdings, LLC | First lien senior secured revolving loan",IFH Franchisee Holdings,IFH Franchisee Holdings,First Lien,,,,4300000.0,4300000.0,4300000.0,,100.0,4.0,7.64,,,False,,,USD,4300000.0
ARCC,0001287750,0001628280-26-050307,10-Q,2026-06-30,2026-07-29,"IFH Franchisee Holdings, LLC | First lien senior secured loan",IFH Franchisee Holdings,IFH Franchisee Holdings,First Lien,,,,54500000.0,54500000.0,54500000.0,,100.0,5.5,9.14,,,False,,,USD,54500000.0
ARCC,0001287750,0001628280-26-050307,10-Q,2026-06-30,2026-07-29,"Infinity Home Services Holdco, Inc., D'Angelo & Sons Construction Limited and IHS Parent Holdings, L.P. | First lien senior secured revolving loan 1","Infinity Home Services Holdco, Inc., D'Angelo & Sons Construction Limited and IHS Parent Holdings","Infinity Home Services Holdco, Inc., D'Angelo & Sons Construction Limited and IHS Parent Holdings",First Lien,,,,0.0,0.0,0.0,,,,,,,False,,,USD,0.0
ARCC,0001287750,0001628280-26-050307,10-Q,2026-06-30,2026-07-29,"Infinity Home Services Holdco, Inc., D'Angelo & Sons Construction Limited and IHS Parent Holdings, L.P. | First lien senior secured revolving loan 2","Infinity Home Services Holdco, Inc., D'Angelo & Sons Construction Limited and IHS Parent Holdings","Infinity Home Services Holdco, Inc., D'Angelo & Sons Construction Limited and IHS Parent Holdings",First Lien,,,,0.0,0.0,0.0,,,,,,,False,,,USD,0.0
ARCC,0001287750,0001628280-26-050307,10-Q,2026-06-30,2026-07-29,"Infinity Home Services Holdco, Inc., D'Angelo & Sons Construction Limited and IHS Parent Holdings, L.P. | First lien senior secured loan 1","Infinity Home Services Holdco, Inc., D'Angelo & Sons Construction Limited and IHS Parent Holdings","Infinity Home Services Holdco, Inc., D'Angelo & Sons Construction Limited and IHS Parent Holdings",First Lien,,,,3400000.0,3400000.0,3400000.0,,100.0,6.0,9.73,,,False,,,USD,3400000.0
ARCC,0001287750,0001628280-26-050307,10-Q,2026-06-30,2026-07-29,"Infinity Home Services Holdco, Inc., D'Angelo & Sons Construction Limited and IHS Parent Holdings, L.P. | First lien senior secured loan 2","Infinity Home Services Holdco, Inc., D'Angelo & Sons Construction Limited and IHS Parent Holdings","Infinity Home Services Holdco, Inc., D'Angelo & Sons Construction Limited and IHS Parent Holdings",First Lien,,,,11000000.0,11000000.0,11000000.0,,100.0,6.0,9.73,,,False,,,USD,11000000.0
ARCC,0001287750,0001628280-26-050307,10-Q,2026-06-30,2026-07-29,"Infinity Home Services Holdco, Inc., D'Angelo & Sons Construction Limited and IHS Parent Holdings, L.P. | First lien senior secured loan 3","Infinity Home Services Holdco, Inc., D'Angelo & Sons Construction Limited and IHS Parent Holdings","Infinity Home Services Holdco, Inc., D'Angelo & Sons Construction Limited and IHS Parent Holdings",First Lien,,,,5500000.0,5500000.0,5500000.0,,100.0,5.5,9.23,,,False,,,USD,5500000.0
ARCC,0001287750,0001628280-26-050307,10-Q,2026-06-30,2026-07-29,"Infinity Home Services Holdco, Inc., D'Angelo & Sons Construction Limited and IHS Parent Holdings, L.P. | First lien senior secured loan 4","Infinity Home Services Holdco, Inc., D'Angelo & Sons Construction Limited and IHS Parent Holdings","Infinity Home Services Holdco, Inc., D'Angelo & Sons Construction Limited and IHS Parent Holdings",First Lien,,,,6300000.0,6300000.0,6300000.0,,100.0,6.0,9.73,,,False,,,USD,6300000.0
ARCC,0001287750,0001628280-26-050307,10-Q,2026-06-30,2026-07-29,"Infinity Home Services Holdco, Inc., D'Angelo & Sons Construction Limited and IHS Parent Holdings, L.P. | First lien senior secured loan 5","Infinity Home Services Holdco, Inc., D'Angelo & Sons Construction Limited and IHS Parent Holdings","Infinity Home Services Holdco, Inc., D'Angelo & Sons Construction Limited and IHS Parent Holdings",First Lien,,,,1300000.0,900000.0,900000.0,,144.44,6.0,8.29,,,False,,,USD,1300000.0
ARCC,0001287750,0001628280-26-050307,10-Q,2026-06-30,2026-07-29,"Infinity Home Services Holdco, Inc., D'Angelo & Sons Construction Limited and IHS Parent Holdings, L.P. | Class A units","Infinity Home Services Holdco, Inc., D'Angelo & Sons Construction Limited and IHS Parent Holdings","Infinity Home Services Holdco, Inc., D'Angelo & Sons Construction Limited and IHS Parent Holdings",Common Equity,,,,9000000.0,9500000.0,,9524000.0,94.74,,,,,False,,,USD,9000000.0
ARCC,0001287750,0001628280-26-050307,10-Q,2026-06-30,2026-07-29,"Invited, Inc. and KSL Longdrive Co-Invest, L.P. | First lien senior secured loan","Invited, Inc. and KSL Longdrive Co-Invest","Invited, Inc. and KSL Longdrive Co-Invest",First Lien,,,,179500000.0,181300000.0,181300000.0,,99.01,5.25,8.98,,,False,,,USD,179500000.0
ARCC,0001287750,0001628280-26-050307,10-Q,2026-06-30,2026-07-29,"Invited, Inc. and KSL Longdrive Co-Invest, L.P. | Limited partnership interest","Invited, Inc. and KSL Longdrive Co-Invest","Invited, Inc. and KSL Longdrive Co-Invest",LP Interest,,,,4500000.0,4500000.0,,4492000.0,100.0,,,,,False,,,USD,4500000.0
ARCC,0001287750,0001628280-26-050307,10-Q,2026-06-30,2026-07-29,"Leviathan Intermediate Holdco, LLC and Leviathan Holdings, L.P. | First lien senior secured loan 1","Leviathan Intermediate Holdco, LLC and Leviathan Holdings","Leviathan Intermediate Holdco, LLC and Leviathan Holdings",First Lien,,,,1400000.0,1400000.0,1400000.0,,100.0,6.0,9.73,,,False,,,USD,1400000.0
ARCC,0001287750,0001628280-26-050307,10-Q,2026-06-30,2026-07-29,"Leviathan Intermediate Holdco, LLC and Leviathan Holdings, L.P. | First lien senior secured loan 2","Leviathan Intermediate Holdco, LLC and Leviathan Holdings","Leviathan Intermediate Holdco, LLC and Leviathan Holdings",First Lien,,,,29200000.0,29800000.0,29800000.0,,97.99,6.0,9.73,,,False,,,USD,29200000.0
ARCC,0001287750,0001628280-26-050307,10-Q,2026-06-30,2026-07-29,"Leviathan Intermediate Holdco, LLC and Leviathan Holdings, L.P. | Limited partnership interests","Leviathan Intermediate Holdco, LLC and Leviathan Holdings","Leviathan Intermediate Holdco, LLC and Leviathan Holdings",LP Interest,,,,2300000.0,2100000.0,,2149690.0,109.52,,,,,False,,,USD,2300000.0
ARCC,0001287750,0001628280-26-050307,10-Q,2026-06-30,2026-07-29,"LHS Borrower, LLC, LH Equity Investors, L.P., Leaf Home, LLC and GC Fund IV Blocker LLC | First lien senior secured revolving loan","LHS Borrower, LLC, LH Equity Investors, L.P., Leaf Home","LHS Borrower, LLC, LH Equity Investors, L.P., Leaf Home",First Lien,,,,2600000.0,2700000.0,2700000.0,,96.3,5.25,8.89,,,False,,,USD,2600000.0
ARCC,0001287750,0001628280-26-050307,10-Q,2026-06-30,2026-07-29,"LHS Borrower, LLC, LH Equity Investors, L.P., Leaf Home, LLC and GC Fund IV Blocker LLC | First lien senior secured loan","LHS Borrower, LLC, LH Equity Investors, L.P., Leaf Home","LHS Borrower, LLC, LH Equity Investors, L.P., Leaf Home",First Lien,,,,166200000.0,171400000.0,171400000.0,,96.97,5.25,8.89,,,False,,,USD,166200000.0
ARCC,0001287750,0001628280-26-050307,10-Q,2026-06-30,2026-07-29,"LHS Borrower, LLC, LH Equity Investors, L.P., Leaf Home, LLC and GC Fund IV Blocker LLC | Limited partnership units","LHS Borrower, LLC, LH Equity Investors, L.P., Leaf Home","LHS Borrower, LLC, LH Equity Investors, L.P., Leaf Home",LP Interest,,,,73000000.0,67300000.0,,64787.0,108.47,,,,,False,,,USD,73000000.0
ARCC,0001287750,0001628280-26-050307,10-Q,2026-06-30,2026-07-29,ME Equity LLC | Common stock,ME Equity LLC |,ME Equity LLC |,Common Equity,,,,4100000.0,3000000.0,,3000000.0,136.67,,,,,False,,,USD,4100000.0
ARCC,0001287750,0001628280-26-050307,10-Q,2026-06-30,2026-07-29,"Modigent, LLC and OMERS PMC Investment Holdings LLC | First lien senior secured loan 1",Modigent,Modigent,First Lien,,,,6200000.0,6200000.0,6200000.0,,100.0,5.25,8.98,,,False,,,USD,6200000.0
ARCC,0001287750,0001628280-26-050307,10-Q,2026-06-30,2026-07-29,"Modigent, LLC and OMERS PMC Investment Holdings LLC | First lien senior secured loan 2",Modigent,Modigent,First Lien,,,,12200000.0,12200000.0,12200000.0,,100.0,5.25,8.98,,,False,,,USD,12200000.0
ARCC,0001287750,0001628280-26-050307,10-Q,2026-06-30,2026-07-29,"Modigent, LLC and OMERS PMC Investment Holdings LLC | Preferred units",Modigent,Modigent,Preferred Equity,,,,1000000.0,1000000.0,,82.0,100.0,,,,14.0,True,,,USD,1000000.0
ARCC,0001287750,0001628280-26-050307,10-Q,2026-06-30,2026-07-29,"Modigent, LLC and OMERS PMC Investment Holdings LLC | Class A units",Modigent,Modigent,Common Equity,,,,11100000.0,9700000.0,,1001.0,114.43,,,,,False,,,USD,11100000.0
ARCC,0001287750,0001628280-26-050307,10-Q,2026-06-30,2026-07-29,"Mustang Prospects Purchaser, LLC, Senske Acquisition, Inc., and Mustang Prospects Holdco, LLC | First lien senior secured revolving loan","Mustang Prospects Purchaser, LLC, Senske Acquisition, Inc., and Mustang Prospects Holdco","Mustang Prospects Purchaser, LLC, Senske Acquisition, Inc., and Mustang Prospects Holdco",First Lien,,,,0.0,0.0,0.0,,,,,,,False,,,USD,0.0
ARCC,0001287750,0001628280-26-050307,10-Q,2026-06-30,2026-07-29,"Mustang Prospects Purchaser, LLC, Senske Acquisition, Inc., and Mustang Prospects Holdco, LLC | First lien senior secured loan 1","Mustang Prospects Purchaser, LLC, Senske Acquisition, Inc., and Mustang Prospects Holdco","Mustang Prospects Purchaser, LLC, Senske Acquisition, Inc., and Mustang Prospects Holdco",First Lien,,,,900000.0,900000.0,900000.0,,100.0,5.25,8.98,,,False,,,USD,900000.0
ARCC,0001287750,0001628280-26-050307,10-Q,2026-06-30,2026-07-29,"Mustang Prospects Purchaser, LLC, Senske Acquisition, Inc., and Mustang Prospects Holdco, LLC | First lien senior secured loan 2","Mustang Prospects Purchaser, LLC, Senske Acquisition, Inc., and Mustang Prospects Holdco","Mustang Prospects Purchaser, LLC, Senske Acquisition, Inc., and Mustang Prospects Holdco",First Lien,,,,27800000.0,27800000.0,27800000.0,,100.0,5.25,8.95,,,False,,,USD,27800000.0
ARCC,0001287750,0001628280-26-050307,10-Q,2026-06-30,2026-07-29,"Mustang Prospects Purchaser, LLC, Senske Acquisition, Inc., and Mustang Prospects Holdco, LLC | First lien senior secured loan 3","Mustang Prospects Purchaser, LLC, Senske Acquisition, Inc., and Mustang Prospects Holdco","Mustang Prospects Purchaser, LLC, Senske Acquisition, Inc., and Mustang Prospects Holdco",First Lien,,,,2000000.0,2000000.0,2000000.0,,100.0,5.25,8.98,,,False,,,USD,2000000.0
ARCC,0001287750,0001628280-26-050307,10-Q,2026-06-30,2026-07-29,"Mustang Prospects Purchaser, LLC, Senske Acquisition, Inc., and Mustang Prospects Holdco, LLC | Class A preferred units","Mustang Prospects Purchaser, LLC, Senske Acquisition, Inc., and Mustang Prospects Holdco","Mustang Prospects Purchaser, LLC, Senske Acquisition, Inc., and Mustang Prospects Holdco",Preferred Equity,,,,700000.0,700000.0,,690.0,100.0,,,,,False,,,USD,700000.0
ARCC,0001287750,0001628280-26-050307,10-Q,2026-06-30,2026-07-29,"Mustang Prospects Purchaser, LLC, Senske Acquisition, Inc., and Mustang Prospects Holdco, LLC | Class B common units","Mustang Prospects Purchaser, LLC, Senske Acquisition, Inc., and Mustang Prospects Holdco","Mustang Prospects Purchaser, LLC, Senske Acquisition, Inc., and Mustang Prospects Holdco",Common Equity,,,,300000.0,300000.0,,690179.0,100.0,,,,,False,,,USD,300000.0
ARCC,0001287750,0001628280-26-050307,10-Q,2026-06-30,2026-07-29,"North Haven Fairway Buyer, LLC and Fairway Lawns, LLC | First lien senior secured revolving loan","North Haven Fairway Buyer, LLC and Fairway Lawns","North Haven Fairway Buyer, LLC and Fairway Lawns",First Lien,,,,5700000.0,5700000.0,5700000.0,,100.0,5.0,8.7,,,False,,,USD,5700000.0
ARCC,0001287750,0001628280-26-050307,10-Q,2026-06-30,2026-07-29,"North Haven Fairway Buyer, LLC and Fairway Lawns, LLC | First lien senior secured loan 1","North Haven Fairway Buyer, LLC and Fairway Lawns","North Haven Fairway Buyer, LLC and Fairway Lawns",First Lien,,,,17400000.0,17400000.0,17400000.0,,100.0,5.0,8.7,,,False,,,USD,17400000.0
ARCC,0001287750,0001628280-26-050307,10-Q,2026-06-30,2026-07-29,"North Haven Fairway Buyer, LLC and Fairway Lawns, LLC | First lien senior secured loan 2","North Haven Fairway Buyer, LLC and Fairway Lawns","North Haven Fairway Buyer, LLC and Fairway Lawns",First Lien,,,,10000000.0,10000000.0,10000000.0,,100.0,5.0,8.66,,,False,,,USD,10000000.0
ARCC,0001287750,0001628280-26-050307,10-Q,2026-06-30,2026-07-29,"North Haven Fairway Buyer, LLC and Fairway Lawns, LLC | First lien senior secured loan 3","North Haven Fairway Buyer, LLC and Fairway Lawns","North Haven Fairway Buyer, LLC and Fairway Lawns",First Lien,,,,6600000.0,6600000.0,6600000.0,,100.0,5.0,8.66,,,False,,,USD,6600000.0
ARCC,0001287750,0001628280-26-050307,10-Q,2026-06-30,2026-07-29,"North Haven Fairway Buyer, LLC and Fairway Lawns, LLC | First lien senior secured loan 4","North Haven Fairway Buyer, LLC and Fairway Lawns","North Haven Fairway Buyer, LLC and Fairway Lawns",First Lien,,,,2000000.0,2000000.0,2000000.0,,100.0,5.0,8.66,,,False,,,USD,2000000.0
ARCC,0001287750,0001628280-26-050307,10-Q,2026-06-30,2026-07-29,"Northwinds Holding, Inc. and Northwinds Services Group LLC | First lien senior secured loan 1",Northwinds Holding,Northwinds Holding,First Lien,,,,6100000.0,6100000.0,6100000.0,,100.0,5.25,9.08,,,False,,,USD,6100000.0
ARCC,0001287750,0001628280-26-050307,10-Q,2026-06-30,2026-07-29,"Northwinds Holding, Inc. and Northwinds Services Group LLC | First lien senior secured loan 2",Northwinds Holding,Northwinds Holding,First Lien,,,,26600000.0,26600000.0,26600000.0,,100.0,5.25,9.07,,,False,,,USD,26600000.0
ARCC,0001287750,0001628280-26-050307,10-Q,2026-06-30,2026-07-29,"Northwinds Holding, Inc. and Northwinds Services Group LLC | First lien senior secured loan 3",Northwinds Holding,Northwinds Holding,First Lien,,,,2700000.0,2700000.0,2700000.0,,100.0,5.25,9.08,,,False,,,USD,2700000.0
ARCC,0001287750,0001628280-26-050307,10-Q,2026-06-30,2026-07-29,"Northwinds Holding, Inc. and Northwinds Services Group LLC | Common units",Northwinds Holding,Northwinds Holding,Common Equity,,,,5000000.0,4000000.0,,2911607.0,125.0,,,,,False,,,USD,5000000.0
ARCC,0001287750,0001628280-26-050307,10-Q,2026-06-30,2026-07-29,"OTG Concessions Management, LLC and Octa Parent Holdings, LLC | Second lien notes","OTG Concessions Management, LLC and Octa Parent Holdings","OTG Concessions Management, LLC and Octa Parent Holdings",Second Lien,,,,7300000.0,9700000.0,9700000.0,,75.26,,,,,False,,,USD,7300000.0
ARCC,0001287750,0001628280-26-050307,10-Q,2026-06-30,2026-07-29,"OTG Concessions Management, LLC and Octa Parent Holdings, LLC | Participation rights","OTG Concessions Management, LLC and Octa Parent Holdings","OTG Concessions Management, LLC and Octa Parent Holdings",Participation,,,,0.0,0.0,,1.0,,,,,,False,,,USD,0.0
ARCC,0001287750,0001628280-26-050307,10-Q,2026-06-30,2026-07-29,"PestCo Holdings, LLC and PestCo, LLC | First lien senior secured revolving loan","PestCo Holdings, LLC and PestCo","PestCo Holdings, LLC and PestCo",First Lien,,,,500000.0,500000.0,500000.0,,100.0,3.75,10.5,,,False,,,USD,500000.0
ARCC,0001287750,0001628280-26-050307,10-Q,2026-06-30,2026-07-29,"PestCo Holdings, LLC and PestCo, LLC | First lien senior secured loan","PestCo Holdings, LLC and PestCo","PestCo Holdings, LLC and PestCo",First Lien,,,,16600000.0,16500000.0,16600000.0,,100.0,4.75,8.41,,,False,,,USD,16600000.0
ARCC,0001287750,0001628280-26-050307,10-Q,2026-06-30,2026-07-29,"PestCo Holdings, LLC and PestCo, LLC | Class A units","PestCo Holdings, LLC and PestCo","PestCo Holdings, LLC and PestCo",Common Equity,,,,3100000.0,1900000.0,,139.0,163.16,,,,,False,,,USD,3100000.0
ARCC,0001287750,0001628280-26-050307,10-Q,2026-06-30,2026-07-29,"Pinnacle MEP Intermediate Holdco LLC and BPCP Pinnacle Holdings, Inc. | First lien senior secured revolving loan",Pinnacle MEP Intermediate Holdco LLC and BPCP Pinnacle Holdings,Pinnacle MEP Intermediate Holdco LLC and BPCP Pinnacle Holdings,First Lien,,,,400000.0,500000.0,500000.0,,80.0,6.75,10.47,,1.5,True,,,USD,400000.0
ARCC,0001287750,0001628280-26-050307,10-Q,2026-06-30,2026-07-29,"Pinnacle MEP Intermediate Holdco LLC and BPCP Pinnacle Holdings, Inc. | First lien senior secured loan",Pinnacle MEP Intermediate Holdco LLC and BPCP Pinnacle Holdings,Pinnacle MEP Intermediate Holdco LLC and BPCP Pinnacle Holdings,First Lien,,,,6000000.0,6600000.0,6600000.0,,90.91,6.75,10.48,,1.5,True,,,USD,6000000.0
ARCC,0001287750,0001628280-26-050307,10-Q,2026-06-30,2026-07-29,"Pinnacle MEP Intermediate Holdco LLC and BPCP Pinnacle Holdings, Inc. | Preferred units",Pinnacle MEP Intermediate Holdco LLC and BPCP Pinnacle Holdings,Pinnacle MEP Intermediate Holdco LLC and BPCP Pinnacle Holdings,Preferred Equity,,,,100000.0,100000.0,,84.0,100.0,,,,20.0,True,,,USD,100000.0
ARCC,0001287750,0001628280-26-050307,10-Q,2026-06-30,2026-07-29,"Pinnacle MEP Intermediate Holdco LLC and BPCP Pinnacle Holdings, Inc. | Common stock",Pinnacle MEP Intermediate Holdco LLC and BPCP Pinnacle Holdings,Pinnacle MEP Intermediate Holdco LLC and BPCP Pinnacle Holdings,Common Equity,,,,0.0,700000.0,,667.0,0.0,,,,,False,,,USD,0.0
ARCC,0001287750,0001628280-26-050307,10-Q,2026-06-30,2026-07-29,"Premiere Buyer, LLC | First lien senior secured loan 1",Premiere Buyer,Premiere Buyer,First Lien,,,,5500000.0,5500000.0,5500000.0,,100.0,4.5,8.23,,,False,,,USD,5500000.0
ARCC,0001287750,0001628280-26-050307,10-Q,2026-06-30,2026-07-29,"Premiere Buyer, LLC | First lien senior secured loan 2",Premiere Buyer,Premiere Buyer,First Lien,,,,1000000.0,1000000.0,1000000.0,,100.0,4.5,8.23,,,False,,,USD,1000000.0
ARCC,0001287750,0001628280-26-050307,10-Q,2026-06-30,2026-07-29,"Pyramid-BMC IntermediateCo I, LLC  and Pyramid Investors, LLC | First lien senior secured loan 1","Pyramid-BMC IntermediateCo I, LLC  and Pyramid Investors","Pyramid-BMC IntermediateCo I, LLC  and Pyramid Investors",First Lien,,,,2600000.0,2600000.0,2600000.0,,100.0,5.25,8.92,,,False,,,USD,2600000.0
ARCC,0001287750,0001628280-26-050307,10-Q,2026-06-30,2026-07-29,"Pyramid-BMC IntermediateCo I, LLC  and Pyramid Investors, LLC | First lien senior secured loan 2","Pyramid-BMC IntermediateCo I, LLC  and Pyramid Investors","Pyramid-BMC IntermediateCo I, LLC  and Pyramid Investors",First Lien,,,,7300000.0,7300000.0,7300000.0,,100.0,5.25,8.92,,,False,,,USD,7300000.0
ARCC,0001287750,0001628280-26-050307,10-Q,2026-06-30,2026-07-29,"Pyramid-BMC IntermediateCo I, LLC  and Pyramid Investors, LLC | Preferred membership units","Pyramid-BMC IntermediateCo I, LLC  and Pyramid Investors","Pyramid-BMC IntermediateCo I, LLC  and Pyramid Investors",Equity,,,,3500000.0,1300000.0,,996833.0,269.23,,,,8.0,True,,,USD,3500000.0
ARCC,0001287750,0001628280-26-050307,10-Q,2026-06-30,2026-07-29,"Quick Quack Car Wash Holdings, LLC and KKR Game Changer Co-Invest Feeder II L.P. | First lien senior secured loan 1",Quick Quack Car Wash Holdings,Quick Quack Car Wash Holdings,First Lien,,,,5600000.0,5600000.0,5600000.0,,100.0,5.0,8.64,,,False,,,USD,5600000.0
ARCC,0001287750,0001628280-26-050307,10-Q,2026-06-30,2026-07-29,"Quick Quack Car Wash Holdings, LLC and KKR Game Changer Co-Invest Feeder II L.P. | First lien senior secured loan 2",Quick Quack Car Wash Holdings,Quick Quack Car Wash Holdings,First Lien,,,,10900000.0,10900000.0,10900000.0,,100.0,5.0,8.64,,,False,,,USD,10900000.0
ARCC,0001287750,0001628280-26-050307,10-Q,2026-06-30,2026-07-29,"Quick Quack Car Wash Holdings, LLC and KKR Game Changer Co-Invest Feeder II L.P. | Limited partnership interest",Quick Quack Car Wash Holdings,Quick Quack Car Wash Holdings,LP Interest,,,,11200000.0,11200000.0,,11184000.0,100.0,,,,,False,,,USD,11200000.0
ARCC,0001287750,0001628280-26-050307,10-Q,2026-06-30,2026-07-29,"Radiant Intermediate Holding, LLC | First lien senior secured loan",Radiant Intermediate Holding,Radiant Intermediate Holding,First Lien,,,,2100000.0,2100000.0,2100000.0,,100.0,5.75,9.52,,,False,,,USD,2100000.0
ARCC,0001287750,0001628280-26-050307,10-Q,2026-06-30,2026-07-29,Redwood Services LP | First lien senior secured revolving loan,Redwood Services LP |,Redwood Services LP |,First Lien,,,,0.0,0.0,0.0,,,,,,,False,,,USD,0.0
ARCC,0001287750,0001628280-26-050307,10-Q,2026-06-30,2026-07-29,Redwood Services LP | First lien senior secured loan,Redwood Services LP |,Redwood Services LP |,First Lien,,,,6600000.0,6600000.0,6600000.0,,100.0,4.25,7.98,,,False,,,USD,6600000.0
ARCC,0001287750,0001628280-26-050307,10-Q,2026-06-30,2026-07-29,"Saber Parent Holdings Corp. and MSHC, Inc. | First lien senior secured revolving loan",Saber Parent Holdings Corp. and MSHC,Saber Parent Holdings Corp. and MSHC,First Lien,,,,1800000.0,1800000.0,1800000.0,,100.0,3.5,10.25,,,False,,,USD,1800000.0
ARCC,0001287750,0001628280-26-050307,10-Q,2026-06-30,2026-07-29,"Saber Parent Holdings Corp. and MSHC, Inc. | First lien senior secured loan 1",Saber Parent Holdings Corp. and MSHC,Saber Parent Holdings Corp. and MSHC,First Lien,,,,1100000.0,1200000.0,1200000.0,,91.67,4.75,8.38,,2.25,True,,,USD,1100000.0
ARCC,0001287750,0001628280-26-050307,10-Q,2026-06-30,2026-07-29,"Saber Parent Holdings Corp. and MSHC, Inc. | First lien senior secured loan 2",Saber Parent Holdings Corp. and MSHC,Saber Parent Holdings Corp. and MSHC,First Lien,,,,22800000.0,23100000.0,23100000.0,,98.7,4.75,8.42,,2.25,True,,,USD,22800000.0
ARCC,0001287750,0001628280-26-050307,10-Q,2026-06-30,2026-07-29,"Safe Home Security, Inc., Security Systems Inc., Safe Home Monitoring, Inc., National Protective Services, Inc., Bright Integrations LLC and Medguard Alert, Inc. | First lien senior secured loan","Safe Home Security, Inc., Security Systems Inc., Safe Home Monitoring, Inc., National Protective Services, Inc., Bright Integrations LLC and Medguard Alert","Safe Home Security, Inc., Security Systems Inc., Safe Home Monitoring, Inc., National Protective Services, Inc., Bright Integrations LLC and Medguard Alert",First Lien,,,,24500000.0,25000000.0,25000000.0,,98.0,6.0,9.76,,1.0,True,,,USD,24500000.0
ARCC,0001287750,0001628280-26-050307,10-Q,2026-06-30,2026-07-29,"SGP Shaka HoldCo, LLC and SGP Shaka JV, LLC | First lien senior secured loan","SGP Shaka HoldCo, LLC and SGP Shaka JV","SGP Shaka HoldCo, LLC and SGP Shaka JV",First Lien,,,,5800000.0,5800000.0,5800000.0,,100.0,6.25,9.98,,,False,,,USD,5800000.0
ARCC,0001287750,0001628280-26-050307,10-Q,2026-06-30,2026-07-29,"SGP Shaka HoldCo, LLC and SGP Shaka JV, LLC | Series A preferred units","SGP Shaka HoldCo, LLC and SGP Shaka JV","SGP Shaka HoldCo, LLC and SGP Shaka JV",Preferred Equity,,,,7700000.0,7700000.0,,7308.0,100.0,,,,13.25,True,,,USD,7700000.0
ARCC,0001287750,0001628280-26-050307,10-Q,2026-06-30,2026-07-29,"SGP Shaka HoldCo, LLC and SGP Shaka JV, LLC | Warrant to purchase common units","SGP Shaka HoldCo, LLC and SGP Shaka JV","SGP Shaka HoldCo, LLC and SGP Shaka JV",Warrant,,,,0.0,0.0,,913500.0,,,,,,False,,,USD,0.0
ARCC,0001287750,0001628280-26-050307,10-Q,2026-06-30,2026-07-29,"Taymax Group, L.P., Taymax Group G.P., LLC, PF Salem Canada ULC and TCP Fit Parent, L.P. | First lien senior secured loan 1","Taymax Group, L.P., Taymax Group G.P., LLC, PF Salem Canada ULC and TCP Fit Parent","Taymax Group, L.P., Taymax Group G.P., LLC, PF Salem Canada ULC and TCP Fit Parent",First Lien,,,,1300000.0,1300000.0,1300000.0,,100.0,5.33,9.08,,,False,,,USD,1300000.0
ARCC,0001287750,0001628280-26-050307,10-Q,2026-06-30,2026-07-29,"Taymax Group, L.P., Taymax Group G.P., LLC, PF Salem Canada ULC and TCP Fit Parent, L.P. | First lien senior secured loan 2","Taymax Group, L.P., Taymax Group G.P., LLC, PF Salem Canada ULC and TCP Fit Parent","Taymax Group, L.P., Taymax Group G.P., LLC, PF Salem Canada ULC and TCP Fit Parent",First Lien,,,,6300000.0,6300000.0,6300000.0,,100.0,4.75,8.49,,,False,,,USD,6300000.0
ARCC,0001287750,0001628280-26-050307,10-Q,2026-06-30,2026-07-29,"Taymax Group, L.P., Taymax Group G.P., LLC, PF Salem Canada ULC and TCP Fit Parent, L.P. | First lien senior secured loan 3","Taymax Group, L.P., Taymax Group G.P., LLC, PF Salem Canada ULC and TCP Fit Parent","Taymax Group, L.P., Taymax Group G.P., LLC, PF Salem Canada ULC and TCP Fit Parent",First Lien,,,,400000.0,400000.0,400000.0,,100.0,5.5,9.24,,,False,,,USD,400000.0
ARCC,0001287750,0001628280-26-050307,10-Q,2026-06-30,2026-07-29,"Taymax Group, L.P., Taymax Group G.P., LLC, PF Salem Canada ULC and TCP Fit Parent, L.P. | Class A units","Taymax Group, L.P., Taymax Group G.P., LLC, PF Salem Canada ULC and TCP Fit Parent","Taymax Group, L.P., Taymax Group G.P., LLC, PF Salem Canada ULC and TCP Fit Parent",Common Equity,,,,8100000.0,3800000.0,,37020.0,213.16,,,,,False,,,USD,8100000.0
ARCC,0001287750,0001628280-26-050307,10-Q,2026-06-30,2026-07-29,"The Arcticom Group, LLC and AMCP Mechanical Holdings, LP | First lien senior secured revolving loan","The Arcticom Group, LLC and AMCP Mechanical Holdings","The Arcticom Group, LLC and AMCP Mechanical Holdings",First Lien,,,,12900000.0,12900000.0,12900000.0,,100.0,8.0,11.62,,,False,,,USD,12900000.0
ARCC,0001287750,0001628280-26-050307,10-Q,2026-06-30,2026-07-29,"The Arcticom Group, LLC and AMCP Mechanical Holdings, LP | First lien senior secured loan 1","The Arcticom Group, LLC and AMCP Mechanical Holdings","The Arcticom Group, LLC and AMCP Mechanical Holdings",First Lien,,,,200000.0,200000.0,200000.0,,100.0,8.0,,,4.5,True,,,USD,200000.0
ARCC,0001287750,0001628280-26-050307,10-Q,2026-06-30,2026-07-29,"The Arcticom Group, LLC and AMCP Mechanical Holdings, LP | First lien senior secured loan 5","The Arcticom Group, LLC and AMCP Mechanical Holdings","The Arcticom Group, LLC and AMCP Mechanical Holdings",First Lien,,,,200000.0,200000.0,200000.0,,100.0,8.0,11.64,,4.5,True,,,USD,200000.0
ARCC,0001287750,0001628280-26-050307,10-Q,2026-06-30,2026-07-29,"The Arcticom Group, LLC and AMCP Mechanical Holdings, LP | First lien senior secured loan 2","The Arcticom Group, LLC and AMCP Mechanical Holdings","The Arcticom Group, LLC and AMCP Mechanical Holdings",First Lien,,,,11300000.0,11300000.0,11300000.0,,100.0,8.0,11.64,,,False,,,USD,11300000.0
ARCC,0001287750,0001628280-26-050307,10-Q,2026-06-30,2026-07-29,"The Arcticom Group, LLC and AMCP Mechanical Holdings, LP | First lien senior secured loan 4","The Arcticom Group, LLC and AMCP Mechanical Holdings","The Arcticom Group, LLC and AMCP Mechanical Holdings",First Lien,,,,5600000.0,5600000.0,5600000.0,,100.0,8.0,11.64,,4.5,True,,,USD,5600000.0
ARCC,0001287750,0001628280-26-050307,10-Q,2026-06-30,2026-07-29,"The Arcticom Group, LLC and AMCP Mechanical Holdings, LP | First lien senior secured loan 3","The Arcticom Group, LLC and AMCP Mechanical Holdings","The Arcticom Group, LLC and AMCP Mechanical Holdings",First Lien,,,,1700000.0,1700000.0,1700000.0,,100.0,8.0,,,4.5,True,,,USD,1700000.0
ARCC,0001287750,0001628280-26-050307,10-Q,2026-06-30,2026-07-29,"The Arcticom Group, LLC and AMCP Mechanical Holdings, LP | Preferred units","The Arcticom Group, LLC and AMCP Mechanical Holdings","The Arcticom Group, LLC and AMCP Mechanical Holdings",Preferred Equity,,,,600000.0,500000.0,,544260.0,120.0,,,,,False,,,USD,600000.0
ARCC,0001287750,0001628280-26-050307,10-Q,2026-06-30,2026-07-29,"The Arcticom Group, LLC and AMCP Mechanical Holdings, LP | Class A units","The Arcticom Group, LLC and AMCP Mechanical Holdings","The Arcticom Group, LLC and AMCP Mechanical Holdings",Common Equity,,,,9700000.0,8500000.0,,8493698.0,114.12,,,,,False,,,USD,9700000.0
ARCC,0001287750,0001628280-26-050307,10-Q,2026-06-30,2026-07-29,"The Arcticom Group, LLC and AMCP Mechanical Holdings, LP | Class C units","The Arcticom Group, LLC and AMCP Mechanical Holdings","The Arcticom Group, LLC and AMCP Mechanical Holdings",Common Equity,,,,0.0,0.0,,333510.0,,,,,,False,,,USD,0.0
ARCC,0001287750,0001628280-26-050307,10-Q,2026-06-30,2026-07-29,"TopGolf International, LLC and TopGolf Topco, LLC | First lien senior secured revolving loan","TopGolf International, LLC and TopGolf Topco","TopGolf International, LLC and TopGolf Topco",First Lien,,,,0.0,0.0,0.0,,,,,,,False,,,USD,0.0
ARCC,0001287750,0001628280-26-050307,10-Q,2026-06-30,2026-07-29,"TopGolf International, LLC and TopGolf Topco, LLC | First lien senior secured loan","TopGolf International, LLC and TopGolf Topco","TopGolf International, LLC and TopGolf Topco",First Lien,,,,57100000.0,57700000.0,57700000.0,,98.96,4.5,8.18,,,False,,,USD,57100000.0
ARCC,0001287750,0001628280-26-050307,10-Q,2026-06-30,2026-07-29,"TopGolf International, LLC and TopGolf Topco, LLC | Common units","TopGolf International, LLC and TopGolf Topco","TopGolf International, LLC and TopGolf Topco",Common Equity,,,,18400000.0,18400000.0,,184355.0,100.0,,,,,False,,,USD,18400000.0
ARCC,0001287750,0001628280-26-050307,10-Q,2026-06-30,2026-07-29,"Triple JJJ Lube, Corp. and TCC Buyer Holdco, LLC | First lien senior secured loan","Triple JJJ Lube, Corp. and TCC Buyer Holdco","Triple JJJ Lube, Corp. and TCC Buyer Holdco",First Lien,,,,34300000.0,34300000.0,34300000.0,,100.0,6.0,9.67,,,False,,,USD,34300000.0
ARCC,0001287750,0001628280-26-050307,10-Q,2026-06-30,2026-07-29,"Triple JJJ Lube, Corp. and TCC Buyer Holdco, LLC | Class A preferred units","Triple JJJ Lube, Corp. and TCC Buyer Holdco","Triple JJJ Lube, Corp. and TCC Buyer Holdco",Preferred Equity,,,,43200000.0,32100000.0,,32086.0,134.58,,,,,False,,,USD,43200000.0
ARCC,0001287750,0001628280-26-050307,10-Q,2026-06-30,2026-07-29,"Triwizard Holdings, Inc. and Triwizard Parent, LP | First lien senior secured revolving loan 1","Triwizard Holdings, Inc. and Triwizard Parent","Triwizard Holdings, Inc. and Triwizard Parent",First Lien,,,,4000000.0,4000000.0,4000000.0,,100.0,5.0,8.65,,,False,,,USD,4000000.0
ARCC,0001287750,0001628280-26-050307,10-Q,2026-06-30,2026-07-29,"Triwizard Holdings, Inc. and Triwizard Parent, LP | First lien senior secured revolving loan 2","Triwizard Holdings, Inc. and Triwizard Parent","Triwizard Holdings, Inc. and Triwizard Parent",First Lien,,,,4000000.0,4000000.0,4000000.0,,100.0,4.0,10.75,,,False,,,USD,4000000.0
ARCC,0001287750,0001628280-26-050307,10-Q,2026-06-30,2026-07-29,"Triwizard Holdings, Inc. and Triwizard Parent, LP | First lien senior secured loan 1","Triwizard Holdings, Inc. and Triwizard Parent","Triwizard Holdings, Inc. and Triwizard Parent",First Lien,,,,15300000.0,15300000.0,15300000.0,,100.0,5.0,8.71,,,False,,,USD,15300000.0
ARCC,0001287750,0001628280-26-050307,10-Q,2026-06-30,2026-07-29,"Triwizard Holdings, Inc. and Triwizard Parent, LP | First lien senior secured loan 2","Triwizard Holdings, Inc. and Triwizard Parent","Triwizard Holdings, Inc. and Triwizard Parent",First Lien,,,,2800000.0,2800000.0,2800000.0,,100.0,5.0,8.69,,,False,,,USD,2800000.0
ARCC,0001287750,0001628280-26-050307,10-Q,2026-06-30,2026-07-29,"Triwizard Holdings, Inc. and Triwizard Parent, LP, Class A-2 common units","Triwizard Holdings, Inc. and Triwizard Parent, LP","Triwizard Holdings, Inc. and Triwizard Parent, LP",Common Equity,,,,5600000.0,3000000.0,,30000.0,186.67,,,,,False,,,USD,5600000.0
ARCC,0001287750,0001628280-26-050307,10-Q,2026-06-30,2026-07-29,"TSWT Acquisition, Inc. and TSWT Holdings, LLC | First lien senior secured revolving loan 1","TSWT Acquisition, Inc. and TSWT Holdings","TSWT Acquisition, Inc. and TSWT Holdings",First Lien,,,,700000.0,700000.0,700000.0,,100.0,4.0,10.75,,,False,,,USD,700000.0
ARCC,0001287750,0001628280-26-050307,10-Q,2026-06-30,2026-07-29,"TSWT Acquisition, Inc. and TSWT Holdings, LLC | First lien senior secured revolving loan 2","TSWT Acquisition, Inc. and TSWT Holdings","TSWT Acquisition, Inc. and TSWT Holdings",First Lien,,,,700000.0,700000.0,700000.0,,100.0,5.0,8.64,,,False,,,USD,700000.0
ARCC,0001287750,0001628280-26-050307,10-Q,2026-06-30,2026-07-29,"TSWT Acquisition, Inc. and TSWT Holdings, LLC | First lien senior secured loan","TSWT Acquisition, Inc. and TSWT Holdings","TSWT Acquisition, Inc. and TSWT Holdings",First Lien,,,,19700000.0,19700000.0,19700000.0,,100.0,5.0,8.67,,,False,,,USD,19700000.0
ARCC,0001287750,0001628280-26-050307,10-Q,2026-06-30,2026-07-29,"TSWT Acquisition, Inc. and TSWT Holdings, LLC | Class A units","TSWT Acquisition, Inc. and TSWT Holdings","TSWT Acquisition, Inc. and TSWT Holdings",Common Equity,,,,1100000.0,900000.0,,42.0,122.22,,,,,False,,,USD,1100000.0
ARCC,0001287750,0001628280-26-050307,10-Q,2026-06-30,2026-07-29,"Vertex Service Partners, LLC and Vertex Service Partners Holdings, LLC | First lien senior secured revolving loan","Vertex Service Partners, LLC and Vertex Service Partners Holdings","Vertex Service Partners, LLC and Vertex Service Partners Holdings",First Lien,,,,1000000.0,1200000.0,1200000.0,,83.33,6.0,9.74,,,False,,,USD,1000000.0
ARCC,0001287750,0001628280-26-050307,10-Q,2026-06-30,2026-07-29,"Vertex Service Partners, LLC and Vertex Service Partners Holdings, LLC | First lien senior secured loan 1","Vertex Service Partners, LLC and Vertex Service Partners Holdings","Vertex Service Partners, LLC and Vertex Service Partners Holdings",First Lien,,,,2600000.0,3000000.0,3000000.0,,86.67,6.0,9.7,,4.09,True,,,USD,2600000.0
ARCC,0001287750,0001628280-26-050307,10-Q,2026-06-30,2026-07-29,"Vertex Service Partners, LLC and Vertex Service Partners Holdings, LLC | First lien senior secured loan 2","Vertex Service Partners, LLC and Vertex Service Partners Holdings","Vertex Service Partners, LLC and Vertex Service Partners Holdings",First Lien,,,,13300000.0,15500000.0,15500000.0,,85.81,6.0,9.73,,4.09,True,,,USD,13300000.0
ARCC,0001287750,0001628280-26-050307,10-Q,2026-06-30,2026-07-29,"Vertex Service Partners, LLC and Vertex Service Partners Holdings, LLC | Class B common units","Vertex Service Partners, LLC and Vertex Service Partners Holdings","Vertex Service Partners, LLC and Vertex Service Partners Holdings",Common Equity,,,,200000.0,200000.0,,212.0,100.0,,,,,False,,,USD,200000.0
ARCC,0001287750,0001628280-26-050307,10-Q,2026-06-30,2026-07-29,"Vista Higher Learning, LLC | First lien senior secured loan 1",Vista Higher Learning,Vista Higher Learning,First Lien,,,,32100000.0,32800000.0,32800000.0,,97.87,4.75,8.42,,,False,,,USD,32100000.0
ARCC,0001287750,0001628280-26-050307,10-Q,2026-06-30,2026-07-29,"Vista Higher Learning, LLC | First lien senior secured loan 2",Vista Higher Learning,Vista Higher Learning,First Lien,,,,100000.0,100000.0,100000.0,,100.0,4.75,8.48,,,False,,,USD,100000.0
ARCC,0001287750,0001628280-26-050307,10-Q,2026-06-30,2026-07-29,"Vista Higher Learning, LLC | First lien senior secured loan 3",Vista Higher Learning,Vista Higher Learning,First Lien,,,,3600000.0,3600000.0,3600000.0,,100.0,4.75,8.48,,,False,,,USD,3600000.0
ARCC,0001287750,0001628280-26-050307,10-Q,2026-06-30,2026-07-29,"ZBS Mechanical Group Co-Invest Fund 2, LLC and ZBS Mechanical Group Co-Invest II Fund 2, LLC | Membership interest 1","ZBS Mechanical Group Co-Invest Fund 2, LLC and ZBS Mechanical Group Co-Invest II Fund 2","ZBS Mechanical Group Co-Invest Fund 2, LLC and ZBS Mechanical Group Co-Invest II Fund 2",LLC Interest,,,,8000000.0,1400000.0,,2771000.0,571.43,,,,,False,,,USD,8000000.0
ARCC,0001287750,0001628280-26-050307,10-Q,2026-06-30,2026-07-29,"ZBS Mechanical Group Co-Invest Fund 2, LLC and ZBS Mechanical Group Co-Invest II Fund 2, LLC | Membership interest 2","ZBS Mechanical Group Co-Invest Fund 2, LLC and ZBS Mechanical Group Co-Invest II Fund 2","ZBS Mechanical Group Co-Invest Fund 2, LLC and ZBS Mechanical Group Co-Invest II Fund 2",LLC Interest,,,,1500000.0,300000.0,,264161.0,500.0,,,,,False,,,USD,1500000.0
ARCC,0001287750,0001628280-26-050307,10-Q,2026-06-30,2026-07-29,15484880 Canada Inc. and 15484910 Canada Inc. | First lien senior secured loan 1,15484880 Canada Inc. and 15484910 Canada Inc. |,15484880 Canada Inc. and 15484910 Canada Inc. |,First Lien,,,,300000.0,300000.0,300000.0,,100.0,5.25,7.83,,,False,,,USD,300000.0
ARCC,0001287750,0001628280-26-050307,10-Q,2026-06-30,2026-07-29,15484880 Canada Inc. and 15484910 Canada Inc. | First lien senior secured loan 2,15484880 Canada Inc. and 15484910 Canada Inc. |,15484880 Canada Inc. and 15484910 Canada Inc. |,First Lien,,,,3800000.0,4000000.0,3800000.0,,100.0,5.25,7.83,,,False,,,USD,3800000.0
ARCC,0001287750,0001628280-26-050307,10-Q,2026-06-30,2026-07-29,15484880 Canada Inc. and 15484910 Canada Inc. | First lien senior secured loan 3,15484880 Canada Inc. and 15484910 Canada Inc. |,15484880 Canada Inc. and 15484910 Canada Inc. |,First Lien,,,,33400000.0,33400000.0,33400000.0,,100.0,5.25,7.83,,,False,,,USD,33400000.0
ARCC,0001287750,0001628280-26-050307,10-Q,2026-06-30,2026-07-29,15484880 Canada Inc. and 15484910 Canada Inc. | First lien senior secured loan 4,15484880 Canada Inc. and 15484910 Canada Inc. |,15484880 Canada Inc. and 15484910 Canada Inc. |,First Lien,,,,7600000.0,7800000.0,7600000.0,,100.0,5.25,7.72,,,False,,,USD,7600000.0
ARCC,0001287750,0001628280-26-050307,10-Q,2026-06-30,2026-07-29,15484880 Canada Inc. and 15484910 Canada Inc. | Senior subordinated loan,15484880 Canada Inc. and 15484910 Canada Inc. |,15484880 Canada Inc. and 15484910 Canada Inc. |,Senior Subordinated,,,,15200000.0,15200000.0,15200000.0,,100.0,,,,14.0,True,,,USD,15200000.0
ARCC,0001287750,0001628280-26-050307,10-Q,2026-06-30,2026-07-29,15484880 Canada Inc. and 15484910 Canada Inc. | Class A2 shares,15484880 Canada Inc. and 15484910 Canada Inc. |,15484880 Canada Inc. and 15484910 Canada Inc. |,Common Equity,,,,14800000.0,13800000.0,,19825189.0,107.25,,,,,False,,,USD,14800000.0
ARCC,0001287750,0001628280-26-050307,10-Q,2026-06-30,2026-07-29,"AQ Sunshine, Inc. and BayPine Regal Co-Invest, LP | First lien senior secured loan","AQ Sunshine, Inc. and BayPine Regal Co-Invest","AQ Sunshine, Inc. and BayPine Regal Co-Invest",First Lien,,,,138900000.0,140300000.0,140300000.0,,99.0,5.0,8.66,,,False,,,USD,138900000.0
ARCC,0001287750,0001628280-26-050307,10-Q,2026-06-30,2026-07-29,"AQ Sunshine, Inc. and BayPine Regal Co-Invest, LP | Limited partnership interests","AQ Sunshine, Inc. and BayPine Regal Co-Invest","AQ Sunshine, Inc. and BayPine Regal Co-Invest",LP Interest,,,,5000000.0,5000000.0,,5000000.0,100.0,,,,,False,,,USD,5000000.0
ARCC,0001287750,0001628280-26-050307,10-Q,2026-06-30,2026-07-29,"Ardonagh Midco 3 Limited, Ardonagh Group Finco Pty Limited, Ardonagh Finco LLC, Ardonagh Finco B.V., and MDCP Co-Investors (Jade I), L.P. | Limited partnership interest","Ardonagh Midco 3 Limited, Ardonagh Group Finco Pty Limited, Ardonagh Finco LLC, Ardonagh Finco B.V., and MDCP Co-Investors (Jade I)","Ardonagh Midco 3 Limited, Ardonagh Group Finco Pty Limited, Ardonagh Finco LLC, Ardonagh Finco B.V., and MDCP Co-Investors (Jade I)",LP Interest,,,,23200000.0,24100000.0,,17510000.0,96.27,,,,,False,,,USD,23200000.0
ARCC,0001287750,0001628280-26-050307,10-Q,2026-06-30,2026-07-29,"Bellwether Buyer, L.L.C. and Bellwether Topco V Buyer, Inc. | First lien senior secured loan","Bellwether Buyer, L.L.C. and Bellwether Topco V Buyer","Bellwether Buyer, L.L.C. and Bellwether Topco V Buyer",First Lien,,,,1100000.0,1100000.0,1100000.0,,100.0,4.5,8.15,,,False,,,USD,1100000.0
ARCC,0001287750,0001628280-26-050307,10-Q,2026-06-30,2026-07-29,"Benecon Midco II LLC and Benecon Holdings, LLC | First lien senior secured loan",Benecon Midco II LLC and Benecon Holdings,Benecon Midco II LLC and Benecon Holdings,First Lien,,,,17900000.0,17900000.0,17900000.0,,100.0,4.5,8.24,,,False,,,USD,17900000.0
ARCC,0001287750,0001628280-26-050307,10-Q,2026-06-30,2026-07-29,"Benecon Midco II LLC and Benecon Holdings, LLC | Class A units",Benecon Midco II LLC and Benecon Holdings,Benecon Midco II LLC and Benecon Holdings,Common Equity,,,,35700000.0,27100000.0,,7796550.0,131.73,,,,,False,,,USD,35700000.0
ARCC,0001287750,0001628280-26-050307,10-Q,2026-06-30,2026-07-29,"Daylight Beta Parent LLC and CFCo, LLC | First lien senior secured loan 1",Daylight Beta Parent LLC and CFCo,Daylight Beta Parent LLC and CFCo,First Lien,,,,600000.0,12000000.0,15400000.0,,3.9,,,,,False,,,USD,600000.0
ARCC,0001287750,0001628280-26-050307,10-Q,2026-06-30,2026-07-29,"Daylight Beta Parent LLC and CFCo, LLC | First lien senior secured loan 2",Daylight Beta Parent LLC and CFCo,Daylight Beta Parent LLC and CFCo,First Lien,,,,0.0,500000.0,20800000.0,,0.0,,,,,False,,,USD,0.0
ARCC,0001287750,0001628280-26-050307,10-Q,2026-06-30,2026-07-29,"Daylight Beta Parent LLC and CFCo, LLC | Class B units",Daylight Beta Parent LLC and CFCo,Daylight Beta Parent LLC and CFCo,Common Equity,,,,0.0,0.0,,32391330.0,,,,,,False,,,USD,0.0
ARCC,0001287750,0001628280-26-050307,10-Q,2026-06-30,2026-07-29,Diamond Mezzanine 24 LLC | First lien senior secured revolving loan,Diamond Mezzanine 24 LLC |,Diamond Mezzanine 24 LLC |,First Lien,,,,1000000.0,1000000.0,1000000.0,,100.0,4.5,8.16,,,False,,,USD,1000000.0
ARCC,0001287750,0001628280-26-050307,10-Q,2026-06-30,2026-07-29,Diamond Mezzanine 24 LLC | First lien senior secured loan,Diamond Mezzanine 24 LLC |,Diamond Mezzanine 24 LLC |,First Lien,,,,5500000.0,5500000.0,5500000.0,,100.0,4.5,8.16,,,False,,,USD,5500000.0
ARCC,0001287750,0001628280-26-050307,10-Q,2026-06-30,2026-07-29,"DOXA Insurance Holdings LLC and Rocket Co-Invest, SLP | First lien senior secured revolving loan",DOXA Insurance Holdings LLC and Rocket Co-Invest,DOXA Insurance Holdings LLC and Rocket Co-Invest,First Lien,,,,500000.0,500000.0,500000.0,,100.0,4.5,8.23,,,False,,,USD,500000.0
ARCC,0001287750,0001628280-26-050307,10-Q,2026-06-30,2026-07-29,"DOXA Insurance Holdings LLC and Rocket Co-Invest, SLP | First lien senior secured loan",DOXA Insurance Holdings LLC and Rocket Co-Invest,DOXA Insurance Holdings LLC and Rocket Co-Invest,First Lien,,,,8700000.0,8800000.0,8800000.0,,98.86,4.5,8.23,,,False,,,USD,8700000.0
ARCC,0001287750,0001628280-26-050307,10-Q,2026-06-30,2026-07-29,"DOXA Insurance Holdings LLC and Rocket Co-Invest, SLP | Limited partnership interest",DOXA Insurance Holdings LLC and Rocket Co-Invest,DOXA Insurance Holdings LLC and Rocket Co-Invest,LP Interest,,,,1900000.0,1300000.0,,1348309.0,146.15,,,,,False,,,USD,1900000.0
ARCC,0001287750,0001628280-26-050307,10-Q,2026-06-30,2026-07-29,"Forza Insurance Holdings, LLC | First lien senior secured loan",Forza Insurance Holdings,Forza Insurance Holdings,First Lien,,,,38500000.0,38500000.0,38500000.0,,100.0,5.75,9.48,,,False,,,USD,38500000.0
ARCC,0001287750,0001628280-26-050307,10-Q,2026-06-30,2026-07-29,"Foundation Risk Partners, Corp. | First lien senior secured revolving loan",Foundation Risk Partners,Foundation Risk Partners,First Lien,,,,9600000.0,9600000.0,9600000.0,,100.0,4.75,8.48,,,False,,,USD,9600000.0
ARCC,0001287750,0001628280-26-050307,10-Q,2026-06-30,2026-07-29,"Foundation Risk Partners, Corp. | First lien senior secured loan 1",Foundation Risk Partners,Foundation Risk Partners,First Lien,,,,9200000.0,9200000.0,9200000.0,,100.0,4.75,8.48,,,False,,,USD,9200000.0
ARCC,0001287750,0001628280-26-050307,10-Q,2026-06-30,2026-07-29,"Foundation Risk Partners, Corp. | First lien senior secured loan 2",Foundation Risk Partners,Foundation Risk Partners,First Lien,,,,16200000.0,16200000.0,16200000.0,,100.0,4.75,8.48,,,False,,,USD,16200000.0
ARCC,0001287750,0001628280-26-050307,10-Q,2026-06-30,2026-07-29,"Foundation Risk Partners, Corp. | First lien senior secured loan 3",Foundation Risk Partners,Foundation Risk Partners,First Lien,,,,66300000.0,66300000.0,66300000.0,,100.0,4.75,8.48,,,False,,,USD,66300000.0
ARCC,0001287750,0001628280-26-050307,10-Q,2026-06-30,2026-07-29,Galway Borrower LLC | First lien senior secured revolving loan,Galway Borrower LLC |,Galway Borrower LLC |,First Lien,,,,4600000.0,4700000.0,4700000.0,,97.87,4.5,8.24,,,False,,,USD,4600000.0
ARCC,0001287750,0001628280-26-050307,10-Q,2026-06-30,2026-07-29,Galway Borrower LLC | First lien senior secured loan 1,Galway Borrower LLC |,Galway Borrower LLC |,First Lien,,,,44900000.0,45300000.0,45300000.0,,99.12,4.5,8.23,,,False,,,USD,44900000.0
ARCC,0001287750,0001628280-26-050307,10-Q,2026-06-30,2026-07-29,Galway Borrower LLC | First lien senior secured loan 2,Galway Borrower LLC |,Galway Borrower LLC |,First Lien,,,,1200000.0,1300000.0,1300000.0,,92.31,4.5,8.23,,,False,,,USD,1200000.0
ARCC,0001287750,0001628280-26-050307,10-Q,2026-06-30,2026-07-29,Gestion ABS Bidco Inc. / ABS Bidco Holdings Inc. | First lien senior secured loan 1,Gestion ABS Bidco Inc. / ABS Bidco Holdings Inc. |,Gestion ABS Bidco Inc. / ABS Bidco Holdings Inc. |,First Lien,,,,10400000.0,10800000.0,10400000.0,,100.0,5.0,7.27,,,False,,,USD,10400000.0
ARCC,0001287750,0001628280-26-050307,10-Q,2026-06-30,2026-07-29,Gestion ABS Bidco Inc. / ABS Bidco Holdings Inc. | First lien senior secured loan 2,Gestion ABS Bidco Inc. / ABS Bidco Holdings Inc. |,Gestion ABS Bidco Inc. / ABS Bidco Holdings Inc. |,First Lien,,,,500000.0,500000.0,500000.0,,100.0,5.0,7.28,,,False,,,USD,500000.0
ARCC,0001287750,0001628280-26-050307,10-Q,2026-06-30,2026-07-29,"Higginbotham Insurance Agency, Inc., HIG Operations Holdings, Inc., and HIG Intermediate, Inc.  | First lien senior secured loan 1","Higginbotham Insurance Agency, Inc., HIG Operations Holdings, Inc., and HIG Intermediate","Higginbotham Insurance Agency, Inc., HIG Operations Holdings, Inc., and HIG Intermediate",First Lien,,,,10200000.0,10200000.0,10200000.0,,100.0,4.5,8.14,,,False,,,USD,10200000.0
ARCC,0001287750,0001628280-26-050307,10-Q,2026-06-30,2026-07-29,"Higginbotham Insurance Agency, Inc., HIG Operations Holdings, Inc., and HIG Intermediate, Inc.  | First lien senior secured loan 2","Higginbotham Insurance Agency, Inc., HIG Operations Holdings, Inc., and HIG Intermediate","Higginbotham Insurance Agency, Inc., HIG Operations Holdings, Inc., and HIG Intermediate",First Lien,,,,5200000.0,5200000.0,5200000.0,,100.0,4.5,8.14,,,False,,,USD,5200000.0
ARCC,0001287750,0001628280-26-050307,10-Q,2026-06-30,2026-07-29,"Higginbotham Insurance Agency, Inc., HIG Operations Holdings, Inc., and HIG Intermediate, Inc.  | First lien senior secured loan 3","Higginbotham Insurance Agency, Inc., HIG Operations Holdings, Inc., and HIG Intermediate","Higginbotham Insurance Agency, Inc., HIG Operations Holdings, Inc., and HIG Intermediate",First Lien,,,,1400000.0,1400000.0,1400000.0,,100.0,4.5,8.14,,,False,,,USD,1400000.0
ARCC,0001287750,0001628280-26-050307,10-Q,2026-06-30,2026-07-29,"Higginbotham Insurance Agency, Inc., HIG Operations Holdings, Inc., and HIG Intermediate, Inc.  | Series A preferred shares","Higginbotham Insurance Agency, Inc., HIG Operations Holdings, Inc., and HIG Intermediate","Higginbotham Insurance Agency, Inc., HIG Operations Holdings, Inc., and HIG Intermediate",Preferred Equity,,,,1000000.0,1000000.0,,1000.0,100.0,,10.5,,,False,,,USD,1000000.0
ARCC,0001287750,0001628280-26-050307,10-Q,2026-06-30,2026-07-29,"High Street Buyer, Inc. and High Street Holdco LLC | First lien senior secured loan 1",High Street Buyer,High Street Buyer,First Lien,,,,22000000.0,22000000.0,22000000.0,,100.0,4.25,7.98,,,False,,,USD,22000000.0
ARCC,0001287750,0001628280-26-050307,10-Q,2026-06-30,2026-07-29,"High Street Buyer, Inc. and High Street Holdco LLC | First lien senior secured loan 2",High Street Buyer,High Street Buyer,First Lien,,,,4000000.0,4000000.0,4000000.0,,100.0,4.25,7.98,,,False,,,USD,4000000.0
ARCC,0001287750,0001628280-26-050307,10-Q,2026-06-30,2026-07-29,"High Street Buyer, Inc. and High Street Holdco LLC | First lien senior secured loan 3",High Street Buyer,High Street Buyer,First Lien,,,,100000.0,100000.0,100000.0,,100.0,4.25,7.98,,,False,,,USD,100000.0
ARCC,0001287750,0001628280-26-050307,10-Q,2026-06-30,2026-07-29,"High Street Buyer, Inc. and High Street Holdco LLC | First lien senior secured loan 4",High Street Buyer,High Street Buyer,First Lien,,,,19300000.0,19300000.0,19300000.0,,100.0,4.25,7.98,,,False,,,USD,19300000.0
ARCC,0001287750,0001628280-26-050307,10-Q,2026-06-30,2026-07-29,"High Street Buyer, Inc. and High Street Holdco LLC | Series A preferred units 1",High Street Buyer,High Street Buyer,Preferred Equity,,,,25900000.0,25900000.0,,20106667.0,100.0,,,,10.0,True,,,USD,25900000.0
ARCC,0001287750,0001628280-26-050307,10-Q,2026-06-30,2026-07-29,"High Street Buyer, Inc. and High Street Holdco LLC | Series A preferred units 2",High Street Buyer,High Street Buyer,Preferred Equity,,,,260400000.0,260400000.0,,172211694.0,100.0,,,,10.0,True,,,USD,260400000.0
ARCC,0001287750,0001628280-26-050307,10-Q,2026-06-30,2026-07-29,"High Street Buyer, Inc. and High Street Holdco LLC | Series A preferred units 3",High Street Buyer,High Street Buyer,Preferred Equity,,,,5500000.0,5500000.0,,4506667.0,100.0,,,,10.0,True,,,USD,5500000.0
ARCC,0001287750,0001628280-26-050307,10-Q,2026-06-30,2026-07-29,"High Street Buyer, Inc. and High Street Holdco LLC | Series A preferred units 4",High Street Buyer,High Street Buyer,Preferred Equity,,,,1700000.0,1700000.0,,1386667.0,100.0,,,,10.0,True,,,USD,1700000.0
ARCC,0001287750,0001628280-26-050307,10-Q,2026-06-30,2026-07-29,"High Street Buyer, Inc. and High Street Holdco LLC | Series A common units",High Street Buyer,High Street Buyer,Common Equity,,,,16200000.0,10300000.0,,5562381.0,157.28,,,,10.0,True,,,USD,16200000.0
ARCC,0001287750,0001628280-26-050307,10-Q,2026-06-30,2026-07-29,"High Street Buyer, Inc. and High Street Holdco LLC | Series C common units",High Street Buyer,High Street Buyer,Common Equity,,,,29200000.0,4700000.0,,10043368.0,621.28,,,,10.0,True,,,USD,29200000.0
ARCC,0001287750,0001628280-26-050307,10-Q,2026-06-30,2026-07-29,"Inszone Mid, LLC and INSZ Holdings, LLC | First lien senior secured loan 1","Inszone Mid, LLC and INSZ Holdings","Inszone Mid, LLC and INSZ Holdings",First Lien,,,,26600000.0,26600000.0,26600000.0,,100.0,5.25,8.98,,,False,,,USD,26600000.0
ARCC,0001287750,0001628280-26-050307,10-Q,2026-06-30,2026-07-29,"Inszone Mid, LLC and INSZ Holdings, LLC | First lien senior secured loan 2","Inszone Mid, LLC and INSZ Holdings","Inszone Mid, LLC and INSZ Holdings",First Lien,,,,63000000.0,63000000.0,63000000.0,,100.0,5.25,8.98,,,False,,,USD,63000000.0
ARCC,0001287750,0001628280-26-050307,10-Q,2026-06-30,2026-07-29,"Inszone Mid, LLC and INSZ Holdings, LLC | First lien senior secured loan 3","Inszone Mid, LLC and INSZ Holdings","Inszone Mid, LLC and INSZ Holdings",First Lien,,,,22400000.0,22700000.0,22700000.0,,98.68,4.5,8.23,,,False,,,USD,22400000.0
ARCC,0001287750,0001628280-26-050307,10-Q,2026-06-30,2026-07-29,"Inszone Mid, LLC and INSZ Holdings, LLC | Common units","Inszone Mid, LLC and INSZ Holdings","Inszone Mid, LLC and INSZ Holdings",Common Equity,,,,17300000.0,8500000.0,,8473000.0,203.53,,,,,False,,,USD,17300000.0
ARCC,0001287750,0001628280-26-050307,10-Q,2026-06-30,2026-07-29,"Inszone Mid, LLC and INSZ Holdings, LLC | Limited partnership interests","Inszone Mid, LLC and INSZ Holdings","Inszone Mid, LLC and INSZ Holdings",LP Interest,,,,4400000.0,1700000.0,,2146088.0,258.82,,,,,False,,,USD,4400000.0
ARCC,0001287750,0001628280-26-050307,10-Q,2026-06-30,2026-07-29,"King Risk Partners, LLC | First lien senior secured loan",King Risk Partners,King Risk Partners,First Lien,,,,8400000.0,8400000.0,8400000.0,,100.0,4.5,8.14,,,False,,,USD,8400000.0
ARCC,0001287750,0001628280-26-050307,10-Q,2026-06-30,2026-07-29,"Knight AcquireCo, LLC and Knight Holdings, LP | First lien senior secured loan","Knight AcquireCo, LLC and Knight Holdings","Knight AcquireCo, LLC and Knight Holdings",First Lien,,,,11800000.0,11800000.0,11900000.0,,99.16,4.5,8.15,,,False,,,USD,11800000.0
ARCC,0001287750,0001628280-26-050307,10-Q,2026-06-30,2026-07-29,"Knight AcquireCo, LLC and Knight Holdings, LP | Class A-1 common units","Knight AcquireCo, LLC and Knight Holdings","Knight AcquireCo, LLC and Knight Holdings",Common Equity,,,,2300000.0,2100000.0,,213806.0,109.52,,,,,False,,,USD,2300000.0
ARCC,0001287750,0001628280-26-050307,10-Q,2026-06-30,2026-07-29,"Koala Investment Holdings, Inc. | First lien senior secured revolving loan",Koala Investment Holdings,Koala Investment Holdings,First Lien,,,,1100000.0,1200000.0,1200000.0,,91.67,4.25,7.96,,,False,,,USD,1100000.0
ARCC,0001287750,0001628280-26-050307,10-Q,2026-06-30,2026-07-29,"Koala Investment Holdings, Inc. | First lien senior secured loan",Koala Investment Holdings,Koala Investment Holdings,First Lien,,,,23700000.0,24200000.0,24200000.0,,97.93,4.25,7.99,,,False,,,USD,23700000.0
ARCC,0001287750,0001628280-26-050307,10-Q,2026-06-30,2026-07-29,"OakBridge Insurance Agency LLC and Maple Acquisition Holdings, LP | First lien senior secured revolving loan",OakBridge Insurance Agency LLC and Maple Acquisition Holdings,OakBridge Insurance Agency LLC and Maple Acquisition Holdings,First Lien,,,,100000.0,100000.0,100000.0,,100.0,4.75,8.39,,,False,,,USD,100000.0
ARCC,0001287750,0001628280-26-050307,10-Q,2026-06-30,2026-07-29,"OakBridge Insurance Agency LLC and Maple Acquisition Holdings, LP | First lien senior secured loan",OakBridge Insurance Agency LLC and Maple Acquisition Holdings,OakBridge Insurance Agency LLC and Maple Acquisition Holdings,First Lien,,,,7300000.0,7300000.0,7300000.0,,100.0,4.75,8.39,,,False,,,USD,7300000.0
ARCC,0001287750,0001628280-26-050307,10-Q,2026-06-30,2026-07-29,"OakBridge Insurance Agency LLC and Maple Acquisition Holdings, LP | Class A2 units",OakBridge Insurance Agency LLC and Maple Acquisition Holdings,OakBridge Insurance Agency LLC and Maple Acquisition Holdings,Common Equity,,,,3200000.0,2300000.0,,115928.0,139.13,,,,,False,,,USD,3200000.0
ARCC,0001287750,0001628280-26-050307,10-Q,2026-06-30,2026-07-29,"Patriot Growth Insurance Services, LLC | First lien senior secured loan",Patriot Growth Insurance Services,Patriot Growth Insurance Services,First Lien,,,,15000000.0,15300000.0,15400000.0,,97.4,5.0,8.88,,,False,,,USD,15000000.0
ARCC,0001287750,0001628280-26-050307,10-Q,2026-06-30,2026-07-29,People Corporation | First lien senior secured loan 1,People Corporation |,People Corporation |,First Lien,,,,48600000.0,53600000.0,48600000.0,,100.0,5.0,7.62,,,False,,,USD,48600000.0
ARCC,0001287750,0001628280-26-050307,10-Q,2026-06-30,2026-07-29,People Corporation | First lien senior secured loan 2,People Corporation |,People Corporation |,First Lien,,,,19900000.0,20500000.0,19900000.0,,100.0,5.0,7.62,,,False,,,USD,19900000.0
ARCC,0001287750,0001628280-26-050307,10-Q,2026-06-30,2026-07-29,People Corporation | First lien senior secured loan 3,People Corporation |,People Corporation |,First Lien,,,,1800000.0,1900000.0,1800000.0,,100.0,5.0,7.62,,,False,,,USD,1800000.0
ARCC,0001287750,0001628280-26-050307,10-Q,2026-06-30,2026-07-29,People Corporation | First lien senior secured loan 4,People Corporation |,People Corporation |,First Lien,,,,38800000.0,40800000.0,38800000.0,,100.0,5.0,7.62,,,False,,,USD,38800000.0
ARCC,0001287750,0001628280-26-050307,10-Q,2026-06-30,2026-07-29,People Corporation | First lien senior secured loan 5,People Corporation |,People Corporation |,First Lien,,,,19000000.0,19400000.0,19000000.0,,100.0,5.0,7.62,,,False,,,USD,19000000.0
ARCC,0001287750,0001628280-26-050307,10-Q,2026-06-30,2026-07-29,"SageSure Holdings, LLC and SageSure LLC | First lien senior secured loan 1",SageSure Holdings,SageSure Holdings,First Lien,,,,34300000.0,34300000.0,34300000.0,,100.0,4.5,8.26,,,False,,,USD,34300000.0
ARCC,0001287750,0001628280-26-050307,10-Q,2026-06-30,2026-07-29,"SageSure Holdings, LLC and SageSure LLC | First lien senior secured loan 2",SageSure Holdings,SageSure Holdings,First Lien,,,,23900000.0,23900000.0,23900000.0,,100.0,4.5,8.26,,,False,,,USD,23900000.0
ARCC,0001287750,0001628280-26-050307,10-Q,2026-06-30,2026-07-29,"SageSure Holdings, LLC and SageSure LLC | Series A units",SageSure Holdings,SageSure Holdings,Common Equity,,,,129100000.0,70000000.0,,710.0,184.43,,,,,False,,,USD,129100000.0
ARCC,0001287750,0001628280-26-050307,10-Q,2026-06-30,2026-07-29,"SelectQuote, Inc. and SQ ABS Issuer, LLC | First lien senior secured notes 1","SelectQuote, Inc. and SQ ABS Issuer","SelectQuote, Inc. and SQ ABS Issuer",First Lien,,,,1200000.0,1200000.0,1200000.0,,100.0,,9.65,,,False,,,USD,1200000.0
ARCC,0001287750,0001628280-26-050307,10-Q,2026-06-30,2026-07-29,"SelectQuote, Inc. and SQ ABS Issuer, LLC | First lien senior secured notes 2","SelectQuote, Inc. and SQ ABS Issuer","SelectQuote, Inc. and SQ ABS Issuer",First Lien,,,,1800000.0,1800000.0,1800000.0,,100.0,,7.8,,,False,,,USD,1800000.0
ARCC,0001287750,0001628280-26-050307,10-Q,2026-06-30,2026-07-29,"SelectQuote, Inc. and SQ ABS Issuer, LLC | Warrant to purchase shares of common stock","SelectQuote, Inc. and SQ ABS Issuer","SelectQuote, Inc. and SQ ABS Issuer",Warrant,,,,0.0,0.0,,179068.0,,,,,,False,,,USD,0.0
ARCC,0001287750,0001628280-26-050307,10-Q,2026-06-30,2026-07-29,"SG Acquisition, Inc. | First lien senior secured loan",SG Acquisition,SG Acquisition,First Lien,,,,13100000.0,13100000.0,13100000.0,,100.0,4.75,8.43,,,False,,,USD,13100000.0
ARCC,0001287750,0001628280-26-050307,10-Q,2026-06-30,2026-07-29,"SIG Parent Holdings, LLC | First lien senior secured loan",SIG Parent Holdings,SIG Parent Holdings,First Lien,,,,11700000.0,11700000.0,11700000.0,,100.0,4.75,8.39,,,False,,,USD,11700000.0
ARCC,0001287750,0001628280-26-050307,10-Q,2026-06-30,2026-07-29,Slaine Holdings LLC | Senior subordinated loan,Slaine Holdings LLC |,Slaine Holdings LLC |,Senior Subordinated,,,,49200000.0,49200000.0,49200000.0,,100.0,6.5,10.14,,,False,,,USD,49200000.0
ARCC,0001287750,0001628280-26-050307,10-Q,2026-06-30,2026-07-29,"THG Acquisition, LLC | First lien senior secured revolving loan",THG Acquisition,THG Acquisition,First Lien,,,,5300000.0,5300000.0,5300000.0,,100.0,4.75,8.39,,,False,,,USD,5300000.0
ARCC,0001287750,0001628280-26-050307,10-Q,2026-06-30,2026-07-29,"THG Acquisition, LLC | First lien senior secured loan",THG Acquisition,THG Acquisition,First Lien,,,,35700000.0,35700000.0,35700000.0,,100.0,4.75,8.39,,,False,,,USD,35700000.0
ARCC,0001287750,0001628280-26-050307,10-Q,2026-06-30,2026-07-29,"Truist Insurance Holdings, LLC and McGriff Insurance Services, LLC | First lien senior secured revolving loan","Truist Insurance Holdings, LLC and McGriff Insurance Services","Truist Insurance Holdings, LLC and McGriff Insurance Services",First Lien,,,,200000.0,100000.0,200000.0,,100.0,3.25,6.92,,,False,,,USD,200000.0
ARCC,0001287750,0001628280-26-050307,10-Q,2026-06-30,2026-07-29,"Truist Insurance Holdings, LLC and McGriff Insurance Services, LLC | First lien senior secured loan","Truist Insurance Holdings, LLC and McGriff Insurance Services","Truist Insurance Holdings, LLC and McGriff Insurance Services",First Lien,,,,100000.0,100000.0,100000.0,,100.0,2.75,6.48,,,False,,,USD,100000.0
ARCC,0001287750,0001628280-26-050307,10-Q,2026-06-30,2026-07-29,"World Insurance Associates, LLC and World Associates Holdings, LLC | First lien senior secured loan","World Insurance Associates, LLC and World Associates Holdings","World Insurance Associates, LLC and World Associates Holdings",First Lien,,,,11600000.0,11700000.0,11700000.0,,99.15,5.0,8.73,,,False,,,USD,11600000.0
ARCC,0001287750,0001628280-26-050307,10-Q,2026-06-30,2026-07-29,"AeriTek Global US Acquisition Inc., AeriTek Global Holdings LLC, and Minus Forty QBD Corp. | First lien senior secured revolving loan","AeriTek Global US Acquisition Inc., AeriTek Global Holdings LLC","AeriTek Global US Acquisition Inc., AeriTek Global Holdings LLC",First Lien,,,,1700000.0,1700000.0,1700000.0,,100.0,6.5,10.16,,,False,,,USD,1700000.0
ARCC,0001287750,0001628280-26-050307,10-Q,2026-06-30,2026-07-29,"AeriTek Global US Acquisition Inc., AeriTek Global Holdings LLC, and Minus Forty QBD Corp. | First lien senior secured loan 1","AeriTek Global US Acquisition Inc., AeriTek Global Holdings LLC","AeriTek Global US Acquisition Inc., AeriTek Global Holdings LLC",First Lien,,,,34900000.0,34900000.0,34900000.0,,100.0,6.75,10.42,,,False,,,USD,34900000.0
ARCC,0001287750,0001628280-26-050307,10-Q,2026-06-30,2026-07-29,"AeriTek Global US Acquisition Inc., AeriTek Global Holdings LLC, and Minus Forty QBD Corp. | First lien senior secured loan 2","AeriTek Global US Acquisition Inc., AeriTek Global Holdings LLC","AeriTek Global US Acquisition Inc., AeriTek Global Holdings LLC",First Lien,,,,5200000.0,5200000.0,5200000.0,,100.0,6.5,10.17,,,False,,,USD,5200000.0
ARCC,0001287750,0001628280-26-050307,10-Q,2026-06-30,2026-07-29,"AeriTek Global US Acquisition Inc., AeriTek Global Holdings LLC, and Minus Forty QBD Corp. | First lien senior secured loan 3","AeriTek Global US Acquisition Inc., AeriTek Global Holdings LLC","AeriTek Global US Acquisition Inc., AeriTek Global Holdings LLC",First Lien,,,,17800000.0,17800000.0,17800000.0,,100.0,6.75,10.42,,,False,,,USD,17800000.0
ARCC,0001287750,0001628280-26-050307,10-Q,2026-06-30,2026-07-29,"Airx Climate Solutions, Inc. | First lien senior secured revolving loan",Airx Climate Solutions,Airx Climate Solutions,First Lien,,,,500000.0,500000.0,500000.0,,100.0,5.75,9.4,,,False,,,USD,500000.0
ARCC,0001287750,0001628280-26-050307,10-Q,2026-06-30,2026-07-29,"Airx Climate Solutions, Inc. | First lien senior secured loan 1",Airx Climate Solutions,Airx Climate Solutions,First Lien,,,,9700000.0,9700000.0,9700000.0,,100.0,5.75,9.36,,,False,,,USD,9700000.0
ARCC,0001287750,0001628280-26-050307,10-Q,2026-06-30,2026-07-29,"Airx Climate Solutions, Inc. | First lien senior secured loan 2",Airx Climate Solutions,Airx Climate Solutions,First Lien,,,,12300000.0,12400000.0,12400000.0,,99.19,5.0,8.63,,,False,,,USD,12300000.0
ARCC,0001287750,0001628280-26-050307,10-Q,2026-06-30,2026-07-29,"Align Precision Group, LLC and Align Precision Topco, L.P. | First lien senior secured loan","Align Precision Group, LLC and Align Precision Topco","Align Precision Group, LLC and Align Precision Topco",First Lien,,,,15600000.0,15600000.0,15700000.0,,99.36,6.75,,,10.45,True,,,USD,15600000.0
ARCC,0001287750,0001628280-26-050307,10-Q,2026-06-30,2026-07-29,"Align Precision Group, LLC and Align Precision Topco, L.P. | Class A-2 units","Align Precision Group, LLC and Align Precision Topco","Align Precision Group, LLC and Align Precision Topco",Common Equity,,,,100000.0,0.0,,6310.0,,,,,,False,,,USD,100000.0
ARCC,0001287750,0001628280-26-050307,10-Q,2026-06-30,2026-07-29,"Allclear Commercial Inc., Allclear Military Inc., Allclear Space Inc., and Allclear Group LLC | First lien senior secured revolving loan","Allclear Commercial Inc., Allclear Military Inc., Allclear Space Inc.","Allclear Commercial Inc., Allclear Military Inc., Allclear Space Inc.",First Lien,,,,200000.0,200000.0,200000.0,,100.0,5.5,9.38,,,False,,,USD,200000.0
ARCC,0001287750,0001628280-26-050307,10-Q,2026-06-30,2026-07-29,"Allclear Commercial Inc., Allclear Military Inc., Allclear Space Inc., and Allclear Group LLC | First lien senior secured loan 2","Allclear Commercial Inc., Allclear Military Inc., Allclear Space Inc.","Allclear Commercial Inc., Allclear Military Inc., Allclear Space Inc.",First Lien,,,,200000.0,200000.0,500000.0,,40.0,6.5,10.49,,2.0,True,,,USD,200000.0
ARCC,0001287750,0001628280-26-050307,10-Q,2026-06-30,2026-07-29,"Allclear Commercial Inc., Allclear Military Inc., Allclear Space Inc., and Allclear Group LLC | First lien senior secured loan 1","Allclear Commercial Inc., Allclear Military Inc., Allclear Space Inc.","Allclear Commercial Inc., Allclear Military Inc., Allclear Space Inc.",First Lien,,,,2800000.0,2000000.0,2800000.0,,100.0,5.5,9.4,,,False,,,USD,2800000.0
ARCC,0001287750,0001628280-26-050307,10-Q,2026-06-30,2026-07-29,"Allclear Commercial Inc., Allclear Military Inc., Allclear Space Inc., and Allclear Group LLC | First lien senior secured loan 3","Allclear Commercial Inc., Allclear Military Inc., Allclear Space Inc.","Allclear Commercial Inc., Allclear Military Inc., Allclear Space Inc.",First Lien,,,,900000.0,900000.0,900000.0,,100.0,5.5,9.46,,,False,,,USD,900000.0
ARCC,0001287750,0001628280-26-050307,10-Q,2026-06-30,2026-07-29,"Allclear Commercial Inc., Allclear Military Inc., Allclear Space Inc., and Allclear Group LLC | First lien senior secured loan 4","Allclear Commercial Inc., Allclear Military Inc., Allclear Space Inc.","Allclear Commercial Inc., Allclear Military Inc., Allclear Space Inc.",First Lien,,,,700000.0,600000.0,1700000.0,,41.18,7.0,10.99,,6.0,True,,,USD,700000.0
ARCC,0001287750,0001628280-26-050307,10-Q,2026-06-30,2026-07-29,"Allclear Commercial Inc., Allclear Military Inc., Allclear Space Inc., and Allclear Group LLC | Membership interest","Allclear Commercial Inc., Allclear Military Inc., Allclear Space Inc.","Allclear Commercial Inc., Allclear Military Inc., Allclear Space Inc.",LLC Interest,,,,0.0,0.0,,4015.0,,,,,,False,,,USD,0.0
ARCC,0001287750,0001628280-26-050307,10-Q,2026-06-30,2026-07-29,"Arrowhead Holdco Company and Arrowhead GS Holdings, Inc. | First lien senior secured loan",Arrowhead Holdco Company and Arrowhead GS Holdings,Arrowhead Holdco Company and Arrowhead GS Holdings,First Lien,,,,100000.0,100000.0,100000.0,,100.0,2.25,6.13,,,False,,,USD,100000.0
ARCC,0001287750,0001628280-26-050307,10-Q,2026-06-30,2026-07-29,"Arrowhead Holdco Company and Arrowhead GS Holdings, Inc. | Common stock",Arrowhead Holdco Company and Arrowhead GS Holdings,Arrowhead Holdco Company and Arrowhead GS Holdings,Common Equity,,,,0.0,5100000.0,,5054.0,0.0,,,,,False,,,USD,0.0
ARCC,0001287750,0001628280-26-050307,10-Q,2026-06-30,2026-07-29,"Arxis, Inc. (fka Qnnect, LLC and Connector TopCo, LP) | Class A common stock","Arxis, Inc. (fka Qnnect, LLC and Connector TopCo","Arxis, Inc. (fka Qnnect, LLC and Connector TopCo",Common Equity,,,,57500000.0,9900000.0,,1245139.0,580.81,,,,,False,,,USD,57500000.0
ARCC,0001287750,0001628280-26-050307,10-Q,2026-06-30,2026-07-29,"Bells Parent, Inc. | First lien senior secured loan 1",Bells Parent,Bells Parent,First Lien,,,,12400000.0,12500000.0,12500000.0,,99.2,5.0,8.73,,,False,,,USD,12400000.0
ARCC,0001287750,0001628280-26-050307,10-Q,2026-06-30,2026-07-29,"Bells Parent, Inc. | First lien senior secured loan 2",Bells Parent,Bells Parent,First Lien,,,,41700000.0,42300000.0,42300000.0,,98.58,5.0,8.78,,,False,,,USD,41700000.0
ARCC,0001287750,0001628280-26-050307,10-Q,2026-06-30,2026-07-29,"BGIF IV Fearless Utility Services, Inc. | First lien senior secured revolving loan",BGIF IV Fearless Utility Services,BGIF IV Fearless Utility Services,First Lien,,,,200000.0,200000.0,200000.0,,100.0,5.0,8.65,,,False,,,USD,200000.0
ARCC,0001287750,0001628280-26-050307,10-Q,2026-06-30,2026-07-29,"BGIF IV Fearless Utility Services, Inc. | First lien senior secured loan",BGIF IV Fearless Utility Services,BGIF IV Fearless Utility Services,First Lien,,,,19900000.0,19900000.0,19900000.0,,100.0,5.0,8.65,,,False,,,USD,19900000.0
ARCC,0001287750,0001628280-26-050307,10-Q,2026-06-30,2026-07-29,"Blue Raven Solutions, LLC, Triman Industries, Inc., and Crestwood Technology Group, LLC | First lien senior secured loan","Blue Raven Solutions, LLC, Triman Industries, Inc., and Crestwood Technology Group","Blue Raven Solutions, LLC, Triman Industries, Inc., and Crestwood Technology Group",First Lien,,,,28500000.0,29100000.0,29100000.0,,97.94,6.0,9.73,,,False,,,USD,28500000.0
ARCC,0001287750,0001628280-26-050307,10-Q,2026-06-30,2026-07-29,Burgess Point Purchaser Corporation | First lien senior secured loan 1,Burgess Point Purchaser Corporation |,Burgess Point Purchaser Corporation |,First Lien,,,,19700000.0,20800000.0,21500000.0,,91.63,5.25,9.01,,,False,,,USD,19700000.0
ARCC,0001287750,0001628280-26-050307,10-Q,2026-06-30,2026-07-29,Burgess Point Purchaser Corporation | First lien senior secured loan 2,Burgess Point Purchaser Corporation |,Burgess Point Purchaser Corporation |,First Lien,,,,29800000.0,31500000.0,31500000.0,,94.6,6.0,9.66,,,False,,,USD,29800000.0
ARCC,0001287750,0001628280-26-050307,10-Q,2026-06-30,2026-07-29,CPIG Holdco Inc. | First lien senior secured loan,CPIG Holdco Inc. |,CPIG Holdco Inc. |,First Lien,,,,14300000.0,14300000.0,14300000.0,,100.0,6.0,9.78,,,False,,,USD,14300000.0
ARCC,0001287750,0001628280-26-050307,10-Q,2026-06-30,2026-07-29,"DFS Holding Company, Inc. | First lien senior secured loan",DFS Holding Company,DFS Holding Company,First Lien,,,,2000000.0,2100000.0,2100000.0,,95.24,7.5,11.23,,5.0,True,,,USD,2000000.0
ARCC,0001287750,0001628280-26-050307,10-Q,2026-06-30,2026-07-29,"Dynamic NC Aerospace Holdings, LLC and Dynamic NC Investment Holdings, LP | Common units","Dynamic NC Aerospace Holdings, LLC and Dynamic NC Investment Holdings","Dynamic NC Aerospace Holdings, LLC and Dynamic NC Investment Holdings",Common Equity,,,,17800000.0,9800000.0,,9773000.0,181.63,,,,,False,,,USD,17800000.0
ARCC,0001287750,0001628280-26-050307,10-Q,2026-06-30,2026-07-29,"EIS Legacy Holdco, LLC | First lien senior secured loan",EIS Legacy Holdco,EIS Legacy Holdco,First Lien,,,,6000000.0,6000000.0,6000000.0,,100.0,4.5,8.16,,,False,,,USD,6000000.0
ARCC,0001287750,0001628280-26-050307,10-Q,2026-06-30,2026-07-29,"ELM DebtCo, LLC | First lien senior secured revolving loan",ELM DebtCo,ELM DebtCo,First Lien,,,,100000.0,100000.0,100000.0,,100.0,3.5,10.25,,,False,,,USD,100000.0
ARCC,0001287750,0001628280-26-050307,10-Q,2026-06-30,2026-07-29,"ELM DebtCo, LLC | First lien senior secured loan",ELM DebtCo,ELM DebtCo,First Lien,,,,5200000.0,5200000.0,5200000.0,,100.0,4.5,8.23,,,False,,,USD,5200000.0
ARCC,0001287750,0001628280-26-050307,10-Q,2026-06-30,2026-07-29,Endurance PT Technology Buyer Corporation and Endurance PT Technology Holdings LLC | First lien senior secured revolving loan,Endurance PT Technology Buyer Corporation and Endurance PT Technology Holdings LLC |,Endurance PT Technology Buyer Corporation and Endurance PT Technology Holdings LLC |,First Lien,,,,2000000.0,2000000.0,2000000.0,,100.0,6.5,10.14,,,False,,,USD,2000000.0
ARCC,0001287750,0001628280-26-050307,10-Q,2026-06-30,2026-07-29,Endurance PT Technology Buyer Corporation and Endurance PT Technology Holdings LLC | First lien senior secured loan,Endurance PT Technology Buyer Corporation and Endurance PT Technology Holdings LLC |,Endurance PT Technology Buyer Corporation and Endurance PT Technology Holdings LLC |,First Lien,,,,55800000.0,55800000.0,55800000.0,,100.0,6.5,10.23,,,False,,,USD,55800000.0
ARCC,0001287750,0001628280-26-050307,10-Q,2026-06-30,2026-07-29,Endurance PT Technology Buyer Corporation and Endurance PT Technology Holdings LLC | Preferred equity,Endurance PT Technology Buyer Corporation and Endurance PT Technology Holdings LLC |,Endurance PT Technology Buyer Corporation and Endurance PT Technology Holdings LLC |,Preferred Equity,,,,8300000.0,8300000.0,,8163.0,100.0,,,,8.0,True,,,USD,8300000.0
ARCC,0001287750,0001628280-26-050307,10-Q,2026-06-30,2026-07-29,Endurance PT Technology Buyer Corporation and Endurance PT Technology Holdings LLC | Common units,Endurance PT Technology Buyer Corporation and Endurance PT Technology Holdings LLC |,Endurance PT Technology Buyer Corporation and Endurance PT Technology Holdings LLC |,Common Equity,,,,800000.0,900000.0,,9070.0,88.89,,,,,False,,,USD,800000.0
ARCC,0001287750,0001628280-26-050307,10-Q,2026-06-30,2026-07-29,"ESCP PPG Holdings, LLC | Class A-1 units",ESCP PPG Holdings,ESCP PPG Holdings,Common Equity,,,,0.0,2300000.0,,96897.0,0.0,,,,,False,,,USD,0.0
ARCC,0001287750,0001628280-26-050307,10-Q,2026-06-30,2026-07-29,"ESCP PPG Holdings, LLC | Class A-2 units",ESCP PPG Holdings,ESCP PPG Holdings,Common Equity,,,,0.0,3500000.0,,3500.0,0.0,,,,,False,,,USD,0.0
ARCC,0001287750,0001628280-26-050307,10-Q,2026-06-30,2026-07-29,"Generator US Buyer, Inc. and Total Power Limited | First lien senior secured revolving loan",Generator US Buyer,Generator US Buyer,First Lien,,,,100000.0,100000.0,100000.0,,100.0,4.5,6.79,,,False,,,USD,100000.0
ARCC,0001287750,0001628280-26-050307,10-Q,2026-06-30,2026-07-29,"Generator US Buyer, Inc. and Total Power Limited | First lien senior secured loan",Generator US Buyer,Generator US Buyer,First Lien,,,,800000.0,800000.0,800000.0,,100.0,4.5,6.79,,,False,,,USD,800000.0
ARCC,0001287750,0001628280-26-050307,10-Q,2026-06-30,2026-07-29,"Ground Penetrating Radar Systems, LLC and RC VI Buckeye Holdings LLC | First lien senior secured revolving loan",Ground Penetrating Radar Systems,Ground Penetrating Radar Systems,First Lien,,,,500000.0,500000.0,500000.0,,100.0,4.5,8.23,,,False,,,USD,500000.0
ARCC,0001287750,0001628280-26-050307,10-Q,2026-06-30,2026-07-29,"Ground Penetrating Radar Systems, LLC and RC VI Buckeye Holdings LLC | Member units",Ground Penetrating Radar Systems,Ground Penetrating Radar Systems,Equity,,,,20200000.0,17500000.0,,20000000.0,115.43,,,,,False,,,USD,20200000.0
ARCC,0001287750,0001628280-26-050307,10-Q,2026-06-30,2026-07-29,"GSV Purchaser, Inc. | First lien senior secured loan",GSV Purchaser,GSV Purchaser,First Lien,,,,100000.0,100000.0,100000.0,,100.0,4.5,8.18,,,False,,,USD,100000.0
ARCC,0001287750,0001628280-26-050307,10-Q,2026-06-30,2026-07-29,"Harvey Tool Company, LLC | First lien senior secured loan",Harvey Tool Company,Harvey Tool Company,First Lien,,,,12600000.0,12600000.0,12600000.0,,100.0,4.5,8.23,,,False,,,USD,12600000.0
ARCC,0001287750,0001628280-26-050307,10-Q,2026-06-30,2026-07-29,"Horizon Avionics Buyer, LLC and Horizon CTS Buyer, LLC | First lien senior secured revolving loan","Horizon Avionics Buyer, LLC and Horizon CTS Buyer","Horizon Avionics Buyer, LLC and Horizon CTS Buyer",First Lien,,,,10900000.0,10900000.0,10900000.0,,100.0,4.75,8.48,,,False,,,USD,10900000.0
ARCC,0001287750,0001628280-26-050307,10-Q,2026-06-30,2026-07-29,"Horizon Avionics Buyer, LLC and Horizon CTS Buyer, LLC | First lien senior secured loan 1","Horizon Avionics Buyer, LLC and Horizon CTS Buyer","Horizon Avionics Buyer, LLC and Horizon CTS Buyer",First Lien,,,,11500000.0,11500000.0,11500000.0,,100.0,4.75,8.48,,,False,,,USD,11500000.0
ARCC,0001287750,0001628280-26-050307,10-Q,2026-06-30,2026-07-29,"Horizon Avionics Buyer, LLC and Horizon CTS Buyer, LLC | First lien senior secured loan 2","Horizon Avionics Buyer, LLC and Horizon CTS Buyer","Horizon Avionics Buyer, LLC and Horizon CTS Buyer",First Lien,,,,4000000.0,4000000.0,4000000.0,,100.0,4.75,8.48,,,False,,,USD,4000000.0
ARCC,0001287750,0001628280-26-050307,10-Q,2026-06-30,2026-07-29,"HPCC Parent, Inc. and Patriot Container Corp. | First lien senior secured loan 1",HPCC Parent,HPCC Parent,First Lien,,,,87100000.0,87100000.0,87100000.0,,100.0,,13.0,,7.0,True,,,USD,87100000.0
ARCC,0001287750,0001628280-26-050307,10-Q,2026-06-30,2026-07-29,"HPCC Parent, Inc. and Patriot Container Corp. | First lien senior secured loan 2",HPCC Parent,HPCC Parent,First Lien,,,,4000000.0,4000000.0,4000000.0,,100.0,,11.5,,,False,,,USD,4000000.0
ARCC,0001287750,0001628280-26-050307,10-Q,2026-06-30,2026-07-29,"HPCC Parent, Inc. and Patriot Container Corp. | Common stock",HPCC Parent,HPCC Parent,Common Equity,,,,4800000.0,4900000.0,,513867.0,97.96,,,,,False,,,USD,4800000.0
ARCC,0001287750,0001628280-26-050307,10-Q,2026-06-30,2026-07-29,"Imaging Business Machines, L.L.C. and Scanner Holdings Corporation | Senior subordinated loan",Imaging Business Machines,Imaging Business Machines,Senior Subordinated,,,,20500000.0,20300000.0,20500000.0,,100.0,,14.0,,7.0,True,,,USD,20500000.0
ARCC,0001287750,0001628280-26-050307,10-Q,2026-06-30,2026-07-29,"Imaging Business Machines, L.L.C. and Scanner Holdings Corporation | Class A common stock",Imaging Business Machines,Imaging Business Machines,Common Equity,,,,84500000.0,14800000.0,,48544.0,570.95,,,,,False,,,USD,84500000.0
ARCC,0001287750,0001628280-26-050307,10-Q,2026-06-30,2026-07-29,"JSG II, Inc. and Checkers USA, Inc. | First lien senior secured loan","JSG II, Inc. and Checkers USA","JSG II, Inc. and Checkers USA",First Lien,,,,29900000.0,29700000.0,29900000.0,,100.0,4.5,8.12,,,False,,,USD,29900000.0
ARCC,0001287750,0001628280-26-050307,10-Q,2026-06-30,2026-07-29,LEG Purchaser Inc. | First lien senior secured revolving loan,LEG Purchaser Inc. |,LEG Purchaser Inc. |,First Lien,,,,1600000.0,1600000.0,1600000.0,,100.0,4.5,11.25,,,False,,,USD,1600000.0
ARCC,0001287750,0001628280-26-050307,10-Q,2026-06-30,2026-07-29,LEG Purchaser Inc. | First lien senior secured loan,LEG Purchaser Inc. |,LEG Purchaser Inc. |,First Lien,,,,21500000.0,20800000.0,20900000.0,,102.87,5.5,9.17,,,False,,,USD,21500000.0
ARCC,0001287750,0001628280-26-050307,10-Q,2026-06-30,2026-07-29,"Livewire Acquisition, Inc. and Livewire Co-Invest Holdings, LP | First lien senior secured revolving loan","Livewire Acquisition, Inc. and Livewire Co-Invest Holdings","Livewire Acquisition, Inc. and Livewire Co-Invest Holdings",First Lien,,,,5900000.0,6000000.0,6000000.0,,98.33,4.25,7.98,,,False,,,USD,5900000.0
ARCC,0001287750,0001628280-26-050307,10-Q,2026-06-30,2026-07-29,"Livewire Acquisition, Inc. and Livewire Co-Invest Holdings, LP | First lien senior secured loan","Livewire Acquisition, Inc. and Livewire Co-Invest Holdings","Livewire Acquisition, Inc. and Livewire Co-Invest Holdings",First Lien,,,,5000000.0,5000000.0,5000000.0,,100.0,4.25,7.98,,,False,,,USD,5000000.0
ARCC,0001287750,0001628280-26-050307,10-Q,2026-06-30,2026-07-29,"Livewire Acquisition, Inc. and Livewire Co-Invest Holdings, LP | Common units","Livewire Acquisition, Inc. and Livewire Co-Invest Holdings","Livewire Acquisition, Inc. and Livewire Co-Invest Holdings",Common Equity,,,,1100000.0,800000.0,,842.0,137.5,,,,,False,,,USD,1100000.0
ARCC,0001287750,0001628280-26-050307,10-Q,2026-06-30,2026-07-29,"LTG Acquisition, Inc. | Class A membership units",LTG Acquisition,LTG Acquisition,Equity,,,,0.0,5100000.0,,5000.0,0.0,,,,,False,,,USD,0.0
ARCC,0001287750,0001628280-26-050307,10-Q,2026-06-30,2026-07-29,"NCWS Intermediate, Inc. and NCWS Holdings LP | Class A-2 common units",NCWS Intermediate,NCWS Intermediate,Common Equity,,,,2700000.0,12900000.0,,12296000.0,20.93,,,,,False,,,USD,2700000.0
ARCC,0001287750,0001628280-26-050307,10-Q,2026-06-30,2026-07-29,"OPH NEP Investment, LLC | Senior subordinated loan",OPH NEP Investment,OPH NEP Investment,Senior Subordinated,,,,4400000.0,4200000.0,4500000.0,,97.78,,10.0,,7.0,True,,,USD,4400000.0
ARCC,0001287750,0001628280-26-050307,10-Q,2026-06-30,2026-07-29,"OPH NEP Investment, LLC | Senior subordinated loan 1",OPH NEP Investment,OPH NEP Investment,Senior Subordinated,,,,32700000.0,32600000.0,33700000.0,,97.03,,10.0,,7.0,True,,,USD,32700000.0
ARCC,0001287750,0001628280-26-050307,10-Q,2026-06-30,2026-07-29,"OPH NEP Investment, LLC | Class B common units",OPH NEP Investment,OPH NEP Investment,Common Equity,,,,3800000.0,1900000.0,,8.0,200.0,,,,,False,,,USD,3800000.0
ARCC,0001287750,0001628280-26-050307,10-Q,2026-06-30,2026-07-29,"Osmose Utilities Services, Inc. and Pine Intermediate Holding LLC | Second lien senior secured loan",Osmose Utilities Services,Osmose Utilities Services,Second Lien,,,,54700000.0,55300000.0,55300000.0,,98.92,6.75,10.51,,,False,,,USD,54700000.0
ARCC,0001287750,0001628280-26-050307,10-Q,2026-06-30,2026-07-29,"Paris US Holdco, Inc. & 1001028292 Ontario Inc. | First lien senior secured revolving loan",Paris US Holdco,Paris US Holdco,First Lien,,,,300000.0,300000.0,300000.0,,100.0,4.75,8.39,,,False,,,USD,300000.0
ARCC,0001287750,0001628280-26-050307,10-Q,2026-06-30,2026-07-29,"Paris US Holdco, Inc. & 1001028292 Ontario Inc. | First lien senior secured loan 1",Paris US Holdco,Paris US Holdco,First Lien,,,,20100000.0,20100000.0,20100000.0,,100.0,4.75,8.39,,,False,,,USD,20100000.0
ARCC,0001287750,0001628280-26-050307,10-Q,2026-06-30,2026-07-29,"Paris US Holdco, Inc. & 1001028292 Ontario Inc. | First lien senior secured loan 2",Paris US Holdco,Paris US Holdco,First Lien,,,,3700000.0,3700000.0,3700000.0,,100.0,5.0,8.64,,,False,,,USD,3700000.0
ARCC,0001287750,0001628280-26-050307,10-Q,2026-06-30,2026-07-29,"Pave America Holding, LLC | First lien senior secured revolving loan",Pave America Holding,Pave America Holding,First Lien,,,,3400000.0,3400000.0,3400000.0,,100.0,4.75,8.46,,,False,,,USD,3400000.0
ARCC,0001287750,0001628280-26-050307,10-Q,2026-06-30,2026-07-29,"Pave America Holding, LLC | First lien senior secured loan",Pave America Holding,Pave America Holding,First Lien,,,,26800000.0,26800000.0,26800000.0,,100.0,5.25,8.98,,2.88,True,,,USD,26800000.0
ARCC,0001287750,0001628280-26-050307,10-Q,2026-06-30,2026-07-29,Pike Corporation | First lien senior secured loan,Pike Corporation |,Pike Corporation |,First Lien,,,,160600000.0,162200000.0,162200000.0,,99.01,4.25,7.89,,,False,,,USD,160600000.0
ARCC,0001287750,0001628280-26-050307,10-Q,2026-06-30,2026-07-29,"PumpTech, LLC and Impel CV-B, LP | First lien senior secured revolving loan","PumpTech, LLC and Impel CV-B","PumpTech, LLC and Impel CV-B",First Lien,,,,17100000.0,17800000.0,17800000.0,,96.07,5.0,8.64,,,False,,,USD,17100000.0
ARCC,0001287750,0001628280-26-050307,10-Q,2026-06-30,2026-07-29,"PumpTech, LLC and Impel CV-B, LP | Limited partnership interests","PumpTech, LLC and Impel CV-B","PumpTech, LLC and Impel CV-B",LP Interest,,,,400000.0,800000.0,,752822.0,50.0,,,,,False,,,USD,400000.0
ARCC,0001287750,0001628280-26-050307,10-Q,2026-06-30,2026-07-29,"Radius Aerospace, Inc. and Radius Aerospace Europe Limited | First lien senior secured revolving loan 1",Radius Aerospace,Radius Aerospace,First Lien,,,,500000.0,500000.0,500000.0,,100.0,5.75,9.64,,,False,,,USD,500000.0
ARCC,0001287750,0001628280-26-050307,10-Q,2026-06-30,2026-07-29,"Radius Aerospace, Inc. and Radius Aerospace Europe Limited | First lien senior secured revolving loan 2",Radius Aerospace,Radius Aerospace,First Lien,,,,2000000.0,1900000.0,2000000.0,,100.0,5.75,9.48,,,False,,,USD,2000000.0
ARCC,0001287750,0001628280-26-050307,10-Q,2026-06-30,2026-07-29,"Radius Aerospace, Inc. and Radius Aerospace Europe Limited | First lien senior secured loan",Radius Aerospace,Radius Aerospace,First Lien,,,,9800000.0,9800000.0,9800000.0,,100.0,5.75,9.62,,,False,,,USD,9800000.0
ARCC,0001287750,0001628280-26-050307,10-Q,2026-06-30,2026-07-29,"Radwell Parent, LLC | First lien senior secured revolving loan",Radwell Parent,Radwell Parent,First Lien,,,,1300000.0,1200000.0,1300000.0,,100.0,4.75,8.48,,,False,,,USD,1300000.0
ARCC,0001287750,0001628280-26-050307,10-Q,2026-06-30,2026-07-29,"Radwell Parent, LLC | First lien senior secured loan 1",Radwell Parent,Radwell Parent,First Lien,,,,12200000.0,12300000.0,12300000.0,,99.19,4.75,8.48,,,False,,,USD,12200000.0
ARCC,0001287750,0001628280-26-050307,10-Q,2026-06-30,2026-07-29,"Radwell Parent, LLC | First lien senior secured loan 2",Radwell Parent,Radwell Parent,First Lien,,,,100000.0,100000.0,100000.0,,100.0,4.75,8.48,,,False,,,USD,100000.0
ARCC,0001287750,0001628280-26-050307,10-Q,2026-06-30,2026-07-29,"Radwell Parent, LLC | First lien senior secured loan 3",Radwell Parent,Radwell Parent,First Lien,,,,2800000.0,2800000.0,2800000.0,,100.0,4.75,8.48,,,False,,,USD,2800000.0
ARCC,0001287750,0001628280-26-050307,10-Q,2026-06-30,2026-07-29,"Sunk Rock Foundry Partners LP, Hatteras Electrical Manufacturing Holding Company and Sigma Electric Manufacturing Corporation | First lien senior secured revolving loan",Sunk Rock Foundry Partners LP,Sunk Rock Foundry Partners LP,First Lien,,,,1500000.0,1500000.0,1500000.0,,100.0,5.75,9.49,,,False,,,USD,1500000.0
ARCC,0001287750,0001628280-26-050307,10-Q,2026-06-30,2026-07-29,"Sunk Rock Foundry Partners LP, Hatteras Electrical Manufacturing Holding Company and Sigma Electric Manufacturing Corporation | First lien senior secured loan",Sunk Rock Foundry Partners LP,Sunk Rock Foundry Partners LP,First Lien,,,,3700000.0,3700000.0,3700000.0,,100.0,5.75,9.49,,,False,,,USD,3700000.0
ARCC,0001287750,0001628280-26-050307,10-Q,2026-06-30,2026-07-29,"Sunk Rock Foundry Partners LP, Hatteras Electrical Manufacturing Holding Company and Sigma Electric Manufacturing Corporation | First lien senior secured loan 1",Sunk Rock Foundry Partners LP,Sunk Rock Foundry Partners LP,First Lien,,,,14900000.0,14900000.0,14900000.0,,100.0,5.75,9.49,,,False,,,USD,14900000.0
ARCC,0001287750,0001628280-26-050307,10-Q,2026-06-30,2026-07-29,"Sunk Rock Foundry Partners LP, Hatteras Electrical Manufacturing Holding Company and Sigma Electric Manufacturing Corporation | First lien senior secured loan 2",Sunk Rock Foundry Partners LP,Sunk Rock Foundry Partners LP,First Lien,,,,2300000.0,2300000.0,2300000.0,,100.0,5.75,9.48,,,False,,,USD,2300000.0
ARCC,0001287750,0001628280-26-050307,10-Q,2026-06-30,2026-07-29,"Sunvair Aerospace Group, Inc. and GB Helios Holdings, L.P. | First lien senior secured revolving loan","Sunvair Aerospace Group, Inc. and GB Helios Holdings","Sunvair Aerospace Group, Inc. and GB Helios Holdings",First Lien,,,,700000.0,700000.0,700000.0,,100.0,5.0,8.66,,,False,,,USD,700000.0
ARCC,0001287750,0001628280-26-050307,10-Q,2026-06-30,2026-07-29,"Sunvair Aerospace Group, Inc. and GB Helios Holdings, L.P. | First lien senior secured loan 1","Sunvair Aerospace Group, Inc. and GB Helios Holdings","Sunvair Aerospace Group, Inc. and GB Helios Holdings",First Lien,,,,57800000.0,57800000.0,57800000.0,,100.0,5.0,8.71,,,False,,,USD,57800000.0
ARCC,0001287750,0001628280-26-050307,10-Q,2026-06-30,2026-07-29,"Sunvair Aerospace Group, Inc. and GB Helios Holdings, L.P. | First lien senior secured loan 2","Sunvair Aerospace Group, Inc. and GB Helios Holdings","Sunvair Aerospace Group, Inc. and GB Helios Holdings",First Lien,,,,9600000.0,9600000.0,9600000.0,,100.0,5.0,8.7,,,False,,,USD,9600000.0
ARCC,0001287750,0001628280-26-050307,10-Q,2026-06-30,2026-07-29,"Sunvair Aerospace Group, Inc. and GB Helios Holdings, L.P. | Series A common units","Sunvair Aerospace Group, Inc. and GB Helios Holdings","Sunvair Aerospace Group, Inc. and GB Helios Holdings",Common Equity,,,,2100000.0,1000000.0,,1042.0,210.0,,,,,False,,,USD,2100000.0
ARCC,0001287750,0001628280-26-050307,10-Q,2026-06-30,2026-07-29,Titan BW Borrower L.P. | First lien senior secured loan,Titan BW Borrower L.P. |,Titan BW Borrower L.P. |,First Lien,,,,36900000.0,37100000.0,37300000.0,,98.93,5.38,9.01,,2.88,True,,,USD,36900000.0
ARCC,0001287750,0001628280-26-050307,10-Q,2026-06-30,2026-07-29,"Two Six Labs, LLC | First lien senior secured loan",Two Six Labs,Two Six Labs,First Lien,,,,21800000.0,21800000.0,21800000.0,,100.0,5.0,8.73,,,False,,,USD,21800000.0
ARCC,0001287750,0001628280-26-050307,10-Q,2026-06-30,2026-07-29,Werner Finco LP. | First lien senior secured loan,Werner Finco LP. |,Werner Finco LP. |,First Lien,,,,109200000.0,109200000.0,109200000.0,,100.0,5.25,8.92,,,False,,,USD,109200000.0
ARCC,0001287750,0001628280-26-050307,10-Q,2026-06-30,2026-07-29,"Zenith AcquisitionCo, LLC. | First lien senior secured loan",Zenith AcquisitionCo,Zenith AcquisitionCo,First Lien,,,,66300000.0,67000000.0,67000000.0,,98.96,4.5,8.17,,,False,,,USD,66300000.0
ARCC,0001287750,0001628280-26-050307,10-Q,2026-06-30,2026-07-29,"Balrog Acquisition, Inc., Balrog Topco, Inc. and Balrog Parent, L.P. | First lien senior secured loan","Balrog Acquisition, Inc., Balrog Topco, Inc. and Balrog Parent","Balrog Acquisition, Inc., Balrog Topco, Inc. and Balrog Parent",First Lien,,,,12600000.0,16900000.0,17200000.0,,73.26,4.5,8.26,,,False,,,USD,12600000.0
ARCC,0001287750,0001628280-26-050307,10-Q,2026-06-30,2026-07-29,"Balrog Acquisition, Inc., Balrog Topco, Inc. and Balrog Parent, L.P. | First lien senior secured loan 1","Balrog Acquisition, Inc., Balrog Topco, Inc. and Balrog Parent","Balrog Acquisition, Inc., Balrog Topco, Inc. and Balrog Parent",First Lien,,,,2700000.0,2600000.0,3600000.0,,75.0,4.0,7.76,,,False,,,USD,2700000.0
ARCC,0001287750,0001628280-26-050307,10-Q,2026-06-30,2026-07-29,"Balrog Acquisition, Inc., Balrog Topco, Inc. and Balrog Parent, L.P. | Second lien senior secured loan","Balrog Acquisition, Inc., Balrog Topco, Inc. and Balrog Parent","Balrog Acquisition, Inc., Balrog Topco, Inc. and Balrog Parent",Second Lien,,,,22700000.0,29500000.0,29500000.0,,76.95,7.0,10.76,,,False,,,USD,22700000.0
ARCC,0001287750,0001628280-26-050307,10-Q,2026-06-30,2026-07-29,"Balrog Acquisition, Inc., Balrog Topco, Inc. and Balrog Parent, L.P. | Class A preferred units","Balrog Acquisition, Inc., Balrog Topco, Inc. and Balrog Parent","Balrog Acquisition, Inc., Balrog Topco, Inc. and Balrog Parent",Preferred Equity,,,,6000000.0,8000000.0,,5484.0,75.0,,,,8.0,True,,,USD,6000000.0
ARCC,0001287750,0001628280-26-050307,10-Q,2026-06-30,2026-07-29,"Balrog Acquisition, Inc., Balrog Topco, Inc. and Balrog Parent, L.P. | Series A preferred shares","Balrog Acquisition, Inc., Balrog Topco, Inc. and Balrog Parent","Balrog Acquisition, Inc., Balrog Topco, Inc. and Balrog Parent",Preferred Equity,,,,27600000.0,37300000.0,,21921.0,73.99,,,,11.0,True,,,USD,27600000.0
ARCC,0001287750,0001628280-26-050307,10-Q,2026-06-30,2026-07-29,"Bamboo Purchaser, Inc. | First lien senior secured loan",Bamboo Purchaser,Bamboo Purchaser,First Lien,,,,3600000.0,8500000.0,22200000.0,,16.22,,,,,False,,,USD,3600000.0
ARCC,0001287750,0001628280-26-050307,10-Q,2026-06-30,2026-07-29,"BGI Purchaser, Inc. | First lien senior secured revolving loan",BGI Purchaser,BGI Purchaser,First Lien,,,,10500000.0,10500000.0,10500000.0,,100.0,3.75,7.42,,,False,,,USD,10500000.0
ARCC,0001287750,0001628280-26-050307,10-Q,2026-06-30,2026-07-29,"BGI Purchaser, Inc. | First lien senior secured loan",BGI Purchaser,BGI Purchaser,First Lien,,,,6500000.0,6500000.0,6500000.0,,100.0,4.5,8.17,,,False,,,USD,6500000.0
ARCC,0001287750,0001628280-26-050307,10-Q,2026-06-30,2026-07-29,"Blazing Star Parent, LLC | First lien senior secured loan",Blazing Star Parent,Blazing Star Parent,First Lien,,,,98900000.0,98900000.0,98900000.0,,100.0,7.0,10.67,,,False,,,USD,98900000.0
ARCC,0001287750,0001628280-26-050307,10-Q,2026-06-30,2026-07-29,"BR PJK Produce, LLC | First lien senior secured loan",BR PJK Produce,BR PJK Produce,First Lien,,,,600000.0,700000.0,700000.0,,85.71,6.25,10.09,,,False,,,USD,600000.0
ARCC,0001287750,0001628280-26-050307,10-Q,2026-06-30,2026-07-29,"BR PJK Produce, LLC | First lien senior secured loan 1",BR PJK Produce,BR PJK Produce,First Lien,,,,600000.0,600000.0,600000.0,,100.0,6.25,10.09,,,False,,,USD,600000.0
ARCC,0001287750,0001628280-26-050307,10-Q,2026-06-30,2026-07-29,"BR PJK Produce, LLC | First lien senior secured loan 2",BR PJK Produce,BR PJK Produce,First Lien,,,,3800000.0,4000000.0,4000000.0,,95.0,6.25,10.09,,,False,,,USD,3800000.0
ARCC,0001287750,0001628280-26-050307,10-Q,2026-06-30,2026-07-29,Carrera Bidco Limited | Senior subordinated loan,Carrera Bidco Limited |,Carrera Bidco Limited |,Senior Subordinated,,,,133300000.0,135400000.0,133300000.0,,100.0,5.25,7.75,,,False,,,USD,133300000.0
ARCC,0001287750,0001628280-26-050307,10-Q,2026-06-30,2026-07-29,City Line Distributors LLC and City Line Investments LLC | First lien senior secured revolving loan,City Line Distributors LLC and City Line Investments LLC |,City Line Distributors LLC and City Line Investments LLC |,First Lien,,,,400000.0,400000.0,400000.0,,100.0,6.0,9.9,,,False,,,USD,400000.0
ARCC,0001287750,0001628280-26-050307,10-Q,2026-06-30,2026-07-29,City Line Distributors LLC and City Line Investments LLC | First lien senior secured loan,City Line Distributors LLC and City Line Investments LLC |,City Line Distributors LLC and City Line Investments LLC |,First Lien,,,,4300000.0,4300000.0,4300000.0,,100.0,6.0,9.92,,,False,,,USD,4300000.0
ARCC,0001287750,0001628280-26-050307,10-Q,2026-06-30,2026-07-29,City Line Distributors LLC and City Line Investments LLC | Class A units,City Line Distributors LLC and City Line Investments LLC |,City Line Distributors LLC and City Line Investments LLC |,Common Equity,,,,3700000.0,5100000.0,,4172852.0,72.55,,,,8.0,True,,,USD,3700000.0
ARCC,0001287750,0001628280-26-050307,10-Q,2026-06-30,2026-07-29,"DecoPac, Inc. and KCAKE Holdings Inc. | First lien senior secured loan",DecoPac,DecoPac,First Lien,,,,129600000.0,129600000.0,129600000.0,,100.0,5.0,8.67,,,False,,,USD,129600000.0
ARCC,0001287750,0001628280-26-050307,10-Q,2026-06-30,2026-07-29,"DecoPac, Inc. and KCAKE Holdings Inc. | Common stock",DecoPac,DecoPac,Common Equity,,,,12600000.0,7400000.0,,9599.0,170.27,,,,,False,,,USD,12600000.0
ARCC,0001287750,0001628280-26-050307,10-Q,2026-06-30,2026-07-29,"Display Holding Company, Inc., Saldon Holdings, Inc. and Fastsigns Holdings Inc. | First lien senior secured loan","Display Holding Company, Inc., Saldon Holdings","Display Holding Company, Inc., Saldon Holdings",First Lien,,,,7900000.0,7900000.0,7900000.0,,100.0,5.25,8.97,,,False,,,USD,7900000.0
ARCC,0001287750,0001628280-26-050307,10-Q,2026-06-30,2026-07-29,"Display Holding Company, Inc., Saldon Holdings, Inc. and Fastsigns Holdings Inc. | First lien senior secured loan 1","Display Holding Company, Inc., Saldon Holdings","Display Holding Company, Inc., Saldon Holdings",First Lien,,,,15200000.0,15200000.0,15200000.0,,100.0,5.25,8.97,,,False,,,USD,15200000.0
ARCC,0001287750,0001628280-26-050307,10-Q,2026-06-30,2026-07-29,"Display Holding Company, Inc., Saldon Holdings, Inc. and Fastsigns Holdings Inc. | First lien senior secured loan 2","Display Holding Company, Inc., Saldon Holdings","Display Holding Company, Inc., Saldon Holdings",First Lien,,,,100000.0,100000.0,100000.0,,100.0,5.25,8.97,,,False,,,USD,100000.0
ARCC,0001287750,0001628280-26-050307,10-Q,2026-06-30,2026-07-29,"Display Holding Company, Inc., Saldon Holdings, Inc. and Fastsigns Holdings Inc. | First lien senior secured loan 4","Display Holding Company, Inc., Saldon Holdings","Display Holding Company, Inc., Saldon Holdings",First Lien,,,,100000.0,100000.0,100000.0,,100.0,5.25,8.97,,,False,,,USD,100000.0
ARCC,0001287750,0001628280-26-050307,10-Q,2026-06-30,2026-07-29,"Display Holding Company, Inc., Saldon Holdings, Inc. and Fastsigns Holdings Inc. | First lien senior secured loan 3","Display Holding Company, Inc., Saldon Holdings","Display Holding Company, Inc., Saldon Holdings",First Lien,,,,15000000.0,15000000.0,15000000.0,,100.0,5.25,8.97,,,False,,,USD,15000000.0
ARCC,0001287750,0001628280-26-050307,10-Q,2026-06-30,2026-07-29,"Display Holding Company, Inc., Saldon Holdings, Inc. and Fastsigns Holdings Inc. | Class A units","Display Holding Company, Inc., Saldon Holdings","Display Holding Company, Inc., Saldon Holdings",Common Equity,,,,1200000.0,600000.0,,600.0,200.0,,,,,False,,,USD,1200000.0
ARCC,0001287750,0001628280-26-050307,10-Q,2026-06-30,2026-07-29,"FS Squared Holding Corp. and FS Squared, LLC | First lien senior secured revolving loan",FS Squared Holding Corp. and FS Squared,FS Squared Holding Corp. and FS Squared,First Lien,,,,0.0,0.0,0.0,,,,,,,False,,,USD,0.0
ARCC,0001287750,0001628280-26-050307,10-Q,2026-06-30,2026-07-29,"FS Squared Holding Corp. and FS Squared, LLC | First lien senior secured loan",FS Squared Holding Corp. and FS Squared,FS Squared Holding Corp. and FS Squared,First Lien,,,,50700000.0,50700000.0,50700000.0,,100.0,4.75,8.39,,,False,,,USD,50700000.0
ARCC,0001287750,0001628280-26-050307,10-Q,2026-06-30,2026-07-29,"GMF Parent, Inc. and GMF Group Holdings, LP | First lien senior secured revolving loan","GMF Parent, Inc. and GMF Group Holdings","GMF Parent, Inc. and GMF Group Holdings",First Lien,,,,700000.0,800000.0,800000.0,,87.5,4.5,8.23,,,False,,,USD,700000.0
ARCC,0001287750,0001628280-26-050307,10-Q,2026-06-30,2026-07-29,"GMF Parent, Inc. and GMF Group Holdings, LP | First lien senior secured loan","GMF Parent, Inc. and GMF Group Holdings","GMF Parent, Inc. and GMF Group Holdings",First Lien,,,,39200000.0,40400000.0,40400000.0,,97.03,4.5,8.18,,,False,,,USD,39200000.0
ARCC,0001287750,0001628280-26-050307,10-Q,2026-06-30,2026-07-29,"GMF Parent, Inc. and GMF Group Holdings, LP | Class A2 units","GMF Parent, Inc. and GMF Group Holdings","GMF Parent, Inc. and GMF Group Holdings",Common Equity,,,,5400000.0,7000000.0,,7003.0,77.14,,,,,False,,,USD,5400000.0
ARCC,0001287750,0001628280-26-050307,10-Q,2026-06-30,2026-07-29,"GPM Investments, LLC and ARKO Corp. | Common stock",GPM Investments,GPM Investments,Common Equity,,,,16800000.0,19800000.0,,2088478.0,84.85,,,,,False,,,USD,16800000.0
ARCC,0001287750,0001628280-26-050307,10-Q,2026-06-30,2026-07-29,"Hills Distribution, Inc., Hills Intermediate FT Holdings, LLC and GMP Hills, LP | First lien senior secured revolving loan","Hills Distribution, Inc., Hills Intermediate FT Holdings, LLC and GMP Hills","Hills Distribution, Inc., Hills Intermediate FT Holdings, LLC and GMP Hills",First Lien,,,,4700000.0,4700000.0,4700000.0,,100.0,4.0,7.7,,,False,,,USD,4700000.0
ARCC,0001287750,0001628280-26-050307,10-Q,2026-06-30,2026-07-29,"Hills Distribution, Inc., Hills Intermediate FT Holdings, LLC and GMP Hills, LP | First lien senior secured loan","Hills Distribution, Inc., Hills Intermediate FT Holdings, LLC and GMP Hills","Hills Distribution, Inc., Hills Intermediate FT Holdings, LLC and GMP Hills",First Lien,,,,4800000.0,4800000.0,4800000.0,,100.0,5.5,9.19,,,False,,,USD,4800000.0
ARCC,0001287750,0001628280-26-050307,10-Q,2026-06-30,2026-07-29,"Hills Distribution, Inc., Hills Intermediate FT Holdings, LLC and GMP Hills, LP | First lien senior secured loan 1","Hills Distribution, Inc., Hills Intermediate FT Holdings, LLC and GMP Hills","Hills Distribution, Inc., Hills Intermediate FT Holdings, LLC and GMP Hills",First Lien,,,,5200000.0,5200000.0,5200000.0,,100.0,5.5,9.23,,,False,,,USD,5200000.0
ARCC,0001287750,0001628280-26-050307,10-Q,2026-06-30,2026-07-29,"Hills Distribution, Inc., Hills Intermediate FT Holdings, LLC and GMP Hills, LP | Limited partnership interest","Hills Distribution, Inc., Hills Intermediate FT Holdings, LLC and GMP Hills","Hills Distribution, Inc., Hills Intermediate FT Holdings, LLC and GMP Hills",LP Interest,,,,9300000.0,5900000.0,,5441000.0,157.63,,,,,False,,,USD,9300000.0
ARCC,0001287750,0001628280-26-050307,10-Q,2026-06-30,2026-07-29,"LJ Perimeter Buyer, Inc. and LJ Perimeter Co-Invest, L.P. | First lien senior secured loan","LJ Perimeter Buyer, Inc. and LJ Perimeter Co-Invest","LJ Perimeter Buyer, Inc. and LJ Perimeter Co-Invest",First Lien,,,,38600000.0,38900000.0,38900000.0,,99.23,5.5,9.31,,,False,,,USD,38600000.0
ARCC,0001287750,0001628280-26-050307,10-Q,2026-06-30,2026-07-29,"LJ Perimeter Buyer, Inc. and LJ Perimeter Co-Invest, L.P. | Limited partnership interests","LJ Perimeter Buyer, Inc. and LJ Perimeter Co-Invest","LJ Perimeter Buyer, Inc. and LJ Perimeter Co-Invest",LP Interest,,,,8200000.0,11600000.0,,11563845.0,70.69,,,,,False,,,USD,8200000.0
ARCC,0001287750,0001628280-26-050307,10-Q,2026-06-30,2026-07-29,"Marcone Yellowstone Buyer Inc. and Marcone Yellowstone Holdings, LLC | First lien senior secured loan",Marcone Yellowstone Buyer Inc. and Marcone Yellowstone Holdings,Marcone Yellowstone Buyer Inc. and Marcone Yellowstone Holdings,First Lien,,,,200000.0,200000.0,200000.0,,100.0,3.75,7.58,,,False,,,USD,200000.0
ARCC,0001287750,0001628280-26-050307,10-Q,2026-06-30,2026-07-29,"Marcone Yellowstone Buyer Inc. and Marcone Yellowstone Holdings, LLC | First lien senior secured loan 1",Marcone Yellowstone Buyer Inc. and Marcone Yellowstone Holdings,Marcone Yellowstone Buyer Inc. and Marcone Yellowstone Holdings,First Lien,,,,300000.0,400000.0,400000.0,,75.0,3.75,7.58,,,False,,,USD,300000.0
ARCC,0001287750,0001628280-26-050307,10-Q,2026-06-30,2026-07-29,"Marcone Yellowstone Buyer Inc. and Marcone Yellowstone Holdings, LLC | Class A common units",Marcone Yellowstone Buyer Inc. and Marcone Yellowstone Holdings,Marcone Yellowstone Buyer Inc. and Marcone Yellowstone Holdings,Common Equity,,,,0.0,6100000.0,,5796.0,0.0,,,,,False,,,USD,0.0
ARCC,0001287750,0001628280-26-050307,10-Q,2026-06-30,2026-07-29,"Mavis Tire Express Services Topco Corp., Metis HoldCo, Inc., and Metis TopCo, LP | First lien senior secured revolving loan","Mavis Tire Express Services Topco Corp., Metis HoldCo, Inc., and Metis TopCo","Mavis Tire Express Services Topco Corp., Metis HoldCo, Inc., and Metis TopCo",First Lien,,,,0.0,0.0,0.0,,,,,,,False,,,USD,0.0
ARCC,0001287750,0001628280-26-050307,10-Q,2026-06-30,2026-07-29,"Mavis Tire Express Services Topco Corp., Metis HoldCo, Inc., and Metis TopCo, LP | Class A-1 units","Mavis Tire Express Services Topco Corp., Metis HoldCo, Inc., and Metis TopCo","Mavis Tire Express Services Topco Corp., Metis HoldCo, Inc., and Metis TopCo",Common Equity,,,,52200000.0,24600000.0,,24586.0,212.2,,,,,False,,,USD,52200000.0
ARCC,0001287750,0001628280-26-050307,10-Q,2026-06-30,2026-07-29,"Midco Holding, LLC and Nivel Topco, LLC | First lien senior secured loan","Midco Holding, LLC and Nivel Topco","Midco Holding, LLC and Nivel Topco",First Lien,,,,11700000.0,11700000.0,11700000.0,,100.0,7.5,11.15,,5.0,True,,,USD,11700000.0
ARCC,0001287750,0001628280-26-050307,10-Q,2026-06-30,2026-07-29,"Midco Holding, LLC and Nivel Topco, LLC | Preferred units","Midco Holding, LLC and Nivel Topco","Midco Holding, LLC and Nivel Topco",Preferred Equity,,,,2000000.0,2700000.0,,6943696.0,74.07,,,,,False,,,USD,2000000.0
ARCC,0001287750,0001628280-26-050307,10-Q,2026-06-30,2026-07-29,"Midco Holding, LLC and Nivel Topco, LLC | Class A units","Midco Holding, LLC and Nivel Topco","Midco Holding, LLC and Nivel Topco",Common Equity,,,,0.0,0.0,,5341305.0,,,,,,False,,,USD,0.0
ARCC,0001287750,0001628280-26-050307,10-Q,2026-06-30,2026-07-29,"Monolith Brands Group, Inc. | Series A-1 preferred stock",Monolith Brands Group,Monolith Brands Group,Preferred Equity,,,,0.0,15500000.0,,701255.0,0.0,,,,,False,,,USD,0.0
ARCC,0001287750,0001628280-26-050307,10-Q,2026-06-30,2026-07-29,"Moon Valley Nursery of Arizona Retail, LLC, Moon Valley Nursery Farm Holdings, LLC, Moon Valley Nursery RE Holdings LLC, and Stonecourt IV Partners, LP | Limited partnership interests","Moon Valley Nursery of Arizona Retail, LLC, Moon Valley Nursery Farm Holdings, LLC, Moon Valley Nursery RE Holdings LLC, and Stonecourt IV Partners","Moon Valley Nursery of Arizona Retail, LLC, Moon Valley Nursery Farm Holdings, LLC, Moon Valley Nursery RE Holdings LLC, and Stonecourt IV Partners",LP Interest,,,,11000000.0,20800000.0,,21939152.0,52.88,,,,,False,,,USD,11000000.0
ARCC,0001287750,0001628280-26-050307,10-Q,2026-06-30,2026-07-29,Mountaineer Merger Corporation | First lien senior secured revolving loan,Mountaineer Merger Corporation |,Mountaineer Merger Corporation |,First Lien,,,,7700000.0,8000000.0,8100000.0,,95.06,6.25,9.91,,1.25,True,,,USD,7700000.0
ARCC,0001287750,0001628280-26-050307,10-Q,2026-06-30,2026-07-29,"Mr. Greens Intermediate, LLC, Florida Veg Investments LLC, MRG Texas, LLC and Restaurant Produce and Services Blocker, LLC | First lien senior secured revolving loan","Mr. Greens Intermediate, LLC, Florida Veg Investments LLC, MRG Texas, LLC and Restaurant Produce and Services Blocker","Mr. Greens Intermediate, LLC, Florida Veg Investments LLC, MRG Texas, LLC and Restaurant Produce and Services Blocker",First Lien,,,,0.0,0.0,0.0,,,,,,,False,,,USD,0.0
ARCC,0001287750,0001628280-26-050307,10-Q,2026-06-30,2026-07-29,"Mr. Greens Intermediate, LLC, Florida Veg Investments LLC, MRG Texas, LLC and Restaurant Produce and Services Blocker, LLC | First lien senior secured loan","Mr. Greens Intermediate, LLC, Florida Veg Investments LLC, MRG Texas, LLC and Restaurant Produce and Services Blocker","Mr. Greens Intermediate, LLC, Florida Veg Investments LLC, MRG Texas, LLC and Restaurant Produce and Services Blocker",First Lien,,,,2400000.0,2400000.0,2400000.0,,100.0,5.75,9.52,,,False,,,USD,2400000.0
ARCC,0001287750,0001628280-26-050307,10-Q,2026-06-30,2026-07-29,"Mr. Greens Intermediate, LLC, Florida Veg Investments LLC, MRG Texas, LLC and Restaurant Produce and Services Blocker, LLC | First lien senior secured loan 1","Mr. Greens Intermediate, LLC, Florida Veg Investments LLC, MRG Texas, LLC and Restaurant Produce and Services Blocker","Mr. Greens Intermediate, LLC, Florida Veg Investments LLC, MRG Texas, LLC and Restaurant Produce and Services Blocker",First Lien,,,,11600000.0,11600000.0,11600000.0,,100.0,5.75,9.51,,,False,,,USD,11600000.0
ARCC,0001287750,0001628280-26-050307,10-Q,2026-06-30,2026-07-29,"Mr. Greens Intermediate, LLC, Florida Veg Investments LLC, MRG Texas, LLC and Restaurant Produce and Services Blocker, LLC | First lien senior secured loan 2","Mr. Greens Intermediate, LLC, Florida Veg Investments LLC, MRG Texas, LLC and Restaurant Produce and Services Blocker","Mr. Greens Intermediate, LLC, Florida Veg Investments LLC, MRG Texas, LLC and Restaurant Produce and Services Blocker",First Lien,,,,1600000.0,1600000.0,1600000.0,,100.0,5.75,9.49,,,False,,,USD,1600000.0
ARCC,0001287750,0001628280-26-050307,10-Q,2026-06-30,2026-07-29,"Mr. Greens Intermediate, LLC, Florida Veg Investments LLC, MRG Texas, LLC and Restaurant Produce and Services Blocker, LLC | Class B limited liability company interest","Mr. Greens Intermediate, LLC, Florida Veg Investments LLC, MRG Texas, LLC and Restaurant Produce and Services Blocker, LLC | Class B limited liability company interest","Mr. Greens Intermediate, LLC, Florida Veg Investments LLC, MRG Texas, LLC and Restaurant Produce and Services Blocker, LLC | Class B limited liability company interest",,,,,9500000.0,10200000.0,,,93.14,,,,,False,,,USD,9500000.0
ARCC,0001287750,0001628280-26-050307,10-Q,2026-06-30,2026-07-29,"Project Cardinal Acquisition, LLC, First lien senior secured loan","Project Cardinal Acquisition, LLC","Project Cardinal Acquisition, LLC",First Lien,,,,6700000.0,6800000.0,6800000.0,,98.53,4.5,8.23,,,False,,,USD,6700000.0
ARCC,0001287750,0001628280-26-050307,10-Q,2026-06-30,2026-07-29,"Quirch Foods Holdings, LLC | First lien senior secured loan",Quirch Foods Holdings,Quirch Foods Holdings,First Lien,,,,114400000.0,114400000.0,114400000.0,,100.0,6.5,10.19,,,False,,,USD,114400000.0
ARCC,0001287750,0001628280-26-050307,10-Q,2026-06-30,2026-07-29,Reddy Ice LLC | First lien senior secured revolving loan,Reddy Ice LLC |,Reddy Ice LLC |,First Lien,,,,19300000.0,19300000.0,19300000.0,,100.0,5.25,8.9,,,False,,,USD,19300000.0
ARCC,0001287750,0001628280-26-050307,10-Q,2026-06-30,2026-07-29,Reddy Ice LLC | First lien senior secured revolving loan 1,Reddy Ice LLC |,Reddy Ice LLC |,First Lien,,,,9300000.0,9300000.0,9300000.0,,100.0,4.25,11.0,,,False,,,USD,9300000.0
ARCC,0001287750,0001628280-26-050307,10-Q,2026-06-30,2026-07-29,Reddy Ice LLC | First lien senior secured revolving loan 2,Reddy Ice LLC |,Reddy Ice LLC |,First Lien,,,,5800000.0,5800000.0,5800000.0,,100.0,4.25,11.0,,,False,,,USD,5800000.0
ARCC,0001287750,0001628280-26-050307,10-Q,2026-06-30,2026-07-29,Reddy Ice LLC | First lien senior secured loan,Reddy Ice LLC |,Reddy Ice LLC |,First Lien,,,,125600000.0,125600000.0,125600000.0,,100.0,5.25,8.86,,,False,,,USD,125600000.0
ARCC,0001287750,0001628280-26-050307,10-Q,2026-06-30,2026-07-29,Reddy Ice LLC | First lien senior secured loan 1,Reddy Ice LLC |,Reddy Ice LLC |,First Lien,,,,183600000.0,183600000.0,183600000.0,,100.0,5.25,8.86,,,False,,,USD,183600000.0
ARCC,0001287750,0001628280-26-050307,10-Q,2026-06-30,2026-07-29,"Royal Borrower, LLC and Royal Parent, LP | First lien senior secured revolving loan","Royal Borrower, LLC and Royal Parent","Royal Borrower, LLC and Royal Parent",First Lien,,,,0.0,0.0,0.0,,,,,,,False,,,USD,0.0
ARCC,0001287750,0001628280-26-050307,10-Q,2026-06-30,2026-07-29,"Royal Borrower, LLC and Royal Parent, LP | First lien senior secured loan","Royal Borrower, LLC and Royal Parent","Royal Borrower, LLC and Royal Parent",First Lien,,,,25200000.0,25200000.0,25200000.0,,100.0,5.75,9.39,,,False,,,USD,25200000.0
ARCC,0001287750,0001628280-26-050307,10-Q,2026-06-30,2026-07-29,"Royal Borrower, LLC and Royal Parent, LP | Class A preferred units","Royal Borrower, LLC and Royal Parent","Royal Borrower, LLC and Royal Parent",Preferred Equity,,,,2400000.0,2700000.0,,2255000.0,88.89,,,,10.0,True,,,USD,2400000.0
ARCC,0001287750,0001628280-26-050307,10-Q,2026-06-30,2026-07-29,"Shur-Co Acquisition, Inc. and Shur-Co Holdco, Inc. | First lien senior secured loan","Shur-Co Acquisition, Inc. and Shur-Co Holdco","Shur-Co Acquisition, Inc. and Shur-Co Holdco",First Lien,,,,6000000.0,6000000.0,6000000.0,,100.0,5.5,9.14,,,False,,,USD,6000000.0
ARCC,0001287750,0001628280-26-050307,10-Q,2026-06-30,2026-07-29,"Shur-Co Acquisition, Inc. and Shur-Co Holdco, Inc. | First lien senior secured loan 1","Shur-Co Acquisition, Inc. and Shur-Co Holdco","Shur-Co Acquisition, Inc. and Shur-Co Holdco",First Lien,,,,12500000.0,12500000.0,12500000.0,,100.0,5.5,9.14,,,False,,,USD,12500000.0
ARCC,0001287750,0001628280-26-050307,10-Q,2026-06-30,2026-07-29,"Shur-Co Acquisition, Inc. and Shur-Co Holdco, Inc. | First lien senior secured loan 2","Shur-Co Acquisition, Inc. and Shur-Co Holdco","Shur-Co Acquisition, Inc. and Shur-Co Holdco",First Lien,,,,30900000.0,30900000.0,30900000.0,,100.0,5.5,9.14,,,False,,,USD,30900000.0
ARCC,0001287750,0001628280-26-050307,10-Q,2026-06-30,2026-07-29,"Shur-Co Acquisition, Inc. and Shur-Co Holdco, Inc. | First lien senior secured loan 3","Shur-Co Acquisition, Inc. and Shur-Co Holdco","Shur-Co Acquisition, Inc. and Shur-Co Holdco",First Lien,,,,5400000.0,5400000.0,5400000.0,,100.0,5.5,9.14,,,False,,,USD,5400000.0
ARCC,0001287750,0001628280-26-050307,10-Q,2026-06-30,2026-07-29,"Shur-Co Acquisition, Inc. and Shur-Co Holdco, Inc. | First lien senior secured loan 4","Shur-Co Acquisition, Inc. and Shur-Co Holdco","Shur-Co Acquisition, Inc. and Shur-Co Holdco",First Lien,,,,9100000.0,9100000.0,9100000.0,,100.0,5.5,9.23,,,False,,,USD,9100000.0
ARCC,0001287750,0001628280-26-050307,10-Q,2026-06-30,2026-07-29,"Shur-Co Acquisition, Inc. and Shur-Co Holdco, Inc. | First lien senior secured loan 5","Shur-Co Acquisition, Inc. and Shur-Co Holdco","Shur-Co Acquisition, Inc. and Shur-Co Holdco",First Lien,,,,500000.0,500000.0,500000.0,,100.0,5.5,9.14,,,False,,,USD,500000.0
ARCC,0001287750,0001628280-26-050307,10-Q,2026-06-30,2026-07-29,"Worldwide Produce Acquisition, LLC and REP WWP Coinvest IV, L.P. | First lien senior secured revolving loan","Worldwide Produce Acquisition, LLC and REP WWP Coinvest IV","Worldwide Produce Acquisition, LLC and REP WWP Coinvest IV",First Lien,,,,200000.0,300000.0,300000.0,,66.67,6.75,10.4,,,False,,,USD,200000.0
ARCC,0001287750,0001628280-26-050307,10-Q,2026-06-30,2026-07-29,"Worldwide Produce Acquisition, LLC and REP WWP Coinvest IV, L.P. | First lien senior secured loan","Worldwide Produce Acquisition, LLC and REP WWP Coinvest IV","Worldwide Produce Acquisition, LLC and REP WWP Coinvest IV",First Lien,,,,7400000.0,8500000.0,8500000.0,,87.06,8.75,12.41,,,False,,,USD,7400000.0
ARCC,0001287750,0001628280-26-050307,10-Q,2026-06-30,2026-07-29,"Worldwide Produce Acquisition, LLC and REP WWP Coinvest IV, L.P. | Common units","Worldwide Produce Acquisition, LLC and REP WWP Coinvest IV","Worldwide Produce Acquisition, LLC and REP WWP Coinvest IV",Common Equity,,,,0.0,1700000.0,,1673000.0,0.0,,,,,False,,,USD,0.0
ARCC,0001287750,0001628280-26-050307,10-Q,2026-06-30,2026-07-29,ACAS Equity Holdings Corporation | Common stock,ACAS Equity Holdings Corporation |,ACAS Equity Holdings Corporation |,Common Equity,,,,400000.0,400000.0,,589.0,100.0,,,,,False,,,USD,400000.0
ARCC,0001287750,0001628280-26-050307,10-Q,2026-06-30,2026-07-29,"Constellation Wealth Capital Fund, L.P., Constellation Wealth Capital Fund II LP, and CWC Fund II GP Capital LP | Limited partner interests","Constellation Wealth Capital Fund, L.P., Constellation Wealth Capital Fund II LP","Constellation Wealth Capital Fund, L.P., Constellation Wealth Capital Fund II LP",LP Interest,,,,5000000.0,4300000.0,,4665197.0,116.28,,,,,False,,,USD,5000000.0
ARCC,0001287750,0001628280-26-050307,10-Q,2026-06-30,2026-07-29,"Constellation Wealth Capital Fund, L.P., Constellation Wealth Capital Fund II LP, and CWC Fund II GP Capital LP | Limited partnership interests","Constellation Wealth Capital Fund, L.P., Constellation Wealth Capital Fund II LP","Constellation Wealth Capital Fund, L.P., Constellation Wealth Capital Fund II LP",LP Interest,,,,600000.0,600000.0,,2560000.0,100.0,,,,,False,,,USD,600000.0
ARCC,0001287750,0001628280-26-050307,10-Q,2026-06-30,2026-07-29,"Constellation Wealth Capital Fund, L.P., Constellation Wealth Capital Fund II LP, and CWC Fund II GP Capital LP | Limited partnership interests 1","Constellation Wealth Capital Fund, L.P., Constellation Wealth Capital Fund II LP","Constellation Wealth Capital Fund, L.P., Constellation Wealth Capital Fund II LP",LP Interest,,,,800000.0,800000.0,,3840000.0,100.0,,,,,False,,,USD,800000.0
ARCC,0001287750,0001628280-26-050307,10-Q,2026-06-30,2026-07-29,CREST Exeter Street Solar 2004-1 | Preferred shares,CREST Exeter Street Solar 2004-1 |,CREST Exeter Street Solar 2004-1 |,Preferred Equity,,,,0.0,0.0,,3500000.0,,,,,,False,,,USD,0.0
ARCC,0001287750,0001628280-26-050307,10-Q,2026-06-30,2026-07-29,CWC Fund I Co-Invest (ALTI) LP | Limited partnership interest,CWC Fund I Co-Invest (ALTI) LP |,CWC Fund I Co-Invest (ALTI) LP |,LP Interest,,,,7800000.0,6300000.0,,6224000.0,123.81,,,,,False,,,USD,7800000.0
ARCC,0001287750,0001628280-26-050307,10-Q,2026-06-30,2026-07-29,European Capital UK SME Debt LP | Limited partnership interest,European Capital UK SME Debt LP |,European Capital UK SME Debt LP |,LP Interest,,,,200000.0,0.0,,,,,,,,False,,,USD,200000.0
ARCC,0001287750,0001628280-26-050307,10-Q,2026-06-30,2026-07-29,"HCI Equity, LLC | Member interest",HCI Equity,HCI Equity,LLC Interest,,,,0.0,0.0,,,,,,,,False,,,USD,0.0
ARCC,0001287750,0001628280-26-050307,10-Q,2026-06-30,2026-07-29,Linden Structured Capital Fund II-A LP | Limited partnership interest,Linden Structured Capital Fund II-A LP |,Linden Structured Capital Fund II-A LP |,LP Interest,,,,2200000.0,1300000.0,,1828249.0,169.23,,,,,False,,,USD,2200000.0
ARCC,0001287750,0001628280-26-050307,10-Q,2026-06-30,2026-07-29,"Partnership Capital Growth Investors III, L.P. | Limited partnership interest",Partnership Capital Growth Investors III,Partnership Capital Growth Investors III,LP Interest,,,,2300000.0,700000.0,,,328.57,,,,,False,,,USD,2300000.0
ARCC,0001287750,0001628280-26-050307,10-Q,2026-06-30,2026-07-29,"PCG-Ares Sidecar Investment, L.P. | Limited partnership interest",PCG-Ares Sidecar Investment,PCG-Ares Sidecar Investment,LP Interest,,,,200000.0,4500000.0,,,4.44,,,,,False,,,USD,200000.0
ARCC,0001287750,0001628280-26-050307,10-Q,2026-06-30,2026-07-29,"PCG-TAC-CV, LP | Limited partnership interest",PCG-TAC-CV,PCG-TAC-CV,LP Interest,,,,6800000.0,0.0,,,,,,,,False,,,USD,6800000.0
ARCC,0001287750,0001628280-26-050307,10-Q,2026-06-30,2026-07-29,"Piper Jaffray Merchant Banking Fund I, L.P. | Limited partnership interest",Piper Jaffray Merchant Banking Fund I,Piper Jaffray Merchant Banking Fund I,LP Interest,,,,500000.0,100000.0,,,500.0,,,,,False,,,USD,500000.0
ARCC,0001287750,0001628280-26-050307,10-Q,2026-06-30,2026-07-29,"Senior Direct Lending Program, LLC | Subordinated certificates",Senior Direct Lending Program,Senior Direct Lending Program,Subordinated,,,,1153700000.0,1140400000.0,1153700000.0,,100.0,8.0,11.73,,,False,,,USD,1153700000.0
ARCC,0001287750,0001628280-26-050307,10-Q,2026-06-30,2026-07-29,"Senior Direct Lending Program, LLC | Membership interest",Senior Direct Lending Program,Senior Direct Lending Program,LLC Interest,,,,0.0,0.0,,,,,,,,False,,,USD,0.0
ARCC,0001287750,0001628280-26-050307,10-Q,2026-06-30,2026-07-29,22 HoldCo Limited | Senior subordinated loan,22 HoldCo Limited |,22 HoldCo Limited |,Senior Subordinated,,,,72100000.0,69600000.0,72100000.0,,100.0,7.5,,,11.55,True,,,USD,72100000.0
ARCC,0001287750,0001628280-26-050307,10-Q,2026-06-30,2026-07-29,3 Step Sports LLC | First lien senior secured revolving loan,3 Step Sports LLC |,3 Step Sports LLC |,First Lien,,,,1400000.0,1400000.0,1400000.0,,100.0,6.5,10.15,,,False,,,USD,1400000.0
ARCC,0001287750,0001628280-26-050307,10-Q,2026-06-30,2026-07-29,3 Step Sports LLC | First lien senior secured loan,3 Step Sports LLC |,3 Step Sports LLC |,First Lien,,,,12600000.0,12600000.0,12600000.0,,100.0,6.5,10.23,,,False,,,USD,12600000.0
ARCC,0001287750,0001628280-26-050307,10-Q,2026-06-30,2026-07-29,3 Step Sports LLC | First lien senior secured loan 1,3 Step Sports LLC |,3 Step Sports LLC |,First Lien,,,,2800000.0,2800000.0,2800000.0,,100.0,6.5,10.23,,,False,,,USD,2800000.0
ARCC,0001287750,0001628280-26-050307,10-Q,2026-06-30,2026-07-29,Aventine Intermediate LLC & Aventine Holdings II LLC | First lien senior secured loan,Aventine Intermediate LLC & Aventine Holdings II LLC |,Aventine Intermediate LLC & Aventine Holdings II LLC |,First Lien,,,,5800000.0,6300000.0,6300000.0,,92.06,6.0,9.8,,3.5,True,,,USD,5800000.0
ARCC,0001287750,0001628280-26-050307,10-Q,2026-06-30,2026-07-29,Aventine Intermediate LLC & Aventine Holdings II LLC | Second lien senior secured loan,Aventine Intermediate LLC & Aventine Holdings II LLC |,Aventine Intermediate LLC & Aventine Holdings II LLC |,Second Lien,,,,40800000.0,55300000.0,55900000.0,,72.99,,,,,False,,,USD,40800000.0
ARCC,0001287750,0001628280-26-050307,10-Q,2026-06-30,2026-07-29,"Axiomatic, LLC | First lien senior secured notes",Axiomatic,Axiomatic,First Lien,,,,100000.0,100000.0,100000.0,,100.0,,,,,False,,,USD,100000.0
ARCC,0001287750,0001628280-26-050307,10-Q,2026-06-30,2026-07-29,"Axiomatic, LLC | Class A-1 units",Axiomatic,Axiomatic,Common Equity,,,,5900000.0,4700000.0,,500000.0,125.53,,,,,False,,,USD,5900000.0
ARCC,0001287750,0001628280-26-050307,10-Q,2026-06-30,2026-07-29,"Bad Vibes Forever, LLC and Bad Vibes Forever Publishing, LLC | First lien senior secured loan","Bad Vibes Forever, LLC and Bad Vibes Forever Publishing","Bad Vibes Forever, LLC and Bad Vibes Forever Publishing",First Lien,,,,20400000.0,20400000.0,20400000.0,,100.0,5.5,9.35,,,False,,,USD,20400000.0
ARCC,0001287750,0001628280-26-050307,10-Q,2026-06-30,2026-07-29,CFC Funding LLC | Loan instrument units,CFC Funding LLC | Loan instrument,CFC Funding LLC | Loan instrument,Equity,,,,21200000.0,21200000.0,,16680.0,100.0,,,,9.75,True,,,USD,21200000.0
ARCC,0001287750,0001628280-26-050307,10-Q,2026-06-30,2026-07-29,"CMW Parent LLC (fka Black Arrow, Inc.) | Series A units",CMW Parent LLC (fka Black Arrow,CMW Parent LLC (fka Black Arrow,Common Equity,,,,0.0,0.0,,32.0,,,,,,False,,,USD,0.0
ARCC,0001287750,0001628280-26-050307,10-Q,2026-06-30,2026-07-29,"Create Music Holdings, LLC | Second lien senior secured loan",Create Music Holdings,Create Music Holdings,Second Lien,,,,28700000.0,29200000.0,29200000.0,,98.29,6.25,10.14,,3.25,True,,,USD,28700000.0
ARCC,0001287750,0001628280-26-050307,10-Q,2026-06-30,2026-07-29,"Create Music Holdings, LLC | Class A common stock",Create Music Holdings,Create Music Holdings,Common Equity,,,,7100000.0,7100000.0,,642138.0,100.0,,,,,False,,,USD,7100000.0
ARCC,0001287750,0001628280-26-050307,10-Q,2026-06-30,2026-07-29,"Dundee Eros, LP | Limited partnership interest",Dundee Eros,Dundee Eros,LP Interest,,,,5100000.0,4800000.0,,4803441.0,106.25,,,,,False,,,USD,5100000.0
ARCC,0001287750,0001628280-26-050307,10-Q,2026-06-30,2026-07-29,Eagle Football Holdings BidCo Limited | Common stock,Eagle Football Holdings BidCo Limited |,Eagle Football Holdings BidCo Limited |,Common Equity,,,,2600000.0,2600000.0,,2550171.0,100.0,,,,,False,,,USD,2600000.0
ARCC,0001287750,0001628280-26-050307,10-Q,2026-06-30,2026-07-29,"FEH Group, LLC. | Class A common interest",FEH Group,FEH Group,Common Equity,,,,266500000.0,180500000.0,,26.0,147.65,,,,,False,,,USD,266500000.0
ARCC,0001287750,0001628280-26-050307,10-Q,2026-06-30,2026-07-29,"FEH Group, LLC. | Class A common interest 1",FEH Group,FEH Group,Common Equity,,,,7800000.0,5300000.0,,26.0,147.17,,,,,False,,,USD,7800000.0
ARCC,0001287750,0001628280-26-050307,10-Q,2026-06-30,2026-07-29,"FEH Group, LLC. | Class A common interest 2",FEH Group,FEH Group,Common Equity,,,,1900000.0,1300000.0,,26.0,146.15,,,,,False,,,USD,1900000.0
ARCC,0001287750,0001628280-26-050307,10-Q,2026-06-30,2026-07-29,"Fever Labs, Inc. | First lien senior secured revolving loan",Fever Labs,Fever Labs,First Lien,,,,14800000.0,14800000.0,14800000.0,,100.0,,11.0,,,False,,,USD,14800000.0
ARCC,0001287750,0001628280-26-050307,10-Q,2026-06-30,2026-07-29,"Fever Labs, Inc. | First lien senior secured loan",Fever Labs,Fever Labs,First Lien,,,,3800000.0,3800000.0,3800000.0,,100.0,,10.5,,,False,,,USD,3800000.0
ARCC,0001287750,0001628280-26-050307,10-Q,2026-06-30,2026-07-29,"Fever Labs, Inc. | First lien senior secured loan 1",Fever Labs,Fever Labs,First Lien,,,,16800000.0,15700000.0,16800000.0,,100.0,,11.0,,,False,,,USD,16800000.0
ARCC,0001287750,0001628280-26-050307,10-Q,2026-06-30,2026-07-29,"Fever Labs, Inc. | First lien senior secured loan 2",Fever Labs,Fever Labs,First Lien,,,,1900000.0,1900000.0,1900000.0,,100.0,,10.5,,,False,,,USD,1900000.0
ARCC,0001287750,0001628280-26-050307,10-Q,2026-06-30,2026-07-29,"Fever Labs, Inc. | Series B redeemable preferred stock",Fever Labs,Fever Labs,Preferred Equity,,,,10200000.0,10200000.0,,8824.0,100.0,,,,13.5,True,,,USD,10200000.0
ARCC,0001287750,0001628280-26-050307,10-Q,2026-06-30,2026-07-29,"Fever Labs, Inc. | Series E-5 convertible shares",Fever Labs,Fever Labs,Equity,,,,1500000.0,900000.0,,217907.0,166.67,,,,,False,,,USD,1500000.0
ARCC,0001287750,0001628280-26-050307,10-Q,2026-06-30,2026-07-29,"Fever Labs, Inc. | Warrant to purchase common stock",Fever Labs,Fever Labs,Warrant,,,,700000.0,0.0,,177076.0,,,,,,False,,,USD,700000.0
ARCC,0001287750,0001628280-26-050307,10-Q,2026-06-30,2026-07-29,"Firebird Music Holdings, LLC | Common units",Firebird Music Holdings,Firebird Music Holdings,Common Equity,,,,4200000.0,4200000.0,,2955319.0,100.0,,,,,False,,,USD,4200000.0
ARCC,0001287750,0001628280-26-050307,10-Q,2026-06-30,2026-07-29,Firebird Music Rights I LP | Limited partnership interests,Firebird Music Rights I LP |,Firebird Music Rights I LP |,LP Interest,,,,300000.0,300000.0,,340110.0,100.0,,,,10.0,True,,,USD,300000.0
ARCC,0001287750,0001628280-26-050307,10-Q,2026-06-30,2026-07-29,"Global Music Rights, LLC | First lien senior secured revolving loan",Global Music Rights,Global Music Rights,First Lien,,,,6100000.0,6000000.0,6000000.0,,101.67,4.25,7.88,,,False,,,USD,6100000.0
ARCC,0001287750,0001628280-26-050307,10-Q,2026-06-30,2026-07-29,"Global Music Rights, LLC | First lien senior secured loan",Global Music Rights,Global Music Rights,First Lien,,,,72700000.0,72000000.0,72000000.0,,100.97,4.25,7.98,,,False,,,USD,72700000.0
ARCC,0001287750,0001628280-26-050307,10-Q,2026-06-30,2026-07-29,GSM Rights Fund II LP | Class B interest,GSM Rights Fund II LP |,GSM Rights Fund II LP |,Common Equity,,,,5200000.0,5100000.0,,5123898.0,101.96,,,,,False,,,USD,5200000.0
ARCC,0001287750,0001628280-26-050307,10-Q,2026-06-30,2026-07-29,"League One Volleyball Clubs, LLC and League One Volleyball, Inc. | Series B preferred stock","League One Volleyball Clubs, LLC and League One Volleyball","League One Volleyball Clubs, LLC and League One Volleyball",Preferred Equity,,,,0.0,0.0,,194.0,,,,,,False,,,USD,0.0
ARCC,0001287750,0001628280-26-050307,10-Q,2026-06-30,2026-07-29,"League One Volleyball Clubs, LLC and League One Volleyball, Inc. | Series C preferred stock","League One Volleyball Clubs, LLC and League One Volleyball","League One Volleyball Clubs, LLC and League One Volleyball",Preferred Equity,,,,0.0,0.0,,67.0,,,,,,False,,,USD,0.0
ARCC,0001287750,0001628280-26-050307,10-Q,2026-06-30,2026-07-29,"League One Volleyball Clubs, LLC and League One Volleyball, Inc. | Warrant to purchase common stock","League One Volleyball Clubs, LLC and League One Volleyball","League One Volleyball Clubs, LLC and League One Volleyball",Warrant,,,,0.0,0.0,,8.0,,,,,,False,,,USD,0.0
ARCC,0001287750,0001628280-26-050307,10-Q,2026-06-30,2026-07-29,"Legends Hospitality Holding Company, LLC, ASM Buyer, Inc., Legends ASM Holdco I, LLC, and Stadium Coinvest (B)-III, L.P. | First lien senior secured revolving loan","Legends Hospitality Holding Company, LLC, ASM Buyer, Inc., Legends ASM Holdco I, LLC, and Stadium Coinvest (B)-III","Legends Hospitality Holding Company, LLC, ASM Buyer, Inc., Legends ASM Holdco I, LLC, and Stadium Coinvest (B)-III",First Lien,,,,3000000.0,3000000.0,3000000.0,,100.0,5.0,8.64,,,False,,,USD,3000000.0
ARCC,0001287750,0001628280-26-050307,10-Q,2026-06-30,2026-07-29,"Legends Hospitality Holding Company, LLC, ASM Buyer, Inc., Legends ASM Holdco I, LLC, and Stadium Coinvest (B)-III, L.P. | First lien senior secured loan","Legends Hospitality Holding Company, LLC, ASM Buyer, Inc., Legends ASM Holdco I, LLC, and Stadium Coinvest (B)-III","Legends Hospitality Holding Company, LLC, ASM Buyer, Inc., Legends ASM Holdco I, LLC, and Stadium Coinvest (B)-III",First Lien,,,,3300000.0,3300000.0,3300000.0,,100.0,5.0,8.66,,,False,,,USD,3300000.0
ARCC,0001287750,0001628280-26-050307,10-Q,2026-06-30,2026-07-29,"Legends Hospitality Holding Company, LLC, ASM Buyer, Inc., Legends ASM Holdco I, LLC, and Stadium Coinvest (B)-III, L.P. | First lien senior secured loan 1","Legends Hospitality Holding Company, LLC, ASM Buyer, Inc., Legends ASM Holdco I, LLC, and Stadium Coinvest (B)-III","Legends Hospitality Holding Company, LLC, ASM Buyer, Inc., Legends ASM Holdco I, LLC, and Stadium Coinvest (B)-III",First Lien,,,,58000000.0,58600000.0,58600000.0,,98.98,5.5,9.16,,2.75,True,,,USD,58000000.0
ARCC,0001287750,0001628280-26-050307,10-Q,2026-06-30,2026-07-29,"Legends Hospitality Holding Company, LLC, ASM Buyer, Inc., Legends ASM Holdco I, LLC, and Stadium Coinvest (B)-III, L.P. | Limited partnership interest","Legends Hospitality Holding Company, LLC, ASM Buyer, Inc., Legends ASM Holdco I, LLC, and Stadium Coinvest (B)-III","Legends Hospitality Holding Company, LLC, ASM Buyer, Inc., Legends ASM Holdco I, LLC, and Stadium Coinvest (B)-III",LP Interest,,,,6200000.0,6700000.0,,6555000.0,92.54,,,,,False,,,USD,6200000.0
ARCC,0001287750,0001628280-26-050307,10-Q,2026-06-30,2026-07-29,"LiveBarn Inc., LiveBarn US, LLC, LiveBarn Canada I, ULC, and Royal Topco Holdings, LLC | First lien senior secured revolving loan","LiveBarn Inc., LiveBarn US, LLC, LiveBarn Canada I, ULC, and Royal Topco Holdings","LiveBarn Inc., LiveBarn US, LLC, LiveBarn Canada I, ULC, and Royal Topco Holdings",First Lien,,,,1500000.0,1500000.0,1500000.0,,100.0,4.5,6.78,,,False,,,USD,1500000.0
ARCC,0001287750,0001628280-26-050307,10-Q,2026-06-30,2026-07-29,"LiveBarn Inc., LiveBarn US, LLC, LiveBarn Canada I, ULC, and Royal Topco Holdings, LLC | Class A units","LiveBarn Inc., LiveBarn US, LLC, LiveBarn Canada I, ULC, and Royal Topco Holdings","LiveBarn Inc., LiveBarn US, LLC, LiveBarn Canada I, ULC, and Royal Topco Holdings",Common Equity,,,,5600000.0,5500000.0,,5430.0,101.82,,,,8.0,True,,,USD,5600000.0
ARCC,0001287750,0001628280-26-050307,10-Q,2026-06-30,2026-07-29,"LiveBarn Inc., LiveBarn US, LLC, LiveBarn Canada I, ULC, and Royal Topco Holdings, LLC | Vested Class B units","LiveBarn Inc., LiveBarn US, LLC, LiveBarn Canada I, ULC, and Royal Topco Holdings","LiveBarn Inc., LiveBarn US, LLC, LiveBarn Canada I, ULC, and Royal Topco Holdings",Common Equity,,,,0.0,0.0,,5429644.0,,,,,,False,,,USD,0.0
ARCC,0001287750,0001628280-26-050307,10-Q,2026-06-30,2026-07-29,Mari Events Midco LLC and AE EventsCo Holdings LLC | First lien senior secured loan,Mari Events Midco LLC and AE EventsCo Holdings LLC |,Mari Events Midco LLC and AE EventsCo Holdings LLC |,First Lien,,,,5300000.0,5300000.0,5300000.0,,100.0,4.0,7.73,,,False,,,USD,5300000.0
ARCC,0001287750,0001628280-26-050307,10-Q,2026-06-30,2026-07-29,Mari Events Midco LLC and AE EventsCo Holdings LLC | Class A-1 units,Mari Events Midco LLC and AE EventsCo Holdings LLC |,Mari Events Midco LLC and AE EventsCo Holdings LLC |,Common Equity,,,,5000000.0,4500000.0,,449.0,111.11,,,,,False,,,USD,5000000.0
ARCC,0001287750,0001628280-26-050307,10-Q,2026-06-30,2026-07-29,Mari Events Midco LLC and AE EventsCo Holdings LLC | Class A-2 units,Mari Events Midco LLC and AE EventsCo Holdings LLC |,Mari Events Midco LLC and AE EventsCo Holdings LLC |,Common Equity,,,,6900000.0,6300000.0,,628.0,109.52,,,,,False,,,USD,6900000.0
ARCC,0001287750,0001628280-26-050307,10-Q,2026-06-30,2026-07-29,Mari Events Midco LLC and AE EventsCo Holdings LLC | Class A-3 units,Mari Events Midco LLC and AE EventsCo Holdings LLC |,Mari Events Midco LLC and AE EventsCo Holdings LLC |,Common Equity,,,,3200000.0,2900000.0,,293.0,110.34,,,,,False,,,USD,3200000.0
ARCC,0001287750,0001628280-26-050307,10-Q,2026-06-30,2026-07-29,"Mari Miami II LLC and South Florida Tennis, LLC | First lien senior secured loan",Mari Miami II LLC and South Florida Tennis,Mari Miami II LLC and South Florida Tennis,First Lien,,,,5800000.0,5800000.0,5800000.0,,100.0,5.0,8.73,,,False,,,USD,5800000.0
ARCC,0001287750,0001628280-26-050307,10-Q,2026-06-30,2026-07-29,"Mari Miami II LLC and South Florida Tennis, LLC | Class A common interests",Mari Miami II LLC and South Florida Tennis,Mari Miami II LLC and South Florida Tennis,Common Equity,,,,7800000.0,2300000.0,,26.0,339.13,,,,,False,,,USD,7800000.0
ARCC,0001287750,0001628280-26-050307,10-Q,2026-06-30,2026-07-29,Miami Beckham United LLC | Class A preferred units,Miami Beckham United LLC | Class A,Miami Beckham United LLC | Class A,Preferred Equity,,,,130900000.0,130900000.0,,85000.0,100.0,,,,9.5,True,,,USD,130900000.0
ARCC,0001287750,0001628280-26-050307,10-Q,2026-06-30,2026-07-29,Miami Beckham United LLC | Class B preferred units,Miami Beckham United LLC | Class B,Miami Beckham United LLC | Class B,Preferred Equity,,,,56300000.0,56300000.0,,42500.0,100.0,,,,9.5,True,,,USD,56300000.0
ARCC,0001287750,0001628280-26-050307,10-Q,2026-06-30,2026-07-29,"Production Resource Group, L.L.C. and PRG III, LLC | First lien senior secured loan","Production Resource Group, L.L.C. and PRG III","Production Resource Group, L.L.C. and PRG III",First Lien,,,,69000000.0,68700000.0,69000000.0,,100.0,7.5,,,11.17,True,,,USD,69000000.0
ARCC,0001287750,0001628280-26-050307,10-Q,2026-06-30,2026-07-29,"Production Resource Group, L.L.C. and PRG III, LLC | First lien senior secured loan 1","Production Resource Group, L.L.C. and PRG III","Production Resource Group, L.L.C. and PRG III",First Lien,,,,6900000.0,6900000.0,6900000.0,,100.0,7.5,,,11.3,True,,,USD,6900000.0
ARCC,0001287750,0001628280-26-050307,10-Q,2026-06-30,2026-07-29,"Production Resource Group, L.L.C. and PRG III, LLC | First lien senior secured loan 2","Production Resource Group, L.L.C. and PRG III","Production Resource Group, L.L.C. and PRG III",First Lien,,,,2800000.0,2700000.0,2800000.0,,100.0,7.5,,,11.22,True,,,USD,2800000.0
ARCC,0001287750,0001628280-26-050307,10-Q,2026-06-30,2026-07-29,"Production Resource Group, L.L.C. and PRG III, LLC | First lien senior secured loan 3","Production Resource Group, L.L.C. and PRG III","Production Resource Group, L.L.C. and PRG III",First Lien,,,,2600000.0,2600000.0,2600000.0,,100.0,7.5,,,11.31,True,,,USD,2600000.0
ARCC,0001287750,0001628280-26-050307,10-Q,2026-06-30,2026-07-29,"Production Resource Group, L.L.C. and PRG III, LLC | Membership interest","Production Resource Group, L.L.C. and PRG III","Production Resource Group, L.L.C. and PRG III",LLC Interest,,,,3100000.0,13600000.0,,151988.0,22.79,,,,,False,,,USD,3100000.0
ARCC,0001287750,0001628280-26-050307,10-Q,2026-06-30,2026-07-29,"Professional Fighters League, LLC, PFL MMA LLC and PFL MMA, Inc. | First lien senior secured loan","Professional Fighters League, LLC, PFL MMA LLC and PFL MMA","Professional Fighters League, LLC, PFL MMA LLC and PFL MMA",First Lien,,,,14200000.0,14200000.0,14200000.0,,100.0,,,,14.0,True,,,USD,14200000.0
ARCC,0001287750,0001628280-26-050307,10-Q,2026-06-30,2026-07-29,"Professional Fighters League, LLC, PFL MMA LLC and PFL MMA, Inc. | Senior subordinated loan","Professional Fighters League, LLC, PFL MMA LLC and PFL MMA","Professional Fighters League, LLC, PFL MMA LLC and PFL MMA",Senior Subordinated,,,,200000.0,200000.0,300000.0,,66.67,,,,8.0,True,,,USD,200000.0
ARCC,0001287750,0001628280-26-050307,10-Q,2026-06-30,2026-07-29,"Professional Fighters League, LLC, PFL MMA LLC and PFL MMA, Inc. | Warrant to purchase common units","Professional Fighters League, LLC, PFL MMA LLC and PFL MMA","Professional Fighters League, LLC, PFL MMA LLC and PFL MMA",Warrant,,,,0.0,0.0,,86.0,,,,,,False,,,USD,0.0
ARCC,0001287750,0001628280-26-050307,10-Q,2026-06-30,2026-07-29,Propagate Content LLC | Preferred units,Propagate Content LLC |,Propagate Content LLC |,Preferred Equity,,,,3700000.0,3700000.0,,3.0,100.0,,,,8.0,True,,,USD,3700000.0
ARCC,0001287750,0001628280-26-050307,10-Q,2026-06-30,2026-07-29,"Sandlot Action Sports, LLC | Common units",Sandlot Action Sports,Sandlot Action Sports,Common Equity,,,,0.0,0.0,,3384.0,,,,,,False,,,USD,0.0
ARCC,0001287750,0001628280-26-050307,10-Q,2026-06-30,2026-07-29,"Shout! Factory, LLC | First lien senior secured revolving loan",Shout! Factory,Shout! Factory,First Lien,,,,600000.0,600000.0,600000.0,,100.0,5.25,8.9,,,False,,,USD,600000.0
ARCC,0001287750,0001628280-26-050307,10-Q,2026-06-30,2026-07-29,"Shout! Factory, LLC | First lien senior secured loan",Shout! Factory,Shout! Factory,First Lien,,,,17600000.0,17900000.0,17900000.0,,98.32,5.25,8.98,,,False,,,USD,17600000.0
ARCC,0001287750,0001628280-26-050307,10-Q,2026-06-30,2026-07-29,"South Florida Motorsports, LLC | Class A common interest",South Florida Motorsports,South Florida Motorsports,Common Equity,,,,29900000.0,5500000.0,,26.0,543.64,,,,,False,,,USD,29900000.0
ARCC,0001287750,0001628280-26-050307,10-Q,2026-06-30,2026-07-29,"The Teaching Company Holdings, Inc. | Preferred stock",The Teaching Company Holdings,The Teaching Company Holdings,Preferred Equity,,,,800000.0,1100000.0,,10663.0,72.73,,,,,False,,,USD,800000.0
ARCC,0001287750,0001628280-26-050307,10-Q,2026-06-30,2026-07-29,"The Teaching Company Holdings, Inc. | Common stock",The Teaching Company Holdings,The Teaching Company Holdings,Common Equity,,,,0.0,0.0,,15393.0,,,,,,False,,,USD,0.0
ARCC,0001287750,0001628280-26-050307,10-Q,2026-06-30,2026-07-29,WRE Sports Investments LLC | First lien senior secured loan,WRE Sports Investments LLC |,WRE Sports Investments LLC |,First Lien,,,,29800000.0,29800000.0,29800000.0,,100.0,,11.0,,5.5,True,,,USD,29800000.0
ARCC,0001287750,0001628280-26-050307,10-Q,2026-06-30,2026-07-29,"Abzena Holdings, Inc. and Astro Group Holdings Ltd. | A ordinary shares",Abzena Holdings,Abzena Holdings,Common Equity,,,,2900000.0,5700000.0,,2476744.0,50.88,,,,,False,,,USD,2900000.0
ARCC,0001287750,0001628280-26-050307,10-Q,2026-06-30,2026-07-29,"Alcami Corporation and ACM Note Holdings, LLC | First lien senior secured loan",Alcami Corporation and ACM Note Holdings,Alcami Corporation and ACM Note Holdings,First Lien,,,,7200000.0,7200000.0,7200000.0,,100.0,5.5,9.25,,,False,,,USD,7200000.0
ARCC,0001287750,0001628280-26-050307,10-Q,2026-06-30,2026-07-29,"Alcami Corporation and ACM Note Holdings, LLC | First lien senior secured loan 1",Alcami Corporation and ACM Note Holdings,Alcami Corporation and ACM Note Holdings,First Lien,,,,9800000.0,9800000.0,9800000.0,,100.0,5.5,9.31,,,False,,,USD,9800000.0
ARCC,0001287750,0001628280-26-050307,10-Q,2026-06-30,2026-07-29,"Alcami Corporation and ACM Note Holdings, LLC | Senior subordinated loan",Alcami Corporation and ACM Note Holdings,Alcami Corporation and ACM Note Holdings,Senior Subordinated,,,,24500000.0,26000000.0,26000000.0,,94.23,,,,12.0,True,,,USD,24500000.0
ARCC,0001287750,0001628280-26-050307,10-Q,2026-06-30,2026-07-29,Artemis BidCo 2 LLC | First lien senior secured loan,Artemis BidCo 2 LLC |,Artemis BidCo 2 LLC |,First Lien,,,,38100000.0,38000000.0,38100000.0,,100.0,5.0,8.73,,,False,,,USD,38100000.0
ARCC,0001287750,0001628280-26-050307,10-Q,2026-06-30,2026-07-29,Bamboo US BidCo LLC | First lien senior secured revolving loan,Bamboo US BidCo LLC |,Bamboo US BidCo LLC |,First Lien,,,,3500000.0,3500000.0,3500000.0,,100.0,5.25,8.89,,,False,,,USD,3500000.0
ARCC,0001287750,0001628280-26-050307,10-Q,2026-06-30,2026-07-29,Bamboo US BidCo LLC | First lien senior secured loan,Bamboo US BidCo LLC |,Bamboo US BidCo LLC |,First Lien,,,,7300000.0,7400000.0,7400000.0,,98.65,5.25,8.91,,,False,,,USD,7300000.0
ARCC,0001287750,0001628280-26-050307,10-Q,2026-06-30,2026-07-29,Bamboo US BidCo LLC | First lien senior secured loan 1,Bamboo US BidCo LLC |,Bamboo US BidCo LLC |,First Lien,,,,33500000.0,33900000.0,33900000.0,,98.82,5.25,8.91,,,False,,,USD,33500000.0
ARCC,0001287750,0001628280-26-050307,10-Q,2026-06-30,2026-07-29,"Cobalt Buyer Sub, Inc.,  Cobalt Holdings I, LP, and Cobalt Intermediate I, Inc. | First lien senior secured revolving loan","Cobalt Buyer Sub, Inc.,  Cobalt Holdings I, LP, and Cobalt Intermediate I","Cobalt Buyer Sub, Inc.,  Cobalt Holdings I, LP, and Cobalt Intermediate I",First Lien,,,,6400000.0,7100000.0,7100000.0,,90.14,5.75,9.42,,,False,,,USD,6400000.0
ARCC,0001287750,0001628280-26-050307,10-Q,2026-06-30,2026-07-29,"Cobalt Buyer Sub, Inc.,  Cobalt Holdings I, LP, and Cobalt Intermediate I, Inc. | First lien senior secured loan","Cobalt Buyer Sub, Inc.,  Cobalt Holdings I, LP, and Cobalt Intermediate I","Cobalt Buyer Sub, Inc.,  Cobalt Holdings I, LP, and Cobalt Intermediate I",First Lien,,,,6100000.0,6800000.0,6800000.0,,89.71,5.75,9.42,,,False,,,USD,6100000.0
ARCC,0001287750,0001628280-26-050307,10-Q,2026-06-30,2026-07-29,"Cobalt Buyer Sub, Inc.,  Cobalt Holdings I, LP, and Cobalt Intermediate I, Inc. | First lien senior secured loan 1","Cobalt Buyer Sub, Inc.,  Cobalt Holdings I, LP, and Cobalt Intermediate I","Cobalt Buyer Sub, Inc.,  Cobalt Holdings I, LP, and Cobalt Intermediate I",First Lien,,,,27300000.0,30700000.0,30700000.0,,88.93,5.75,9.42,,,False,,,USD,27300000.0
ARCC,0001287750,0001628280-26-050307,10-Q,2026-06-30,2026-07-29,"Cobalt Buyer Sub, Inc.,  Cobalt Holdings I, LP, and Cobalt Intermediate I, Inc. | First lien senior secured loan 2","Cobalt Buyer Sub, Inc.,  Cobalt Holdings I, LP, and Cobalt Intermediate I","Cobalt Buyer Sub, Inc.,  Cobalt Holdings I, LP, and Cobalt Intermediate I",First Lien,,,,10000000.0,11200000.0,11200000.0,,89.29,5.75,9.42,,,False,,,USD,10000000.0
ARCC,0001287750,0001628280-26-050307,10-Q,2026-06-30,2026-07-29,"Cobalt Buyer Sub, Inc.,  Cobalt Holdings I, LP, and Cobalt Intermediate I, Inc. | Preferred units","Cobalt Buyer Sub, Inc.,  Cobalt Holdings I, LP, and Cobalt Intermediate I","Cobalt Buyer Sub, Inc.,  Cobalt Holdings I, LP, and Cobalt Intermediate I",Preferred Equity,,,,100000.0,4400000.0,,3020.0,2.27,,,,8.0,True,,,USD,100000.0
ARCC,0001287750,0001628280-26-050307,10-Q,2026-06-30,2026-07-29,"Cobalt Buyer Sub, Inc.,  Cobalt Holdings I, LP, and Cobalt Intermediate I, Inc. | Series A preferred shares","Cobalt Buyer Sub, Inc.,  Cobalt Holdings I, LP, and Cobalt Intermediate I","Cobalt Buyer Sub, Inc.,  Cobalt Holdings I, LP, and Cobalt Intermediate I",Preferred Equity,,,,107400000.0,115500000.0,,60236.0,92.99,,,,13.75,True,,,USD,107400000.0
ARCC,0001287750,0001628280-26-050307,10-Q,2026-06-30,2026-07-29,"Cobalt Buyer Sub, Inc.,  Cobalt Holdings I, LP, and Cobalt Intermediate I, Inc. | Class A common units","Cobalt Buyer Sub, Inc.,  Cobalt Holdings I, LP, and Cobalt Intermediate I","Cobalt Buyer Sub, Inc.,  Cobalt Holdings I, LP, and Cobalt Intermediate I",Common Equity,,,,0.0,0.0,,30500.0,,,,,,False,,,USD,0.0
ARCC,0001287750,0001628280-26-050307,10-Q,2026-06-30,2026-07-29,"CoreRx, Inc. | First lien senior secured loan",CoreRx,CoreRx,First Lien,,,,9700000.0,9900000.0,9900000.0,,97.98,7.25,10.98,,,False,,,USD,9700000.0
ARCC,0001287750,0001628280-26-050307,10-Q,2026-06-30,2026-07-29,"Creek Parent, Inc. and Creek Feeder, L.P. | First lien senior secured revolving loan","Creek Parent, Inc. and Creek Feeder","Creek Parent, Inc. and Creek Feeder",First Lien,,,,0.0,0.0,0.0,,,,,,,False,,,USD,0.0
ARCC,0001287750,0001628280-26-050307,10-Q,2026-06-30,2026-07-29,"Creek Parent, Inc. and Creek Feeder, L.P. | First lien senior secured loan","Creek Parent, Inc. and Creek Feeder","Creek Parent, Inc. and Creek Feeder",First Lien,,,,206100000.0,206100000.0,206100000.0,,100.0,5.0,8.64,,,False,,,USD,206100000.0
ARCC,0001287750,0001628280-26-050307,10-Q,2026-06-30,2026-07-29,"Creek Parent, Inc. and Creek Feeder, L.P. | Limited partnership interest","Creek Parent, Inc. and Creek Feeder","Creek Parent, Inc. and Creek Feeder",LP Interest,,,,8300000.0,6900000.0,,6891000.0,120.29,,,,,False,,,USD,8300000.0
ARCC,0001287750,0001628280-26-050307,10-Q,2026-06-30,2026-07-29,"Gula Buyer Inc. and Gula Co-Invest II, L.P. | First lien senior secured loan",Gula Buyer Inc. and Gula Co-Invest II,Gula Buyer Inc. and Gula Co-Invest II,First Lien,,,,18500000.0,18500000.0,18500000.0,,100.0,4.5,8.13,,,False,,,USD,18500000.0
ARCC,0001287750,0001628280-26-050307,10-Q,2026-06-30,2026-07-29,"Gula Buyer Inc. and Gula Co-Invest II, L.P. | Common units",Gula Buyer Inc. and Gula Co-Invest II,Gula Buyer Inc. and Gula Co-Invest II,Common Equity,,,,700000.0,500000.0,,434.0,140.0,,,,,False,,,USD,700000.0
ARCC,0001287750,0001628280-26-050307,10-Q,2026-06-30,2026-07-29,"Maravai Intermediate Holdings, LLC | First lien senior secured loan",Maravai Intermediate Holdings,Maravai Intermediate Holdings,First Lien,,,,27700000.0,28100000.0,28100000.0,,98.58,5.0,8.73,,,False,,,USD,27700000.0
ARCC,0001287750,0001628280-26-050307,10-Q,2026-06-30,2026-07-29,"Moderna, Inc. | First lien senior secured loan",Moderna,Moderna,First Lien,,,,109900000.0,111600000.0,111600000.0,,98.48,5.5,9.23,,,False,,,USD,109900000.0
ARCC,0001287750,0001628280-26-050307,10-Q,2026-06-30,2026-07-29,"NAMSA Holdco, LLC, North American Science Associates, LLC and Cardinal Topco Holdings L.P. | First lien senior secured loan","NAMSA Holdco, LLC, North American Science Associates","NAMSA Holdco, LLC, North American Science Associates",First Lien,,,,90100000.0,90800000.0,91000000.0,,99.01,4.75,8.38,,,False,,,USD,90100000.0
ARCC,0001287750,0001628280-26-050307,10-Q,2026-06-30,2026-07-29,"NAMSA Holdco, LLC, North American Science Associates, LLC and Cardinal Topco Holdings L.P. | Senior subordinated loan","NAMSA Holdco, LLC, North American Science Associates","NAMSA Holdco, LLC, North American Science Associates",Senior Subordinated,,,,2000000.0,2000000.0,2000000.0,,100.0,,,,11.0,True,,,USD,2000000.0
ARCC,0001287750,0001628280-26-050307,10-Q,2026-06-30,2026-07-29,"NAMSA Holdco, LLC, North American Science Associates, LLC and Cardinal Topco Holdings L.P. | Class A preferred units","NAMSA Holdco, LLC, North American Science Associates","NAMSA Holdco, LLC, North American Science Associates",Preferred Equity,,,,38100000.0,21300000.0,,13528.0,178.87,,,,8.0,True,,,USD,38100000.0
ARCC,0001287750,0001628280-26-050307,10-Q,2026-06-30,2026-07-29,"NMC Skincare Intermediate Holdings II, LLC | First lien senior secured revolving loan",NMC Skincare Intermediate Holdings II,NMC Skincare Intermediate Holdings II,First Lien,,,,200000.0,200000.0,200000.0,,100.0,6.5,10.32,,,False,,,USD,200000.0
ARCC,0001287750,0001628280-26-050307,10-Q,2026-06-30,2026-07-29,"NMC Skincare Intermediate Holdings II, LLC | First lien senior secured revolving loan 1",NMC Skincare Intermediate Holdings II,NMC Skincare Intermediate Holdings II,First Lien,,,,6000000.0,6500000.0,6500000.0,,92.31,6.5,10.32,,,False,,,USD,6000000.0
ARCC,0001287750,0001628280-26-050307,10-Q,2026-06-30,2026-07-29,"NMC Skincare Intermediate Holdings II, LLC | First lien senior secured loan",NMC Skincare Intermediate Holdings II,NMC Skincare Intermediate Holdings II,First Lien,,,,4000000.0,4300000.0,4300000.0,,93.02,6.5,10.33,,1.5,True,,,USD,4000000.0
ARCC,0001287750,0001628280-26-050307,10-Q,2026-06-30,2026-07-29,"NMC Skincare Intermediate Holdings II, LLC | First lien senior secured loan 1",NMC Skincare Intermediate Holdings II,NMC Skincare Intermediate Holdings II,First Lien,,,,27000000.0,29100000.0,29100000.0,,92.78,6.5,10.33,,1.5,True,,,USD,27000000.0
ARCC,0001287750,0001628280-26-050307,10-Q,2026-06-30,2026-07-29,"Verista, Inc. | First lien senior secured revolving loan",Verista,Verista,First Lien,,,,900000.0,1000000.0,1100000.0,,81.82,6.0,9.74,,,False,,,USD,900000.0
ARCC,0001287750,0001628280-26-050307,10-Q,2026-06-30,2026-07-29,"Verista, Inc. | First lien senior secured loan",Verista,Verista,First Lien,,,,600000.0,800000.0,800000.0,,75.0,7.0,10.75,,1.0,True,,,USD,600000.0
ARCC,0001287750,0001628280-26-050307,10-Q,2026-06-30,2026-07-29,"WCI-BXC Purchaser, LLC and WCI-BXC Investment Holdings, L.P. | Limited partnership interest","WCI-BXC Purchaser, LLC and WCI-BXC Investment Holdings","WCI-BXC Purchaser, LLC and WCI-BXC Investment Holdings",LP Interest,,,,1300000.0,1500000.0,,1529000.0,86.67,,,,,False,,,USD,1300000.0
ARCC,0001287750,0001628280-26-050307,10-Q,2026-06-30,2026-07-29,Adonis Acquisition Holdings LLC and Adonis Acquisition Holdings Parent LLC | First lien senior secured loan,Adonis Acquisition Holdings LLC and Adonis Acquisition Holdings Parent LLC |,Adonis Acquisition Holdings LLC and Adonis Acquisition Holdings Parent LLC |,First Lien,,,,2800000.0,2800000.0,2800000.0,,100.0,5.5,,,9.29,True,,,USD,2800000.0
ARCC,0001287750,0001628280-26-050307,10-Q,2026-06-30,2026-07-29,Adonis Acquisition Holdings LLC and Adonis Acquisition Holdings Parent LLC | First lien senior secured loan 1,Adonis Acquisition Holdings LLC and Adonis Acquisition Holdings Parent LLC |,Adonis Acquisition Holdings LLC and Adonis Acquisition Holdings Parent LLC |,First Lien,,,,16700000.0,16700000.0,16700000.0,,100.0,5.5,,,9.33,True,,,USD,16700000.0
ARCC,0001287750,0001628280-26-050307,10-Q,2026-06-30,2026-07-29,Adonis Acquisition Holdings LLC and Adonis Acquisition Holdings Parent LLC | Common units,Adonis Acquisition Holdings LLC and Adonis Acquisition Holdings Parent LLC |,Adonis Acquisition Holdings LLC and Adonis Acquisition Holdings Parent LLC |,Common Equity,,,,7700000.0,17600000.0,,268223.0,43.75,,,,,False,,,USD,7700000.0
ARCC,0001287750,0001628280-26-050307,10-Q,2026-06-30,2026-07-29,"AP Adhesives Holdings, LLC | First lien senior secured loan",AP Adhesives Holdings,AP Adhesives Holdings,First Lien,,,,31800000.0,32100000.0,32100000.0,,99.07,4.75,8.42,,,False,,,USD,31800000.0
ARCC,0001287750,0001628280-26-050307,10-Q,2026-06-30,2026-07-29,ASP-r-pac Acquisition CO LLC and ASP-r-pac Holdings LP | First lien senior secured loan,ASP-r-pac Acquisition CO LLC and ASP-r-pac Holdings LP |,ASP-r-pac Acquisition CO LLC and ASP-r-pac Holdings LP |,First Lien,,,,2800000.0,2800000.0,2800000.0,,100.0,5.25,8.89,,,False,,,USD,2800000.0
ARCC,0001287750,0001628280-26-050307,10-Q,2026-06-30,2026-07-29,ASP-r-pac Acquisition CO LLC and ASP-r-pac Holdings LP | Class A units,ASP-r-pac Acquisition CO LLC and ASP-r-pac Holdings LP |,ASP-r-pac Acquisition CO LLC and ASP-r-pac Holdings LP |,Common Equity,,,,18000000.0,20200000.0,,201557.0,89.11,,,,,False,,,USD,18000000.0
ARCC,0001287750,0001628280-26-050307,10-Q,2026-06-30,2026-07-29,"Bulab Holdings, Inc. and Buckman PPC Co-Invest LP | First lien senior secured revolving loan",Bulab Holdings,Bulab Holdings,First Lien,,,,0.0,0.0,0.0,,,,,,,False,,,USD,0.0
ARCC,0001287750,0001628280-26-050307,10-Q,2026-06-30,2026-07-29,"Bulab Holdings, Inc. and Buckman PPC Co-Invest LP | First lien senior secured loan",Bulab Holdings,Bulab Holdings,First Lien,,,,6500000.0,6500000.0,6500000.0,,100.0,4.75,8.42,,,False,,,USD,6500000.0
ARCC,0001287750,0001628280-26-050307,10-Q,2026-06-30,2026-07-29,"Bulab Holdings, Inc. and Buckman PPC Co-Invest LP | Limited partnership interest",Bulab Holdings,Bulab Holdings,LP Interest,,,,2400000.0,2000000.0,,1968000.0,120.0,,,,,False,,,USD,2400000.0
ARCC,0001287750,0001628280-26-050307,10-Q,2026-06-30,2026-07-29,"Halex Holdings, Inc. | Common stock",Halex Holdings,Halex Holdings,Common Equity,,,,0.0,0.0,,51853.0,,,,,,False,,,USD,0.0
ARCC,0001287750,0001628280-26-050307,10-Q,2026-06-30,2026-07-29,"Meyer Laboratory, LLC and Meyer Parent, LLC | First lien senior secured revolving loan","Meyer Laboratory, LLC and Meyer Parent","Meyer Laboratory, LLC and Meyer Parent",First Lien,,,,700000.0,700000.0,700000.0,,100.0,6.75,10.46,,3.75,True,,,USD,700000.0
ARCC,0001287750,0001628280-26-050307,10-Q,2026-06-30,2026-07-29,"Meyer Laboratory, LLC and Meyer Parent, LLC | First lien senior secured revolving loan 1","Meyer Laboratory, LLC and Meyer Parent","Meyer Laboratory, LLC and Meyer Parent",First Lien,,,,100000.0,100000.0,100000.0,,100.0,5.75,12.5,,3.75,True,,,USD,100000.0
ARCC,0001287750,0001628280-26-050307,10-Q,2026-06-30,2026-07-29,"Meyer Laboratory, LLC and Meyer Parent, LLC | First lien senior secured loan","Meyer Laboratory, LLC and Meyer Parent","Meyer Laboratory, LLC and Meyer Parent",First Lien,,,,31300000.0,32600000.0,32600000.0,,96.01,6.75,10.48,,3.75,True,,,USD,31300000.0
ARCC,0001287750,0001628280-26-050307,10-Q,2026-06-30,2026-07-29,"Meyer Laboratory, LLC and Meyer Parent, LLC | Common units","Meyer Laboratory, LLC and Meyer Parent","Meyer Laboratory, LLC and Meyer Parent",Common Equity,,,,300000.0,400000.0,,440000.0,75.0,,,,,False,,,USD,300000.0
ARCC,0001287750,0001628280-26-050307,10-Q,2026-06-30,2026-07-29,"MP Midco Holdings, LLC and MP Topco Holdings, LLC | First lien senior secured loan","MP Midco Holdings, LLC and MP Topco Holdings","MP Midco Holdings, LLC and MP Topco Holdings",First Lien,,,,9000000.0,8900000.0,8900000.0,,101.12,6.5,10.23,,,False,,,USD,9000000.0
ARCC,0001287750,0001628280-26-050307,10-Q,2026-06-30,2026-07-29,"MP Midco Holdings, LLC and MP Topco Holdings, LLC | Common units","MP Midco Holdings, LLC and MP Topco Holdings","MP Midco Holdings, LLC and MP Topco Holdings",Common Equity,,,,11600000.0,4800000.0,,639359.0,241.67,,,,,False,,,USD,11600000.0
ARCC,0001287750,0001628280-26-050307,10-Q,2026-06-30,2026-07-29,"NCP-MSI Buyer, Inc. and NCP MSI Co-Invest, LP | First lien senior secured revolving loan","NCP-MSI Buyer, Inc. and NCP MSI Co-Invest","NCP-MSI Buyer, Inc. and NCP MSI Co-Invest",First Lien,,,,4800000.0,4800000.0,4800000.0,,100.0,3.75,7.48,,,False,,,USD,4800000.0
ARCC,0001287750,0001628280-26-050307,10-Q,2026-06-30,2026-07-29,"NCP-MSI Buyer, Inc. and NCP MSI Co-Invest, LP | First lien senior secured loan","NCP-MSI Buyer, Inc. and NCP MSI Co-Invest","NCP-MSI Buyer, Inc. and NCP MSI Co-Invest",First Lien,,,,31700000.0,31700000.0,31700000.0,,100.0,5.0,8.73,,,False,,,USD,31700000.0
ARCC,0001287750,0001628280-26-050307,10-Q,2026-06-30,2026-07-29,"NCP-MSI Buyer, Inc. and NCP MSI Co-Invest, LP | First lien senior secured loan 1","NCP-MSI Buyer, Inc. and NCP MSI Co-Invest","NCP-MSI Buyer, Inc. and NCP MSI Co-Invest",First Lien,,,,1000000.0,1000000.0,1000000.0,,100.0,5.0,8.66,,,False,,,USD,1000000.0
ARCC,0001287750,0001628280-26-050307,10-Q,2026-06-30,2026-07-29,"NCP-MSI Buyer, Inc. and NCP MSI Co-Invest, LP | Limited partnership interest","NCP-MSI Buyer, Inc. and NCP MSI Co-Invest","NCP-MSI Buyer, Inc. and NCP MSI Co-Invest",LP Interest,,,,600000.0,900000.0,,852666.0,66.67,,,,,False,,,USD,600000.0
ARCC,0001287750,0001628280-26-050307,10-Q,2026-06-30,2026-07-29,"Nelipak Holding Company, Nelipak European Holdings Cooperatief U.A., KNPAK Holdings, LP and PAKNK Netherlands Treasury B.V. | First lien senior secured loan","Nelipak Holding Company, Nelipak European Holdings Cooperatief U.A., KNPAK Holdings","Nelipak Holding Company, Nelipak European Holdings Cooperatief U.A., KNPAK Holdings",First Lien,,,,24800000.0,24800000.0,24800000.0,,100.0,5.5,9.23,,,False,,,USD,24800000.0
ARCC,0001287750,0001628280-26-050307,10-Q,2026-06-30,2026-07-29,"Nelipak Holding Company, Nelipak European Holdings Cooperatief U.A., KNPAK Holdings, LP and PAKNK Netherlands Treasury B.V. | First lien senior secured loan 1","Nelipak Holding Company, Nelipak European Holdings Cooperatief U.A., KNPAK Holdings","Nelipak Holding Company, Nelipak European Holdings Cooperatief U.A., KNPAK Holdings",First Lien,,,,1400000.0,1400000.0,1400000.0,,100.0,5.5,9.23,,,False,,,USD,1400000.0
ARCC,0001287750,0001628280-26-050307,10-Q,2026-06-30,2026-07-29,"Nelipak Holding Company, Nelipak European Holdings Cooperatief U.A., KNPAK Holdings, LP and PAKNK Netherlands Treasury B.V. | First lien senior secured loan 2","Nelipak Holding Company, Nelipak European Holdings Cooperatief U.A., KNPAK Holdings","Nelipak Holding Company, Nelipak European Holdings Cooperatief U.A., KNPAK Holdings",First Lien,,,,3300000.0,3300000.0,3300000.0,,100.0,5.5,9.23,,,False,,,USD,3300000.0
ARCC,0001287750,0001628280-26-050307,10-Q,2026-06-30,2026-07-29,"Nelipak Holding Company, Nelipak European Holdings Cooperatief U.A., KNPAK Holdings, LP and PAKNK Netherlands Treasury B.V. | First lien senior secured loan 3","Nelipak Holding Company, Nelipak European Holdings Cooperatief U.A., KNPAK Holdings","Nelipak Holding Company, Nelipak European Holdings Cooperatief U.A., KNPAK Holdings",First Lien,,,,37300000.0,35600000.0,37300000.0,,100.0,5.5,7.79,,,False,,,USD,37300000.0
ARCC,0001287750,0001628280-26-050307,10-Q,2026-06-30,2026-07-29,"Nelipak Holding Company, Nelipak European Holdings Cooperatief U.A., KNPAK Holdings, LP and PAKNK Netherlands Treasury B.V. | Class A units","Nelipak Holding Company, Nelipak European Holdings Cooperatief U.A., KNPAK Holdings","Nelipak Holding Company, Nelipak European Holdings Cooperatief U.A., KNPAK Holdings",Common Equity,,,,9100000.0,6800000.0,,6762668.0,133.82,,,,,False,,,USD,9100000.0
ARCC,0001287750,0001628280-26-050307,10-Q,2026-06-30,2026-07-29,"Novipax Buyer, L.L.C. and Novipax Parent Holding Company, L.L.C. | First lien senior secured loan","Novipax Buyer, L.L.C. and Novipax Parent Holding Company","Novipax Buyer, L.L.C. and Novipax Parent Holding Company",First Lien,,,,22400000.0,22400000.0,22400000.0,,100.0,8.25,12.06,,1.0,True,,,USD,22400000.0
ARCC,0001287750,0001628280-26-050307,10-Q,2026-06-30,2026-07-29,"Novipax Buyer, L.L.C. and Novipax Parent Holding Company, L.L.C. | First lien senior secured loan 1","Novipax Buyer, L.L.C. and Novipax Parent Holding Company","Novipax Buyer, L.L.C. and Novipax Parent Holding Company",First Lien,,,,300000.0,300000.0,300000.0,,100.0,8.25,12.06,,1.0,True,,,USD,300000.0
ARCC,0001287750,0001628280-26-050307,10-Q,2026-06-30,2026-07-29,"Novipax Buyer, L.L.C. and Novipax Parent Holding Company, L.L.C. | Class A preferred units","Novipax Buyer, L.L.C. and Novipax Parent Holding Company","Novipax Buyer, L.L.C. and Novipax Parent Holding Company",Preferred Equity,,,,3800000.0,4600000.0,,4772.0,82.61,,,,,False,,,USD,3800000.0
ARCC,0001287750,0001628280-26-050307,10-Q,2026-06-30,2026-07-29,"Novipax Buyer, L.L.C. and Novipax Parent Holding Company, L.L.C. | Class C units","Novipax Buyer, L.L.C. and Novipax Parent Holding Company","Novipax Buyer, L.L.C. and Novipax Parent Holding Company",Common Equity,,,,0.0,0.0,,4772.0,,,,,,False,,,USD,0.0
ARCC,0001287750,0001628280-26-050307,10-Q,2026-06-30,2026-07-29,Plaskolite PPC Intermediate II LLC and Plaskolite PPC Blocker LLC | First lien senior secured revolving loan,Plaskolite PPC Intermediate II LLC and Plaskolite PPC Blocker LLC |,Plaskolite PPC Intermediate II LLC and Plaskolite PPC Blocker LLC |,First Lien,,,,4500000.0,4800000.0,4800000.0,,93.75,7.0,10.65,,,False,,,USD,4500000.0
ARCC,0001287750,0001628280-26-050307,10-Q,2026-06-30,2026-07-29,Plaskolite PPC Intermediate II LLC and Plaskolite PPC Blocker LLC | First lien senior secured loan,Plaskolite PPC Intermediate II LLC and Plaskolite PPC Blocker LLC |,Plaskolite PPC Intermediate II LLC and Plaskolite PPC Blocker LLC |,First Lien,,,,249400000.0,268100000.0,268200000.0,,92.99,8.0,11.65,,4.0,True,,,USD,249400000.0
ARCC,0001287750,0001628280-26-050307,10-Q,2026-06-30,2026-07-29,Plaskolite PPC Intermediate II LLC and Plaskolite PPC Blocker LLC | Preferred units,Plaskolite PPC Intermediate II LLC and Plaskolite PPC Blocker LLC |,Plaskolite PPC Intermediate II LLC and Plaskolite PPC Blocker LLC |,Preferred Equity,,,,500000.0,400000.0,,26025.0,125.0,,,,,False,,,USD,500000.0
ARCC,0001287750,0001628280-26-050307,10-Q,2026-06-30,2026-07-29,Plaskolite PPC Intermediate II LLC and Plaskolite PPC Blocker LLC | Preferred units 1,Plaskolite PPC Intermediate II LLC and Plaskolite PPC Blocker LLC |,Plaskolite PPC Intermediate II LLC and Plaskolite PPC Blocker LLC |,Preferred Equity,,,,100000.0,100000.0,,841.0,100.0,,,,,False,,,USD,100000.0
ARCC,0001287750,0001628280-26-050307,10-Q,2026-06-30,2026-07-29,Plaskolite PPC Intermediate II LLC and Plaskolite PPC Blocker LLC | Co-invest units,Plaskolite PPC Intermediate II LLC and Plaskolite PPC Blocker LLC | Co-invest,Plaskolite PPC Intermediate II LLC and Plaskolite PPC Blocker LLC | Co-invest,Equity,,,,0.0,600000.0,,5969.0,0.0,,,,,False,,,USD,0.0
ARCC,0001287750,0001628280-26-050307,10-Q,2026-06-30,2026-07-29,PLZ Corp. | Second lien senior secured loan,PLZ Corp. |,PLZ Corp. |,Second Lien,,,,74100000.0,76400000.0,76400000.0,,96.99,,14.25,,7.25,True,,,USD,74100000.0
ARCC,0001287750,0001628280-26-050307,10-Q,2026-06-30,2026-07-29,"Precision Concepts Parent Inc., Precision Concepts International LLC, and Precision Concepts Canada Corporation | First lien senior secured revolving loan","Precision Concepts Parent Inc., Precision Concepts International LLC","Precision Concepts Parent Inc., Precision Concepts International LLC",First Lien,,,,900000.0,900000.0,900000.0,,100.0,4.75,8.41,,,False,,,USD,900000.0
ARCC,0001287750,0001628280-26-050307,10-Q,2026-06-30,2026-07-29,"Precision Concepts Parent Inc., Precision Concepts International LLC, and Precision Concepts Canada Corporation | First lien senior secured revolving loan 1","Precision Concepts Parent Inc., Precision Concepts International LLC","Precision Concepts Parent Inc., Precision Concepts International LLC",First Lien,,,,100000.0,100000.0,100000.0,,100.0,3.75,10.5,,,False,,,USD,100000.0
ARCC,0001287750,0001628280-26-050307,10-Q,2026-06-30,2026-07-29,"Precision Concepts Parent Inc., Precision Concepts International LLC, and Precision Concepts Canada Corporation | First lien senior secured loan","Precision Concepts Parent Inc., Precision Concepts International LLC","Precision Concepts Parent Inc., Precision Concepts International LLC",First Lien,,,,24500000.0,24700000.0,24700000.0,,99.19,4.75,8.41,,,False,,,USD,24500000.0
ARCC,0001287750,0001628280-26-050307,10-Q,2026-06-30,2026-07-29,"Precision Concepts Parent Inc., Precision Concepts International LLC, and Precision Concepts Canada Corporation | First lien senior secured loan 1","Precision Concepts Parent Inc., Precision Concepts International LLC","Precision Concepts Parent Inc., Precision Concepts International LLC",First Lien,,,,7700000.0,7800000.0,7800000.0,,98.72,4.75,8.41,,,False,,,USD,7700000.0
ARCC,0001287750,0001628280-26-050307,10-Q,2026-06-30,2026-07-29,"Reagent Chemical & Research, LLC | First lien senior secured revolving loan",Reagent Chemical & Research,Reagent Chemical & Research,First Lien,,,,0.0,0.0,0.0,,,,,,,False,,,USD,0.0
ARCC,0001287750,0001628280-26-050307,10-Q,2026-06-30,2026-07-29,"Reagent Chemical & Research, LLC | First lien senior secured loan",Reagent Chemical & Research,Reagent Chemical & Research,First Lien,,,,11800000.0,11800000.0,11800000.0,,100.0,5.25,8.89,,,False,,,USD,11800000.0
ARCC,0001287750,0001628280-26-050307,10-Q,2026-06-30,2026-07-29,"Reagent Chemical & Research, LLC | First lien senior secured loan 1",Reagent Chemical & Research,Reagent Chemical & Research,First Lien,,,,10500000.0,10400000.0,10500000.0,,100.0,5.25,8.89,,,False,,,USD,10500000.0
ARCC,0001287750,0001628280-26-050307,10-Q,2026-06-30,2026-07-29,"SCI PH Parent, Inc. | Series B shares",SCI PH Parent,SCI PH Parent,Common Equity,,,,1400000.0,1100000.0,,11.0,127.27,,,,,False,,,USD,1400000.0
ARCC,0001287750,0001628280-26-050307,10-Q,2026-06-30,2026-07-29,Sterilex LLC | First lien senior secured loan,Sterilex LLC |,Sterilex LLC |,First Lien,,,,5200000.0,5200000.0,5200000.0,,100.0,5.0,8.64,,,False,,,USD,5200000.0
ARCC,0001287750,0001628280-26-050307,10-Q,2026-06-30,2026-07-29,"Bowhunter Holdings, LLC | Common units",Bowhunter Holdings,Bowhunter Holdings,Common Equity,,,,0.0,4200000.0,,421.0,0.0,,,,,False,,,USD,0.0
ARCC,0001287750,0001628280-26-050307,10-Q,2026-06-30,2026-07-29,"Centric Brands LLC, Centric Brands TopCo, LLC, and Centric Brands L.P. | First lien senior secured loan","Centric Brands LLC, Centric Brands TopCo, LLC","Centric Brands LLC, Centric Brands TopCo, LLC",First Lien,,,,28500000.0,26600000.0,28400000.0,,100.35,5.5,9.15,,,False,,,USD,28500000.0
ARCC,0001287750,0001628280-26-050307,10-Q,2026-06-30,2026-07-29,"Centric Brands LLC, Centric Brands TopCo, LLC, and Centric Brands L.P. | Senior subordinated loan","Centric Brands LLC, Centric Brands TopCo, LLC","Centric Brands LLC, Centric Brands TopCo, LLC",Senior Subordinated,,,,32000000.0,30400000.0,31900000.0,,100.31,8.0,,,11.65,True,,,USD,32000000.0
ARCC,0001287750,0001628280-26-050307,10-Q,2026-06-30,2026-07-29,"Centric Brands LLC, Centric Brands TopCo, LLC, and Centric Brands L.P. | Senior subordinated loan 1","Centric Brands LLC, Centric Brands TopCo, LLC","Centric Brands LLC, Centric Brands TopCo, LLC",Senior Subordinated,,,,13300000.0,12300000.0,13300000.0,,100.0,6.5,10.15,,,False,,,USD,13300000.0
ARCC,0001287750,0001628280-26-050307,10-Q,2026-06-30,2026-07-29,"Centric Brands LLC, Centric Brands TopCo, LLC, and Centric Brands L.P. | Class A limited partnership interests","Centric Brands LLC, Centric Brands TopCo, LLC","Centric Brands LLC, Centric Brands TopCo, LLC",LP Interest,,,,12500000.0,2900000.0,,,431.03,,,,,False,,,USD,12500000.0
ARCC,0001287750,0001628280-26-050307,10-Q,2026-06-30,2026-07-29,"DIEM-VII (QP), LLC | Limited liability company interest","DIEM-VII (QP), LLC | Limited liability company interest","DIEM-VII (QP), LLC | Limited liability company interest",,,,,11100000.0,11600000.0,,11062367.0,95.69,,,,,False,,,USD,11100000.0
ARCC,0001287750,0001628280-26-050307,10-Q,2026-06-30,2026-07-29,"DRS Holdings III, Inc. and DRS Holdings I, Inc. | First lien senior secured loan","DRS Holdings III, Inc. and DRS Holdings I","DRS Holdings III, Inc. and DRS Holdings I",First Lien,,,,64500000.0,64500000.0,64500000.0,,100.0,5.25,8.89,,,False,,,USD,64500000.0
ARCC,0001287750,0001628280-26-050307,10-Q,2026-06-30,2026-07-29,"DRS Holdings III, Inc. and DRS Holdings I, Inc. | First lien senior secured loan 1","DRS Holdings III, Inc. and DRS Holdings I","DRS Holdings III, Inc. and DRS Holdings I",First Lien,,,,5700000.0,5700000.0,5700000.0,,100.0,5.25,8.89,,,False,,,USD,5700000.0
ARCC,0001287750,0001628280-26-050307,10-Q,2026-06-30,2026-07-29,"DRS Holdings III, Inc. and DRS Holdings I, Inc. | Common stock","DRS Holdings III, Inc. and DRS Holdings I","DRS Holdings III, Inc. and DRS Holdings I",Common Equity,,,,8400000.0,8500000.0,,8549.0,98.82,,,,,False,,,USD,8400000.0
ARCC,0001287750,0001628280-26-050307,10-Q,2026-06-30,2026-07-29,"Fossil Group, Inc., Fossil Partners, L.P., and Fossil Canada Inc. | First lien senior secured revolving loan","Fossil Group, Inc., Fossil Partners, L.P.","Fossil Group, Inc., Fossil Partners, L.P.",First Lien,,,,5100000.0,5100000.0,5100000.0,,100.0,5.0,8.91,,,False,,,USD,5100000.0
ARCC,0001287750,0001628280-26-050307,10-Q,2026-06-30,2026-07-29,"Implus Footcare, LLC, Implus Holdings, LLC, and Implus Topco, LLC | First lien senior secured loan","Implus Footcare, LLC, Implus Holdings, LLC, and Implus Topco","Implus Footcare, LLC, Implus Holdings, LLC, and Implus Topco",First Lien,,,,30700000.0,30700000.0,30700000.0,,100.0,6.0,,,9.74,True,,,USD,30700000.0
ARCC,0001287750,0001628280-26-050307,10-Q,2026-06-30,2026-07-29,"Implus Footcare, LLC, Implus Holdings, LLC, and Implus Topco, LLC | First lien senior secured loan 1","Implus Footcare, LLC, Implus Holdings, LLC, and Implus Topco","Implus Footcare, LLC, Implus Holdings, LLC, and Implus Topco",First Lien,,,,14400000.0,14400000.0,14400000.0,,100.0,6.0,9.74,,4.0,True,,,USD,14400000.0
ARCC,0001287750,0001628280-26-050307,10-Q,2026-06-30,2026-07-29,"Implus Footcare, LLC, Implus Holdings, LLC, and Implus Topco, LLC | Common units","Implus Footcare, LLC, Implus Holdings, LLC, and Implus Topco","Implus Footcare, LLC, Implus Holdings, LLC, and Implus Topco",Common Equity,,,,33700000.0,41900000.0,,28049368.0,80.43,,,,,False,,,USD,33700000.0
ARCC,0001287750,0001628280-26-050307,10-Q,2026-06-30,2026-07-29,Johnnie-O Inc. and Johnnie-O Holdings Inc. | First lien senior secured loan,Johnnie-O Inc. and Johnnie-O Holdings Inc. |,Johnnie-O Inc. and Johnnie-O Holdings Inc. |,First Lien,,,,17500000.0,17400000.0,17500000.0,,100.0,5.5,9.33,,,False,,,USD,17500000.0
ARCC,0001287750,0001628280-26-050307,10-Q,2026-06-30,2026-07-29,Johnnie-O Inc. and Johnnie-O Holdings Inc. | Series A convertible preferred stock,Johnnie-O Inc. and Johnnie-O Holdings Inc. | Series A convertible,Johnnie-O Inc. and Johnnie-O Holdings Inc. | Series A convertible,Preferred Equity,,,,5900000.0,4200000.0,,144210.0,140.48,,,,,False,,,USD,5900000.0
ARCC,0001287750,0001628280-26-050307,10-Q,2026-06-30,2026-07-29,Johnnie-O Inc. and Johnnie-O Holdings Inc. | Warrant to purchase shares of common stock,Johnnie-O Inc. and Johnnie-O Holdings Inc. |,Johnnie-O Inc. and Johnnie-O Holdings Inc. |,Warrant,,,,3800000.0,1500000.0,,93577.0,253.33,,,,,False,,,USD,3800000.0
ARCC,0001287750,0001628280-26-050307,10-Q,2026-06-30,2026-07-29,"Lew's Intermediate Holdings, LLC | First lien senior secured loan",Lew's Intermediate Holdings,Lew's Intermediate Holdings,First Lien,,,,900000.0,900000.0,900000.0,,100.0,5.0,8.67,,,False,,,USD,900000.0
ARCC,0001287750,0001628280-26-050307,10-Q,2026-06-30,2026-07-29,"Pelican Products, Inc. | First lien senior secured revolving loan",Pelican Products,Pelican Products,First Lien,,,,2200000.0,2300000.0,2300000.0,,95.65,4.0,7.88,,,False,,,USD,2200000.0
ARCC,0001287750,0001628280-26-050307,10-Q,2026-06-30,2026-07-29,"Pelican Products, Inc. | Second lien senior secured loan",Pelican Products,Pelican Products,Second Lien,,,,58200000.0,60000000.0,60000000.0,,97.0,7.75,11.74,,,False,,,USD,58200000.0
ARCC,0001287750,0001628280-26-050307,10-Q,2026-06-30,2026-07-29,"Rawlings Sporting Goods Company, Inc. and SEP Diamond Fund, L.P. | First lien senior secured loan","Rawlings Sporting Goods Company, Inc. and SEP Diamond Fund","Rawlings Sporting Goods Company, Inc. and SEP Diamond Fund",First Lien,,,,3300000.0,3300000.0,3300000.0,,100.0,4.75,8.63,,,False,,,USD,3300000.0
ARCC,0001287750,0001628280-26-050307,10-Q,2026-06-30,2026-07-29,"Rawlings Sporting Goods Company, Inc. and SEP Diamond Fund, L.P. | First lien senior secured loan 1","Rawlings Sporting Goods Company, Inc. and SEP Diamond Fund","Rawlings Sporting Goods Company, Inc. and SEP Diamond Fund",First Lien,,,,100000.0,100000.0,100000.0,,100.0,4.75,8.63,,,False,,,USD,100000.0
ARCC,0001287750,0001628280-26-050307,10-Q,2026-06-30,2026-07-29,"Rawlings Sporting Goods Company, Inc. and SEP Diamond Fund, L.P. | First lien senior secured loan 3","Rawlings Sporting Goods Company, Inc. and SEP Diamond Fund","Rawlings Sporting Goods Company, Inc. and SEP Diamond Fund",First Lien,,,,100000.0,100000.0,100000.0,,100.0,4.75,8.63,,,False,,,USD,100000.0
ARCC,0001287750,0001628280-26-050307,10-Q,2026-06-30,2026-07-29,"Rawlings Sporting Goods Company, Inc. and SEP Diamond Fund, L.P. | First lien senior secured loan 2","Rawlings Sporting Goods Company, Inc. and SEP Diamond Fund","Rawlings Sporting Goods Company, Inc. and SEP Diamond Fund",First Lien,,,,5600000.0,5600000.0,5600000.0,,100.0,4.75,8.63,,,False,,,USD,5600000.0
ARCC,0001287750,0001628280-26-050307,10-Q,2026-06-30,2026-07-29,"Rawlings Sporting Goods Company, Inc. and SEP Diamond Fund, L.P. | Limited partnership interest","Rawlings Sporting Goods Company, Inc. and SEP Diamond Fund","Rawlings Sporting Goods Company, Inc. and SEP Diamond Fund",LP Interest,,,,20000000.0,11100000.0,,11107539.0,180.18,,,,,False,,,USD,20000000.0
ARCC,0001287750,0001628280-26-050307,10-Q,2026-06-30,2026-07-29,"Reef Lifestyle, LLC | First lien senior secured revolving loan",Reef Lifestyle,Reef Lifestyle,First Lien,,,,5000000.0,5000000.0,5000000.0,,100.0,6.75,10.42,,1.0,True,,,USD,5000000.0
ARCC,0001287750,0001628280-26-050307,10-Q,2026-06-30,2026-07-29,"Reef Lifestyle, LLC | First lien senior secured revolving loan 1",Reef Lifestyle,Reef Lifestyle,First Lien,,,,10400000.0,10400000.0,10400000.0,,100.0,6.75,10.41,,1.0,True,,,USD,10400000.0
ARCC,0001287750,0001628280-26-050307,10-Q,2026-06-30,2026-07-29,"Reef Lifestyle, LLC | First lien senior secured loan",Reef Lifestyle,Reef Lifestyle,First Lien,,,,19000000.0,19000000.0,19000000.0,,100.0,6.75,10.42,,1.0,True,,,USD,19000000.0
ARCC,0001287750,0001628280-26-050307,10-Q,2026-06-30,2026-07-29,"Reef Lifestyle, LLC | First lien senior secured loan 1",Reef Lifestyle,Reef Lifestyle,First Lien,,,,100000.0,100000.0,100000.0,,100.0,6.75,10.42,,1.0,True,,,USD,100000.0
ARCC,0001287750,0001628280-26-050307,10-Q,2026-06-30,2026-07-29,"Reef Lifestyle, LLC | First lien senior secured loan 2",Reef Lifestyle,Reef Lifestyle,First Lien,,,,4100000.0,4100000.0,4100000.0,,100.0,6.75,10.42,,1.0,True,,,USD,4100000.0
ARCC,0001287750,0001628280-26-050307,10-Q,2026-06-30,2026-07-29,"S Toys Holdings LLC (fka The Step2 Company, LLC) | Common units",S Toys Holdings LLC (fka The Step2 Company,S Toys Holdings LLC (fka The Step2 Company,Common Equity,,,,0.0,0.0,,1116879.0,,,,,,False,,,USD,0.0
ARCC,0001287750,0001628280-26-050307,10-Q,2026-06-30,2026-07-29,"S Toys Holdings LLC (fka The Step2 Company, LLC) | Class B common units",S Toys Holdings LLC (fka The Step2 Company,S Toys Holdings LLC (fka The Step2 Company,Common Equity,,,,0.0,0.0,,126278000.0,,,,,,False,,,USD,0.0
ARCC,0001287750,0001628280-26-050307,10-Q,2026-06-30,2026-07-29,"S Toys Holdings LLC (fka The Step2 Company, LLC) | Warrant to purchase units",S Toys Holdings LLC (fka The Step2 Company,S Toys Holdings LLC (fka The Step2 Company,Warrant,,,,0.0,0.0,,3157895.0,,,,,,False,,,USD,0.0
ARCC,0001287750,0001628280-26-050307,10-Q,2026-06-30,2026-07-29,"Shoes For Crews Global, LLC and Shoes For Crews Holdings, LLC | First lien senior secured loan","Shoes For Crews Global, LLC and Shoes For Crews Holdings","Shoes For Crews Global, LLC and Shoes For Crews Holdings",First Lien,,,,1200000.0,1200000.0,1200000.0,,100.0,6.5,10.49,,,False,,,USD,1200000.0
ARCC,0001287750,0001628280-26-050307,10-Q,2026-06-30,2026-07-29,"Shoes For Crews Global, LLC and Shoes For Crews Holdings, LLC | First lien senior secured loan 1","Shoes For Crews Global, LLC and Shoes For Crews Holdings","Shoes For Crews Global, LLC and Shoes For Crews Holdings",First Lien,,,,6400000.0,6400000.0,6400000.0,,100.0,6.5,10.49,,,False,,,USD,6400000.0
ARCC,0001287750,0001628280-26-050307,10-Q,2026-06-30,2026-07-29,"Shoes For Crews Global, LLC and Shoes For Crews Holdings, LLC | First lien senior secured loan 2","Shoes For Crews Global, LLC and Shoes For Crews Holdings","Shoes For Crews Global, LLC and Shoes For Crews Holdings",First Lien,,,,3800000.0,3800000.0,3800000.0,,100.0,7.0,10.96,,,False,,,USD,3800000.0
ARCC,0001287750,0001628280-26-050307,10-Q,2026-06-30,2026-07-29,"Shoes For Crews Global, LLC and Shoes For Crews Holdings, LLC | Class A common units","Shoes For Crews Global, LLC and Shoes For Crews Holdings","Shoes For Crews Global, LLC and Shoes For Crews Holdings",Common Equity,,,,12600000.0,10500000.0,,8474.0,120.0,,,,,False,,,USD,12600000.0
ARCC,0001287750,0001628280-26-050307,10-Q,2026-06-30,2026-07-29,Sport Maska Inc. | First lien senior secured revolving loan,Sport Maska Inc. |,Sport Maska Inc. |,First Lien,,,,4100000.0,4200000.0,3900000.0,,105.13,5.5,7.77,,,False,,,USD,4100000.0
ARCC,0001287750,0001628280-26-050307,10-Q,2026-06-30,2026-07-29,Sport Maska Inc. | First lien senior secured revolving loan 1,Sport Maska Inc. |,Sport Maska Inc. |,First Lien,,,,5000000.0,5000000.0,4800000.0,,104.17,5.25,8.88,,,False,,,USD,5000000.0
ARCC,0001287750,0001628280-26-050307,10-Q,2026-06-30,2026-07-29,Sport Maska Inc. | First lien senior secured loan,Sport Maska Inc. |,Sport Maska Inc. |,First Lien,,,,35200000.0,34800000.0,35200000.0,,100.0,5.5,7.78,,,False,,,USD,35200000.0
ARCC,0001287750,0001628280-26-050307,10-Q,2026-06-30,2026-07-29,St Athena Global LLC and St Athena Global Holdings Limited | First lien senior secured revolving loan,St Athena Global LLC and St Athena Global Holdings Limited |,St Athena Global LLC and St Athena Global Holdings Limited |,First Lien,,,,400000.0,400000.0,400000.0,,100.0,5.25,8.97,,,False,,,USD,400000.0
ARCC,0001287750,0001628280-26-050307,10-Q,2026-06-30,2026-07-29,St Athena Global LLC and St Athena Global Holdings Limited | First lien senior secured loan,St Athena Global LLC and St Athena Global Holdings Limited |,St Athena Global LLC and St Athena Global Holdings Limited |,First Lien,,,,28700000.0,29600000.0,29600000.0,,96.96,5.25,8.92,,,False,,,USD,28700000.0
ARCC,0001287750,0001628280-26-050307,10-Q,2026-06-30,2026-07-29,St Athena Global LLC and St Athena Global Holdings Limited | First lien senior secured loan 1,St Athena Global LLC and St Athena Global Holdings Limited |,St Athena Global LLC and St Athena Global Holdings Limited |,First Lien,,,,17200000.0,16900000.0,17800000.0,,96.63,5.25,8.98,,,False,,,USD,17200000.0
ARCC,0001287750,0001628280-26-050307,10-Q,2026-06-30,2026-07-29,Team Acquisition Corporation | First lien senior secured revolving loan,Team Acquisition Corporation |,Team Acquisition Corporation |,First Lien,,,,2700000.0,5500000.0,5700000.0,,47.37,,,,,False,,,USD,2700000.0
ARCC,0001287750,0001628280-26-050307,10-Q,2026-06-30,2026-07-29,Team Acquisition Corporation | First lien senior secured loan,Team Acquisition Corporation |,Team Acquisition Corporation |,First Lien,,,,16000000.0,33700000.0,34100000.0,,46.92,,,,,False,,,USD,16000000.0
ARCC,0001287750,0001628280-26-050307,10-Q,2026-06-30,2026-07-29,"Apex Clean Energy TopCo, LLC | Class A common units",Apex Clean Energy TopCo,Apex Clean Energy TopCo,Common Equity,,,,212500000.0,134700000.0,,1335610.0,157.76,,,,,False,,,USD,212500000.0
ARCC,0001287750,0001628280-26-050307,10-Q,2026-06-30,2026-07-29,"Apex Clean Energy TopCo, LLC | Class B common units",Apex Clean Energy TopCo,Apex Clean Energy TopCo,Common Equity,,,,18000000.0,11300000.0,,113136.0,159.29,,,,,False,,,USD,18000000.0
ARCC,0001287750,0001628280-26-050307,10-Q,2026-06-30,2026-07-29,BNZ TopCo B.V. | Senior subordinated loan,BNZ TopCo B.V. |,BNZ TopCo B.V. |,Senior Subordinated,,,,13100000.0,12400000.0,13400000.0,,97.76,6.75,8.88,,,False,,,USD,13100000.0
ARCC,0001287750,0001628280-26-050307,10-Q,2026-06-30,2026-07-29,"Sunrun Luna Holdco 2021, LLC | Senior subordinated loan",Sunrun Luna Holdco 2021,Sunrun Luna Holdco 2021,Senior Subordinated,,,,82900000.0,85500000.0,85500000.0,,96.96,6.75,10.41,,,False,,,USD,82900000.0
ARCC,0001287750,0001628280-26-050307,10-Q,2026-06-30,2026-07-29,"Sunrun Luna Holdco 2021, LLC | Senior subordinated loan 1",Sunrun Luna Holdco 2021,Sunrun Luna Holdco 2021,Senior Subordinated,,,,30200000.0,31200000.0,31200000.0,,96.79,6.75,10.41,,,False,,,USD,30200000.0
ARCC,0001287750,0001628280-26-050307,10-Q,2026-06-30,2026-07-29,"Sunrun Luna Holdco 2021, LLC | Senior subordinated loan 2",Sunrun Luna Holdco 2021,Sunrun Luna Holdco 2021,Senior Subordinated,,,,5600000.0,5800000.0,5800000.0,,96.55,6.73,10.39,,,False,,,USD,5600000.0
ARCC,0001287750,0001628280-26-050307,10-Q,2026-06-30,2026-07-29,"Sunrun Xanadu Issuer 2019-1, LLC and Sunrun Xanadu Holdings 2019-1, LLC | First lien senior secured loan","Sunrun Xanadu Issuer 2019-1, LLC and Sunrun Xanadu Holdings 2019-1","Sunrun Xanadu Issuer 2019-1, LLC and Sunrun Xanadu Holdings 2019-1",First Lien,,,,200000.0,200000.0,200000.0,,100.0,,3.98,,,False,,,USD,200000.0
ARCC,0001287750,0001628280-26-050307,10-Q,2026-06-30,2026-07-29,"Sunrun Xanadu Issuer 2019-1, LLC and Sunrun Xanadu Holdings 2019-1, LLC | Senior subordinated loan","Sunrun Xanadu Issuer 2019-1, LLC and Sunrun Xanadu Holdings 2019-1","Sunrun Xanadu Issuer 2019-1, LLC and Sunrun Xanadu Holdings 2019-1",Senior Subordinated,,,,89500000.0,89500000.0,89500000.0,,100.0,6.9,10.63,,6.63,True,,,USD,89500000.0
ARCC,0001287750,0001628280-26-050307,10-Q,2026-06-30,2026-07-29,"Automotive Keys Group, LLC and Automotive Keys Investor, LLC | First lien senior secured loan","Automotive Keys Group, LLC and Automotive Keys Investor","Automotive Keys Group, LLC and Automotive Keys Investor",First Lien,,,,100000.0,100000.0,100000.0,,100.0,6.5,10.38,,,False,,,USD,100000.0
ARCC,0001287750,0001628280-26-050307,10-Q,2026-06-30,2026-07-29,"Automotive Keys Group, LLC and Automotive Keys Investor, LLC | First lien senior secured loan 1","Automotive Keys Group, LLC and Automotive Keys Investor","Automotive Keys Group, LLC and Automotive Keys Investor",First Lien,,,,3600000.0,4200000.0,4200000.0,,85.71,6.5,10.38,,,False,,,USD,3600000.0
ARCC,0001287750,0001628280-26-050307,10-Q,2026-06-30,2026-07-29,"Automotive Keys Group, LLC and Automotive Keys Investor, LLC | Preferred units","Automotive Keys Group, LLC and Automotive Keys Investor","Automotive Keys Group, LLC and Automotive Keys Investor",Preferred Equity,,,,0.0,5100000.0,,4113113.0,0.0,,,,,False,,,USD,0.0
ARCC,0001287750,0001628280-26-050307,10-Q,2026-06-30,2026-07-29,"Automotive Keys Group, LLC and Automotive Keys Investor, LLC | Preferred units 1","Automotive Keys Group, LLC and Automotive Keys Investor","Automotive Keys Group, LLC and Automotive Keys Investor",Preferred Equity,,,,0.0,1100000.0,,1095046.0,0.0,,,,,False,,,USD,0.0
ARCC,0001287750,0001628280-26-050307,10-Q,2026-06-30,2026-07-29,"Automotive Keys Group, LLC and Automotive Keys Investor, LLC | Class A common units","Automotive Keys Group, LLC and Automotive Keys Investor","Automotive Keys Group, LLC and Automotive Keys Investor",Common Equity,,,,0.0,0.0,,5208159.0,,,,,,False,,,USD,0.0
ARCC,0001287750,0001628280-26-050307,10-Q,2026-06-30,2026-07-29,"Bolt Newco Holdings, L.P. and Bolt Purchaser, LLC | First lien senior secured loan","Bolt Newco Holdings, L.P. and Bolt Purchaser","Bolt Newco Holdings, L.P. and Bolt Purchaser",First Lien,,,,18200000.0,18400000.0,18400000.0,,98.91,4.75,8.48,,,False,,,USD,18200000.0
ARCC,0001287750,0001628280-26-050307,10-Q,2026-06-30,2026-07-29,"Bolt Newco Holdings, L.P. and Bolt Purchaser, LLC | Class A -1 units","Bolt Newco Holdings, L.P. and Bolt Purchaser","Bolt Newco Holdings, L.P. and Bolt Purchaser",Equity,,,,5700000.0,5700000.0,,5696000.0,100.0,,,,,False,,,USD,5700000.0
ARCC,0001287750,0001628280-26-050307,10-Q,2026-06-30,2026-07-29,"Churchill OpCo Holdings LLC and Victory Topco, LP | First lien senior secured revolving loan",Churchill OpCo Holdings LLC and Victory Topco,Churchill OpCo Holdings LLC and Victory Topco,First Lien,,,,900000.0,900000.0,900000.0,,100.0,4.75,8.48,,,False,,,USD,900000.0
ARCC,0001287750,0001628280-26-050307,10-Q,2026-06-30,2026-07-29,"Churchill OpCo Holdings LLC and Victory Topco, LP | First lien senior secured loan",Churchill OpCo Holdings LLC and Victory Topco,Churchill OpCo Holdings LLC and Victory Topco,First Lien,,,,6700000.0,6700000.0,6700000.0,,100.0,4.75,8.48,,,False,,,USD,6700000.0
ARCC,0001287750,0001628280-26-050307,10-Q,2026-06-30,2026-07-29,"Churchill OpCo Holdings LLC and Victory Topco, LP | First lien senior secured loan 1",Churchill OpCo Holdings LLC and Victory Topco,Churchill OpCo Holdings LLC and Victory Topco,First Lien,,,,21800000.0,21800000.0,21800000.0,,100.0,4.75,8.48,,,False,,,USD,21800000.0
ARCC,0001287750,0001628280-26-050307,10-Q,2026-06-30,2026-07-29,"Churchill OpCo Holdings LLC and Victory Topco, LP | Class A-2 common units",Churchill OpCo Holdings LLC and Victory Topco,Churchill OpCo Holdings LLC and Victory Topco,Common Equity,,,,5700000.0,2000000.0,,20170.0,285.0,,,,,False,,,USD,5700000.0
ARCC,0001287750,0001628280-26-050307,10-Q,2026-06-30,2026-07-29,"Collision SP Subco, LLC | First lien senior secured loan",Collision SP Subco,Collision SP Subco,First Lien,,,,9700000.0,10000000.0,10000000.0,,97.0,4.75,8.44,,,False,,,USD,9700000.0
ARCC,0001287750,0001628280-26-050307,10-Q,2026-06-30,2026-07-29,"Collision SP Subco, LLC | First lien senior secured loan 1",Collision SP Subco,Collision SP Subco,First Lien,,,,700000.0,700000.0,700000.0,,100.0,4.75,8.46,,,False,,,USD,700000.0
ARCC,0001287750,0001628280-26-050307,10-Q,2026-06-30,2026-07-29,"Continental Acquisition Holdings, Inc. and Continental Group Holdings, L.P. | First lien senior secured loan","Continental Acquisition Holdings, Inc. and Continental Group Holdings","Continental Acquisition Holdings, Inc. and Continental Group Holdings",First Lien,,,,21400000.0,37000000.0,44600000.0,,47.98,,,,,False,,,USD,21400000.0
ARCC,0001287750,0001628280-26-050307,10-Q,2026-06-30,2026-07-29,"Continental Acquisition Holdings, Inc. and Continental Group Holdings, L.P. | First lien senior secured loan 1","Continental Acquisition Holdings, Inc. and Continental Group Holdings","Continental Acquisition Holdings, Inc. and Continental Group Holdings",First Lien,,,,3200000.0,5500000.0,6600000.0,,48.48,,,,,False,,,USD,3200000.0
ARCC,0001287750,0001628280-26-050307,10-Q,2026-06-30,2026-07-29,"Continental Acquisition Holdings, Inc. and Continental Group Holdings, L.P. | Class A units","Continental Acquisition Holdings, Inc. and Continental Group Holdings","Continental Acquisition Holdings, Inc. and Continental Group Holdings",Common Equity,,,,0.0,0.0,,52073.0,,,,,,False,,,USD,0.0
ARCC,0001287750,0001628280-26-050307,10-Q,2026-06-30,2026-07-29,"Faraday&Future Inc., FF Inc., Faraday SPE, LLC and Faraday Future Intelligent Electric Inc. | Warrant to purchase shares of Class A common stock","Faraday&Future Inc., FF Inc., Faraday SPE","Faraday&Future Inc., FF Inc., Faraday SPE",Warrant,,,,0.0,2300000.0,,27824527.0,0.0,,,,,False,,,USD,0.0
ARCC,0001287750,0001628280-26-050307,10-Q,2026-06-30,2026-07-29,"Highline Aftermarket Acquisition, LLC, Highline Aftermarket SC Acquisition, Inc. and Highline PPC Blocker LLC | Co-invest units","Highline Aftermarket Acquisition, LLC, Highline Aftermarket SC Acquisition","Highline Aftermarket Acquisition, LLC, Highline Aftermarket SC Acquisition",Equity,,,,15700000.0,5900000.0,,59230.0,266.1,,,,,False,,,USD,15700000.0
ARCC,0001287750,0001628280-26-050307,10-Q,2026-06-30,2026-07-29,"Sun Acquirer Corp. and Sun TopCo, LP | First lien senior secured revolving loan",Sun Acquirer Corp. and Sun TopCo,Sun Acquirer Corp. and Sun TopCo,First Lien,,,,0.0,0.0,0.0,,,,,,,False,,,USD,0.0
ARCC,0001287750,0001628280-26-050307,10-Q,2026-06-30,2026-07-29,"Sun Acquirer Corp. and Sun TopCo, LP | First lien senior secured loan",Sun Acquirer Corp. and Sun TopCo,Sun Acquirer Corp. and Sun TopCo,First Lien,,,,21600000.0,21800000.0,21900000.0,,98.63,4.5,8.14,,,False,,,USD,21600000.0
ARCC,0001287750,0001628280-26-050307,10-Q,2026-06-30,2026-07-29,"Sun Acquirer Corp. and Sun TopCo, LP | First lien senior secured loan 1",Sun Acquirer Corp. and Sun TopCo,Sun Acquirer Corp. and Sun TopCo,First Lien,,,,41900000.0,42300000.0,42300000.0,,99.05,4.5,8.14,,,False,,,USD,41900000.0
ARCC,0001287750,0001628280-26-050307,10-Q,2026-06-30,2026-07-29,"Sun Acquirer Corp. and Sun TopCo, LP | First lien senior secured loan 2",Sun Acquirer Corp. and Sun TopCo,Sun Acquirer Corp. and Sun TopCo,First Lien,,,,9000000.0,9100000.0,9100000.0,,98.9,4.5,8.14,,,False,,,USD,9000000.0
ARCC,0001287750,0001628280-26-050307,10-Q,2026-06-30,2026-07-29,"Sun Acquirer Corp. and Sun TopCo, LP | Class A units",Sun Acquirer Corp. and Sun TopCo,Sun Acquirer Corp. and Sun TopCo,Common Equity,,,,10900000.0,8000000.0,,79688.0,136.25,,,,,False,,,USD,10900000.0
ARCC,0001287750,0001628280-26-050307,10-Q,2026-06-30,2026-07-29,"Telle Tire & Auto Service, LLC, Telle Tire Holdco, LLC, and Next Horizon Capital TireCo SPV, LP | First lien senior secured revolving loan","Telle Tire & Auto Service, LLC, Telle Tire Holdco, LLC, and Next Horizon Capital TireCo SPV","Telle Tire & Auto Service, LLC, Telle Tire Holdco, LLC, and Next Horizon Capital TireCo SPV",First Lien,,,,200000.0,200000.0,200000.0,,100.0,5.5,9.13,,,False,,,USD,200000.0
ARCC,0001287750,0001628280-26-050307,10-Q,2026-06-30,2026-07-29,"Telle Tire & Auto Service, LLC, Telle Tire Holdco, LLC, and Next Horizon Capital TireCo SPV, LP | First lien senior secured revolving loan 1","Telle Tire & Auto Service, LLC, Telle Tire Holdco, LLC, and Next Horizon Capital TireCo SPV","Telle Tire & Auto Service, LLC, Telle Tire Holdco, LLC, and Next Horizon Capital TireCo SPV",First Lien,,,,100000.0,100000.0,100000.0,,100.0,3.75,10.5,,,False,,,USD,100000.0
ARCC,0001287750,0001628280-26-050307,10-Q,2026-06-30,2026-07-29,"Telle Tire & Auto Service, LLC, Telle Tire Holdco, LLC, and Next Horizon Capital TireCo SPV, LP | First lien senior secured loan","Telle Tire & Auto Service, LLC, Telle Tire Holdco, LLC, and Next Horizon Capital TireCo SPV","Telle Tire & Auto Service, LLC, Telle Tire Holdco, LLC, and Next Horizon Capital TireCo SPV",First Lien,,,,7900000.0,7900000.0,7900000.0,,100.0,4.75,8.6,,,False,,,USD,7900000.0
ARCC,0001287750,0001628280-26-050307,10-Q,2026-06-30,2026-07-29,"Telle Tire & Auto Service, LLC, Telle Tire Holdco, LLC, and Next Horizon Capital TireCo SPV, LP | First lien senior secured loan 1","Telle Tire & Auto Service, LLC, Telle Tire Holdco, LLC, and Next Horizon Capital TireCo SPV","Telle Tire & Auto Service, LLC, Telle Tire Holdco, LLC, and Next Horizon Capital TireCo SPV",First Lien,,,,8000000.0,8000000.0,8000000.0,,100.0,4.75,8.41,,,False,,,USD,8000000.0
ARCC,0001287750,0001628280-26-050307,10-Q,2026-06-30,2026-07-29,"Telle Tire & Auto Service, LLC, Telle Tire Holdco, LLC, and Next Horizon Capital TireCo SPV, LP | Senior subordinated loan","Telle Tire & Auto Service, LLC, Telle Tire Holdco, LLC, and Next Horizon Capital TireCo SPV","Telle Tire & Auto Service, LLC, Telle Tire Holdco, LLC, and Next Horizon Capital TireCo SPV",Senior Subordinated,,,,10700000.0,10900000.0,10900000.0,,98.17,,,,15.0,True,,,USD,10700000.0
ARCC,0001287750,0001628280-26-050307,10-Q,2026-06-30,2026-07-29,"Telle Tire & Auto Service, LLC, Telle Tire Holdco, LLC, and Next Horizon Capital TireCo SPV, LP | Limited partnership interests","Telle Tire & Auto Service, LLC, Telle Tire Holdco, LLC, and Next Horizon Capital TireCo SPV","Telle Tire & Auto Service, LLC, Telle Tire Holdco, LLC, and Next Horizon Capital TireCo SPV",LP Interest,,,,600000.0,300000.0,,330000.0,200.0,,,,,False,,,USD,600000.0
ARCC,0001287750,0001628280-26-050307,10-Q,2026-06-30,2026-07-29,"Truck-Lite Co., LLC, ECCO Holdings Corp., and Clarity Technologies Holdings, LP | First lien senior secured revolving loan","Truck-Lite Co., LLC, ECCO Holdings Corp., and Clarity Technologies Holdings","Truck-Lite Co., LLC, ECCO Holdings Corp., and Clarity Technologies Holdings",First Lien,,,,0.0,0.0,0.0,,,,,,,False,,,USD,0.0
ARCC,0001287750,0001628280-26-050307,10-Q,2026-06-30,2026-07-29,"Truck-Lite Co., LLC, ECCO Holdings Corp., and Clarity Technologies Holdings, LP | First lien senior secured loan","Truck-Lite Co., LLC, ECCO Holdings Corp., and Clarity Technologies Holdings","Truck-Lite Co., LLC, ECCO Holdings Corp., and Clarity Technologies Holdings",First Lien,,,,143600000.0,143600000.0,143600000.0,,100.0,4.75,8.41,,,False,,,USD,143600000.0
ARCC,0001287750,0001628280-26-050307,10-Q,2026-06-30,2026-07-29,"Truck-Lite Co., LLC, ECCO Holdings Corp., and Clarity Technologies Holdings, LP | Class A units","Truck-Lite Co., LLC, ECCO Holdings Corp., and Clarity Technologies Holdings","Truck-Lite Co., LLC, ECCO Holdings Corp., and Clarity Technologies Holdings",Common Equity,,,,5300000.0,5500000.0,,55220.0,96.36,,,,,False,,,USD,5300000.0
ARCC,0001287750,0001628280-26-050307,10-Q,2026-06-30,2026-07-29,"Beacon Wellness Brands, Inc. and CDI Holdings I Corp. | First lien senior secured loan",Beacon Wellness Brands,Beacon Wellness Brands,First Lien,,,,3400000.0,3400000.0,3400000.0,,100.0,9.0,12.74,,1.25,True,,,USD,3400000.0
ARCC,0001287750,0001628280-26-050307,10-Q,2026-06-30,2026-07-29,"Beacon Wellness Brands, Inc. and CDI Holdings I Corp. | Common stock",Beacon Wellness Brands,Beacon Wellness Brands,Common Equity,,,,3500000.0,6100000.0,,6149.0,57.38,,,,,False,,,USD,3500000.0
ARCC,0001287750,0001628280-26-050307,10-Q,2026-06-30,2026-07-29,"Foundation Consumer Brands, LLC | First lien senior secured loan",Foundation Consumer Brands,Foundation Consumer Brands,First Lien,,,,100000.0,100000.0,100000.0,,100.0,5.0,8.72,,,False,,,USD,100000.0
ARCC,0001287750,0001628280-26-050307,10-Q,2026-06-30,2026-07-29,"Foundation Consumer Brands, LLC | First lien senior secured loan 1",Foundation Consumer Brands,Foundation Consumer Brands,First Lien,,,,9600000.0,9500000.0,9600000.0,,100.0,5.0,8.72,,,False,,,USD,9600000.0
ARCC,0001287750,0001628280-26-050307,10-Q,2026-06-30,2026-07-29,"LifeStyles Bidco Ltd., Lifestyles US Holdco, Inc. and LifeStyles Parent, L.P. | First lien senior secured loan","LifeStyles Bidco Ltd., Lifestyles US Holdco, Inc. and LifeStyles Parent","LifeStyles Bidco Ltd., Lifestyles US Holdco, Inc. and LifeStyles Parent",First Lien,,,,18000000.0,18000000.0,18000000.0,,100.0,5.75,9.48,,,False,,,USD,18000000.0
ARCC,0001287750,0001628280-26-050307,10-Q,2026-06-30,2026-07-29,"LifeStyles Bidco Ltd., Lifestyles US Holdco, Inc. and LifeStyles Parent, L.P. | First lien senior secured loan 1","LifeStyles Bidco Ltd., Lifestyles US Holdco, Inc. and LifeStyles Parent","LifeStyles Bidco Ltd., Lifestyles US Holdco, Inc. and LifeStyles Parent",First Lien,,,,9000000.0,8600000.0,9000000.0,,100.0,5.75,9.48,,,False,,,USD,9000000.0
ARCC,0001287750,0001628280-26-050307,10-Q,2026-06-30,2026-07-29,"LifeStyles Bidco Ltd., Lifestyles US Holdco, Inc. and LifeStyles Parent, L.P. | Preferred units","LifeStyles Bidco Ltd., Lifestyles US Holdco, Inc. and LifeStyles Parent","LifeStyles Bidco Ltd., Lifestyles US Holdco, Inc. and LifeStyles Parent",Preferred Equity,,,,4200000.0,4200000.0,,3178.0,100.0,,,,8.0,True,,,USD,4200000.0
ARCC,0001287750,0001628280-26-050307,10-Q,2026-06-30,2026-07-29,"LifeStyles Bidco Ltd., Lifestyles US Holdco, Inc. and LifeStyles Parent, L.P. | Class B common units","LifeStyles Bidco Ltd., Lifestyles US Holdco, Inc. and LifeStyles Parent","LifeStyles Bidco Ltd., Lifestyles US Holdco, Inc. and LifeStyles Parent",Common Equity,,,,1400000.0,0.0,,32105.0,,,,,,False,,,USD,1400000.0
ARCC,0001287750,0001628280-26-050307,10-Q,2026-06-30,2026-07-29,"pH Beauty Holdings III, Inc. | First lien senior secured loan",pH Beauty Holdings III,pH Beauty Holdings III,First Lien,,,,11100000.0,11100000.0,11100000.0,,100.0,5.5,9.18,,,False,,,USD,11100000.0
ARCC,0001287750,0001628280-26-050307,10-Q,2026-06-30,2026-07-29,"Premier Specialties, Inc. and RMCF V CIV XLIV, L.P. | First lien senior secured revolving loan","Premier Specialties, Inc. and RMCF V CIV XLIV","Premier Specialties, Inc. and RMCF V CIV XLIV",First Lien,,,,1800000.0,1900000.0,1900000.0,,94.74,7.0,10.74,,,False,,,USD,1800000.0
ARCC,0001287750,0001628280-26-050307,10-Q,2026-06-30,2026-07-29,"Premier Specialties, Inc. and RMCF V CIV XLIV, L.P. | First lien senior secured loan","Premier Specialties, Inc. and RMCF V CIV XLIV","Premier Specialties, Inc. and RMCF V CIV XLIV",First Lien,,,,26900000.0,28000000.0,28000000.0,,96.07,7.0,10.74,,,False,,,USD,26900000.0
ARCC,0001287750,0001628280-26-050307,10-Q,2026-06-30,2026-07-29,"Premier Specialties, Inc. and RMCF V CIV XLIV, L.P. | Limited partner interests","Premier Specialties, Inc. and RMCF V CIV XLIV","Premier Specialties, Inc. and RMCF V CIV XLIV",LP Interest,,,,1800000.0,5000000.0,,,36.0,,,,,False,,,USD,1800000.0
ARCC,0001287750,0001628280-26-050307,10-Q,2026-06-30,2026-07-29,RD Holdco Inc. | Common stock 1,RD Holdco Inc. |,RD Holdco Inc. |,Common Equity,,,,0.0,14000000.0,,458596.0,0.0,,,,,False,,,USD,0.0
ARCC,0001287750,0001628280-26-050307,10-Q,2026-06-30,2026-07-29,RD Holdco Inc. | Class B common stock,RD Holdco Inc. | Class B,RD Holdco Inc. | Class B,Common Equity,,,,0.0,0.0,,350.0,,,,,,False,,,USD,0.0
ARCC,0001287750,0001628280-26-050307,10-Q,2026-06-30,2026-07-29,RD Holdco Inc. | Class C common stock,RD Holdco Inc. | Class C,RD Holdco Inc. | Class C,Common Equity,,,,23700000.0,17500000.0,,649880.0,135.43,,,,,False,,,USD,23700000.0
ARCC,0001287750,0001628280-26-050307,10-Q,2026-06-30,2026-07-29,"Salt & Stone, Inc. and Leila Parent, LLC | First lien senior secured loan","Salt & Stone, Inc. and Leila Parent","Salt & Stone, Inc. and Leila Parent",First Lien,,,,6000000.0,6100000.0,6100000.0,,98.36,5.5,9.23,,,False,,,USD,6000000.0
ARCC,0001287750,0001628280-26-050307,10-Q,2026-06-30,2026-07-29,"Salt & Stone, Inc. and Leila Parent, LLC | Common units","Salt & Stone, Inc. and Leila Parent","Salt & Stone, Inc. and Leila Parent",Common Equity,,,,700000.0,700000.0,,681000.0,100.0,,,,,False,,,USD,700000.0
ARCC,0001287750,0001628280-26-050307,10-Q,2026-06-30,2026-07-29,Silk Holdings III LLC and Silk Holdings I Corp. | First lien senior secured revolving loan,Silk Holdings III LLC and Silk Holdings I Corp. |,Silk Holdings III LLC and Silk Holdings I Corp. |,First Lien,,,,700000.0,700000.0,700000.0,,100.0,4.5,8.11,,,False,,,USD,700000.0
ARCC,0001287750,0001628280-26-050307,10-Q,2026-06-30,2026-07-29,Silk Holdings III LLC and Silk Holdings I Corp. | First lien senior secured loan,Silk Holdings III LLC and Silk Holdings I Corp. |,Silk Holdings III LLC and Silk Holdings I Corp. |,First Lien,,,,80600000.0,81400000.0,81400000.0,,99.02,4.5,8.11,,,False,,,USD,80600000.0
ARCC,0001287750,0001628280-26-050307,10-Q,2026-06-30,2026-07-29,Silk Holdings III LLC and Silk Holdings I Corp. | First lien senior secured loan 1,Silk Holdings III LLC and Silk Holdings I Corp. |,Silk Holdings III LLC and Silk Holdings I Corp. |,First Lien,,,,61800000.0,62500000.0,62500000.0,,98.88,4.5,8.11,,,False,,,USD,61800000.0
ARCC,0001287750,0001628280-26-050307,10-Q,2026-06-30,2026-07-29,Silk Holdings III LLC and Silk Holdings I Corp. | Common stock,Silk Holdings III LLC and Silk Holdings I Corp. |,Silk Holdings III LLC and Silk Holdings I Corp. |,Common Equity,,,,43000000.0,18100000.0,,15786.0,237.57,,,,,False,,,USD,43000000.0
ARCC,0001287750,0001628280-26-050307,10-Q,2026-06-30,2026-07-29,"TCI Buyer LLC and TCI Holdings, LP | First lien senior secured loan",TCI Buyer LLC and TCI Holdings,TCI Buyer LLC and TCI Holdings,First Lien,,,,14600000.0,14800000.0,14800000.0,,98.65,5.0,8.65,,,False,,,USD,14600000.0
ARCC,0001287750,0001628280-26-050307,10-Q,2026-06-30,2026-07-29,"TCI Buyer LLC and TCI Holdings, LP | Common stock",TCI Buyer LLC and TCI Holdings,TCI Buyer LLC and TCI Holdings,Common Equity,,,,2100000.0,2400000.0,,24010.0,87.5,,,,,False,,,USD,2100000.0
ARCC,0001287750,0001628280-26-050307,10-Q,2026-06-30,2026-07-29,"Walnut Parent, Inc. | First lien senior secured loan",Walnut Parent,Walnut Parent,First Lien,,,,100000.0,100000.0,100000.0,,100.0,6.25,10.06,,3.38,True,,,USD,100000.0
ARCC,0001287750,0001628280-26-050307,10-Q,2026-06-30,2026-07-29,"Walnut Parent, Inc. | First lien senior secured loan 1",Walnut Parent,Walnut Parent,First Lien,,,,13600000.0,14500000.0,14500000.0,,93.79,6.25,9.99,,3.38,True,,,USD,13600000.0
ARCC,0001287750,0001628280-26-050307,10-Q,2026-06-30,2026-07-29,"WU Holdco, Inc. | First lien senior secured loan",WU Holdco,WU Holdco,First Lien,,,,10500000.0,10400000.0,10500000.0,,100.0,4.75,8.48,,,False,,,USD,10500000.0
ARCC,0001287750,0001628280-26-050307,10-Q,2026-06-30,2026-07-29,"Astra Energy Group Limited, GNZ Energy Bidco Limited, and Galileo Co-investment Trust I | First lien senior secured loan","Astra Energy Group Limited, GNZ Energy Bidco Limited","Astra Energy Group Limited, GNZ Energy Bidco Limited",First Lien,,,,27600000.0,30500000.0,27600000.0,,100.0,6.0,8.49,,,False,,,USD,27600000.0
ARCC,0001287750,0001628280-26-050307,10-Q,2026-06-30,2026-07-29,"Astra Energy Group Limited, GNZ Energy Bidco Limited, and Galileo Co-investment Trust I | Common units","Astra Energy Group Limited, GNZ Energy Bidco Limited","Astra Energy Group Limited, GNZ Energy Bidco Limited",Common Equity,,,,16700000.0,5100000.0,,17616667.0,327.45,,,,,False,,,USD,16700000.0
ARCC,0001287750,0001628280-26-050307,10-Q,2026-06-30,2026-07-29,"HighPeak Energy, Inc. | First lien senior secured loan",HighPeak Energy,HighPeak Energy,First Lien,,,,156700000.0,155800000.0,156700000.0,,100.0,7.5,11.38,,,False,,,USD,156700000.0
ARCC,0001287750,0001628280-26-050307,10-Q,2026-06-30,2026-07-29,"Murchison Oil and Gas, LLC and Murchison Holdings, LLC | Preferred units","Murchison Oil and Gas, LLC and Murchison Holdings","Murchison Oil and Gas, LLC and Murchison Holdings",Preferred Equity,,,,800000.0,0.0,,41000.0,,,,,,False,,,USD,800000.0
ARCC,0001287750,0001628280-26-050307,10-Q,2026-06-30,2026-07-29,Phoenix Operating LLC | First lien senior secured loan,Phoenix Operating LLC |,Phoenix Operating LLC |,First Lien,,,,44400000.0,43900000.0,46000000.0,,96.52,7.0,10.83,,,False,,,USD,44400000.0
ARCC,0001287750,0001628280-26-050307,10-Q,2026-06-30,2026-07-29,Phoenix Operating LLC | First lien senior secured loan 1,Phoenix Operating LLC |,Phoenix Operating LLC |,First Lien,,,,33000000.0,33000000.0,33000000.0,,100.0,7.0,10.83,,,False,,,USD,33000000.0
ARCC,0001287750,0001628280-26-050307,10-Q,2026-06-30,2026-07-29,Phoenix Operating LLC | First lien senior secured loan 2,Phoenix Operating LLC |,Phoenix Operating LLC |,First Lien,,,,28000000.0,28000000.0,28000000.0,,100.0,7.0,10.83,,,False,,,USD,28000000.0
ARCC,0001287750,0001628280-26-050307,10-Q,2026-06-30,2026-07-29,"VPROP Operating, LLC and V SandCo, LLC | First lien senior secured loan","VPROP Operating, LLC and V SandCo","VPROP Operating, LLC and V SandCo",First Lien,,,,6300000.0,6300000.0,6300000.0,,100.0,9.5,,,13.42,True,,,USD,6300000.0
ARCC,0001287750,0001628280-26-050307,10-Q,2026-06-30,2026-07-29,"VPROP Operating, LLC and V SandCo, LLC | First lien senior secured loan 1","VPROP Operating, LLC and V SandCo","VPROP Operating, LLC and V SandCo",First Lien,,,,7600000.0,7600000.0,7600000.0,,100.0,9.5,,,13.42,True,,,USD,7600000.0
ARCC,0001287750,0001628280-26-050307,10-Q,2026-06-30,2026-07-29,"VPROP Operating, LLC and V SandCo, LLC | First lien senior secured loan 2","VPROP Operating, LLC and V SandCo","VPROP Operating, LLC and V SandCo",First Lien,,,,7800000.0,7800000.0,7800000.0,,100.0,9.5,,,13.42,True,,,USD,7800000.0
ARCC,0001287750,0001628280-26-050307,10-Q,2026-06-30,2026-07-29,"VPROP Operating, LLC and V SandCo, LLC | First lien senior secured loan 3","VPROP Operating, LLC and V SandCo","VPROP Operating, LLC and V SandCo",First Lien,,,,600000.0,30300000.0,34400000.0,,1.74,,,,,False,,,USD,600000.0
ARCC,0001287750,0001628280-26-050307,10-Q,2026-06-30,2026-07-29,"VPROP Operating, LLC and V SandCo, LLC | Class A units","VPROP Operating, LLC and V SandCo","VPROP Operating, LLC and V SandCo",Common Equity,,,,0.0,32800000.0,,347900.0,0.0,,,,,False,,,USD,0.0
ARCC,0001287750,0001628280-26-050307,10-Q,2026-06-30,2026-07-29,American Seafoods Group LLC and American Seafoods Partners LLC | Class A units,American Seafoods Group LLC and American Seafoods Partners LLC |,American Seafoods Group LLC and American Seafoods Partners LLC |,Common Equity,,,,100000.0,100000.0,,77922.0,100.0,,,,,False,,,USD,100000.0
ARCC,0001287750,0001628280-26-050307,10-Q,2026-06-30,2026-07-29,American Seafoods Group LLC and American Seafoods Partners LLC | Warrant to purchase units of Class A units,American Seafoods Group LLC and American Seafoods Partners LLC |,American Seafoods Group LLC and American Seafoods Partners LLC |,Warrant,,,,8000000.0,7400000.0,,7422078.0,108.11,,,,,False,,,USD,8000000.0
ARCC,0001287750,0001628280-26-050307,10-Q,2026-06-30,2026-07-29,"Badia Spices, LLC | First lien senior secured loan",Badia Spices,Badia Spices,First Lien,,,,5900000.0,5900000.0,5900000.0,,100.0,4.25,7.91,,,False,,,USD,5900000.0
ARCC,0001287750,0001628280-26-050307,10-Q,2026-06-30,2026-07-29,"Berner Food & Beverage, LLC | First lien senior secured revolving loan",Berner Food & Beverage,Berner Food & Beverage,First Lien,,,,1300000.0,1300000.0,1300000.0,,100.0,6.0,9.81,,,False,,,USD,1300000.0
ARCC,0001287750,0001628280-26-050307,10-Q,2026-06-30,2026-07-29,"Berner Food & Beverage, LLC | First lien senior secured loan",Berner Food & Beverage,Berner Food & Beverage,First Lien,,,,1400000.0,1400000.0,1400000.0,,100.0,6.0,9.81,,,False,,,USD,1400000.0
ARCC,0001287750,0001628280-26-050307,10-Q,2026-06-30,2026-07-29,"Bragg Live Food Products, LLC and SPC Investment Co., L.P. | Common units","Bragg Live Food Products, LLC and SPC Investment Co.","Bragg Live Food Products, LLC and SPC Investment Co.",Common Equity,,,,14000000.0,8400000.0,,14850.0,166.67,,,,,False,,,USD,14000000.0
ARCC,0001287750,0001628280-26-050307,10-Q,2026-06-30,2026-07-29,CHG PPC Parent LLC & PPC CHG Blocker LLC | Common units,CHG PPC Parent LLC & PPC CHG Blocker LLC |,CHG PPC Parent LLC & PPC CHG Blocker LLC |,Common Equity,,,,5000000.0,3000000.0,,59.0,166.67,,,,,False,,,USD,5000000.0
ARCC,0001287750,0001628280-26-050307,10-Q,2026-06-30,2026-07-29,"Demakes FinanceCo, LLC | First lien senior secured loan",Demakes FinanceCo,Demakes FinanceCo,First Lien,,,,6100000.0,6100000.0,6100000.0,,100.0,5.5,9.23,,,False,,,USD,6100000.0
ARCC,0001287750,0001628280-26-050307,10-Q,2026-06-30,2026-07-29,"Demakes FinanceCo, LLC | First lien senior secured loan 1",Demakes FinanceCo,Demakes FinanceCo,First Lien,,,,12100000.0,12100000.0,12100000.0,,100.0,5.5,9.17,,,False,,,USD,12100000.0
ARCC,0001287750,0001628280-26-050307,10-Q,2026-06-30,2026-07-29,"Florida Food Products, LLC | First lien senior secured loan",Florida Food Products,Florida Food Products,First Lien,,,,100000.0,100000.0,100000.0,,100.0,5.5,9.23,,,False,,,USD,100000.0
ARCC,0001287750,0001628280-26-050307,10-Q,2026-06-30,2026-07-29,"Florida Food Products, LLC | First lien senior secured loan 1",Florida Food Products,Florida Food Products,First Lien,,,,100000.0,100000.0,100000.0,,100.0,5.5,9.23,,,False,,,USD,100000.0
ARCC,0001287750,0001628280-26-050307,10-Q,2026-06-30,2026-07-29,"Florida Food Products, LLC | First lien senior secured loan 2",Florida Food Products,Florida Food Products,First Lien,,,,100000.0,100000.0,100000.0,,100.0,5.5,9.23,,,False,,,USD,100000.0
ARCC,0001287750,0001628280-26-050307,10-Q,2026-06-30,2026-07-29,"Florida Food Products, LLC | First lien senior secured loan 3",Florida Food Products,Florida Food Products,First Lien,,,,9500000.0,8500000.0,13900000.0,,68.35,5.0,8.86,,2.0,True,,,USD,9500000.0
ARCC,0001287750,0001628280-26-050307,10-Q,2026-06-30,2026-07-29,"Florida Food Products, LLC | First lien senior secured loan 4",Florida Food Products,Florida Food Products,First Lien,,,,200000.0,400000.0,400000.0,,50.0,5.0,8.73,,2.0,True,,,USD,200000.0
ARCC,0001287750,0001628280-26-050307,10-Q,2026-06-30,2026-07-29,"Florida Food Products, LLC | First lien senior secured loan 5",Florida Food Products,Florida Food Products,First Lien,,,,200000.0,400000.0,400000.0,,50.0,5.0,8.99,,2.0,True,,,USD,200000.0
ARCC,0001287750,0001628280-26-050307,10-Q,2026-06-30,2026-07-29,"Florida Food Products, LLC | First lien senior secured loan 6",Florida Food Products,Florida Food Products,First Lien,,,,28400000.0,34500000.0,60500000.0,,46.94,,,,,False,,,USD,28400000.0
ARCC,0001287750,0001628280-26-050307,10-Q,2026-06-30,2026-07-29,"Forward Keystone Holdings, LP | Senior subordinated loan",Forward Keystone Holdings,Forward Keystone Holdings,Senior Subordinated,,,,28600000.0,28600000.0,28600000.0,,100.0,,15.0,,8.0,True,,,USD,28600000.0
ARCC,0001287750,0001628280-26-050307,10-Q,2026-06-30,2026-07-29,"Forward Keystone Holdings, LP | Common units",Forward Keystone Holdings,Forward Keystone Holdings,Common Equity,,,,4600000.0,3900000.0,,3852000.0,117.95,,,,,False,,,USD,4600000.0
ARCC,0001287750,0001628280-26-050307,10-Q,2026-06-30,2026-07-29,"Gotham Greens Holdings, PBC | Second lien senior secured loan",Gotham Greens Holdings,Gotham Greens Holdings,Second Lien,,,,3000000.0,3100000.0,3300000.0,,90.91,,,,15.0,True,,,USD,3000000.0
ARCC,0001287750,0001628280-26-050307,10-Q,2026-06-30,2026-07-29,"Gotham Greens Holdings, PBC | Series E-1 preferred stock",Gotham Greens Holdings,Gotham Greens Holdings,Preferred Equity,,,,0.0,16500000.0,,188605.0,0.0,,,,,False,,,USD,0.0
ARCC,0001287750,0001628280-26-050307,10-Q,2026-06-30,2026-07-29,"HBH Buyer, LLC | First lien senior secured loan",HBH Buyer,HBH Buyer,First Lien,,,,23700000.0,23700000.0,23700000.0,,100.0,5.0,8.73,,,False,,,USD,23700000.0
ARCC,0001287750,0001628280-26-050307,10-Q,2026-06-30,2026-07-29,"KNPC HoldCo, LLC | First lien senior secured loan",KNPC HoldCo,KNPC HoldCo,First Lien,,,,1300000.0,1300000.0,1300000.0,,100.0,6.75,10.52,,,False,,,USD,1300000.0
ARCC,0001287750,0001628280-26-050307,10-Q,2026-06-30,2026-07-29,"KNPC HoldCo, LLC | First lien senior secured loan 1",KNPC HoldCo,KNPC HoldCo,First Lien,,,,2700000.0,2700000.0,2700000.0,,100.0,6.0,9.77,,,False,,,USD,2700000.0
ARCC,0001287750,0001628280-26-050307,10-Q,2026-06-30,2026-07-29,"KNPC HoldCo, LLC | First lien senior secured loan 2",KNPC HoldCo,KNPC HoldCo,First Lien,,,,5400000.0,5400000.0,5400000.0,,100.0,5.5,9.27,,,False,,,USD,5400000.0
ARCC,0001287750,0001628280-26-050307,10-Q,2026-06-30,2026-07-29,"KNPC HoldCo, LLC | First lien senior secured loan 3",KNPC HoldCo,KNPC HoldCo,First Lien,,,,27300000.0,27300000.0,27300000.0,,100.0,5.75,9.52,,,False,,,USD,27300000.0
ARCC,0001287750,0001628280-26-050307,10-Q,2026-06-30,2026-07-29,"Manna Pro Products, LLC and MP Blocker A LLC | First lien senior secured revolving loan",Manna Pro Products,Manna Pro Products,First Lien,,,,800000.0,1100000.0,1100000.0,,72.73,,,,,False,,,USD,800000.0
ARCC,0001287750,0001628280-26-050307,10-Q,2026-06-30,2026-07-29,"Manna Pro Products, LLC and MP Blocker A LLC | Common units",Manna Pro Products,Manna Pro Products,Common Equity,,,,0.0,0.0,,998.0,,,,,,False,,,USD,0.0
ARCC,0001287750,0001628280-26-050307,10-Q,2026-06-30,2026-07-29,Max US Bidco Inc. | First lien senior secured loan,Max US Bidco Inc. |,Max US Bidco Inc. |,First Lien,,,,900000.0,900000.0,1000000.0,,90.0,5.0,8.73,,,False,,,USD,900000.0
ARCC,0001287750,0001628280-26-050307,10-Q,2026-06-30,2026-07-29,Primo Water Holdings Inc / Triton Water Holdings Inc | Senior subordinated loan,Primo Water Holdings Inc / Triton Water Holdings Inc |,Primo Water Holdings Inc / Triton Water Holdings Inc |,Senior Subordinated,,,,100000.0,100000.0,100000.0,,100.0,,6.25,,,False,,,USD,100000.0
ARCC,0001287750,0001628280-26-050307,10-Q,2026-06-30,2026-07-29,"RB Holdings InterCo, LLC | First lien senior secured revolving loan",RB Holdings InterCo,RB Holdings InterCo,First Lien,,,,500000.0,500000.0,500000.0,,100.0,5.0,8.8,,,False,,,USD,500000.0
ARCC,0001287750,0001628280-26-050307,10-Q,2026-06-30,2026-07-29,"RB Holdings InterCo, LLC | First lien senior secured loan",RB Holdings InterCo,RB Holdings InterCo,First Lien,,,,10600000.0,11100000.0,11100000.0,,95.5,5.0,8.8,,,False,,,USD,10600000.0
ARCC,0001287750,0001628280-26-050307,10-Q,2026-06-30,2026-07-29,"Spindrift Beverage Co., Inc. and SBC Aggregator LP | First lien senior secured revolving loan",Spindrift Beverage Co.,Spindrift Beverage Co.,First Lien,,,,300000.0,300000.0,300000.0,,100.0,5.0,8.66,,,False,,,USD,300000.0
ARCC,0001287750,0001628280-26-050307,10-Q,2026-06-30,2026-07-29,"Spindrift Beverage Co., Inc. and SBC Aggregator LP | First lien senior secured loan",Spindrift Beverage Co.,Spindrift Beverage Co.,First Lien,,,,12600000.0,12600000.0,12600000.0,,100.0,5.0,8.68,,,False,,,USD,12600000.0
ARCC,0001287750,0001628280-26-050307,10-Q,2026-06-30,2026-07-29,"Spindrift Beverage Co., Inc. and SBC Aggregator LP | Limited partnership units",Spindrift Beverage Co.,Spindrift Beverage Co.,LP Interest,,,,12600000.0,8700000.0,,8739.0,144.83,,,,,False,,,USD,12600000.0
ARCC,0001287750,0001628280-26-050307,10-Q,2026-06-30,2026-07-29,Sugar PPC Buyer LLC | First lien senior secured loan,Sugar PPC Buyer LLC |,Sugar PPC Buyer LLC |,First Lien,,,,15500000.0,15500000.0,15500000.0,,100.0,4.75,8.5,,,False,,,USD,15500000.0
ARCC,0001287750,0001628280-26-050307,10-Q,2026-06-30,2026-07-29,"Teasdale Foods, Inc. and Familia Group Holdings Inc. | First lien senior secured loan",Teasdale Foods,Teasdale Foods,First Lien,,,,62400000.0,76300000.0,83200000.0,,75.0,,,,,False,,,USD,62400000.0
ARCC,0001287750,0001628280-26-050307,10-Q,2026-06-30,2026-07-29,"Watermill Express, LLC and Watermill Express Holdings, LLC | First lien senior secured revolving loan","Watermill Express, LLC and Watermill Express Holdings","Watermill Express, LLC and Watermill Express Holdings",First Lien,,,,0.0,0.0,0.0,,,,,,,False,,,USD,0.0
ARCC,0001287750,0001628280-26-050307,10-Q,2026-06-30,2026-07-29,"Watermill Express, LLC and Watermill Express Holdings, LLC | First lien senior secured loan","Watermill Express, LLC and Watermill Express Holdings","Watermill Express, LLC and Watermill Express Holdings",First Lien,,,,3900000.0,3900000.0,3900000.0,,100.0,4.5,8.18,,,False,,,USD,3900000.0
ARCC,0001287750,0001628280-26-050307,10-Q,2026-06-30,2026-07-29,"Watermill Express, LLC and Watermill Express Holdings, LLC | First lien senior secured loan 1","Watermill Express, LLC and Watermill Express Holdings","Watermill Express, LLC and Watermill Express Holdings",First Lien,,,,3700000.0,3700000.0,3700000.0,,100.0,4.5,8.23,,,False,,,USD,3700000.0
ARCC,0001287750,0001628280-26-050307,10-Q,2026-06-30,2026-07-29,"Watermill Express, LLC and Watermill Express Holdings, LLC | First lien senior secured loan 2","Watermill Express, LLC and Watermill Express Holdings","Watermill Express, LLC and Watermill Express Holdings",First Lien,,,,1500000.0,1500000.0,1500000.0,,100.0,4.5,8.22,,,False,,,USD,1500000.0
ARCC,0001287750,0001628280-26-050307,10-Q,2026-06-30,2026-07-29,"Watermill Express, LLC and Watermill Express Holdings, LLC | Class E units","Watermill Express, LLC and Watermill Express Holdings","Watermill Express, LLC and Watermill Express Holdings",Common Equity,,,,0.0,0.0,,45449.0,,,,,,False,,,USD,0.0
ARCC,0001287750,0001628280-26-050307,10-Q,2026-06-30,2026-07-29,"EdgeConneX MCN US Finance Co 1, LLC | Senior subordinated loan",EdgeConneX MCN US Finance Co 1,EdgeConneX MCN US Finance Co 1,Senior Subordinated,,,,83700000.0,85400000.0,85400000.0,,98.01,6.0,9.85,,,False,,,USD,83700000.0
ARCC,0001287750,0001628280-26-050307,10-Q,2026-06-30,2026-07-29,"Retained Vantage Data Centers Intermediate Holdco, LP and Retained Vantage Data Centers Assets, LP | Senior subordinated loan","Retained Vantage Data Centers Intermediate Holdco, LP and Retained Vantage Data Centers Assets","Retained Vantage Data Centers Intermediate Holdco, LP and Retained Vantage Data Centers Assets",Senior Subordinated,,,,195900000.0,195900000.0,195900000.0,,100.0,,9.5,,,False,,,USD,195900000.0
ARCC,0001287750,0001628280-26-050307,10-Q,2026-06-30,2026-07-29,"365RM Holdco, LLC | First lien senior secured revolving loan",365RM Holdco,365RM Holdco,First Lien,,,,600000.0,700000.0,700000.0,,85.71,4.75,8.48,,,False,,,USD,600000.0
ARCC,0001287750,0001628280-26-050307,10-Q,2026-06-30,2026-07-29,"365RM Holdco, LLC | First lien senior secured loan",365RM Holdco,365RM Holdco,First Lien,,,,67100000.0,67800000.0,67800000.0,,98.97,4.75,8.48,,,False,,,USD,67100000.0
ARCC,0001287750,0001628280-26-050307,10-Q,2026-06-30,2026-07-29,"Everspin Technologies, Inc. | Warrant to purchase shares of common stock",Everspin Technologies,Everspin Technologies,Warrant,,,,0.0,400000.0,,18461.0,0.0,,,,,False,,,USD,0.0
ARCC,0001287750,0001628280-26-050307,10-Q,2026-06-30,2026-07-29,Excelitas Technologies Corp. | First lien senior secured loan,Excelitas Technologies Corp. |,Excelitas Technologies Corp. |,First Lien,,,,31900000.0,31800000.0,31900000.0,,100.0,5.25,8.89,,,False,,,USD,31900000.0
ARCC,0001287750,0001628280-26-050307,10-Q,2026-06-30,2026-07-29,"FL Hawk Intermediate Holdings, Inc. | First lien senior secured loan",FL Hawk Intermediate Holdings,FL Hawk Intermediate Holdings,First Lien,,,,10200000.0,10100000.0,10200000.0,,100.0,4.5,8.23,,,False,,,USD,10200000.0
ARCC,0001287750,0001628280-26-050307,10-Q,2026-06-30,2026-07-29,"PerkinElmer U.S. LLC and NM Polaris Co-Invest, L.P. | First lien senior secured loan",PerkinElmer U.S. LLC and NM Polaris Co-Invest,PerkinElmer U.S. LLC and NM Polaris Co-Invest,First Lien,,,,2700000.0,2700000.0,2700000.0,,100.0,4.5,8.17,,,False,,,USD,2700000.0
ARCC,0001287750,0001628280-26-050307,10-Q,2026-06-30,2026-07-29,"PerkinElmer U.S. LLC and NM Polaris Co-Invest, L.P. | Class A-2 units",PerkinElmer U.S. LLC and NM Polaris Co-Invest,PerkinElmer U.S. LLC and NM Polaris Co-Invest,Common Equity,,,,4700000.0,4800000.0,,34832.0,97.92,,,,,False,,,USD,4700000.0
ARCC,0001287750,0001628280-26-050307,10-Q,2026-06-30,2026-07-29,"PerkinElmer U.S. LLC and NM Polaris Co-Invest, L.P. | Limited partnership interests",PerkinElmer U.S. LLC and NM Polaris Co-Invest,PerkinElmer U.S. LLC and NM Polaris Co-Invest,LP Interest,,,,13200000.0,9900000.0,,,133.33,,,,,False,,,USD,13200000.0
ARCC,0001287750,0001628280-26-050307,10-Q,2026-06-30,2026-07-29,"Repairify, Inc. and Repairify Holdings, LLC | First lien senior secured revolving loan","Repairify, Inc. and Repairify Holdings","Repairify, Inc. and Repairify Holdings",First Lien,,,,5100000.0,5100000.0,5100000.0,,100.0,5.25,9.2,,,False,,,USD,5100000.0
ARCC,0001287750,0001628280-26-050307,10-Q,2026-06-30,2026-07-29,"Repairify, Inc. and Repairify Holdings, LLC | First lien senior secured loan","Repairify, Inc. and Repairify Holdings","Repairify, Inc. and Repairify Holdings",First Lien,,,,5000000.0,5000000.0,5000000.0,,100.0,5.25,8.99,,,False,,,USD,5000000.0
ARCC,0001287750,0001628280-26-050307,10-Q,2026-06-30,2026-07-29,"Repairify, Inc. and Repairify Holdings, LLC | Class A common units","Repairify, Inc. and Repairify Holdings","Repairify, Inc. and Repairify Holdings",Common Equity,,,,2000000.0,4900000.0,,163820.0,40.82,,,,,False,,,USD,2000000.0
ARCC,0001287750,0001628280-26-050307,10-Q,2026-06-30,2026-07-29,FTAI Infrastructure Inc. and FIP RR Holdings LLC | First lien senior secured loan,FTAI Infrastructure Inc. and FIP RR Holdings LLC |,FTAI Infrastructure Inc. and FIP RR Holdings LLC |,First Lien,,,,110500000.0,111100000.0,111100000.0,,99.46,,9.75,,,False,,,USD,110500000.0
ARCC,0001287750,0001628280-26-050307,10-Q,2026-06-30,2026-07-29,FTAI Infrastructure Inc. and FIP RR Holdings LLC | First lien senior secured loan 1,FTAI Infrastructure Inc. and FIP RR Holdings LLC |,FTAI Infrastructure Inc. and FIP RR Holdings LLC |,First Lien,,,,7000000.0,6800000.0,7000000.0,,100.0,,9.75,,,False,,,USD,7000000.0
ARCC,0001287750,0001628280-26-050307,10-Q,2026-06-30,2026-07-29,Marco Polo Fund SCSp-RAIF | Limited partnership interest,Marco Polo Fund SCSp-RAIF |,Marco Polo Fund SCSp-RAIF |,LP Interest,,,,10500000.0,7800000.0,,10269171.0,134.62,,,,,False,,,USD,10500000.0
ARCC,0001287750,0001628280-26-050307,10-Q,2026-06-30,2026-07-29,Nordic Ferry Infrastructure AS | Senior subordinated loan,Nordic Ferry Infrastructure AS |,Nordic Ferry Infrastructure AS |,Senior Subordinated,,,,100000.0,100000.0,100000.0,,100.0,5.0,7.23,,,False,,,USD,100000.0
ARCC,0001287750,0001628280-26-050307,10-Q,2026-06-30,2026-07-29,Nordic Ferry Infrastructure AS | Senior subordinated loan 1,Nordic Ferry Infrastructure AS |,Nordic Ferry Infrastructure AS |,Senior Subordinated,,,,100000.0,100000.0,100000.0,,100.0,5.0,9.56,,,False,,,USD,100000.0
ARCC,0001287750,0001628280-26-050307,10-Q,2026-06-30,2026-07-29,Zeppelin US Buyer Inc. and Providence Equity Partners IX-C L.P. | First lien senior secured revolving loan,Zeppelin US Buyer Inc. and Providence Equity Partners IX-C L.P. |,Zeppelin US Buyer Inc. and Providence Equity Partners IX-C L.P. |,First Lien,,,,700000.0,700000.0,700000.0,,100.0,4.75,8.44,,,False,,,USD,700000.0
ARCC,0001287750,0001628280-26-050307,10-Q,2026-06-30,2026-07-29,Zeppelin US Buyer Inc. and Providence Equity Partners IX-C L.P. | First lien senior secured loan,Zeppelin US Buyer Inc. and Providence Equity Partners IX-C L.P. |,Zeppelin US Buyer Inc. and Providence Equity Partners IX-C L.P. |,First Lien,,,,10900000.0,11000000.0,11000000.0,,99.09,4.75,8.48,,,False,,,USD,10900000.0
ARCC,0001287750,0001628280-26-050307,10-Q,2026-06-30,2026-07-29,Zeppelin US Buyer Inc. and Providence Equity Partners IX-C L.P. | Limited partnership interest,Zeppelin US Buyer Inc. and Providence Equity Partners IX-C L.P. |,Zeppelin US Buyer Inc. and Providence Equity Partners IX-C L.P. |,LP Interest,,,,1700000.0,1500000.0,,1475181.0,113.33,,,,,False,,,USD,1700000.0
ARCC,0001287750,0001628280-26-050307,10-Q,2026-06-30,2026-07-29,"Ferrellgas, L.P. and Ferrellgas Partners, L.P. | Senior preferred units","Ferrellgas, L.P. and Ferrellgas Partners","Ferrellgas, L.P. and Ferrellgas Partners",Preferred Equity,,,,73400000.0,64200000.0,,64155.0,114.33,,9.71,,,False,,,USD,73400000.0
ARCC,0001287750,0001628280-26-050307,10-Q,2026-06-30,2026-07-29,"Ferrellgas, L.P. and Ferrellgas Partners, L.P. | Class A units","Ferrellgas, L.P. and Ferrellgas Partners","Ferrellgas, L.P. and Ferrellgas Partners",Common Equity,,,,11400000.0,15400000.0,,476770.0,74.03,,,,,False,,,USD,11400000.0
ARCC,0001287750,0001628280-26-050307,10-Q,2026-06-30,2026-07-29,"Opal Fuels Intermediate HoldCo LLC, and Opal Fuels Inc. | First lien senior secured loan",Opal Fuels Intermediate HoldCo LLC,Opal Fuels Intermediate HoldCo LLC,First Lien,,,,100000.0,100000.0,100000.0,,100.0,3.5,7.23,,,False,,,USD,100000.0
ARCC,0001287750,0001628280-26-050307,10-Q,2026-06-30,2026-07-29,"Opal Fuels Intermediate HoldCo LLC, and Opal Fuels Inc. | Class A common stock",Opal Fuels Intermediate HoldCo LLC,Opal Fuels Intermediate HoldCo LLC,Common Equity,,,,6700000.0,23300000.0,,3059533.0,28.76,,,,,False,,,USD,6700000.0
ARCC,0001287750,0001628280-26-050307,10-Q,2026-06-30,2026-07-29,"Expereo USA, Inc. and Ristretto Bidco B.V. | First lien senior secured revolving loan",Expereo USA,Expereo USA,First Lien,,,,3400000.0,3500000.0,3500000.0,,97.14,6.0,9.69,,,False,,,USD,3400000.0
ARCC,0001287750,0001628280-26-050307,10-Q,2026-06-30,2026-07-29,"Expereo USA, Inc. and Ristretto Bidco B.V. | First lien senior secured loan",Expereo USA,Expereo USA,First Lien,,,,4200000.0,4400000.0,4400000.0,,95.45,6.5,10.17,,3.5,True,,,USD,4200000.0
ARCC,0001287750,0001628280-26-050307,10-Q,2026-06-30,2026-07-29,"Expereo USA, Inc. and Ristretto Bidco B.V. | First lien senior secured loan 1",Expereo USA,Expereo USA,First Lien,,,,55900000.0,58300000.0,58300000.0,,95.88,6.5,10.17,,3.5,True,,,USD,55900000.0
ARCC,0001287750,0001628280-26-050307,10-Q,2026-06-30,2026-07-29,Odevo AB | First lien senior secured loan,Odevo AB |,Odevo AB |,First Lien,,,,2400000.0,2400000.0,2400000.0,,100.0,4.75,8.5,,,False,,,USD,2400000.0
ARCC,0001287750,0001628280-26-050307,10-Q,2026-06-30,2026-07-29,"Align Precision Group, LLC and Align Precision Topco, L.P.","Align Precision Group, LLC and Align Precision Topco, L.P.","Align Precision Group, LLC and Align Precision Topco, L.P.",,,,,15700000.0,,,,,,,,,False,,,USD,15700000.0
ARCC,0001287750,0001628280-26-050307,10-Q,2026-06-30,2026-07-29,"ESCP PPG Holdings, LLC","ESCP PPG Holdings, LLC","ESCP PPG Holdings, LLC",,,,,0.0,,,,,,,,,False,,,USD,0.0
ARCC,0001287750,0001628280-26-050307,10-Q,2026-06-30,2026-07-29,European Capital UK SME Debt LP,European Capital UK SME Debt LP,European Capital UK SME Debt LP,,,,,200000.0,,,,,,,,,False,,,USD,200000.0
ARCC,0001287750,0001628280-26-050307,10-Q,2026-06-30,2026-07-29,"Firebird Music Holdings, LLC and Firebird Music Rights I LP","Firebird Music Holdings, LLC and Firebird Music Rights I LP","Firebird Music Holdings, LLC and Firebird Music Rights I LP",,,,,300000.0,,,,,,,,,False,,,USD,300000.0
ARCC,0001287750,0001628280-26-050307,10-Q,2026-06-30,2026-07-29,"PCG-Ares Sidecar Investment II, L.P.","PCG-Ares Sidecar Investment II, L.P.","PCG-Ares Sidecar Investment II, L.P.",,,,,200000.0,,,,,,,,,False,,,USD,200000.0
ARCC,0001287750,0001628280-26-050307,10-Q,2026-06-30,2026-07-29,ACAS Equity Holdings Corporation,ACAS,ACAS,Equity,,,,400000.0,,,,,,,,,False,,,USD,400000.0
ARCC,0001287750,0001628280-26-050307,10-Q,2026-06-30,2026-07-29,"ADF Capital, Inc., ADF Restaurant Group, LLC, and ARG Restaurant Holdings, Inc.","ADF Capital, Inc., ADF Restaurant Group, LLC, and ARG Restaurant Holdings, Inc.","ADF Capital, Inc., ADF Restaurant Group, LLC, and ARG Restaurant Holdings, Inc.",,,,,0.0,,,,,,,,,False,,,USD,0.0
ARCC,0001287750,0001628280-26-050307,10-Q,2026-06-30,2026-07-29,Adonis Acquisition Holdings LLC and Adonis Acquisition Holdings Parent LLC,Adonis Acquisition Holdings LLC and Adonis Acquisition Holdings Parent LLC,Adonis Acquisition Holdings LLC and Adonis Acquisition Holdings Parent LLC,,,,,27200000.0,,,,,,,,,False,,,USD,27200000.0
ARCC,0001287750,0001628280-26-050307,10-Q,2026-06-30,2026-07-29,"DIEM-VII (QP), LLC","DIEM-VII (QP), LLC","DIEM-VII (QP), LLC",,,,,11600000.0,,,,,,,,,False,,,USD,11600000.0
ARCC,0001287750,0001628280-26-050307,10-Q,2026-06-30,2026-07-29,"Halex Holdings, Inc.","Halex Holdings, Inc.","Halex Holdings, Inc.",,,,,0.0,,,,,,,,,False,,,USD,0.0
ARCC,0001287750,0001628280-26-050307,10-Q,2026-06-30,2026-07-29,"HCI Equity, LLC",HCI,HCI,Equity,,,,0.0,,,,,,,,,False,,,USD,0.0
ARCC,0001287750,0001628280-26-050307,10-Q,2026-06-30,2026-07-29,"Olympia Acquisition, Inc., Olympia TopCo, L.P., and Asclepius Holdings LLC","Olympia Acquisition, Inc., Olympia TopCo, L.P., and Asclepius Holdings LLC","Olympia Acquisition, Inc., Olympia TopCo, L.P., and Asclepius Holdings LLC",,,,,0.0,,,,,,,,,False,,,USD,0.0
ARCC,0001287750,0001628280-26-050307,10-Q,2026-06-30,2026-07-29,"PCG-TAC-CV, LP (fka PCG-Ares Sidecar Investment II, L.P.)","PCG-TAC-CV, LP (fka PCG-Ares Sidecar Investment II, L.P.)","PCG-TAC-CV, LP (fka PCG-Ares Sidecar Investment II, L.P.)",,,,,6800000.0,,,,,,,,,False,,,USD,6800000.0
ARCC,0001287750,0001628280-26-050307,10-Q,2026-06-30,2026-07-29,Potomac Intermediate Holdings II LLC,Potomac Intermediate Holdings II LLC,Potomac Intermediate Holdings II LLC,,,,,0.0,,,,,,,,,False,,,USD,0.0
ARCC,0001287750,0001628280-26-050307,10-Q,2026-06-30,2026-07-29,PS Operating Company LLC and PS Op Holdings LLC,PS Operating Company LLC and PS Op Holdings LLC,PS Operating Company LLC and PS Op Holdings LLC,,,,,4200000.0,,,,,,,,,False,,,USD,4200000.0
ARCC,0001287750,0001628280-26-050307,10-Q,2026-06-30,2026-07-29,RD Holdco Inc.,RD Holdco Inc.,RD Holdco Inc.,,,,,23700000.0,,,,,,,,,False,,,USD,23700000.0
ARCC,0001287750,0001628280-26-050307,10-Q,2026-06-30,2026-07-29,"S Toys Holdings LLC (fka The Step2 Company, LLC)","S Toys Holdings LLC (fka The Step2 Company, LLC)","S Toys Holdings LLC (fka The Step2 Company, LLC)",,,,,0.0,,,,,,,,,False,,,USD,0.0
ARCC,0001287750,0001628280-26-050307,10-Q,2026-06-30,2026-07-29,"Startec Equity, LLC",Startec,Startec,Equity,,,,0.0,,,,,,,,,False,,,USD,0.0
