bdc,cik,accession,form,period_end,file_date,identifier,entity,company,type,sector,desc,affil,fv,cost,par,shares,mark,spread,rate,base_rate,pik_rate,pik,maturity,acq,ccy,fv_raw
BBDC,0001379785,0001379785-26-000030,10-Q,2026-06-30,2026-08-05,Accurus Aerospace Corporation | First Lien Senior Secured Term Loan,Accurus Aerospace Corporation |,Accurus Aerospace Corporation |,First Lien,,,,12967000.0,12925000.0,12992000.0,,99.81,4.75,8.6,,,False,,,USD,12967000.0
BBDC,0001379785,0001379785-26-000030,10-Q,2026-06-30,2026-08-05,Accurus Aerospace Corporation | Revolver,Accurus Aerospace Corporation | Revolver,Accurus Aerospace Corporation | Revolver,,,,,1494000.0,1488000.0,1498000.0,,99.73,4.75,8.6,,,False,,,USD,1494000.0
BBDC,0001379785,0001379785-26-000030,10-Q,2026-06-30,2026-08-05,ATL II MRO Holdings Inc. | First Lien Senior Secured Term Loan,ATL II MRO Holdings Inc. |,ATL II MRO Holdings Inc. |,First Lien,,,,18829000.0,18807000.0,19019000.0,,99.0,4.75,8.2,,,False,,,USD,18829000.0
BBDC,0001379785,0001379785-26-000030,10-Q,2026-06-30,2026-08-05,ATL II MRO Holdings Inc. | Revolver,ATL II MRO Holdings Inc. | Revolver,ATL II MRO Holdings Inc. | Revolver,,,,,-33000.0,-31000.0,0.0,,106.45,4.75,8.2,,,False,,,USD,-33000.0
BBDC,0001379785,0001379785-26-000030,10-Q,2026-06-30,2026-08-05,Balaena Maritime (UK) Limited | First Lien Senior Secured Term Loan,Balaena Maritime (UK) Limited |,Balaena Maritime (UK) Limited |,First Lien,,,,19513000.0,19622000.0,20012000.0,,97.51,12.0,15.7,,,False,,,USD,19513000.0
BBDC,0001379785,0001379785-26-000030,10-Q,2026-06-30,2026-08-05,"Compass Precision, LLC | Senior Subordinated Term Loan",Compass Precision,Compass Precision,Senior Subordinated,,,,658000.0,655000.0,658000.0,,100.0,,11.0,,1.0,True,,,USD,658000.0
BBDC,0001379785,0001379785-26-000030,10-Q,2026-06-30,2026-08-05,"GB Eagle Buyer, Inc. | First Lien Senior Secured Term Loan",GB Eagle Buyer,GB Eagle Buyer,First Lien,,,,7048000.0,6962000.0,7048000.0,,100.0,4.75,8.5,,,False,,,USD,7048000.0
BBDC,0001379785,0001379785-26-000030,10-Q,2026-06-30,2026-08-05,"GB Eagle Buyer, Inc. | Revolver","GB Eagle Buyer, Inc. | Revolver","GB Eagle Buyer, Inc. | Revolver",,,,,0.0,-37000.0,0.0,,-0.0,4.75,8.5,,,False,,,USD,0.0
BBDC,0001379785,0001379785-26-000030,10-Q,2026-06-30,2026-08-05,M-Personal Protection Management GmbH | First Lien Senior Secured Term Loan,M-Personal Protection Management GmbH |,M-Personal Protection Management GmbH |,First Lien,,,,4029000.0,3790000.0,4029000.0,,100.0,5.0,7.3,,,False,,,USD,4029000.0
BBDC,0001379785,0001379785-26-000030,10-Q,2026-06-30,2026-08-05,"Megawatt Acquisitionco, Inc. | First Lien Senior Secured Term Loan",Megawatt Acquisitionco,Megawatt Acquisitionco,First Lien,,,,4004000.0,3952000.0,4004000.0,,100.0,5.25,9.0,,,False,,,USD,4004000.0
BBDC,0001379785,0001379785-26-000030,10-Q,2026-06-30,2026-08-05,"Megawatt Acquisitionco, Inc. | Revolver","Megawatt Acquisitionco, Inc. | Revolver","Megawatt Acquisitionco, Inc. | Revolver",,,,,150000.0,142000.0,150000.0,,100.0,5.25,9.0,,,False,,,USD,150000.0
BBDC,0001379785,0001379785-26-000030,10-Q,2026-06-30,2026-08-05,Protego Bidco B.V. | Super Senior Secured Term Loan,Protego Bidco B.V. | Super Senior Secured Term Loan,Protego Bidco B.V. | Super Senior Secured Term Loan,,,,,1457000.0,1416000.0,1457000.0,,100.0,6.0,8.3,,,False,,,USD,1457000.0
BBDC,0001379785,0001379785-26-000030,10-Q,2026-06-30,2026-08-05,Protego Bidco B.V. | First Lien Senior Secured Term Loan,Protego Bidco B.V. |,Protego Bidco B.V. |,First Lien,,,,1867000.0,1901000.0,1867000.0,,100.0,6.0,8.3,,,False,,,USD,1867000.0
BBDC,0001379785,0001379785-26-000030,10-Q,2026-06-30,2026-08-05,Protego Bidco B.V. | Revolver,Protego Bidco B.V. | Revolver,Protego Bidco B.V. | Revolver,,,,,2239000.0,2303000.0,2239000.0,,100.0,6.5,8.8,,,False,,,USD,2239000.0
BBDC,0001379785,0001379785-26-000030,10-Q,2026-06-30,2026-08-05,"Sisu Acquisitionco., Inc. | First Lien Senior Secured Term Loan",Sisu Acquisitionco.,Sisu Acquisitionco.,First Lien,,,,7117000.0,7168000.0,7183000.0,,99.08,5.0,8.8,,,False,,,USD,7117000.0
BBDC,0001379785,0001379785-26-000030,10-Q,2026-06-30,2026-08-05,Surface Finishing Technologies Inc. | First Lien Senior Secured Term Loan,Surface Finishing Technologies Inc. |,Surface Finishing Technologies Inc. |,First Lien,,,,7100000.0,7104000.0,7207000.0,,98.52,4.75,8.5,,,False,,,USD,7100000.0
BBDC,0001379785,0001379785-26-000030,10-Q,2026-06-30,2026-08-05,Surface Finishing Technologies Inc. | Revolver,Surface Finishing Technologies Inc. | Revolver,Surface Finishing Technologies Inc. | Revolver,,,,,-18000.0,-17000.0,0.0,,105.88,4.75,8.5,,,False,,,USD,-18000.0
BBDC,0001379785,0001379785-26-000030,10-Q,2026-06-30,2026-08-05,"Trident Maritime Systems, Inc. | First Lien Senior Secured Term Loan",Trident Maritime Systems,Trident Maritime Systems,First Lien,,,,10519000.0,12205000.0,12231000.0,,86.0,5.5,9.3,,2.0,True,,,USD,10519000.0
BBDC,0001379785,0001379785-26-000030,10-Q,2026-06-30,2026-08-05,"Whitcraft Holdings, Inc. | First Lien Senior Secured Term Loan",Whitcraft Holdings,Whitcraft Holdings,First Lien,,,,13018000.0,12893000.0,13070000.0,,99.6,5.0,8.7,,,False,,,USD,13018000.0
BBDC,0001379785,0001379785-26-000030,10-Q,2026-06-30,2026-08-05,"Whitcraft Holdings, Inc. | Revolver","Whitcraft Holdings, Inc. | Revolver","Whitcraft Holdings, Inc. | Revolver",,,,,709000.0,683000.0,717000.0,,98.88,5.0,8.7,,,False,,,USD,709000.0
BBDC,0001379785,0001379785-26-000030,10-Q,2026-06-30,2026-08-05,Burgess Point Purchaser Corporation | Second Lien Senior Secured Term Loan,Burgess Point Purchaser Corporation |,Burgess Point Purchaser Corporation |,Second Lien,,,,4159000.0,4444000.0,4545000.0,,91.51,9.0,12.8,,,False,,,USD,4159000.0
BBDC,0001379785,0001379785-26-000030,10-Q,2026-06-30,2026-08-05,OAC Holdings I Corp | First Lien Senior Secured Term Loan,OAC Holdings I Corp |,OAC Holdings I Corp |,First Lien,,,,3276000.0,3249000.0,3276000.0,,100.0,5.0,8.8,,,False,,,USD,3276000.0
BBDC,0001379785,0001379785-26-000030,10-Q,2026-06-30,2026-08-05,OAC Holdings I Corp | Revolver,OAC Holdings I Corp | Revolver,OAC Holdings I Corp | Revolver,,,,,783000.0,775000.0,783000.0,,100.0,5.0,8.8,,,False,,,USD,783000.0
BBDC,0001379785,0001379785-26-000030,10-Q,2026-06-30,2026-08-05,"Randys Holdings, Inc. | First Lien Senior Secured Term Loan",Randys Holdings,Randys Holdings,First Lien,,,,13123000.0,13030000.0,13231000.0,,99.18,5.0,8.6,,,False,,,USD,13123000.0
BBDC,0001379785,0001379785-26-000030,10-Q,2026-06-30,2026-08-05,"Randys Holdings, Inc. | Revolver","Randys Holdings, Inc. | Revolver","Randys Holdings, Inc. | Revolver",,,,,194000.0,182000.0,210000.0,,92.38,5.0,8.6,,,False,,,USD,194000.0
BBDC,0001379785,0001379785-26-000030,10-Q,2026-06-30,2026-08-05,Recon Buyer LLC | First Lien Senior Secured Term Loan,Recon Buyer LLC |,Recon Buyer LLC |,First Lien,,,,1513000.0,1508000.0,1544000.0,,97.99,4.5,8.2,,,False,,,USD,1513000.0
BBDC,0001379785,0001379785-26-000030,10-Q,2026-06-30,2026-08-05,Recon Buyer LLC | Revolver,Recon Buyer LLC | Revolver,Recon Buyer LLC | Revolver,,,,,-6000.0,-7000.0,0.0,,85.71,4.5,8.2,,,False,,,USD,-6000.0
BBDC,0001379785,0001379785-26-000030,10-Q,2026-06-30,2026-08-05,"SPATCO Energy Solutions, LLC | First Lien Senior Secured Term Loan",SPATCO Energy Solutions,SPATCO Energy Solutions,First Lien,,,,7423000.0,7546000.0,7668000.0,,96.8,5.0,8.7,,,False,,,USD,7423000.0
BBDC,0001379785,0001379785-26-000030,10-Q,2026-06-30,2026-08-05,"SPATCO Energy Solutions, LLC | Revolver","SPATCO Energy Solutions, LLC | Revolver","SPATCO Energy Solutions, LLC | Revolver",,,,,263000.0,281000.0,297000.0,,88.55,5.0,8.7,,,False,,,USD,263000.0
BBDC,0001379785,0001379785-26-000030,10-Q,2026-06-30,2026-08-05,Aegros Holdco 2 Ltd | Second Lien Senior Secured Term Loan,Aegros Holdco 2 Ltd |,Aegros Holdco 2 Ltd |,Second Lien,,,,5493000.0,6172000.0,6256000.0,,87.8,8.3,,,12.0,True,,,USD,5493000.0
BBDC,0001379785,0001379785-26-000030,10-Q,2026-06-30,2026-08-05,"Bishop Street Underwriters, LLC | First Lien Senior Secured Term Loan",Bishop Street Underwriters,Bishop Street Underwriters,First Lien,,,,4733000.0,4732000.0,4806000.0,,98.48,5.0,8.6,,,False,,,USD,4733000.0
BBDC,0001379785,0001379785-26-000030,10-Q,2026-06-30,2026-08-05,Broadstone Group UK LTD | First Lien Senior Secured Term Loan,Broadstone Group UK LTD |,Broadstone Group UK LTD |,First Lien,,,,1829000.0,1747000.0,1863000.0,,98.17,4.75,8.5,,,False,,,USD,1829000.0
BBDC,0001379785,0001379785-26-000030,10-Q,2026-06-30,2026-08-05,Credit Key Funding II LLC | First Lien Senior Secured Term Loan,Credit Key Funding II LLC |,Credit Key Funding II LLC |,First Lien,,,,5630000.0,5629000.0,5739000.0,,98.1,7.5,11.2,,,False,,,USD,5630000.0
BBDC,0001379785,0001379785-26-000030,10-Q,2026-06-30,2026-08-05,Credit Key Funding II LLC | Revolver,Credit Key Funding II LLC | Revolver,Credit Key Funding II LLC | Revolver,,,,,427000.0,427000.0,435000.0,,98.16,7.5,11.2,,,False,,,USD,427000.0
BBDC,0001379785,0001379785-26-000030,10-Q,2026-06-30,2026-08-05,"ERS Holdings, LLC | First Lien Senior Secured Term Loan",ERS Holdings,ERS Holdings,First Lien,,,,1930000.0,1928000.0,1958000.0,,98.57,4.75,8.4,,,False,,,USD,1930000.0
BBDC,0001379785,0001379785-26-000030,10-Q,2026-06-30,2026-08-05,"ERS Holdings, LLC | Revolver","ERS Holdings, LLC | Revolver","ERS Holdings, LLC | Revolver",,,,,-2000.0,-3000.0,0.0,,66.67,4.75,8.4,,,False,,,USD,-2000.0
BBDC,0001379785,0001379785-26-000030,10-Q,2026-06-30,2026-08-05,Finaxy Holding | First Lien Senior Secured Term Loan,Finaxy Holding |,Finaxy Holding |,First Lien,,,,4263000.0,3955000.0,4305000.0,,99.02,4.5,7.1,,,False,,,USD,4263000.0
BBDC,0001379785,0001379785-26-000030,10-Q,2026-06-30,2026-08-05,"Forge Borrower, LLC | First Lien Senior Secured Term Loan",Forge Borrower,Forge Borrower,First Lien,,,,1236000.0,1232000.0,1268000.0,,97.48,4.5,8.2,,,False,,,USD,1236000.0
BBDC,0001379785,0001379785-26-000030,10-Q,2026-06-30,2026-08-05,"Forge Borrower, LLC | Revolver","Forge Borrower, LLC | Revolver","Forge Borrower, LLC | Revolver",,,,,-7000.0,-7000.0,0.0,,100.0,4.5,8.2,,,False,,,USD,-7000.0
BBDC,0001379785,0001379785-26-000030,10-Q,2026-06-30,2026-08-05,Groupe Guemas | First Lien Senior Secured Term Loan,Groupe Guemas |,Groupe Guemas |,First Lien,,,,5136000.0,4848000.0,5328000.0,,96.4,6.75,9.3,,,False,,,USD,5136000.0
BBDC,0001379785,0001379785-26-000030,10-Q,2026-06-30,2026-08-05,Heilbron (f/k/a Sucsez (Bolt Bidco B.V.)) | First Lien Senior Secured Term Loan,Heilbron (f/k/a Sucsez (Bolt Bidco B.V.)) |,Heilbron (f/k/a Sucsez (Bolt Bidco B.V.)) |,First Lien,,,,3436000.0,3676000.0,3463000.0,,99.22,4.75,6.9,,,False,,,USD,3436000.0
BBDC,0001379785,0001379785-26-000030,10-Q,2026-06-30,2026-08-05,High Street Buyer Inc. | First Lien Senior Secured Term Loan,High Street Buyer Inc. |,High Street Buyer Inc. |,First Lien,,,,290000.0,290000.0,300000.0,,96.67,4.25,8.0,,,False,,,USD,290000.0
BBDC,0001379785,0001379785-26-000030,10-Q,2026-06-30,2026-08-05,IM Square | First Lien Senior Secured Term Loan 1,IM Square |,IM Square |,First Lien,,,,1811000.0,1903000.0,1829000.0,,99.02,6.0,8.3,,,False,,,USD,1811000.0
BBDC,0001379785,0001379785-26-000030,10-Q,2026-06-30,2026-08-05,IM Square | First Lien Senior Secured Term Loan 2,IM Square |,IM Square |,First Lien,,,,-51000.0,-50000.0,0.0,,102.0,6.0,8.3,,,False,,,USD,-51000.0
BBDC,0001379785,0001379785-26-000030,10-Q,2026-06-30,2026-08-05,Kite Topco Ltd | First Lien Senior Secured Term Loan,Kite Topco Ltd |,Kite Topco Ltd |,First Lien,,,,2667000.0,2703000.0,2715000.0,,98.23,5.25,9.0,,,False,,,USD,2667000.0
BBDC,0001379785,0001379785-26-000030,10-Q,2026-06-30,2026-08-05,Markerstudy Group Limited | First Lien Senior Secured Term Loan,Markerstudy Group Limited |,Markerstudy Group Limited |,First Lien,,,,4866000.0,4893000.0,4911000.0,,99.08,5.68,9.4,,,False,,,USD,4866000.0
BBDC,0001379785,0001379785-26-000030,10-Q,2026-06-30,2026-08-05,"ORS Buyer, Inc. | First Lien Senior Secured Term Loan",ORS Buyer,ORS Buyer,First Lien,,,,6299000.0,6278000.0,6355000.0,,99.12,4.75,8.5,,,False,,,USD,6299000.0
BBDC,0001379785,0001379785-26-000030,10-Q,2026-06-30,2026-08-05,"ORS Buyer, Inc. | Revolver","ORS Buyer, Inc. | Revolver","ORS Buyer, Inc. | Revolver",,,,,410000.0,409000.0,421000.0,,97.39,4.75,8.5,,,False,,,USD,410000.0
BBDC,0001379785,0001379785-26-000030,10-Q,2026-06-30,2026-08-05,"OSP AFS Buyer, LLC | First Lien Senior Secured Term Loan",OSP AFS Buyer,OSP AFS Buyer,First Lien,,,,2893000.0,2880000.0,2977000.0,,97.18,4.5,8.2,,,False,,,USD,2893000.0
BBDC,0001379785,0001379785-26-000030,10-Q,2026-06-30,2026-08-05,"OSP AFS Buyer, LLC | Revolver","OSP AFS Buyer, LLC | Revolver","OSP AFS Buyer, LLC | Revolver",,,,,-13000.0,-14000.0,0.0,,92.86,4.5,8.2,,,False,,,USD,-13000.0
BBDC,0001379785,0001379785-26-000030,10-Q,2026-06-30,2026-08-05,"Owl Intermediate Holdings, LLC | First Lien Senior Secured Term Loan",Owl Intermediate Holdings,Owl Intermediate Holdings,First Lien,,,,2156000.0,2440000.0,2470000.0,,87.29,4.75,8.4,,,False,,,USD,2156000.0
BBDC,0001379785,0001379785-26-000030,10-Q,2026-06-30,2026-08-05,"Owl Intermediate Holdings, LLC | Revolver","Owl Intermediate Holdings, LLC | Revolver","Owl Intermediate Holdings, LLC | Revolver",,,,,170000.0,347000.0,365000.0,,46.58,4.75,8.4,,,False,,,USD,170000.0
BBDC,0001379785,0001379785-26-000030,10-Q,2026-06-30,2026-08-05,Premium Invest | First Lien Senior Secured Term Loan,Premium Invest |,Premium Invest |,First Lien,,,,9661000.0,8942000.0,9661000.0,,100.0,5.75,8.0,,,False,,,USD,9661000.0
BBDC,0001379785,0001379785-26-000030,10-Q,2026-06-30,2026-08-05,Shelf Bidco Ltd | Second Out Term Loan,Shelf Bidco Ltd | Second Out Term Loan,Shelf Bidco Ltd | Second Out Term Loan,,,,,11986000.0,11982000.0,12031000.0,,99.63,4.75,8.4,,,False,,,USD,11986000.0
BBDC,0001379785,0001379785-26-000030,10-Q,2026-06-30,2026-08-05,SRS Acquiom Holdings LLC | First Lien Senior Secured Term Loan,SRS Acquiom Holdings LLC |,SRS Acquiom Holdings LLC |,First Lien,,,,4400000.0,4397000.0,4438000.0,,99.14,4.75,8.4,,,False,,,USD,4400000.0
BBDC,0001379785,0001379785-26-000030,10-Q,2026-06-30,2026-08-05,SRS Acquiom Holdings LLC | Revolver,SRS Acquiom Holdings LLC | Revolver,SRS Acquiom Holdings LLC | Revolver,,,,,-8000.0,-9000.0,0.0,,88.89,4.75,8.4,,,False,,,USD,-8000.0
BBDC,0001379785,0001379785-26-000030,10-Q,2026-06-30,2026-08-05,"The Caprock Group, Inc. (aka TA/TCG Holdings, LLC) | First Lien Senior Secured Term Loan","The Caprock Group, Inc. (aka TA/TCG Holdings","The Caprock Group, Inc. (aka TA/TCG Holdings",First Lien,,,,8130000.0,8120000.0,8203000.0,,99.11,4.5,8.1,,,False,,,USD,8130000.0
BBDC,0001379785,0001379785-26-000030,10-Q,2026-06-30,2026-08-05,"The Caprock Group, Inc. (aka TA/TCG Holdings, LLC) | Revolver","The Caprock Group, Inc. (aka TA/TCG Holdings, LLC) | Revolver","The Caprock Group, Inc. (aka TA/TCG Holdings, LLC) | Revolver",,,,,-14000.0,-12000.0,0.0,,116.67,4.5,8.1,,,False,,,USD,-14000.0
BBDC,0001379785,0001379785-26-000030,10-Q,2026-06-30,2026-08-05,"THG Acquisition, LLC | First Lien Senior Secured Term Loan",THG Acquisition,THG Acquisition,First Lien,,,,6419000.0,6395000.0,6451000.0,,99.5,4.75,8.4,,,False,,,USD,6419000.0
BBDC,0001379785,0001379785-26-000030,10-Q,2026-06-30,2026-08-05,"THG Acquisition, LLC | Revolver","THG Acquisition, LLC | Revolver","THG Acquisition, LLC | Revolver",,,,,365000.0,360000.0,372000.0,,98.12,4.75,8.4,,,False,,,USD,365000.0
BBDC,0001379785,0001379785-26-000030,10-Q,2026-06-30,2026-08-05,"WEST-NR ACQUISITIONCO, LLC | First Lien Senior Secured Term Loan",WEST-NR ACQUISITIONCO,WEST-NR ACQUISITIONCO,First Lien,,,,13193000.0,13024000.0,13193000.0,,100.0,5.0,8.8,,,False,,,USD,13193000.0
BBDC,0001379785,0001379785-26-000030,10-Q,2026-06-30,2026-08-05,"CTI Foods Holdings Co., LLC | First Lien Senior Secured Term Loan",CTI Foods Holdings Co.,CTI Foods Holdings Co.,First Lien,,,,10946000.0,10784000.0,10945000.0,,100.01,7.86,11.8,,,False,,,USD,10946000.0
BBDC,0001379785,0001379785-26-000030,10-Q,2026-06-30,2026-08-05,"CTI Foods Holdings Co., LLC | First Out Term Loan 1","CTI Foods Holdings Co., LLC | First Out Term Loan 1","CTI Foods Holdings Co., LLC | First Out Term Loan 1",,,,,2577000.0,2577000.0,2577000.0,,100.0,10.0,,,13.9,True,,,USD,2577000.0
BBDC,0001379785,0001379785-26-000030,10-Q,2026-06-30,2026-08-05,"CTI Foods Holdings Co., LLC | First Out Term Loan 2","CTI Foods Holdings Co., LLC | First Out Term Loan 2","CTI Foods Holdings Co., LLC | First Out Term Loan 2",,,,,932000.0,932000.0,932000.0,,100.0,7.0,,,10.9,True,,,USD,932000.0
BBDC,0001379785,0001379785-26-000030,10-Q,2026-06-30,2026-08-05,"CTI Foods Holdings Co., LLC | Last In First Out Term Loan","CTI Foods Holdings Co., LLC | Last In First Out Term Loan","CTI Foods Holdings Co., LLC | Last In First Out Term Loan",,,,,5229000.0,5178000.0,5229000.0,,100.0,10.0,,,13.9,True,,,USD,5229000.0
BBDC,0001379785,0001379785-26-000030,10-Q,2026-06-30,2026-08-05,"CTI Foods Holdings Co., LLC | Second Out Term Loan","CTI Foods Holdings Co., LLC | Second Out Term Loan","CTI Foods Holdings Co., LLC | Second Out Term Loan",,,,,730000.0,730000.0,730000.0,,100.0,9.0,,,12.9,True,,,USD,730000.0
BBDC,0001379785,0001379785-26-000030,10-Q,2026-06-30,2026-08-05,"GMF Parent, Inc. | First Lien Senior Secured Term Loan",GMF Parent,GMF Parent,First Lien,,,,2205000.0,2202000.0,2229000.0,,98.92,4.5,8.2,,,False,,,USD,2205000.0
BBDC,0001379785,0001379785-26-000030,10-Q,2026-06-30,2026-08-05,"GMF Parent, Inc. | Revolver","GMF Parent, Inc. | Revolver","GMF Parent, Inc. | Revolver",,,,,39000.0,38000.0,43000.0,,90.7,4.5,8.2,,,False,,,USD,39000.0
BBDC,0001379785,0001379785-26-000030,10-Q,2026-06-30,2026-08-05,"L.A. Specialty Produce Co., LLC | First Lien Senior Secured Term Loan",L.A. Specialty Produce Co.,L.A. Specialty Produce Co.,First Lien,,,,6258000.0,6254000.0,6331000.0,,98.85,4.5,8.2,,,False,,,USD,6258000.0
BBDC,0001379785,0001379785-26-000030,10-Q,2026-06-30,2026-08-05,"L.A. Specialty Produce Co., LLC | Revolver","L.A. Specialty Produce Co., LLC | Revolver","L.A. Specialty Produce Co., LLC | Revolver",,,,,-10000.0,-10000.0,0.0,,100.0,4.5,8.2,,,False,,,USD,-10000.0
BBDC,0001379785,0001379785-26-000030,10-Q,2026-06-30,2026-08-05,Riedel Beheer B.V. | First Lien Senior Secured Term Loan,Riedel Beheer B.V. |,Riedel Beheer B.V. |,First Lien,,,,2371000.0,2279000.0,2371000.0,,100.0,6.0,8.3,,,False,,,USD,2371000.0
BBDC,0001379785,0001379785-26-000030,10-Q,2026-06-30,2026-08-05,"Woodland Foods, LLC | First Lien Senior Secured Term Loan",Woodland Foods,Woodland Foods,First Lien,,,,17032000.0,17001000.0,17164000.0,,99.23,5.25,9.1,,,False,,,USD,17032000.0
BBDC,0001379785,0001379785-26-000030,10-Q,2026-06-30,2026-08-05,"Woodland Foods, LLC | Revolver","Woodland Foods, LLC | Revolver","Woodland Foods, LLC | Revolver",,,,,1375000.0,1380000.0,1396000.0,,98.5,5.25,9.1,,,False,,,USD,1375000.0
BBDC,0001379785,0001379785-26-000030,10-Q,2026-06-30,2026-08-05,"AirX Climate Solutions, Inc. | First Lien Senior Secured Term Loan 1",AirX Climate Solutions,AirX Climate Solutions,First Lien,,,,4188000.0,4183000.0,4239000.0,,98.8,5.0,8.7,,,False,,,USD,4188000.0
BBDC,0001379785,0001379785-26-000030,10-Q,2026-06-30,2026-08-05,"AirX Climate Solutions, Inc. | First Lien Senior Secured Term Loan 2",AirX Climate Solutions,AirX Climate Solutions,First Lien,,,,3264000.0,3212000.0,3264000.0,,100.0,5.75,9.4,,,False,,,USD,3264000.0
BBDC,0001379785,0001379785-26-000030,10-Q,2026-06-30,2026-08-05,"AirX Climate Solutions, Inc. | Revolver","AirX Climate Solutions, Inc. | Revolver","AirX Climate Solutions, Inc. | Revolver",,,,,155000.0,144000.0,155000.0,,100.0,5.75,9.4,,,False,,,USD,155000.0
BBDC,0001379785,0001379785-26-000030,10-Q,2026-06-30,2026-08-05,APC1 Holding | First Lien Senior Secured Term Loan,APC1 Holding |,APC1 Holding |,First Lien,,,,2614000.0,2343000.0,2630000.0,,99.39,5.5,7.8,,,False,,,USD,2614000.0
BBDC,0001379785,0001379785-26-000030,10-Q,2026-06-30,2026-08-05,BPG Holdings IV Corp | First Lien Senior Secured Term Loan,BPG Holdings IV Corp |,BPG Holdings IV Corp |,First Lien,,,,11575000.0,14368000.0,14839000.0,,78.0,7.85,,,11.6,True,,,USD,11575000.0
BBDC,0001379785,0001379785-26-000030,10-Q,2026-06-30,2026-08-05,"Brown Machine Group Holdings, LLC | First Lien Senior Secured Term Loan",Brown Machine Group Holdings,Brown Machine Group Holdings,First Lien,,,,5288000.0,5827000.0,5830000.0,,90.7,6.25,10.1,,,False,,,USD,5288000.0
BBDC,0001379785,0001379785-26-000030,10-Q,2026-06-30,2026-08-05,Cobham Slip Rings SAS | First Lien Senior Secured Term Loan,Cobham Slip Rings SAS |,Cobham Slip Rings SAS |,First Lien,,,,1303000.0,1295000.0,1303000.0,,100.0,6.0,9.7,,,False,,,USD,1303000.0
BBDC,0001379785,0001379785-26-000030,10-Q,2026-06-30,2026-08-05,DAWGS Intermediate Holdings Co. | First Lien Senior Secured Term Loan,DAWGS Intermediate Holdings Co. |,DAWGS Intermediate Holdings Co. |,First Lien,,,,1780000.0,1770000.0,1785000.0,,99.72,4.25,8.0,,,False,,,USD,1780000.0
BBDC,0001379785,0001379785-26-000030,10-Q,2026-06-30,2026-08-05,DAWGS Intermediate Holdings Co. | Revolver,DAWGS Intermediate Holdings Co. | Revolver,DAWGS Intermediate Holdings Co. | Revolver,,,,,277000.0,267000.0,283000.0,,97.88,4.25,8.0,,,False,,,USD,277000.0
BBDC,0001379785,0001379785-26-000030,10-Q,2026-06-30,2026-08-05,"Kanawha Scales & Systems, LLC | First Lien Senior Secured Term Loan",Kanawha Scales & Systems,Kanawha Scales & Systems,First Lien,,,,445000.0,444000.0,451000.0,,98.67,4.25,7.9,,,False,,,USD,445000.0
BBDC,0001379785,0001379785-26-000030,10-Q,2026-06-30,2026-08-05,"Kanawha Scales & Systems, LLC | Revolver","Kanawha Scales & Systems, LLC | Revolver","Kanawha Scales & Systems, LLC | Revolver",,,,,34000.0,34000.0,35000.0,,97.14,4.25,7.9,,,False,,,USD,34000.0
BBDC,0001379785,0001379785-26-000030,10-Q,2026-06-30,2026-08-05,"Polara Enterprises, L.L.C. | First Lien Senior Secured Term Loan",Polara Enterprises,Polara Enterprises,First Lien,,,,938000.0,933000.0,938000.0,,100.0,4.5,8.4,,,False,,,USD,938000.0
BBDC,0001379785,0001379785-26-000030,10-Q,2026-06-30,2026-08-05,"Polara Enterprises, L.L.C. | Revolver","Polara Enterprises, L.L.C. | Revolver","Polara Enterprises, L.L.C. | Revolver",,,,,0.0,-7000.0,0.0,,-0.0,4.5,8.4,,,False,,,USD,0.0
BBDC,0001379785,0001379785-26-000030,10-Q,2026-06-30,2026-08-05,"Process Equipment, Inc. (ProcessBarron) | First Lien Senior Secured Term Loan",Process Equipment,Process Equipment,First Lien,,,,5253000.0,5250000.0,5253000.0,,100.0,5.25,9.2,,,False,,,USD,5253000.0
BBDC,0001379785,0001379785-26-000030,10-Q,2026-06-30,2026-08-05,"Process Insights Acquisition, Inc. | First Lien Senior Secured Term Loan",Process Insights Acquisition,Process Insights Acquisition,First Lien,,,,4797000.0,5614000.0,5690000.0,,84.31,1.25,5.3,,4.6,True,,,USD,4797000.0
BBDC,0001379785,0001379785-26-000030,10-Q,2026-06-30,2026-08-05,"Process Insights Acquisition, Inc. | Revolver","Process Insights Acquisition, Inc. | Revolver","Process Insights Acquisition, Inc. | Revolver",,,,,351000.0,497000.0,511000.0,,68.69,1.25,5.3,,4.6,True,,,USD,351000.0
BBDC,0001379785,0001379785-26-000030,10-Q,2026-06-30,2026-08-05,Rapid Buyer LLC | First Lien Senior Secured Term Loan,Rapid Buyer LLC |,Rapid Buyer LLC |,First Lien,,,,5330000.0,5328000.0,5385000.0,,98.98,4.75,8.4,,,False,,,USD,5330000.0
BBDC,0001379785,0001379785-26-000030,10-Q,2026-06-30,2026-08-05,Rapid Buyer LLC | Revolver,Rapid Buyer LLC | Revolver,Rapid Buyer LLC | Revolver,,,,,-10000.0,-10000.0,0.0,,100.0,4.75,8.4,,,False,,,USD,-10000.0
BBDC,0001379785,0001379785-26-000030,10-Q,2026-06-30,2026-08-05,"Tallman Equipment Co., Inc. | First Lien Senior Secured Term Loan",Tallman Equipment Co.,Tallman Equipment Co.,First Lien,,,,6360000.0,6362000.0,6471000.0,,98.28,4.5,8.2,,,False,,,USD,6360000.0
BBDC,0001379785,0001379785-26-000030,10-Q,2026-06-30,2026-08-05,"Tallman Equipment Co., Inc. | Revolver","Tallman Equipment Co., Inc. | Revolver","Tallman Equipment Co., Inc. | Revolver",,,,,-15000.0,-14000.0,0.0,,107.14,4.5,8.2,,,False,,,USD,-15000.0
BBDC,0001379785,0001379785-26-000030,10-Q,2026-06-30,2026-08-05,TAPCO Buyer LLC | First Lien Senior Secured Term Loan,TAPCO Buyer LLC |,TAPCO Buyer LLC |,First Lien,,,,9485000.0,9472000.0,9582000.0,,98.99,5.0,8.7,,,False,,,USD,9485000.0
BBDC,0001379785,0001379785-26-000030,10-Q,2026-06-30,2026-08-05,TAPCO Buyer LLC | Revolver,TAPCO Buyer LLC | Revolver,TAPCO Buyer LLC | Revolver,,,,,198000.0,197000.0,212000.0,,93.4,5.0,8.7,,,False,,,USD,198000.0
BBDC,0001379785,0001379785-26-000030,10-Q,2026-06-30,2026-08-05,"Tencarva Machinery Company, LLC | First Lien Senior Secured Term Loan",Tencarva Machinery Company,Tencarva Machinery Company,First Lien,,,,9139000.0,9106000.0,9250000.0,,98.8,4.75,8.6,,,False,,,USD,9139000.0
BBDC,0001379785,0001379785-26-000030,10-Q,2026-06-30,2026-08-05,"Tencarva Machinery Company, LLC | Revolver","Tencarva Machinery Company, LLC | Revolver","Tencarva Machinery Company, LLC | Revolver",,,,,-16000.0,-12000.0,0.0,,133.33,4.75,8.6,,,False,,,USD,-16000.0
BBDC,0001379785,0001379785-26-000030,10-Q,2026-06-30,2026-08-05,"Americo Chemical Products, LLC | First Lien Senior Secured Term Loan",Americo Chemical Products,Americo Chemical Products,First Lien,,,,4773000.0,4766000.0,4821000.0,,99.0,5.25,8.9,,,False,,,USD,4773000.0
BBDC,0001379785,0001379785-26-000030,10-Q,2026-06-30,2026-08-05,"Americo Chemical Products, LLC | Revolver","Americo Chemical Products, LLC | Revolver","Americo Chemical Products, LLC | Revolver",,,,,-5000.0,-6000.0,0.0,,83.33,5.25,8.9,,,False,,,USD,-5000.0
BBDC,0001379785,0001379785-26-000030,10-Q,2026-06-30,2026-08-05,AnalytiChem Holding GmbH | First Lien Senior Secured Term Loan 1,AnalytiChem Holding GmbH |,AnalytiChem Holding GmbH |,First Lien,,,,6035000.0,5767000.0,6102000.0,,98.9,5.58,7.8,,,False,,,USD,6035000.0
BBDC,0001379785,0001379785-26-000030,10-Q,2026-06-30,2026-08-05,AnalytiChem Holding GmbH | First Lien Senior Secured Term Loan 2,AnalytiChem Holding GmbH |,AnalytiChem Holding GmbH |,First Lien,,,,1007000.0,1019000.0,1019000.0,,98.82,5.58,9.4,,,False,,,USD,1007000.0
BBDC,0001379785,0001379785-26-000030,10-Q,2026-06-30,2026-08-05,"G 3 Chickadee Purchaser, LLC | First Lien Senior Secured Term Loan",G 3 Chickadee Purchaser,G 3 Chickadee Purchaser,First Lien,,,,11547000.0,11541000.0,11756000.0,,98.22,5.75,9.4,,,False,,,USD,11547000.0
BBDC,0001379785,0001379785-26-000030,10-Q,2026-06-30,2026-08-05,"Polymer Solutions Group Holdings, LLC | First Lien Senior Secured Term Loan",Polymer Solutions Group Holdings,Polymer Solutions Group Holdings,First Lien,,,,314000.0,994000.0,994000.0,,31.59,7.0,,,11.4,True,,,USD,314000.0
BBDC,0001379785,0001379785-26-000030,10-Q,2026-06-30,2026-08-05,"AMP Purchaser, LLC | First Lien Senior Secured Term Loan",AMP Purchaser,AMP Purchaser,First Lien,,,,5706000.0,5704000.0,5732000.0,,99.55,4.5,8.2,,,False,,,USD,5706000.0
BBDC,0001379785,0001379785-26-000030,10-Q,2026-06-30,2026-08-05,"AMP Purchaser, LLC | Revolver","AMP Purchaser, LLC | Revolver","AMP Purchaser, LLC | Revolver",,,,,-4000.0,-4000.0,0.0,,100.0,4.5,8.2,,,False,,,USD,-4000.0
BBDC,0001379785,0001379785-26-000030,10-Q,2026-06-30,2026-08-05,"BKF Buyer, Inc. | First Lien Senior Secured Term Loan",BKF Buyer,BKF Buyer,First Lien,,,,4120000.0,4130000.0,4178000.0,,98.61,4.5,8.1,,,False,,,USD,4120000.0
BBDC,0001379785,0001379785-26-000030,10-Q,2026-06-30,2026-08-05,"BKF Buyer, Inc. | Revolver","BKF Buyer, Inc. | Revolver","BKF Buyer, Inc. | Revolver",,,,,-40000.0,-27000.0,0.0,,148.15,4.5,8.1,,,False,,,USD,-40000.0
BBDC,0001379785,0001379785-26-000030,10-Q,2026-06-30,2026-08-05,GMES LLC | First Lien Senior Secured Term Loan,GMES LLC |,GMES LLC |,First Lien,,,,8298000.0,8280000.0,8380000.0,,99.02,5.25,9.0,,,False,,,USD,8298000.0
BBDC,0001379785,0001379785-26-000030,10-Q,2026-06-30,2026-08-05,GMES LLC | Revolver,GMES LLC | Revolver,GMES LLC | Revolver,,,,,194000.0,192000.0,204000.0,,95.1,5.25,9.0,,,False,,,USD,194000.0
BBDC,0001379785,0001379785-26-000030,10-Q,2026-06-30,2026-08-05,"Lockmasters Security Intermediate, Inc. | First Lien Senior Secured Term Loan",Lockmasters Security Intermediate,Lockmasters Security Intermediate,First Lien,,,,3215000.0,3206000.0,3223000.0,,99.75,5.0,8.7,,,False,,,USD,3215000.0
BBDC,0001379785,0001379785-26-000030,10-Q,2026-06-30,2026-08-05,"Lockmasters Security Intermediate, Inc. | Revolver","Lockmasters Security Intermediate, Inc. | Revolver","Lockmasters Security Intermediate, Inc. | Revolver",,,,,-2000.0,-3000.0,0.0,,66.67,5.0,8.7,,,False,,,USD,-2000.0
BBDC,0001379785,0001379785-26-000030,10-Q,2026-06-30,2026-08-05,"BCTS Parent, LLC | First Lien Senior Secured Term Loan",BCTS Parent,BCTS Parent,First Lien,,,,1215000.0,1237000.0,1237000.0,,98.22,4.75,7.3,,,False,,,USD,1215000.0
BBDC,0001379785,0001379785-26-000030,10-Q,2026-06-30,2026-08-05,"BCTS Parent, LLC | Revolver","BCTS Parent, LLC | Revolver","BCTS Parent, LLC | Revolver",,,,,245000.0,249000.0,251000.0,,97.61,4.75,7.3,,,False,,,USD,245000.0
BBDC,0001379785,0001379785-26-000030,10-Q,2026-06-30,2026-08-05,HTI Technology & Industries | First Lien Senior Secured Term Loan,HTI Technology & Industries |,HTI Technology & Industries |,First Lien,,,,10959000.0,11050000.0,11091000.0,,98.81,8.5,12.4,,,False,,,USD,10959000.0
BBDC,0001379785,0001379785-26-000030,10-Q,2026-06-30,2026-08-05,HTI Technology & Industries | Revolver,HTI Technology & Industries | Revolver,HTI Technology & Industries | Revolver,,,,,-8000.0,-3000.0,0.0,,266.67,8.5,12.4,,,False,,,USD,-8000.0
BBDC,0001379785,0001379785-26-000030,10-Q,2026-06-30,2026-08-05,"Lifestyle Intermediate II, LLC | First Lien Senior Secured Term Loan",Lifestyle Intermediate II,Lifestyle Intermediate II,First Lien,,,,1812000.0,2879000.0,2879000.0,,62.94,7.0,11.0,,,False,,,USD,1812000.0
BBDC,0001379785,0001379785-26-000030,10-Q,2026-06-30,2026-08-05,Main Line Commercial Pools LLC | First Lien Senior Secured Term Loan,Main Line Commercial Pools LLC |,Main Line Commercial Pools LLC |,First Lien,,,,1992000.0,1994000.0,2047000.0,,97.31,5.25,8.9,,,False,,,USD,1992000.0
BBDC,0001379785,0001379785-26-000030,10-Q,2026-06-30,2026-08-05,Main Line Commercial Pools LLC | Revolver,Main Line Commercial Pools LLC | Revolver,Main Line Commercial Pools LLC | Revolver,,,,,-7000.0,-7000.0,0.0,,100.0,5.25,8.9,,,False,,,USD,-7000.0
BBDC,0001379785,0001379785-26-000030,10-Q,2026-06-30,2026-08-05,"Momentum Textiles, LLC | First Lien Senior Secured Term Loan",Momentum Textiles,Momentum Textiles,First Lien,,,,7180000.0,7185000.0,7236000.0,,99.23,5.5,9.2,,,False,,,USD,7180000.0
BBDC,0001379785,0001379785-26-000030,10-Q,2026-06-30,2026-08-05,"Momentum Textiles, LLC | Revolver","Momentum Textiles, LLC | Revolver","Momentum Textiles, LLC | Revolver",,,,,-7000.0,-6000.0,0.0,,116.67,5.5,9.2,,,False,,,USD,-7000.0
BBDC,0001379785,0001379785-26-000030,10-Q,2026-06-30,2026-08-05,"Renovation Parent Holdings, LLC | First Lien Senior Secured Term Loan",Renovation Parent Holdings,Renovation Parent Holdings,First Lien,,,,4648000.0,4620000.0,4648000.0,,100.0,5.0,8.8,,,False,,,USD,4648000.0
BBDC,0001379785,0001379785-26-000030,10-Q,2026-06-30,2026-08-05,"Team Air Distributing, LLC | Subordinated Term Loan",Team Air Distributing,Team Air Distributing,Subordinated,,,,737000.0,803000.0,812000.0,,90.76,,,,14.0,True,,,USD,737000.0
BBDC,0001379785,0001379785-26-000030,10-Q,2026-06-30,2026-08-05,"Terrybear, Inc. | Subordinated Term Loan",Terrybear,Terrybear,Subordinated,,,,166000.0,297000.0,300000.0,,55.33,,,,14.0,True,,,USD,166000.0
BBDC,0001379785,0001379785-26-000030,10-Q,2026-06-30,2026-08-05,Victoria Bidco Limited | First Lien Senior Secured Term Loan,Victoria Bidco Limited |,Victoria Bidco Limited |,First Lien,,,,3960000.0,4107000.0,4138000.0,,95.7,6.5,10.2,,,False,,,USD,3960000.0
BBDC,0001379785,0001379785-26-000030,10-Q,2026-06-30,2026-08-05,"Vista Acquisition, LLC | First Lien Senior Secured Term Loan",Vista Acquisition,Vista Acquisition,First Lien,,,,8669000.0,8671000.0,8767000.0,,98.88,5.0,8.6,,,False,,,USD,8669000.0
BBDC,0001379785,0001379785-26-000030,10-Q,2026-06-30,2026-08-05,"Vista Acquisition, LLC | Revolver","Vista Acquisition, LLC | Revolver","Vista Acquisition, LLC | Revolver",,,,,-9000.0,-9000.0,0.0,,100.0,5.0,8.6,,,False,,,USD,-9000.0
BBDC,0001379785,0001379785-26-000030,10-Q,2026-06-30,2026-08-05,Bidwax | First Lien Senior Secured Term Loan,Bidwax |,Bidwax |,First Lien,,,,7971000.0,8201000.0,8003000.0,,99.6,6.25,8.6,,,False,,,USD,7971000.0
BBDC,0001379785,0001379785-26-000030,10-Q,2026-06-30,2026-08-05,"CCFF Buyer, LLC | First Lien Senior Secured Term Loan",CCFF Buyer,CCFF Buyer,First Lien,,,,5990000.0,5929000.0,6022000.0,,99.47,5.0,8.6,,,False,,,USD,5990000.0
BBDC,0001379785,0001379785-26-000030,10-Q,2026-06-30,2026-08-05,"CCFF Buyer, LLC | Revolver","CCFF Buyer, LLC | Revolver","CCFF Buyer, LLC | Revolver",,,,,-5000.0,-13000.0,0.0,,38.46,5.0,8.6,,,False,,,USD,-5000.0
BBDC,0001379785,0001379785-26-000030,10-Q,2026-06-30,2026-08-05,David Wood Baking UK Ltd | First Lien Senior Secured Term Loan,David Wood Baking UK Ltd |,David Wood Baking UK Ltd |,First Lien,,,,872000.0,864000.0,944000.0,,92.37,11.0,14.7,,,False,,,USD,872000.0
BBDC,0001379785,0001379785-26-000030,10-Q,2026-06-30,2026-08-05,"Ice House America, L.L.C. | First Lien Senior Secured Term Loan",Ice House America,Ice House America,First Lien,,,,4409000.0,4508000.0,4577000.0,,96.33,6.0,9.7,,,False,,,USD,4409000.0
BBDC,0001379785,0001379785-26-000030,10-Q,2026-06-30,2026-08-05,"Ice House America, L.L.C. | Revolver","Ice House America, L.L.C. | Revolver","Ice House America, L.L.C. | Revolver",,,,,364000.0,373000.0,378000.0,,96.3,6.0,9.7,,,False,,,USD,364000.0
BBDC,0001379785,0001379785-26-000030,10-Q,2026-06-30,2026-08-05,"Safety Products Holdings, LLC | First Lien Senior Secured Term Loan",Safety Products Holdings,Safety Products Holdings,First Lien,,,,8709000.0,8698000.0,8709000.0,,100.0,4.5,8.2,,,False,,,USD,8709000.0
BBDC,0001379785,0001379785-26-000030,10-Q,2026-06-30,2026-08-05,"BLI Buyer, Inc. | First Lien Senior Secured Term Loan",BLI Buyer,BLI Buyer,First Lien,,,,2548000.0,2544000.0,2574000.0,,98.99,5.0,8.7,,,False,,,USD,2548000.0
BBDC,0001379785,0001379785-26-000030,10-Q,2026-06-30,2026-08-05,"BLI Buyer, Inc. | Revolver","BLI Buyer, Inc. | Revolver","BLI Buyer, Inc. | Revolver",,,,,138000.0,137000.0,143000.0,,96.5,5.0,8.7,,,False,,,USD,138000.0
BBDC,0001379785,0001379785-26-000030,10-Q,2026-06-30,2026-08-05,Diversified Packaging Holdings LLC | Second Lien Senior Secured Term Loan,Diversified Packaging Holdings LLC |,Diversified Packaging Holdings LLC |,Second Lien,,,,1031000.0,1034000.0,1048000.0,,98.38,,11.0,,,False,,,USD,1031000.0
BBDC,0001379785,0001379785-26-000030,10-Q,2026-06-30,2026-08-05,Five Star Holding LLC | Second Lien Senior Secured Term Loan,Five Star Holding LLC |,Five Star Holding LLC |,Second Lien,,,,13692000.0,13537000.0,13692000.0,,100.0,7.25,10.9,,,False,,,USD,13692000.0
BBDC,0001379785,0001379785-26-000030,10-Q,2026-06-30,2026-08-05,"Media Recovery, Inc. (SpotSee) | First Lien Senior Secured Term Loan 1",Media Recovery,Media Recovery,First Lien,,,,1703000.0,1684000.0,1703000.0,,100.0,4.5,8.2,,,False,,,USD,1703000.0
BBDC,0001379785,0001379785-26-000030,10-Q,2026-06-30,2026-08-05,"Media Recovery, Inc. (SpotSee) | First Lien Senior Secured Term Loan 2",Media Recovery,Media Recovery,First Lien,,,,3533000.0,3531000.0,3533000.0,,100.0,4.5,8.2,,,False,,,USD,3533000.0
BBDC,0001379785,0001379785-26-000030,10-Q,2026-06-30,2026-08-05,"Media Recovery, Inc. (SpotSee) | Revolver 1","Media Recovery, Inc. (SpotSee) | Revolver 1","Media Recovery, Inc. (SpotSee) | Revolver 1",,,,,0.0,-7000.0,0.0,,-0.0,4.5,8.2,,,False,,,USD,0.0
BBDC,0001379785,0001379785-26-000030,10-Q,2026-06-30,2026-08-05,"Media Recovery, Inc. (SpotSee) | Revolver 2","Media Recovery, Inc. (SpotSee) | Revolver 2","Media Recovery, Inc. (SpotSee) | Revolver 2",,,,,0.0,-9000.0,0.0,,-0.0,4.5,8.2,,,False,,,USD,0.0
BBDC,0001379785,0001379785-26-000030,10-Q,2026-06-30,2026-08-05,MSI Express Inc. | First Lien Senior Secured Term Loan,MSI Express Inc. |,MSI Express Inc. |,First Lien,,,,2135000.0,2198000.0,2219000.0,,96.21,5.0,8.7,,,False,,,USD,2135000.0
BBDC,0001379785,0001379785-26-000030,10-Q,2026-06-30,2026-08-05,MSI Express Inc. | Revolver,MSI Express Inc. | Revolver,MSI Express Inc. | Revolver,,,,,1264000.0,1294000.0,1313000.0,,96.27,3.75,7.5,,,False,,,USD,1264000.0
BBDC,0001379785,0001379785-26-000030,10-Q,2026-06-30,2026-08-05,OG III B.V. | First Lien Senior Secured Term Loan,OG III B.V. |,OG III B.V. |,First Lien,,,,3464000.0,3713000.0,3620000.0,,95.69,5.65,7.9,,,False,,,USD,3464000.0
BBDC,0001379785,0001379785-26-000030,10-Q,2026-06-30,2026-08-05,Tank Holding Corp | First Lien Senior Secured Term Loan 1,Tank Holding Corp |,Tank Holding Corp |,First Lien,,,,7337000.0,7719000.0,7780000.0,,94.31,5.75,9.5,,,False,,,USD,7337000.0
BBDC,0001379785,0001379785-26-000030,10-Q,2026-06-30,2026-08-05,Tank Holding Corp | First Lien Senior Secured Term Loan 2,Tank Holding Corp |,Tank Holding Corp |,First Lien,,,,2835000.0,2957000.0,2994000.0,,94.69,6.0,9.7,,,False,,,USD,2835000.0
BBDC,0001379785,0001379785-26-000030,10-Q,2026-06-30,2026-08-05,Tank Holding Corp | Revolver,Tank Holding Corp | Revolver,Tank Holding Corp | Revolver,,,,,52000.0,96000.0,102000.0,,50.98,5.75,9.5,,,False,,,USD,52000.0
BBDC,0001379785,0001379785-26-000030,10-Q,2026-06-30,2026-08-05,WWEC Holdings III Corp | First Lien Senior Secured Term Loan,WWEC Holdings III Corp |,WWEC Holdings III Corp |,First Lien,,,,11986000.0,11914000.0,12034000.0,,99.6,5.25,9.0,,,False,,,USD,11986000.0
BBDC,0001379785,0001379785-26-000030,10-Q,2026-06-30,2026-08-05,WWEC Holdings III Corp | Revolver,WWEC Holdings III Corp | Revolver,WWEC Holdings III Corp | Revolver,,,,,-10000.0,-24000.0,0.0,,41.67,5.25,9.0,,,False,,,USD,-10000.0
BBDC,0001379785,0001379785-26-000030,10-Q,2026-06-30,2026-08-05,"CTS US Bidco, Inc. | First Lien Senior Secured Term Loan",CTS US Bidco,CTS US Bidco,First Lien,,,,3823000.0,3722000.0,3793000.0,,100.79,6.0,9.7,,,False,,,USD,3823000.0
BBDC,0001379785,0001379785-26-000030,10-Q,2026-06-30,2026-08-05,"Entact Environmental Services, Inc. | First Lien Senior Secured Term Loan",Entact Environmental Services,Entact Environmental Services,First Lien,,,,5980000.0,5969000.0,5980000.0,,100.0,5.5,9.2,,,False,,,USD,5980000.0
BBDC,0001379785,0001379785-26-000030,10-Q,2026-06-30,2026-08-05,"Northstar Recycling, LLC | First Lien Senior Secured Term Loan",Northstar Recycling,Northstar Recycling,First Lien,,,,12542000.0,12429000.0,12542000.0,,100.0,4.4,8.1,,,False,,,USD,12542000.0
BBDC,0001379785,0001379785-26-000030,10-Q,2026-06-30,2026-08-05,"Northstar Recycling, LLC | Revolver","Northstar Recycling, LLC | Revolver","Northstar Recycling, LLC | Revolver",,,,,0.0,-31000.0,0.0,,-0.0,4.4,8.1,,,False,,,USD,0.0
BBDC,0001379785,0001379785-26-000030,10-Q,2026-06-30,2026-08-05,A.T. Holdings II LTD | First Lien Senior Secured Term Loan,A.T. Holdings II LTD |,A.T. Holdings II LTD |,First Lien,,,,7459000.0,11875000.0,14654000.0,,50.9,,1.9,,12.4,True,,,USD,7459000.0
BBDC,0001379785,0001379785-26-000030,10-Q,2026-06-30,2026-08-05,Amalfi Midco | Second Lien Senior Secured Term Loan,Amalfi Midco |,Amalfi Midco |,Second Lien,,,,384000.0,378000.0,384000.0,,100.0,,15.5,,,False,,,USD,384000.0
BBDC,0001379785,0001379785-26-000030,10-Q,2026-06-30,2026-08-05,Amalfi Midco | Subordinated Loan Notes,Amalfi Midco |,Amalfi Midco |,Subordinated,,,,3924000.0,3718000.0,4117000.0,,95.31,,2.0,,9.0,True,,,USD,3924000.0
BBDC,0001379785,0001379785-26-000030,10-Q,2026-06-30,2026-08-05,Astra Bidco Limited | First Lien Senior Secured Term Loan 1,Astra Bidco Limited |,Astra Bidco Limited |,First Lien,,,,437000.0,408000.0,437000.0,,100.0,5.0,7.2,,,False,,,USD,437000.0
BBDC,0001379785,0001379785-26-000030,10-Q,2026-06-30,2026-08-05,Astra Bidco Limited | First Lien Senior Secured Term Loan 2,Astra Bidco Limited |,Astra Bidco Limited |,First Lien,,,,2569000.0,2534000.0,2569000.0,,100.0,5.0,8.7,,,False,,,USD,2569000.0
BBDC,0001379785,0001379785-26-000030,10-Q,2026-06-30,2026-08-05,Avance Clinical Bidco Pty Ltd | First Lien Senior Secured Term Loan,Avance Clinical Bidco Pty Ltd |,Avance Clinical Bidco Pty Ltd |,First Lien,,,,1671000.0,1703000.0,1671000.0,,100.0,4.5,8.9,,,False,,,USD,1671000.0
BBDC,0001379785,0001379785-26-000030,10-Q,2026-06-30,2026-08-05,Canadian Orthodontic Partners Corp. | Super Senior Secured Term Loan,Canadian Orthodontic Partners Corp. | Super Senior Secured Term Loan,Canadian Orthodontic Partners Corp. | Super Senior Secured Term Loan,,,,,229000.0,79000.0,79000.0,,289.87,,17.0,,,False,,,USD,229000.0
BBDC,0001379785,0001379785-26-000030,10-Q,2026-06-30,2026-08-05,Canadian Orthodontic Partners Corp. | First Lien Senior Secured Term Loan,Canadian Orthodontic Partners Corp. |,Canadian Orthodontic Partners Corp. |,First Lien,,,,121000.0,1850000.0,2087000.0,,5.8,7.0,,,9.3,True,,,USD,121000.0
BBDC,0001379785,0001379785-26-000030,10-Q,2026-06-30,2026-08-05,Ceres Pharma NV | First Lien Senior Secured Term Loan 1,Ceres Pharma NV |,Ceres Pharma NV |,First Lien,,,,3525000.0,3314000.0,3540000.0,,99.58,6.0,8.5,,,False,,,USD,3525000.0
BBDC,0001379785,0001379785-26-000030,10-Q,2026-06-30,2026-08-05,Ceres Pharma NV | First Lien Senior Secured Term Loan 2,Ceres Pharma NV |,Ceres Pharma NV |,First Lien,,,,648000.0,649000.0,648000.0,,100.0,7.0,9.5,,,False,,,USD,648000.0
BBDC,0001379785,0001379785-26-000030,10-Q,2026-06-30,2026-08-05,"Coherus Biosciences, Inc. | First Lien Senior Secured Term Loan",Coherus Biosciences,Coherus Biosciences,First Lien,,,,3923000.0,3914000.0,3991000.0,,98.3,8.0,11.7,,,False,,,USD,3923000.0
BBDC,0001379785,0001379785-26-000030,10-Q,2026-06-30,2026-08-05,"Dane Street, LLC | First Lien Senior Secured Term Loan",Dane Street,Dane Street,First Lien,,,,1125000.0,1124000.0,1145000.0,,98.25,4.5,8.2,,,False,,,USD,1125000.0
BBDC,0001379785,0001379785-26-000030,10-Q,2026-06-30,2026-08-05,"Dane Street, LLC | Revolver","Dane Street, LLC | Revolver","Dane Street, LLC | Revolver",,,,,-5000.0,-5000.0,0.0,,100.0,4.5,8.2,,,False,,,USD,-5000.0
BBDC,0001379785,0001379785-26-000030,10-Q,2026-06-30,2026-08-05,EB Development | First Lien Senior Secured Term Loan 1,EB Development |,EB Development |,First Lien,,,,1972000.0,1808000.0,2012000.0,,98.01,5.0,7.3,,,False,,,USD,1972000.0
BBDC,0001379785,0001379785-26-000030,10-Q,2026-06-30,2026-08-05,EB Development | First Lien Senior Secured Term Loan 2,EB Development |,EB Development |,First Lien,,,,1527000.0,1558000.0,1558000.0,,98.01,5.25,9.0,,,False,,,USD,1527000.0
BBDC,0001379785,0001379785-26-000030,10-Q,2026-06-30,2026-08-05,Faraday | First Lien Senior Secured Term Loan,Faraday |,Faraday |,First Lien,,,,1741000.0,1635000.0,1741000.0,,100.0,6.1,8.4,,,False,,,USD,1741000.0
BBDC,0001379785,0001379785-26-000030,10-Q,2026-06-30,2026-08-05,Finexvet | First Lien Senior Secured Term Loan,Finexvet |,Finexvet |,First Lien,,,,4894000.0,5082000.0,5343000.0,,91.6,4.0,6.6,,,False,,,USD,4894000.0
BBDC,0001379785,0001379785-26-000030,10-Q,2026-06-30,2026-08-05,"Forest Buyer, LLC | First Lien Senior Secured Term Loan",Forest Buyer,Forest Buyer,First Lien,,,,5648000.0,5984000.0,6047000.0,,93.4,5.0,8.7,,,False,,,USD,5648000.0
BBDC,0001379785,0001379785-26-000030,10-Q,2026-06-30,2026-08-05,"Forest Buyer, LLC | Revolver","Forest Buyer, LLC | Revolver","Forest Buyer, LLC | Revolver",,,,,-20000.0,-5000.0,0.0,,400.0,5.0,8.7,,,False,,,USD,-20000.0
BBDC,0001379785,0001379785-26-000030,10-Q,2026-06-30,2026-08-05,GCDL LLC | First Lien Senior Secured Term Loan,GCDL LLC |,GCDL LLC |,First Lien,,,,612000.0,608000.0,612000.0,,100.0,6.0,9.7,,,False,,,USD,612000.0
BBDC,0001379785,0001379785-26-000030,10-Q,2026-06-30,2026-08-05,GCDL LLC | Revolver,GCDL LLC | Revolver,GCDL LLC | Revolver,,,,,0.0,-1000.0,0.0,,-0.0,6.0,9.7,,,False,,,USD,0.0
BBDC,0001379785,0001379785-26-000030,10-Q,2026-06-30,2026-08-05,GPNZ II GmbH | First Lien Senior Secured Term Loan 1,GPNZ II GmbH |,GPNZ II GmbH |,First Lien,,,,0.0,444000.0,492000.0,,0.0,6.0,,,8.9,True,,,USD,0.0
BBDC,0001379785,0001379785-26-000030,10-Q,2026-06-30,2026-08-05,GPNZ II GmbH | First Lien Senior Secured Term Loan 2,GPNZ II GmbH |,GPNZ II GmbH |,First Lien,,,,14000.0,551000.0,571000.0,,2.45,,,,10.0,True,,,USD,14000.0
BBDC,0001379785,0001379785-26-000030,10-Q,2026-06-30,2026-08-05,Groupe Product Life | First Lien Senior Secured Term Loan,Groupe Product Life |,Groupe Product Life |,First Lien,,,,410000.0,482000.0,540000.0,,75.93,5.75,8.0,,,False,,,USD,410000.0
BBDC,0001379785,0001379785-26-000030,10-Q,2026-06-30,2026-08-05,HeartHealth Bidco Pty Ltd | First Lien Senior Secured Term Loan,HeartHealth Bidco Pty Ltd |,HeartHealth Bidco Pty Ltd |,First Lien,,,,870000.0,815000.0,886000.0,,98.19,5.0,9.5,,,False,,,USD,870000.0
BBDC,0001379785,0001379785-26-000030,10-Q,2026-06-30,2026-08-05,"Heartland Veterinary Partners, LLC | Subordinated Term Loan",Heartland Veterinary Partners,Heartland Veterinary Partners,Subordinated,,,,15745000.0,16405000.0,16504000.0,,95.4,,,,11.0,True,,,USD,15745000.0
BBDC,0001379785,0001379785-26-000030,10-Q,2026-06-30,2026-08-05,"HemaSource, Inc. | First Lien Senior Secured Term Loan",HemaSource,HemaSource,First Lien,,,,2616000.0,2577000.0,2616000.0,,100.0,4.5,8.1,,,False,,,USD,2616000.0
BBDC,0001379785,0001379785-26-000030,10-Q,2026-06-30,2026-08-05,"HemaSource, Inc. | Revolver","HemaSource, Inc. | Revolver","HemaSource, Inc. | Revolver",,,,,135000.0,111000.0,135000.0,,100.0,4.5,8.1,,,False,,,USD,135000.0
BBDC,0001379785,0001379785-26-000030,10-Q,2026-06-30,2026-08-05,"Home Care Assistance, LLC | First Lien Senior Secured Term Loan",Home Care Assistance,Home Care Assistance,First Lien,,,,3160000.0,3743000.0,3794000.0,,83.29,5.0,8.7,,1.0,True,,,USD,3160000.0
BBDC,0001379785,0001379785-26-000030,10-Q,2026-06-30,2026-08-05,Jon Bidco Limited | First Lien Senior Secured Term Loan,Jon Bidco Limited |,Jon Bidco Limited |,First Lien,,,,1965000.0,2152000.0,1981000.0,,99.19,4.0,6.8,,,False,,,USD,1965000.0
BBDC,0001379785,0001379785-26-000030,10-Q,2026-06-30,2026-08-05,Keystone Bidco B.V. | First Lien Senior Secured Term Loan,Keystone Bidco B.V. |,Keystone Bidco B.V. |,First Lien,,,,898000.0,875000.0,917000.0,,97.93,5.25,7.8,,,False,,,USD,898000.0
BBDC,0001379785,0001379785-26-000030,10-Q,2026-06-30,2026-08-05,Lambir Bidco Limited | First Lien Senior Secured Term Loan 1,Lambir Bidco Limited |,Lambir Bidco Limited |,First Lien,,,,382000.0,377000.0,404000.0,,94.55,6.25,8.5,,,False,,,USD,382000.0
BBDC,0001379785,0001379785-26-000030,10-Q,2026-06-30,2026-08-05,Lambir Bidco Limited | First Lien Senior Secured Term Loan 2,Lambir Bidco Limited |,Lambir Bidco Limited |,First Lien,,,,1849000.0,1905000.0,1957000.0,,94.48,6.5,9.1,,,False,,,USD,1849000.0
BBDC,0001379785,0001379785-26-000030,10-Q,2026-06-30,2026-08-05,Lambir Bidco Limited | Second Lien Senior Secured Term Loan,Lambir Bidco Limited |,Lambir Bidco Limited |,Second Lien,,,,2176000.0,2357000.0,2426000.0,,89.69,,,,12.0,True,,,USD,2176000.0
BBDC,0001379785,0001379785-26-000030,10-Q,2026-06-30,2026-08-05,"Matrix Buyer, LLC | First Lien Senior Secured Term Loan",Matrix Buyer,Matrix Buyer,First Lien,,,,1765000.0,1766000.0,1787000.0,,98.77,4.75,8.5,,,False,,,USD,1765000.0
BBDC,0001379785,0001379785-26-000030,10-Q,2026-06-30,2026-08-05,"Matrix Buyer, LLC | Revolver","Matrix Buyer, LLC | Revolver","Matrix Buyer, LLC | Revolver",,,,,49000.0,49000.0,53000.0,,92.45,4.75,8.5,,,False,,,USD,49000.0
BBDC,0001379785,0001379785-26-000030,10-Q,2026-06-30,2026-08-05,"Medical Solutions Parent Holdings, Inc. | Second Out Term Loan","Medical Solutions Parent Holdings, Inc. | Second Out Term Loan","Medical Solutions Parent Holdings, Inc. | Second Out Term Loan",,,,,237000.0,115000.0,1156000.0,,20.5,3.5,7.1,,,False,,,USD,237000.0
BBDC,0001379785,0001379785-26-000030,10-Q,2026-06-30,2026-08-05,"Medical Solutions Parent Holdings, Inc. | Third Out Term Loan","Medical Solutions Parent Holdings, Inc. | Third Out Term Loan","Medical Solutions Parent Holdings, Inc. | Third Out Term Loan",,,,,212000.0,109000.0,1767000.0,,12.0,7.0,10.8,,,False,,,USD,212000.0
BBDC,0001379785,0001379785-26-000030,10-Q,2026-06-30,2026-08-05,Moonlight Bidco Limited | First Lien Senior Secured Term Loan,Moonlight Bidco Limited |,Moonlight Bidco Limited |,First Lien,,,,2259000.0,2195000.0,2259000.0,,100.0,5.1,8.8,,,False,,,USD,2259000.0
BBDC,0001379785,0001379785-26-000030,10-Q,2026-06-30,2026-08-05,Napa Bidco Pty Ltd | First Lien Senior Secured Term Loan,Napa Bidco Pty Ltd |,Napa Bidco Pty Ltd |,First Lien,,,,13942000.0,14369000.0,13942000.0,,100.0,5.0,9.5,,,False,,,USD,13942000.0
BBDC,0001379785,0001379785-26-000030,10-Q,2026-06-30,2026-08-05,NPM Investments 28 B.V. | First Lien Senior Secured Term Loan,NPM Investments 28 B.V. |,NPM Investments 28 B.V. |,First Lien,,,,2329000.0,2009000.0,2329000.0,,100.0,5.45,7.7,,,False,,,USD,2329000.0
BBDC,0001379785,0001379785-26-000030,10-Q,2026-06-30,2026-08-05,"Ocular Therapeutix, Inc. | First Lien Senior Secured Term Loan",Ocular Therapeutix,Ocular Therapeutix,First Lien,,,,4625000.0,3859000.0,3930000.0,,117.68,6.75,10.4,,,False,,,USD,4625000.0
BBDC,0001379785,0001379785-26-000030,10-Q,2026-06-30,2026-08-05,Oracle Vision Bidco Limited | First Lien Senior Secured Term Loan,Oracle Vision Bidco Limited |,Oracle Vision Bidco Limited |,First Lien,,,,2774000.0,3195000.0,3038000.0,,91.31,5.2,8.9,,,False,,,USD,2774000.0
BBDC,0001379785,0001379785-26-000030,10-Q,2026-06-30,2026-08-05,Pare SAS (SAS Maurice MARLE) | First Lien Senior Secured Term Loan 1,Pare SAS (SAS Maurice MARLE) |,Pare SAS (SAS Maurice MARLE) |,First Lien,,,,2587000.0,2517000.0,2587000.0,,100.0,5.15,7.4,,,False,,,USD,2587000.0
BBDC,0001379785,0001379785-26-000030,10-Q,2026-06-30,2026-08-05,Pare SAS (SAS Maurice MARLE) | First Lien Senior Secured Term Loan 2,Pare SAS (SAS Maurice MARLE) |,Pare SAS (SAS Maurice MARLE) |,First Lien,,,,1300000.0,1300000.0,1300000.0,,100.0,5.25,9.3,,,False,,,USD,1300000.0
BBDC,0001379785,0001379785-26-000030,10-Q,2026-06-30,2026-08-05,Parkview Dental Holdings LLC | First Lien Senior Secured Term Loan,Parkview Dental Holdings LLC |,Parkview Dental Holdings LLC |,First Lien,,,,623000.0,616000.0,624000.0,,99.84,8.3,11.8,,,False,,,USD,623000.0
BBDC,0001379785,0001379785-26-000030,10-Q,2026-06-30,2026-08-05,Pepper Bidco Pty Ltd | First Lien Senior Secured Term Loan,Pepper Bidco Pty Ltd |,Pepper Bidco Pty Ltd |,First Lien,,,,1699000.0,1745000.0,1756000.0,,96.75,4.75,9.3,,,False,,,USD,1699000.0
BBDC,0001379785,0001379785-26-000030,10-Q,2026-06-30,2026-08-05,Sanoptis S.A.R.L. | First Lien Senior Secured Term Loan 1,Sanoptis S.A.R.L. |,Sanoptis S.A.R.L. |,First Lien,,,,5624000.0,5278000.0,5702000.0,,98.63,4.75,6.8,,,False,,,USD,5624000.0
BBDC,0001379785,0001379785-26-000030,10-Q,2026-06-30,2026-08-05,Sanoptis S.A.R.L. | First Lien Senior Secured Term Loan 2,Sanoptis S.A.R.L. |,Sanoptis S.A.R.L. |,First Lien,,,,3902000.0,3477000.0,3951000.0,,98.76,4.75,4.8,,,False,,,USD,3902000.0
BBDC,0001379785,0001379785-26-000030,10-Q,2026-06-30,2026-08-05,"SCP CDH Buyer, Inc. | First Lien Senior Secured Term Loan",SCP CDH Buyer,SCP CDH Buyer,First Lien,,,,8295000.0,8286000.0,8370000.0,,99.1,4.5,8.2,,,False,,,USD,8295000.0
BBDC,0001379785,0001379785-26-000030,10-Q,2026-06-30,2026-08-05,"SCP CDH Buyer, Inc. | Revolver","SCP CDH Buyer, Inc. | Revolver","SCP CDH Buyer, Inc. | Revolver",,,,,-8000.0,-9000.0,0.0,,88.89,4.5,8.2,,,False,,,USD,-8000.0
BBDC,0001379785,0001379785-26-000030,10-Q,2026-06-30,2026-08-05,"SCP Medical Products, LLC. | First Lien Senior Secured Term Loan",SCP Medical Products,SCP Medical Products,First Lien,,,,2007000.0,2002000.0,2024000.0,,99.16,4.75,8.5,,,False,,,USD,2007000.0
BBDC,0001379785,0001379785-26-000030,10-Q,2026-06-30,2026-08-05,"SCP Medical Products, LLC. | Revolver","SCP Medical Products, LLC. | Revolver","SCP Medical Products, LLC. | Revolver",,,,,84000.0,83000.0,85000.0,,98.82,4.75,8.5,,,False,,,USD,84000.0
BBDC,0001379785,0001379785-26-000030,10-Q,2026-06-30,2026-08-05,Smile Brands Group Inc. | First Lien Senior Secured Term Loan,Smile Brands Group Inc. |,Smile Brands Group Inc. |,First Lien,,,,4193000.0,5321000.0,5341000.0,,78.51,6.0,8.3,,1.5,True,,,USD,4193000.0
BBDC,0001379785,0001379785-26-000030,10-Q,2026-06-30,2026-08-05,SSCP Pegasus Midco Limited | First Lien Senior Secured Term Loan,SSCP Pegasus Midco Limited |,SSCP Pegasus Midco Limited |,First Lien,,,,1715000.0,1722000.0,1752000.0,,97.89,5.25,9.0,,,False,,,USD,1715000.0
BBDC,0001379785,0001379785-26-000030,10-Q,2026-06-30,2026-08-05,SSCP Spring Bidco 3 Limited | First Lien Senior Secured Term Loan,SSCP Spring Bidco 3 Limited |,SSCP Spring Bidco 3 Limited |,First Lien,,,,1013000.0,941000.0,1017000.0,,99.61,6.45,10.2,,,False,,,USD,1013000.0
BBDC,0001379785,0001379785-26-000030,10-Q,2026-06-30,2026-08-05,"Swoop Intermediate III, Inc. | First Lien Senior Secured Term Loan",Swoop Intermediate III,Swoop Intermediate III,First Lien,,,,4280000.0,4265000.0,4280000.0,,100.0,4.5,8.2,,,False,,,USD,4280000.0
BBDC,0001379785,0001379785-26-000030,10-Q,2026-06-30,2026-08-05,"Swoop Intermediate III, Inc. | Revolver","Swoop Intermediate III, Inc. | Revolver","Swoop Intermediate III, Inc. | Revolver",,,,,0.0,-3000.0,0.0,,-0.0,4.5,8.2,,,False,,,USD,0.0
BBDC,0001379785,0001379785-26-000030,10-Q,2026-06-30,2026-08-05,"TA KHP Aggregator, L.P. | First Lien Senior Secured Term Loan",TA KHP Aggregator,TA KHP Aggregator,First Lien,,,,1011000.0,1006000.0,1025000.0,,98.63,4.25,8.0,,,False,,,USD,1011000.0
BBDC,0001379785,0001379785-26-000030,10-Q,2026-06-30,2026-08-05,"TA KHP Aggregator, L.P. | Revolver","TA KHP Aggregator, L.P. | Revolver","TA KHP Aggregator, L.P. | Revolver",,,,,-3000.0,-4000.0,0.0,,75.0,4.25,8.0,,,False,,,USD,-3000.0
BBDC,0001379785,0001379785-26-000030,10-Q,2026-06-30,2026-08-05,"TA KHP Aggregator, L.P. | Subordinated Term Loan",TA KHP Aggregator,TA KHP Aggregator,Subordinated,,,,2518000.0,2509000.0,2535000.0,,99.33,,,,12.3,True,,,USD,2518000.0
BBDC,0001379785,0001379785-26-000030,10-Q,2026-06-30,2026-08-05,UNA 658 Equity Management GmbH | First Lien Senior Secured Term Loan,UNA 658 Equity Management GmbH |,UNA 658 Equity Management GmbH |,First Lien,,,,1281000.0,1305000.0,1304000.0,,98.24,5.25,7.6,,,False,,,USD,1281000.0
BBDC,0001379785,0001379785-26-000030,10-Q,2026-06-30,2026-08-05,Union Bidco Limited | First Lien Senior Secured Term Loan,Union Bidco Limited |,Union Bidco Limited |,First Lien,,,,1053000.0,959000.0,1053000.0,,100.0,4.3,8.0,,,False,,,USD,1053000.0
BBDC,0001379785,0001379785-26-000030,10-Q,2026-06-30,2026-08-05,Unither (Uniholding) | First Lien Senior Secured Term Loan,Unither (Uniholding) |,Unither (Uniholding) |,First Lien,,,,648000.0,608000.0,648000.0,,100.0,4.95,7.2,,,False,,,USD,648000.0
BBDC,0001379785,0001379785-26-000030,10-Q,2026-06-30,2026-08-05,"Unosquare, LLC | First Lien Senior Secured Term Loan",Unosquare,Unosquare,First Lien,,,,2175000.0,2348000.0,2405000.0,,90.44,4.75,8.4,,,False,,,USD,2175000.0
BBDC,0001379785,0001379785-26-000030,10-Q,2026-06-30,2026-08-05,"Unosquare, LLC | Revolver","Unosquare, LLC | Revolver","Unosquare, LLC | Revolver",,,,,-34000.0,-8000.0,0.0,,425.0,4.75,8.4,,,False,,,USD,-34000.0
BBDC,0001379785,0001379785-26-000030,10-Q,2026-06-30,2026-08-05,VB Spine Intermediary II LLC | First Lien Senior Secured Term Loan,VB Spine Intermediary II LLC |,VB Spine Intermediary II LLC |,First Lien,,,,45393000.0,45392000.0,46796000.0,,97.0,5.0,8.7,,4.4,True,,,USD,45393000.0
BBDC,0001379785,0001379785-26-000030,10-Q,2026-06-30,2026-08-05,Argus Bidco Limited | First Lien Senior Secured Term Loan 1,Argus Bidco Limited |,Argus Bidco Limited |,First Lien,,,,1376000.0,1352000.0,1521000.0,,90.47,6.7,10.4,,,False,,,USD,1376000.0
BBDC,0001379785,0001379785-26-000030,10-Q,2026-06-30,2026-08-05,Argus Bidco Limited | First Lien Senior Secured Term Loan 2,Argus Bidco Limited |,Argus Bidco Limited |,First Lien,,,,1957000.0,1945000.0,2163000.0,,90.48,6.7,9.2,,,False,,,USD,1957000.0
BBDC,0001379785,0001379785-26-000030,10-Q,2026-06-30,2026-08-05,Argus Bidco Limited | First Lien Senior Secured Term Loan 3,Argus Bidco Limited |,Argus Bidco Limited |,First Lien,,,,125000.0,136000.0,138000.0,,90.58,6.7,10.3,,,False,,,USD,125000.0
BBDC,0001379785,0001379785-26-000030,10-Q,2026-06-30,2026-08-05,Argus Bidco Limited | Second Lien Senior Secured Term Loan,Argus Bidco Limited |,Argus Bidco Limited |,Second Lien,,,,683000.0,678000.0,780000.0,,87.56,,,,10.5,True,,,USD,683000.0
BBDC,0001379785,0001379785-26-000030,10-Q,2026-06-30,2026-08-05,Argus Bidco Limited | Subordinated Loan,Argus Bidco Limited |,Argus Bidco Limited |,Subordinated,,,,15000.0,15000.0,,15000.0,100.0,,24.0,,,False,,,USD,15000.0
BBDC,0001379785,0001379785-26-000030,10-Q,2026-06-30,2026-08-05,"Bitly, Inc. | First Lien Senior Secured Term Loan",Bitly,Bitly,First Lien,,,,2287000.0,2284000.0,2306000.0,,99.18,4.5,8.2,,,False,,,USD,2287000.0
BBDC,0001379785,0001379785-26-000030,10-Q,2026-06-30,2026-08-05,"Bitly, Inc. | Revolver","Bitly, Inc. | Revolver","Bitly, Inc. | Revolver",,,,,-1000.0,-2000.0,0.0,,50.0,4.5,8.2,,,False,,,USD,-1000.0
BBDC,0001379785,0001379785-26-000030,10-Q,2026-06-30,2026-08-05,"CH Buyer, LLC | First Lien Senior Secured Term Loan",CH Buyer,CH Buyer,First Lien,,,,870000.0,857000.0,870000.0,,100.0,6.25,9.9,,,False,,,USD,870000.0
BBDC,0001379785,0001379785-26-000030,10-Q,2026-06-30,2026-08-05,"CH Buyer, LLC | Revolver","CH Buyer, LLC | Revolver","CH Buyer, LLC | Revolver",,,,,0.0,-1000.0,0.0,,-0.0,6.25,9.9,,,False,,,USD,0.0
BBDC,0001379785,0001379785-26-000030,10-Q,2026-06-30,2026-08-05,"Contabo Finco
S.À R.L | First Lien Senior Secured Term Loan","Contabo Finco
S.À R.L |","Contabo Finco
S.À R.L |",First Lien,,,,5324000.0,4584000.0,5324000.0,,100.0,5.25,7.4,,,False,,,USD,5324000.0
BBDC,0001379785,0001379785-26-000030,10-Q,2026-06-30,2026-08-05,"CW Group Holdings, LLC | First Lien Senior Secured Term Loan",CW Group Holdings,CW Group Holdings,First Lien,,,,5147000.0,5063000.0,5147000.0,,100.0,4.5,8.2,,,False,,,USD,5147000.0
BBDC,0001379785,0001379785-26-000030,10-Q,2026-06-30,2026-08-05,"Discovery Buyer, L.P. | First Lien Senior Secured Term Loan",Discovery Buyer,Discovery Buyer,First Lien,,,,16892000.0,16820000.0,17024000.0,,99.22,5.0,8.7,,,False,,,USD,16892000.0
BBDC,0001379785,0001379785-26-000030,10-Q,2026-06-30,2026-08-05,"Discovery Buyer, L.P. | Revolver","Discovery Buyer, L.P. | Revolver","Discovery Buyer, L.P. | Revolver",,,,,-12000.0,-18000.0,0.0,,66.67,5.0,8.7,,,False,,,USD,-12000.0
BBDC,0001379785,0001379785-26-000030,10-Q,2026-06-30,2026-08-05,"Durare Bidco, LLC | First Lien Senior Secured Term Loan",Durare Bidco,Durare Bidco,First Lien,,,,1797000.0,1805000.0,1826000.0,,98.41,4.75,8.4,,,False,,,USD,1797000.0
BBDC,0001379785,0001379785-26-000030,10-Q,2026-06-30,2026-08-05,"Durare Bidco, LLC | Revolver","Durare Bidco, LLC | Revolver","Durare Bidco, LLC | Revolver",,,,,-12000.0,-8000.0,0.0,,150.0,4.75,8.4,,,False,,,USD,-12000.0
BBDC,0001379785,0001379785-26-000030,10-Q,2026-06-30,2026-08-05,"Dwyer Instruments, Inc. | First Lien Senior Secured Term Loan",Dwyer Instruments,Dwyer Instruments,First Lien,,,,14366000.0,14229000.0,14366000.0,,100.0,4.75,8.5,,,False,,,USD,14366000.0
BBDC,0001379785,0001379785-26-000030,10-Q,2026-06-30,2026-08-05,Eurofins Digital Testing International LUX Holding SARL | First Lien Senior Secured Term Loan 1,Eurofins Digital Testing International LUX Holding SARL |,Eurofins Digital Testing International LUX Holding SARL |,First Lien,,,,596000.0,468000.0,720000.0,,82.78,6.0,8.6,,1.0,True,,,USD,596000.0
BBDC,0001379785,0001379785-26-000030,10-Q,2026-06-30,2026-08-05,Eurofins Digital Testing International LUX Holding SARL | First Lien Senior Secured Term Loan 2,Eurofins Digital Testing International LUX Holding SARL |,Eurofins Digital Testing International LUX Holding SARL |,First Lien,,,,300000.0,234000.0,362000.0,,82.87,6.0,9.9,,1.0,True,,,USD,300000.0
BBDC,0001379785,0001379785-26-000030,10-Q,2026-06-30,2026-08-05,Eurofins Digital Testing International LUX Holding SARL | First Lien Senior Secured Term Loan 3,Eurofins Digital Testing International LUX Holding SARL |,Eurofins Digital Testing International LUX Holding SARL |,First Lien,,,,930000.0,690000.0,1123000.0,,82.81,6.0,10.0,,1.0,True,,,USD,930000.0
BBDC,0001379785,0001379785-26-000030,10-Q,2026-06-30,2026-08-05,Eurofins Digital Testing International LUX Holding SARL | Subordinated Term Loan,Eurofins Digital Testing International LUX Holding SARL |,Eurofins Digital Testing International LUX Holding SARL |,Subordinated,,,,0.0,1523000.0,4147000.0,,0.0,7.0,,,9.1,True,,,USD,0.0
BBDC,0001379785,0001379785-26-000030,10-Q,2026-06-30,2026-08-05,Everest Midco Limited | First Lien Senior Secured Term Loan 1,Everest Midco Limited |,Everest Midco Limited |,First Lien,,,,777000.0,792000.0,783000.0,,99.23,5.0,7.3,,,False,,,USD,777000.0
BBDC,0001379785,0001379785-26-000030,10-Q,2026-06-30,2026-08-05,Everest Midco Limited | First Lien Senior Secured Term Loan 2,Everest Midco Limited |,Everest Midco Limited |,First Lien,,,,3191000.0,3184000.0,3231000.0,,98.76,4.75,8.5,,,False,,,USD,3191000.0
BBDC,0001379785,0001379785-26-000030,10-Q,2026-06-30,2026-08-05,Everest Midco Limited | Revolver,Everest Midco Limited | Revolver,Everest Midco Limited | Revolver,,,,,-7000.0,-8000.0,0.0,,87.5,4.75,8.5,,,False,,,USD,-7000.0
BBDC,0001379785,0001379785-26-000030,10-Q,2026-06-30,2026-08-05,EZ SMBO Bidco | First Lien Senior Secured Term Loan 1,EZ SMBO Bidco |,EZ SMBO Bidco |,First Lien,,,,832000.0,808000.0,885000.0,,94.01,5.0,7.6,,,False,,,USD,832000.0
BBDC,0001379785,0001379785-26-000030,10-Q,2026-06-30,2026-08-05,EZ SMBO Bidco | First Lien Senior Secured Term Loan 2,EZ SMBO Bidco |,EZ SMBO Bidco |,First Lien,,,,883000.0,913000.0,895000.0,,98.66,5.0,7.3,,,False,,,USD,883000.0
BBDC,0001379785,0001379785-26-000030,10-Q,2026-06-30,2026-08-05,EZ SMBO Bidco | First Lien Senior Secured Term Loan 3,EZ SMBO Bidco |,EZ SMBO Bidco |,First Lien,,,,740000.0,714000.0,750000.0,,98.67,8.0,,,10.8,True,,,USD,740000.0
BBDC,0001379785,0001379785-26-000030,10-Q,2026-06-30,2026-08-05,EZ SMBO Bidco | Subordinated Term Loan,EZ SMBO Bidco |,EZ SMBO Bidco |,Subordinated,,,,329000.0,332000.0,333000.0,,98.8,8.0,10.3,,,False,,,USD,329000.0
BBDC,0001379785,0001379785-26-000030,10-Q,2026-06-30,2026-08-05,FSS Buyer LLC | First Lien Senior Secured Term Loan,FSS Buyer LLC |,FSS Buyer LLC |,First Lien,,,,4230000.0,4230000.0,4230000.0,,100.0,4.5,8.1,,,False,,,USD,4230000.0
BBDC,0001379785,0001379785-26-000030,10-Q,2026-06-30,2026-08-05,FSS Buyer LLC | Revolver,FSS Buyer LLC | Revolver,FSS Buyer LLC | Revolver,,,,,0.0,0.0,0.0,,,4.5,8.1,,,False,,,USD,0.0
BBDC,0001379785,0001379785-26-000030,10-Q,2026-06-30,2026-08-05,Haystack Holdings LLC | First Lien Senior Secured Term Loan,Haystack Holdings LLC |,Haystack Holdings LLC |,First Lien,,,,8777000.0,8776000.0,8834000.0,,99.35,4.75,8.4,,,False,,,USD,8777000.0
BBDC,0001379785,0001379785-26-000030,10-Q,2026-06-30,2026-08-05,Haystack Holdings LLC | Revolver,Haystack Holdings LLC | Revolver,Haystack Holdings LLC | Revolver,,,,,-8000.0,-8000.0,0.0,,100.0,4.75,8.4,,,False,,,USD,-8000.0
BBDC,0001379785,0001379785-26-000030,10-Q,2026-06-30,2026-08-05,"Heavy Construction Systems Specialists, LLC | First Lien Senior Secured Term Loan",Heavy Construction Systems Specialists,Heavy Construction Systems Specialists,First Lien,,,,7110000.0,7064000.0,7110000.0,,100.0,6.75,10.5,,,False,,,USD,7110000.0
BBDC,0001379785,0001379785-26-000030,10-Q,2026-06-30,2026-08-05,"Heavy Construction Systems Specialists, LLC | Revolver","Heavy Construction Systems Specialists, LLC | Revolver","Heavy Construction Systems Specialists, LLC | Revolver",,,,,0.0,-12000.0,0.0,,-0.0,6.75,10.5,,,False,,,USD,0.0
BBDC,0001379785,0001379785-26-000030,10-Q,2026-06-30,2026-08-05,"HW Holdco, LLC (Hanley Wood LLC) | First Lien Senior Secured Term Loan",HW Holdco,HW Holdco,First Lien,,,,10019000.0,9986000.0,10019000.0,,100.0,5.75,9.5,,,False,,,USD,10019000.0
BBDC,0001379785,0001379785-26-000030,10-Q,2026-06-30,2026-08-05,Lattice Group Holdings Bidco Limited | First Lien Senior Secured Term Loan 1,Lattice Group Holdings Bidco Limited |,Lattice Group Holdings Bidco Limited |,First Lien,,,,680000.0,720000.0,738000.0,,92.14,5.25,8.9,,,False,,,USD,680000.0
BBDC,0001379785,0001379785-26-000030,10-Q,2026-06-30,2026-08-05,Lattice Group Holdings Bidco Limited | First Lien Senior Secured Term Loan 2,Lattice Group Holdings Bidco Limited |,Lattice Group Holdings Bidco Limited |,First Lien,,,,205000.0,216000.0,214000.0,,95.79,5.75,9.5,,,False,,,USD,205000.0
BBDC,0001379785,0001379785-26-000030,10-Q,2026-06-30,2026-08-05,Lattice Group Holdings Bidco Limited | Revolver,Lattice Group Holdings Bidco Limited | Revolver,Lattice Group Holdings Bidco Limited | Revolver,,,,,34000.0,35000.0,35000.0,,97.14,5.25,8.9,,,False,,,USD,34000.0
BBDC,0001379785,0001379785-26-000030,10-Q,2026-06-30,2026-08-05,Lighthouse Finco SARL | First Lien Senior Secured Term Loan 1,Lighthouse Finco SARL |,Lighthouse Finco SARL |,First Lien,,,,699000.0,722000.0,705000.0,,99.15,4.75,6.9,,,False,,,USD,699000.0
BBDC,0001379785,0001379785-26-000030,10-Q,2026-06-30,2026-08-05,Lighthouse Finco SARL | First Lien Senior Secured Term Loan 2,Lighthouse Finco SARL |,Lighthouse Finco SARL |,First Lien,,,,1632000.0,1658000.0,1652000.0,,98.79,4.75,8.5,,,False,,,USD,1632000.0
BBDC,0001379785,0001379785-26-000030,10-Q,2026-06-30,2026-08-05,Maia Bidco Limited | First Lien Senior Secured Term Loan 1,Maia Bidco Limited |,Maia Bidco Limited |,First Lien,,,,2473000.0,2467000.0,2508000.0,,98.6,5.25,8.9,,,False,,,USD,2473000.0
BBDC,0001379785,0001379785-26-000030,10-Q,2026-06-30,2026-08-05,Maia Bidco Limited | First Lien Senior Secured Term Loan 2,Maia Bidco Limited |,Maia Bidco Limited |,First Lien,,,,831000.0,834000.0,862000.0,,96.4,5.25,9.0,,,False,,,USD,831000.0
BBDC,0001379785,0001379785-26-000030,10-Q,2026-06-30,2026-08-05,NAW Buyer LLC | First Lien Senior Secured Term Loan,NAW Buyer LLC |,NAW Buyer LLC |,First Lien,,,,14822000.0,14596000.0,14852000.0,,99.8,4.75,8.4,,,False,,,USD,14822000.0
BBDC,0001379785,0001379785-26-000030,10-Q,2026-06-30,2026-08-05,NAW Buyer LLC | Revolver,NAW Buyer LLC | Revolver,NAW Buyer LLC | Revolver,,,,,-3000.0,-26000.0,0.0,,11.54,4.75,8.4,,,False,,,USD,-3000.0
BBDC,0001379785,0001379785-26-000030,10-Q,2026-06-30,2026-08-05,NeoxCo | First Lien Senior Secured Term Loan,NeoxCo |,NeoxCo |,First Lien,,,,2734000.0,2541000.0,2734000.0,,100.0,6.5,8.8,,,False,,,USD,2734000.0
BBDC,0001379785,0001379785-26-000030,10-Q,2026-06-30,2026-08-05,"Next Holdco, LLC | First Lien Senior Secured Term Loan",Next Holdco,Next Holdco,First Lien,,,,21998000.0,21843000.0,22037000.0,,99.82,5.25,8.9,,,False,,,USD,21998000.0
BBDC,0001379785,0001379785-26-000030,10-Q,2026-06-30,2026-08-05,"Next Holdco, LLC | Revolver","Next Holdco, LLC | Revolver","Next Holdco, LLC | Revolver",,,,,-1000.0,-6000.0,0.0,,16.67,5.25,8.9,,,False,,,USD,-1000.0
BBDC,0001379785,0001379785-26-000030,10-Q,2026-06-30,2026-08-05,ORTEC International Newco B.V. | First Lien Senior Secured Term Loan,ORTEC International Newco B.V. |,ORTEC International Newco B.V. |,First Lien,,,,1045000.0,980000.0,1045000.0,,100.0,5.25,7.6,,,False,,,USD,1045000.0
BBDC,0001379785,0001379785-26-000030,10-Q,2026-06-30,2026-08-05,"OSP Hamilton Purchaser, LLC | First Lien Senior Secured Term Loan",OSP Hamilton Purchaser,OSP Hamilton Purchaser,First Lien,,,,17971000.0,18002000.0,18153000.0,,99.0,4.25,7.9,,,False,,,USD,17971000.0
BBDC,0001379785,0001379785-26-000030,10-Q,2026-06-30,2026-08-05,"OSP Hamilton Purchaser, LLC | Revolver","OSP Hamilton Purchaser, LLC | Revolver","OSP Hamilton Purchaser, LLC | Revolver",,,,,669000.0,674000.0,687000.0,,97.38,4.25,7.9,,,False,,,USD,669000.0
BBDC,0001379785,0001379785-26-000030,10-Q,2026-06-30,2026-08-05,"OSP Lakeside Intermediate Holdings 2, LLC | First Lien Senior Secured Term Loan",OSP Lakeside Intermediate Holdings 2,OSP Lakeside Intermediate Holdings 2,First Lien,,,,3972000.0,4187000.0,4243000.0,,93.61,5.5,9.1,,,False,,,USD,3972000.0
BBDC,0001379785,0001379785-26-000030,10-Q,2026-06-30,2026-08-05,"OSP Lakeside Intermediate Holdings 2, LLC | Revolver","OSP Lakeside Intermediate Holdings 2, LLC | Revolver","OSP Lakeside Intermediate Holdings 2, LLC | Revolver",,,,,-47000.0,-10000.0,0.0,,470.0,5.5,9.1,,,False,,,USD,-47000.0
BBDC,0001379785,0001379785-26-000030,10-Q,2026-06-30,2026-08-05,PDQ.Com Corporation | First Lien Senior Secured Term Loan,PDQ.Com Corporation |,PDQ.Com Corporation |,First Lien,,,,13049000.0,13162000.0,13221000.0,,98.7,4.5,8.2,,,False,,,USD,13049000.0
BBDC,0001379785,0001379785-26-000030,10-Q,2026-06-30,2026-08-05,"PowerGEM Buyer, Inc. | First Lien Senior Secured Term Loan",PowerGEM Buyer,PowerGEM Buyer,First Lien,,,,5625000.0,5671000.0,5767000.0,,97.54,4.75,8.4,,,False,,,USD,5625000.0
BBDC,0001379785,0001379785-26-000030,10-Q,2026-06-30,2026-08-05,"PowerGEM Buyer, Inc. | Revolver","PowerGEM Buyer, Inc. | Revolver","PowerGEM Buyer, Inc. | Revolver",,,,,-12000.0,-7000.0,0.0,,171.43,4.75,8.4,,,False,,,USD,-12000.0
BBDC,0001379785,0001379785-26-000030,10-Q,2026-06-30,2026-08-05,"ProfitOptics, LLC | First Lien Senior Secured Term Loan",ProfitOptics,ProfitOptics,First Lien,,,,1577000.0,1576000.0,1586000.0,,99.43,5.0,8.7,,,False,,,USD,1577000.0
BBDC,0001379785,0001379785-26-000030,10-Q,2026-06-30,2026-08-05,"ProfitOptics, LLC | Revolver","ProfitOptics, LLC | Revolver","ProfitOptics, LLC | Revolver",,,,,-3000.0,-3000.0,0.0,,100.0,5.0,8.7,,,False,,,USD,-3000.0
BBDC,0001379785,0001379785-26-000030,10-Q,2026-06-30,2026-08-05,"ProfitOptics, LLC | Senior Subordinated Term Loan",ProfitOptics,ProfitOptics,Senior Subordinated,,,,78000.0,81000.0,81000.0,,96.3,,8.0,,,False,,,USD,78000.0
BBDC,0001379785,0001379785-26-000030,10-Q,2026-06-30,2026-08-05,"Pro-Vision Solutions Holdings, LLC | First Lien Senior Secured Term Loan",Pro-Vision Solutions Holdings,Pro-Vision Solutions Holdings,First Lien,,,,7640000.0,7591000.0,7670000.0,,99.61,4.25,7.9,,,False,,,USD,7640000.0
BBDC,0001379785,0001379785-26-000030,10-Q,2026-06-30,2026-08-05,"Pro-Vision Solutions Holdings, LLC | Revolver","Pro-Vision Solutions Holdings, LLC | Revolver","Pro-Vision Solutions Holdings, LLC | Revolver",,,,,199000.0,187000.0,208000.0,,95.67,4.25,7.9,,,False,,,USD,199000.0
BBDC,0001379785,0001379785-26-000030,10-Q,2026-06-30,2026-08-05,"PSP Intermediate 4, LLC | First Lien Senior Secured Term Loan 1",PSP Intermediate 4,PSP Intermediate 4,First Lien,,,,930000.0,855000.0,934000.0,,99.57,4.75,7.0,,,False,,,USD,930000.0
BBDC,0001379785,0001379785-26-000030,10-Q,2026-06-30,2026-08-05,"PSP Intermediate 4, LLC | First Lien Senior Secured Term Loan 2",PSP Intermediate 4,PSP Intermediate 4,First Lien,,,,1404000.0,1399000.0,1411000.0,,99.5,4.75,8.5,,,False,,,USD,1404000.0
BBDC,0001379785,0001379785-26-000030,10-Q,2026-06-30,2026-08-05,"RA Outdoors, LLC | First Lien Senior Secured Term Loan",RA Outdoors,RA Outdoors,First Lien,,,,7828000.0,14971000.0,15815000.0,,49.5,6.75,,,10.6,True,,,USD,7828000.0
BBDC,0001379785,0001379785-26-000030,10-Q,2026-06-30,2026-08-05,"RA Outdoors, LLC | Revolver","RA Outdoors, LLC | Revolver","RA Outdoors, LLC | Revolver",,,,,749000.0,1430000.0,1512000.0,,49.54,6.75,,,10.6,True,,,USD,749000.0
BBDC,0001379785,0001379785-26-000030,10-Q,2026-06-30,2026-08-05,"Saab Purchaser, Inc. | First Lien Senior Secured Term Loan",Saab Purchaser,Saab Purchaser,First Lien,,,,13423000.0,13449000.0,13559000.0,,99.0,4.5,8.2,,,False,,,USD,13423000.0
BBDC,0001379785,0001379785-26-000030,10-Q,2026-06-30,2026-08-05,"Saab Purchaser, Inc. | Revolver","Saab Purchaser, Inc. | Revolver","Saab Purchaser, Inc. | Revolver",,,,,-24000.0,-18000.0,0.0,,133.33,4.5,8.2,,,False,,,USD,-24000.0
BBDC,0001379785,0001379785-26-000030,10-Q,2026-06-30,2026-08-05,Scout Bidco B.V. | First Lien Senior Secured Term Loan 1,Scout Bidco B.V. |,Scout Bidco B.V. |,First Lien,,,,3525000.0,3381000.0,3653000.0,,96.5,5.75,8.0,,,False,,,USD,3525000.0
BBDC,0001379785,0001379785-26-000030,10-Q,2026-06-30,2026-08-05,Scout Bidco B.V. | First Lien Senior Secured Term Loan 2,Scout Bidco B.V. |,Scout Bidco B.V. |,First Lien,,,,428000.0,443000.0,443000.0,,96.61,5.75,9.3,,,False,,,USD,428000.0
BBDC,0001379785,0001379785-26-000030,10-Q,2026-06-30,2026-08-05,Scout Bidco B.V. | Revolver,Scout Bidco B.V. | Revolver,Scout Bidco B.V. | Revolver,,,,,403000.0,445000.0,441000.0,,91.38,5.5,7.8,,,False,,,USD,403000.0
BBDC,0001379785,0001379785-26-000030,10-Q,2026-06-30,2026-08-05,Sinari Invest | First Lien Senior Secured Term Loan,Sinari Invest |,Sinari Invest |,First Lien,,,,1717000.0,1956000.0,2089000.0,,82.19,6.5,9.1,,,False,,,USD,1717000.0
BBDC,0001379785,0001379785-26-000030,10-Q,2026-06-30,2026-08-05,Sonicwall US Holdings Inc | First Lien Senior Secured Term Loan 1,Sonicwall US Holdings Inc |,Sonicwall US Holdings Inc |,First Lien,,,,783000.0,631000.0,2044000.0,,38.31,5.0,8.7,,,False,,,USD,783000.0
BBDC,0001379785,0001379785-26-000030,10-Q,2026-06-30,2026-08-05,Sonicwall US Holdings Inc | First Lien Senior Secured Term Loan 2,Sonicwall US Holdings Inc |,Sonicwall US Holdings Inc |,First Lien,,,,1101000.0,2833000.0,2872000.0,,38.34,5.5,9.2,,,False,,,USD,1101000.0
BBDC,0001379785,0001379785-26-000030,10-Q,2026-06-30,2026-08-05,Stage 3 Holdco LLC | First Lien Senior Secured Term Loan,Stage 3 Holdco LLC |,Stage 3 Holdco LLC |,First Lien,,,,2886000.0,2886000.0,2941000.0,,98.13,5.5,9.1,,,False,,,USD,2886000.0
BBDC,0001379785,0001379785-26-000030,10-Q,2026-06-30,2026-08-05,Stage 3 Holdco LLC | Revolver,Stage 3 Holdco LLC | Revolver,Stage 3 Holdco LLC | Revolver,,,,,-7000.0,-7000.0,0.0,,100.0,5.5,9.1,,,False,,,USD,-7000.0
BBDC,0001379785,0001379785-26-000030,10-Q,2026-06-30,2026-08-05,Syntax Midco 2 Inc. | First Lien Senior Secured Term Loan,Syntax Midco 2 Inc. |,Syntax Midco 2 Inc. |,First Lien,,,,2602000.0,2596000.0,2633000.0,,98.82,4.5,8.1,,,False,,,USD,2602000.0
BBDC,0001379785,0001379785-26-000030,10-Q,2026-06-30,2026-08-05,Syntax Midco 2 Inc. | Revolver,Syntax Midco 2 Inc. | Revolver,Syntax Midco 2 Inc. | Revolver,,,,,493000.0,489000.0,518000.0,,95.17,4.5,8.1,,,False,,,USD,493000.0
BBDC,0001379785,0001379785-26-000030,10-Q,2026-06-30,2026-08-05,White Bidco Limited | First Lien Senior Secured Term Loan,White Bidco Limited |,White Bidco Limited |,First Lien,,,,2257000.0,2235000.0,2275000.0,,99.21,4.5,8.2,,,False,,,USD,2257000.0
BBDC,0001379785,0001379785-26-000030,10-Q,2026-06-30,2026-08-05,Zelda Luxco S.A.S | First Lien Senior Secured Term Loan,Zelda Luxco S.A.S |,Zelda Luxco S.A.S |,First Lien,,,,1671000.0,1693000.0,1706000.0,,97.95,5.25,7.4,,,False,,,USD,1671000.0
BBDC,0001379785,0001379785-26-000030,10-Q,2026-06-30,2026-08-05,Featherstone Bidco Limited | First Lien Senior Secured Term Loan 1,Featherstone Bidco Limited |,Featherstone Bidco Limited |,First Lien,,,,1009000.0,1009000.0,1009000.0,,100.0,6.0,9.6,,,False,,,USD,1009000.0
BBDC,0001379785,0001379785-26-000030,10-Q,2026-06-30,2026-08-05,Featherstone Bidco Limited | First Lien Senior Secured Term Loan 2,Featherstone Bidco Limited |,Featherstone Bidco Limited |,First Lien,,,,1289000.0,1284000.0,1289000.0,,100.0,6.0,9.7,,,False,,,USD,1289000.0
BBDC,0001379785,0001379785-26-000030,10-Q,2026-06-30,2026-08-05,"ASC Communications, LLC | First Lien Senior Secured Term Loan",ASC Communications,ASC Communications,First Lien,,,,4691000.0,4698000.0,4716000.0,,99.47,4.5,8.1,,,False,,,USD,4691000.0
BBDC,0001379785,0001379785-26-000030,10-Q,2026-06-30,2026-08-05,"ASC Communications, LLC | Revolver","ASC Communications, LLC | Revolver","ASC Communications, LLC | Revolver",,,,,-6000.0,-4000.0,0.0,,150.0,4.5,8.1,,,False,,,USD,-6000.0
BBDC,0001379785,0001379785-26-000030,10-Q,2026-06-30,2026-08-05,"Superjet Buyer, LLC | First Lien Senior Secured Term Loan",Superjet Buyer,Superjet Buyer,First Lien,,,,4505000.0,4538000.0,4574000.0,,98.49,5.05,8.7,,,False,,,USD,4505000.0
BBDC,0001379785,0001379785-26-000030,10-Q,2026-06-30,2026-08-05,"Superjet Buyer, LLC | Revolver","Superjet Buyer, LLC | Revolver","Superjet Buyer, LLC | Revolver",,,,,-22000.0,-10000.0,0.0,,220.0,5.05,8.7,,,False,,,USD,-22000.0
BBDC,0001379785,0001379785-26-000030,10-Q,2026-06-30,2026-08-05,"Music Reports, Inc. | First Lien Senior Secured Term Loan",Music Reports,Music Reports,First Lien,,,,6812000.0,6917000.0,6923000.0,,98.4,6.0,9.8,,,False,,,USD,6812000.0
BBDC,0001379785,0001379785-26-000030,10-Q,2026-06-30,2026-08-05,"The Octave Music Group, Inc. | First Lien Senior Secured Term Loan",The Octave Music Group,The Octave Music Group,First Lien,,,,53000.0,59000.0,59000.0,,89.83,4.75,8.5,,,False,,,USD,53000.0
BBDC,0001379785,0001379785-26-000030,10-Q,2026-06-30,2026-08-05,BrightSign LLC | First Lien Senior Secured Term Loan,BrightSign LLC |,BrightSign LLC |,First Lien,,,,4922000.0,4983000.0,4996000.0,,98.52,5.25,9.0,,,False,,,USD,4922000.0
BBDC,0001379785,0001379785-26-000030,10-Q,2026-06-30,2026-08-05,BrightSign LLC | Revolver,BrightSign LLC | Revolver,BrightSign LLC | Revolver,,,,,-20000.0,-3000.0,0.0,,666.67,5.25,9.0,,,False,,,USD,-20000.0
BBDC,0001379785,0001379785-26-000030,10-Q,2026-06-30,2026-08-05,CM Acquisitions Holdings Inc. | First Lien Senior Secured Term Loan,CM Acquisitions Holdings Inc. |,CM Acquisitions Holdings Inc. |,First Lien,,,,6649000.0,6628000.0,6649000.0,,100.0,5.5,9.2,,,False,,,USD,6649000.0
BBDC,0001379785,0001379785-26-000030,10-Q,2026-06-30,2026-08-05,Footco 40 Limited | First Lien Senior Secured Term Loan 1,Footco 40 Limited |,Footco 40 Limited |,First Lien,,,,232000.0,223000.0,241000.0,,96.27,6.0,8.5,,,False,,,USD,232000.0
BBDC,0001379785,0001379785-26-000030,10-Q,2026-06-30,2026-08-05,Footco 40 Limited | First Lien Senior Secured Term Loan 2,Footco 40 Limited |,Footco 40 Limited |,First Lien,,,,1634000.0,1649000.0,1695000.0,,96.4,6.0,9.7,,,False,,,USD,1634000.0
BBDC,0001379785,0001379785-26-000030,10-Q,2026-06-30,2026-08-05,"London Buyer, LLC | First Lien Senior Secured Term Loan",London Buyer,London Buyer,First Lien,,,,11360000.0,11360000.0,11488000.0,,98.89,5.0,8.7,,,False,,,USD,11360000.0
BBDC,0001379785,0001379785-26-000030,10-Q,2026-06-30,2026-08-05,"London Buyer, LLC | Revolver","London Buyer, LLC | Revolver","London Buyer, LLC | Revolver",,,,,-22000.0,-22000.0,0.0,,100.0,5.0,8.7,,,False,,,USD,-22000.0
BBDC,0001379785,0001379785-26-000030,10-Q,2026-06-30,2026-08-05,Murphy Midco Limited | First Lien Senior Secured Term Loan,Murphy Midco Limited |,Murphy Midco Limited |,First Lien,,,,1450000.0,1728000.0,1739000.0,,83.38,6.25,10.3,,,False,,,USD,1450000.0
BBDC,0001379785,0001379785-26-000030,10-Q,2026-06-30,2026-08-05,Rock Labor LLC | First Lien Senior Secured Term Loan,Rock Labor LLC |,Rock Labor LLC |,First Lien,,,,6438000.0,6319000.0,6438000.0,,100.0,5.5,9.2,,,False,,,USD,6438000.0
BBDC,0001379785,0001379785-26-000030,10-Q,2026-06-30,2026-08-05,Rock Labor LLC | Revolver,Rock Labor LLC | Revolver,Rock Labor LLC | Revolver,,,,,0.0,-18000.0,0.0,,-0.0,5.5,9.2,,,False,,,USD,0.0
BBDC,0001379785,0001379785-26-000030,10-Q,2026-06-30,2026-08-05,"Screenvision, LLC | First Lien Senior Secured Term Loan",Screenvision,Screenvision,First Lien,,,,5079000.0,5076000.0,5158000.0,,98.47,5.0,8.7,,,False,,,USD,5079000.0
BBDC,0001379785,0001379785-26-000030,10-Q,2026-06-30,2026-08-05,"Screenvision, LLC | Revolver","Screenvision, LLC | Revolver","Screenvision, LLC | Revolver",,,,,-9000.0,-9000.0,0.0,,100.0,5.0,8.7,,,False,,,USD,-9000.0
BBDC,0001379785,0001379785-26-000030,10-Q,2026-06-30,2026-08-05,"Screenvision, LLC | Second Lien Senior Secured Term Loan",Screenvision,Screenvision,Second Lien,,,,32502000.0,32432000.0,33528000.0,,96.94,8.5,12.2,,,False,,,USD,32502000.0
BBDC,0001379785,0001379785-26-000030,10-Q,2026-06-30,2026-08-05,"Solo Buyer, L.P. | First Lien Senior Secured Term Loan",Solo Buyer,Solo Buyer,First Lien,,,,14601000.0,14879000.0,15099000.0,,96.7,6.25,9.9,,,False,,,USD,14601000.0
BBDC,0001379785,0001379785-26-000030,10-Q,2026-06-30,2026-08-05,"Solo Buyer, L.P. | Revolver","Solo Buyer, L.P. | Revolver","Solo Buyer, L.P. | Revolver",,,,,765000.0,810000.0,831000.0,,92.06,6.25,9.9,,,False,,,USD,765000.0
BBDC,0001379785,0001379785-26-000030,10-Q,2026-06-30,2026-08-05,"Vital Buyer, LLC | First Lien Senior Secured Term Loan",Vital Buyer,Vital Buyer,First Lien,,,,13124000.0,13103000.0,13201000.0,,99.42,4.5,8.2,,,False,,,USD,13124000.0
BBDC,0001379785,0001379785-26-000030,10-Q,2026-06-30,2026-08-05,Arch Global Precision LLC | First Lien Senior Secured Term Loan,Arch Global Precision LLC |,Arch Global Precision LLC |,First Lien,,,,8264000.0,8848000.0,8848000.0,,93.4,4.75,8.6,,,False,,,USD,8264000.0
BBDC,0001379785,0001379785-26-000030,10-Q,2026-06-30,2026-08-05,Accelevation LLC | First Lien Senior Secured Term Loan,Accelevation LLC |,Accelevation LLC |,First Lien,,,,6065000.0,6073000.0,6165000.0,,98.38,5.0,8.6,,,False,,,USD,6065000.0
BBDC,0001379785,0001379785-26-000030,10-Q,2026-06-30,2026-08-05,Accelevation LLC | Revolver,Accelevation LLC | Revolver,Accelevation LLC | Revolver,,,,,-15000.0,-10000.0,0.0,,150.0,5.0,8.6,,,False,,,USD,-15000.0
BBDC,0001379785,0001379785-26-000030,10-Q,2026-06-30,2026-08-05,Acclime Holdings HK Limited | Subordinated Term Loan,Acclime Holdings HK Limited |,Acclime Holdings HK Limited |,Subordinated,,,,269000.0,265000.0,269000.0,,100.0,,15.0,,,False,,,USD,269000.0
BBDC,0001379785,0001379785-26-000030,10-Q,2026-06-30,2026-08-05,Acogroup | First Lien Senior Secured Term Loan,Acogroup |,Acogroup |,First Lien,,,,1566000.0,8051000.0,8468000.0,,18.49,2.9,,,6.4,True,,,USD,1566000.0
BBDC,0001379785,0001379785-26-000030,10-Q,2026-06-30,2026-08-05,Adhefin International | First Lien Senior Secured Term Loan,Adhefin International |,Adhefin International |,First Lien,,,,2280000.0,2194000.0,2313000.0,,98.57,4.98,7.3,,,False,,,USD,2280000.0
BBDC,0001379785,0001379785-26-000030,10-Q,2026-06-30,2026-08-05,AlliA Insurance Brokers NV | First Lien Senior Secured Term Loan,AlliA Insurance Brokers NV |,AlliA Insurance Brokers NV |,First Lien,,,,5229000.0,4949000.0,5364000.0,,97.48,6.25,8.5,,,False,,,USD,5229000.0
BBDC,0001379785,0001379785-26-000030,10-Q,2026-06-30,2026-08-05,Apex Bidco Limited | First Lien Senior Secured Term Loan,Apex Bidco Limited |,Apex Bidco Limited |,First Lien,,,,3381000.0,3240000.0,3392000.0,,99.68,6.75,10.6,,,False,,,USD,3381000.0
BBDC,0001379785,0001379785-26-000030,10-Q,2026-06-30,2026-08-05,Apex Bidco Limited | Subordinated Senior Unsecured Term Loan,Apex Bidco Limited |,Apex Bidco Limited |,Subordinated,,,,406000.0,399000.0,407000.0,,99.75,,,,9.0,True,,,USD,406000.0
BBDC,0001379785,0001379785-26-000030,10-Q,2026-06-30,2026-08-05,"ARC Interco Purchaser, LLC | First Lien Senior Secured Term Loan 1",ARC Interco Purchaser,ARC Interco Purchaser,First Lien,,,,4691000.0,4700000.0,4763000.0,,98.49,5.0,8.7,,,False,,,USD,4691000.0
BBDC,0001379785,0001379785-26-000030,10-Q,2026-06-30,2026-08-05,"ARC Interco Purchaser, LLC | First Lien Senior Secured Term Loan 2",ARC Interco Purchaser,ARC Interco Purchaser,First Lien,,,,608000.0,607000.0,616000.0,,98.7,5.25,8.9,,,False,,,USD,608000.0
BBDC,0001379785,0001379785-26-000030,10-Q,2026-06-30,2026-08-05,"ARC Interco Purchaser, LLC | Revolver","ARC Interco Purchaser, LLC | Revolver","ARC Interco Purchaser, LLC | Revolver",,,,,-16000.0,-13000.0,0.0,,123.08,5.0,8.7,,,False,,,USD,-16000.0
BBDC,0001379785,0001379785-26-000030,10-Q,2026-06-30,2026-08-05,Artemis Bidco Limited | First Lien Senior Secured Term Loan,Artemis Bidco Limited |,Artemis Bidco Limited |,First Lien,,,,623000.0,593000.0,638000.0,,97.65,5.25,7.5,,,False,,,USD,623000.0
BBDC,0001379785,0001379785-26-000030,10-Q,2026-06-30,2026-08-05,Auxi International | First Lien Senior Secured Term Loan 1,Auxi International |,Auxi International |,First Lien,,,,1559000.0,1549000.0,1601000.0,,97.38,6.0,8.3,,,False,,,USD,1559000.0
BBDC,0001379785,0001379785-26-000030,10-Q,2026-06-30,2026-08-05,Auxi International | First Lien Senior Secured Term Loan 2,Auxi International |,Auxi International |,First Lien,,,,866000.0,916000.0,889000.0,,97.41,6.0,9.7,,,False,,,USD,866000.0
BBDC,0001379785,0001379785-26-000030,10-Q,2026-06-30,2026-08-05,"AWP Group Holdings, Inc. | First Lien Senior Secured Term Loan",AWP Group Holdings,AWP Group Holdings,First Lien,,,,8464000.0,8466000.0,8528000.0,,99.25,5.25,5.6,,3.3,True,,,USD,8464000.0
BBDC,0001379785,0001379785-26-000030,10-Q,2026-06-30,2026-08-05,"AWP Group Holdings, Inc. | Revolver","AWP Group Holdings, Inc. | Revolver","AWP Group Holdings, Inc. | Revolver",,,,,384000.0,384000.0,395000.0,,97.22,5.25,5.6,,3.3,True,,,USD,384000.0
BBDC,0001379785,0001379785-26-000030,10-Q,2026-06-30,2026-08-05,"Azalea Buyer, Inc. | First Lien Senior Secured Term Loan",Azalea Buyer,Azalea Buyer,First Lien,,,,4713000.0,4690000.0,4713000.0,,100.0,5.25,9.0,,,False,,,USD,4713000.0
BBDC,0001379785,0001379785-26-000030,10-Q,2026-06-30,2026-08-05,"Azalea Buyer, Inc. | Revolver","Azalea Buyer, Inc. | Revolver","Azalea Buyer, Inc. | Revolver",,,,,0.0,-2000.0,0.0,,-0.0,5.25,9.0,,,False,,,USD,0.0
BBDC,0001379785,0001379785-26-000030,10-Q,2026-06-30,2026-08-05,"Azalea Buyer, Inc. | Subordinated Term Loan",Azalea Buyer,Azalea Buyer,Subordinated,,,,2165000.0,2156000.0,2165000.0,,100.0,,,,12.0,True,,,USD,2165000.0
BBDC,0001379785,0001379785-26-000030,10-Q,2026-06-30,2026-08-05,"Basin Innovation Group, LLC | First Lien Senior Secured Term Loan",Basin Innovation Group,Basin Innovation Group,First Lien,,,,7952000.0,7932000.0,8025000.0,,99.09,4.75,8.4,,,False,,,USD,7952000.0
BBDC,0001379785,0001379785-26-000030,10-Q,2026-06-30,2026-08-05,"Basin Innovation Group, LLC | Revolver","Basin Innovation Group, LLC | Revolver","Basin Innovation Group, LLC | Revolver",,,,,-17000.0,-21000.0,0.0,,80.95,4.75,8.4,,,False,,,USD,-17000.0
BBDC,0001379785,0001379785-26-000030,10-Q,2026-06-30,2026-08-05,"BNI Global, LLC | First Lien Senior Secured Term Loan",BNI Global,BNI Global,First Lien,,,,10267000.0,9676000.0,10267000.0,,100.0,5.5,7.7,,,False,,,USD,10267000.0
BBDC,0001379785,0001379785-26-000030,10-Q,2026-06-30,2026-08-05,"Bounteous, Inc. | First Lien Senior Secured Term Loan",Bounteous,Bounteous,First Lien,,,,4029000.0,4027000.0,4043000.0,,99.65,4.75,8.5,,,False,,,USD,4029000.0
BBDC,0001379785,0001379785-26-000030,10-Q,2026-06-30,2026-08-05,British Engineering Services Holdco Limited | First Lien Senior Secured Term Loan,British Engineering Services Holdco Limited |,British Engineering Services Holdco Limited |,First Lien,,,,14785000.0,16529000.0,16464000.0,,89.8,2.8,6.7,,5.0,True,,,USD,14785000.0
BBDC,0001379785,0001379785-26-000030,10-Q,2026-06-30,2026-08-05,"Broadway Buyer, LLC | First Lien Senior Secured Term Loan",Broadway Buyer,Broadway Buyer,First Lien,,,,2132000.0,2128000.0,2163000.0,,98.57,4.25,8.0,,,False,,,USD,2132000.0
BBDC,0001379785,0001379785-26-000030,10-Q,2026-06-30,2026-08-05,"Broadway Buyer, LLC | Revolver","Broadway Buyer, LLC | Revolver","Broadway Buyer, LLC | Revolver",,,,,108000.0,107000.0,116000.0,,93.1,4.25,8.0,,,False,,,USD,108000.0
BBDC,0001379785,0001379785-26-000030,10-Q,2026-06-30,2026-08-05,Caldwell & Gregory LLC | First Lien Senior Secured Term Loan,Caldwell & Gregory LLC |,Caldwell & Gregory LLC |,First Lien,,,,14691000.0,14527000.0,14691000.0,,100.0,4.75,8.5,,,False,,,USD,14691000.0
BBDC,0001379785,0001379785-26-000030,10-Q,2026-06-30,2026-08-05,Caldwell & Gregory LLC | Revolver,Caldwell & Gregory LLC | Revolver,Caldwell & Gregory LLC | Revolver,,,,,0.0,-27000.0,0.0,,-0.0,4.75,8.5,,,False,,,USD,0.0
BBDC,0001379785,0001379785-26-000030,10-Q,2026-06-30,2026-08-05,"CGI Parent, LLC | First Lien Senior Secured Term Loan",CGI Parent,CGI Parent,First Lien,,,,13382000.0,13321000.0,13443000.0,,99.55,4.5,8.2,,,False,,,USD,13382000.0
BBDC,0001379785,0001379785-26-000030,10-Q,2026-06-30,2026-08-05,"CGI Parent, LLC | Revolver","CGI Parent, LLC | Revolver","CGI Parent, LLC | Revolver",,,,,-7000.0,-9000.0,0.0,,77.78,4.5,8.2,,,False,,,USD,-7000.0
BBDC,0001379785,0001379785-26-000030,10-Q,2026-06-30,2026-08-05,Cherry Bekaert Advisory LLC | First Lien Senior Secured Term Loan,Cherry Bekaert Advisory LLC |,Cherry Bekaert Advisory LLC |,First Lien,,,,9175000.0,9172000.0,9335000.0,,98.29,5.0,8.6,,,False,,,USD,9175000.0
BBDC,0001379785,0001379785-26-000030,10-Q,2026-06-30,2026-08-05,Cherry Bekaert Advisory LLC | Revolver,Cherry Bekaert Advisory LLC | Revolver,Cherry Bekaert Advisory LLC | Revolver,,,,,966000.0,969000.0,980000.0,,98.57,5.0,8.6,,,False,,,USD,966000.0
BBDC,0001379785,0001379785-26-000030,10-Q,2026-06-30,2026-08-05,CloudOne Digital Corp. | First Lien Senior Secured Term Loan,CloudOne Digital Corp. |,CloudOne Digital Corp. |,First Lien,,,,12125000.0,12097000.0,12231000.0,,99.13,4.75,8.4,,,False,,,USD,12125000.0
BBDC,0001379785,0001379785-26-000030,10-Q,2026-06-30,2026-08-05,CloudOne Digital Corp. | Revolver,CloudOne Digital Corp. | Revolver,CloudOne Digital Corp. | Revolver,,,,,-24000.0,-29000.0,0.0,,82.76,4.75,8.4,,,False,,,USD,-24000.0
BBDC,0001379785,0001379785-26-000030,10-Q,2026-06-30,2026-08-05,"CMT Opco Holding, LLC (Concept Machine) | First Lien Senior Secured Term Loan",CMT Opco Holding,CMT Opco Holding,First Lien,,,,4149000.0,4711000.0,4721000.0,,87.88,5.0,8.8,,1.0,True,,,USD,4149000.0
BBDC,0001379785,0001379785-26-000030,10-Q,2026-06-30,2026-08-05,"Comply365, LLC | First Lien Senior Secured Term Loan",Comply365,Comply365,First Lien,,,,10721000.0,10661000.0,10756000.0,,99.67,5.25,9.0,,,False,,,USD,10721000.0
BBDC,0001379785,0001379785-26-000030,10-Q,2026-06-30,2026-08-05,"Comply365, LLC | Revolver","Comply365, LLC | Revolver","Comply365, LLC | Revolver",,,,,290000.0,283000.0,293000.0,,98.98,5.25,9.0,,,False,,,USD,290000.0
BBDC,0001379785,0001379785-26-000030,10-Q,2026-06-30,2026-08-05,Coyo Uprising GmbH | First Lien Senior Secured Term Loan,Coyo Uprising GmbH |,Coyo Uprising GmbH |,First Lien,,,,5332000.0,5463000.0,5477000.0,,97.35,6.5,9.0,,0.3,True,,,USD,5332000.0
BBDC,0001379785,0001379785-26-000030,10-Q,2026-06-30,2026-08-05,DISA Holdings Corp. | First Lien Senior Secured Term Loan,DISA Holdings Corp. |,DISA Holdings Corp. |,First Lien,,,,6776000.0,6756000.0,6844000.0,,99.01,5.0,8.7,,,False,,,USD,6776000.0
BBDC,0001379785,0001379785-26-000030,10-Q,2026-06-30,2026-08-05,DISA Holdings Corp. | Revolver,DISA Holdings Corp. | Revolver,DISA Holdings Corp. | Revolver,,,,,-4000.0,-6000.0,0.0,,66.67,5.0,8.7,,,False,,,USD,-4000.0
BBDC,0001379785,0001379785-26-000030,10-Q,2026-06-30,2026-08-05,Dunlipharder B.V. | First Lien Senior Secured Term Loan,Dunlipharder B.V. |,Dunlipharder B.V. |,First Lien,,,,1000000.0,994000.0,1000000.0,,100.0,5.25,8.9,,,False,,,USD,1000000.0
BBDC,0001379785,0001379785-26-000030,10-Q,2026-06-30,2026-08-05,EFC International | Senior Unsecured Term Loan,EFC International | Senior Unsecured Term Loan,EFC International | Senior Unsecured Term Loan,,,,,828000.0,822000.0,837000.0,,98.92,,11.0,,2.5,True,,,USD,828000.0
BBDC,0001379785,0001379785-26-000030,10-Q,2026-06-30,2026-08-05,Electric Equipment & Engineering Co. | First Lien Senior Secured Term Loan,Electric Equipment & Engineering Co. |,Electric Equipment & Engineering Co. |,First Lien,,,,722000.0,723000.0,735000.0,,98.23,,10.5,,3.0,True,,,USD,722000.0
BBDC,0001379785,0001379785-26-000030,10-Q,2026-06-30,2026-08-05,Events Software BidCo Pty Ltd | First Lien Senior Secured Term Loan,Events Software BidCo Pty Ltd |,Events Software BidCo Pty Ltd |,First Lien,,,,1585000.0,1837000.0,1723000.0,,91.99,6.5,10.6,,,False,,,USD,1585000.0
BBDC,0001379785,0001379785-26-000030,10-Q,2026-06-30,2026-08-05,Expert Institute Group Inc. | First Lien Senior Secured Term Loan,Expert Institute Group Inc. |,Expert Institute Group Inc. |,First Lien,,,,1087000.0,1064000.0,1087000.0,,100.0,4.25,8.0,,,False,,,USD,1087000.0
BBDC,0001379785,0001379785-26-000030,10-Q,2026-06-30,2026-08-05,Expert Institute Group Inc. | Revolver,Expert Institute Group Inc. | Revolver,Expert Institute Group Inc. | Revolver,,,,,0.0,-5000.0,0.0,,-0.0,4.25,8.0,,,False,,,USD,0.0
BBDC,0001379785,0001379785-26-000030,10-Q,2026-06-30,2026-08-05,Greenhill II BV | First Lien Senior Secured Term Loan,Greenhill II BV |,Greenhill II BV |,First Lien,,,,1711000.0,1584000.0,1716000.0,,99.71,4.85,7.1,,,False,,,USD,1711000.0
BBDC,0001379785,0001379785-26-000030,10-Q,2026-06-30,2026-08-05,HEKA Invest | First Lien Senior Secured Term Loan,HEKA Invest |,HEKA Invest |,First Lien,,,,5136000.0,4536000.0,5355000.0,,95.91,6.2,8.3,,,False,,,USD,5136000.0
BBDC,0001379785,0001379785-26-000030,10-Q,2026-06-30,2026-08-05,HS Advisory Buyer LLC | First Lien Senior Secured Term Loan,HS Advisory Buyer LLC |,HS Advisory Buyer LLC |,First Lien,,,,2321000.0,2317000.0,2350000.0,,98.77,4.75,8.5,,,False,,,USD,2321000.0
BBDC,0001379785,0001379785-26-000030,10-Q,2026-06-30,2026-08-05,HS Advisory Buyer LLC | Revolver,HS Advisory Buyer LLC | Revolver,HS Advisory Buyer LLC | Revolver,,,,,274000.0,273000.0,280000.0,,97.86,4.75,8.5,,,False,,,USD,274000.0
BBDC,0001379785,0001379785-26-000030,10-Q,2026-06-30,2026-08-05,HSL Compliance | First Lien Senior Secured Term Loan,HSL Compliance |,HSL Compliance |,First Lien,,,,3360000.0,3262000.0,3423000.0,,98.16,5.25,9.0,,,False,,,USD,3360000.0
BBDC,0001379785,0001379785-26-000030,10-Q,2026-06-30,2026-08-05,"Hydratech Holdings, Inc. | First Lien Senior Secured Term Loan",Hydratech Holdings,Hydratech Holdings,First Lien,,,,8895000.0,8911000.0,8968000.0,,99.19,5.25,9.0,,,False,,,USD,8895000.0
BBDC,0001379785,0001379785-26-000030,10-Q,2026-06-30,2026-08-05,"Hydratech Holdings, Inc. | Revolver","Hydratech Holdings, Inc. | Revolver","Hydratech Holdings, Inc. | Revolver",,,,,794000.0,796000.0,803000.0,,98.88,5.25,9.0,,,False,,,USD,794000.0
BBDC,0001379785,0001379785-26-000030,10-Q,2026-06-30,2026-08-05,"IMS Services Enterprises, LLC | First Lien Senior Secured Term Loan",IMS Services Enterprises,IMS Services Enterprises,First Lien,,,,7563000.0,7566000.0,7661000.0,,98.72,4.75,8.4,,,False,,,USD,7563000.0
BBDC,0001379785,0001379785-26-000030,10-Q,2026-06-30,2026-08-05,"IMS Services Enterprises, LLC | Revolver","IMS Services Enterprises, LLC | Revolver","IMS Services Enterprises, LLC | Revolver",,,,,104000.0,104000.0,115000.0,,90.43,4.75,8.4,,,False,,,USD,104000.0
BBDC,0001379785,0001379785-26-000030,10-Q,2026-06-30,2026-08-05,Infoniqa Holdings GmbH | First Lien Senior Secured Term Loan,Infoniqa Holdings GmbH |,Infoniqa Holdings GmbH |,First Lien,,,,2962000.0,2940000.0,3005000.0,,98.57,4.75,7.0,,,False,,,USD,2962000.0
BBDC,0001379785,0001379785-26-000030,10-Q,2026-06-30,2026-08-05,"Integrated Precision Systems, LLC | First Lien Senior Secured Term Loan",Integrated Precision Systems,Integrated Precision Systems,First Lien,,,,6826000.0,6828000.0,6914000.0,,98.73,4.75,8.4,,,False,,,USD,6826000.0
BBDC,0001379785,0001379785-26-000030,10-Q,2026-06-30,2026-08-05,"Integrated Precision Systems, LLC | Revolver","Integrated Precision Systems, LLC | Revolver","Integrated Precision Systems, LLC | Revolver",,,,,358000.0,358000.0,370000.0,,96.76,4.75,8.4,,,False,,,USD,358000.0
BBDC,0001379785,0001379785-26-000030,10-Q,2026-06-30,2026-08-05,Interstellar Group B.V. | First Lien Senior Secured Term Loan,Interstellar Group B.V. |,Interstellar Group B.V. |,First Lien,,,,1675000.0,1634000.0,1786000.0,,93.78,6.2,8.4,,,False,,,USD,1675000.0
BBDC,0001379785,0001379785-26-000030,10-Q,2026-06-30,2026-08-05,Isolstar Holding NV (IPCOM) | First Lien Senior Secured Term Loan,Isolstar Holding NV (IPCOM) |,Isolstar Holding NV (IPCOM) |,First Lien,,,,5661000.0,4868000.0,5706000.0,,99.21,5.5,7.5,,,False,,,USD,5661000.0
BBDC,0001379785,0001379785-26-000030,10-Q,2026-06-30,2026-08-05,"LeadsOnline, LLC | First Lien Senior Secured Term Loan",LeadsOnline,LeadsOnline,First Lien,,,,9868000.0,9861000.0,9914000.0,,99.54,4.5,8.2,,,False,,,USD,9868000.0
BBDC,0001379785,0001379785-26-000030,10-Q,2026-06-30,2026-08-05,"LeadsOnline, LLC | Revolver","LeadsOnline, LLC | Revolver","LeadsOnline, LLC | Revolver",,,,,-12000.0,-12000.0,0.0,,100.0,4.5,8.2,,,False,,,USD,-12000.0
BBDC,0001379785,0001379785-26-000030,10-Q,2026-06-30,2026-08-05,"LHS Borrower, LLC | First Lien Senior Secured Term Loan",LHS Borrower,LHS Borrower,First Lien,,,,8837000.0,8952000.0,9073000.0,,97.4,5.25,8.9,,,False,,,USD,8837000.0
BBDC,0001379785,0001379785-26-000030,10-Q,2026-06-30,2026-08-05,"LHS Borrower, LLC | Revolver","LHS Borrower, LLC | Revolver","LHS Borrower, LLC | Revolver",,,,,193000.0,203000.0,214000.0,,90.19,5.25,8.9,,,False,,,USD,193000.0
BBDC,0001379785,0001379785-26-000030,10-Q,2026-06-30,2026-08-05,"Long Term Care Group, Inc. | First Lien Senior Secured Term Loan",Long Term Care Group,Long Term Care Group,First Lien,,,,8268000.0,8680000.0,8730000.0,,94.71,6.0,9.9,,,False,,,USD,8268000.0
BBDC,0001379785,0001379785-26-000030,10-Q,2026-06-30,2026-08-05,"MB Purchaser, LLC | First Lien Senior Secured Term Loan",MB Purchaser,MB Purchaser,First Lien,,,,3763000.0,3753000.0,3803000.0,,98.95,4.75,8.4,,,False,,,USD,3763000.0
BBDC,0001379785,0001379785-26-000030,10-Q,2026-06-30,2026-08-05,"MB Purchaser, LLC | Revolver","MB Purchaser, LLC | Revolver","MB Purchaser, LLC | Revolver",,,,,-6000.0,-7000.0,0.0,,85.71,4.75,8.4,,,False,,,USD,-6000.0
BBDC,0001379785,0001379785-26-000030,10-Q,2026-06-30,2026-08-05,MC Group Ventures Corporation | First Lien Senior Secured Term Loan 1,MC Group Ventures Corporation |,MC Group Ventures Corporation |,First Lien,,,,5296000.0,5658000.0,5682000.0,,93.21,5.25,9.0,,,False,,,USD,5296000.0
BBDC,0001379785,0001379785-26-000030,10-Q,2026-06-30,2026-08-05,MC Group Ventures Corporation | First Lien Senior Secured Term Loan 2,MC Group Ventures Corporation |,MC Group Ventures Corporation |,First Lien,,,,4025000.0,4282000.0,4300000.0,,93.6,5.5,9.3,,,False,,,USD,4025000.0
BBDC,0001379785,0001379785-26-000030,10-Q,2026-06-30,2026-08-05,"MIV Buyer, LLC | First Lien Senior Secured Term Loan",MIV Buyer,MIV Buyer,First Lien,,,,3279000.0,3271000.0,3319000.0,,98.79,4.75,8.5,,,False,,,USD,3279000.0
BBDC,0001379785,0001379785-26-000030,10-Q,2026-06-30,2026-08-05,"MIV Buyer, LLC | Revolver","MIV Buyer, LLC | Revolver","MIV Buyer, LLC | Revolver",,,,,-5000.0,-5000.0,0.0,,100.0,4.75,8.5,,,False,,,USD,-5000.0
BBDC,0001379785,0001379785-26-000030,10-Q,2026-06-30,2026-08-05,"Nationwide Legal Services, LLC | First Lien Senior Secured Term Loan",Nationwide Legal Services,Nationwide Legal Services,First Lien,,,,7881000.0,7882000.0,8015000.0,,98.33,4.5,8.1,,,False,,,USD,7881000.0
BBDC,0001379785,0001379785-26-000030,10-Q,2026-06-30,2026-08-05,"Nationwide Legal Services, LLC | Revolver","Nationwide Legal Services, LLC | Revolver","Nationwide Legal Services, LLC | Revolver",,,,,-15000.0,-15000.0,0.0,,100.0,4.5,8.1,,,False,,,USD,-15000.0
BBDC,0001379785,0001379785-26-000030,10-Q,2026-06-30,2026-08-05,"NF Holdco, LLC | First Lien Senior Secured Term Loan",NF Holdco,NF Holdco,First Lien,,,,5713000.0,6102000.0,6203000.0,,92.1,6.5,10.2,,,False,,,USD,5713000.0
BBDC,0001379785,0001379785-26-000030,10-Q,2026-06-30,2026-08-05,"NF Holdco, LLC | Revolver","NF Holdco, LLC | Revolver","NF Holdco, LLC | Revolver",,,,,786000.0,857000.0,873000.0,,90.03,6.5,10.2,,,False,,,USD,786000.0
BBDC,0001379785,0001379785-26-000030,10-Q,2026-06-30,2026-08-05,Origin Bidco Limited | First Lien Senior Secured Term Loan 1,Origin Bidco Limited |,Origin Bidco Limited |,First Lien,,,,339000.0,357000.0,339000.0,,100.0,5.0,7.4,,,False,,,USD,339000.0
BBDC,0001379785,0001379785-26-000030,10-Q,2026-06-30,2026-08-05,Origin Bidco Limited | First Lien Senior Secured Term Loan 2,Origin Bidco Limited |,Origin Bidco Limited |,First Lien,,,,533000.0,528000.0,533000.0,,100.0,5.0,8.8,,,False,,,USD,533000.0
BBDC,0001379785,0001379785-26-000030,10-Q,2026-06-30,2026-08-05,Proceed Legal Inc. | First Lien Senior Secured Term Loan,Proceed Legal Inc. |,Proceed Legal Inc. |,First Lien,,,,9762000.0,9743000.0,9870000.0,,98.91,4.5,8.2,,,False,,,USD,9762000.0
BBDC,0001379785,0001379785-26-000030,10-Q,2026-06-30,2026-08-05,Proceed Legal Inc. | Revolver,Proceed Legal Inc. | Revolver,Proceed Legal Inc. | Revolver,,,,,-4000.0,-4000.0,0.0,,100.0,4.5,8.2,,,False,,,USD,-4000.0
BBDC,0001379785,0001379785-26-000030,10-Q,2026-06-30,2026-08-05,Qima Finance LTD | First Lien Senior Secured Term Loan 1,Qima Finance LTD |,Qima Finance LTD |,First Lien,,,,183000.0,189000.0,187000.0,,97.86,5.25,7.4,,,False,,,USD,183000.0
BBDC,0001379785,0001379785-26-000030,10-Q,2026-06-30,2026-08-05,Qima Finance LTD | First Lien Senior Secured Term Loan 2,Qima Finance LTD |,Qima Finance LTD |,First Lien,,,,2792000.0,2792000.0,2865000.0,,97.45,5.25,8.9,,,False,,,USD,2792000.0
BBDC,0001379785,0001379785-26-000030,10-Q,2026-06-30,2026-08-05,"Real Chemistry Intermediate III, Inc. | First Lien Senior Secured Term Loan",Real Chemistry Intermediate III,Real Chemistry Intermediate III,First Lien,,,,4331000.0,4368000.0,4383000.0,,98.81,4.5,8.2,,,False,,,USD,4331000.0
BBDC,0001379785,0001379785-26-000030,10-Q,2026-06-30,2026-08-05,"Real Chemistry Intermediate III, Inc. | Revolver","Real Chemistry Intermediate III, Inc. | Revolver","Real Chemistry Intermediate III, Inc. | Revolver",,,,,-10000.0,-4000.0,0.0,,250.0,4.5,8.2,,,False,,,USD,-10000.0
BBDC,0001379785,0001379785-26-000030,10-Q,2026-06-30,2026-08-05,"Recovery Point Systems, Inc. | First Lien Senior Secured Term Loan",Recovery Point Systems,Recovery Point Systems,First Lien,,,,11118000.0,11068000.0,11118000.0,,100.0,5.75,9.6,,,False,,,USD,11118000.0
BBDC,0001379785,0001379785-26-000030,10-Q,2026-06-30,2026-08-05,"RKD Group, LLC | First Lien Senior Secured Term Loan",RKD Group,RKD Group,First Lien,,,,12400000.0,12367000.0,12495000.0,,99.24,5.25,8.9,,,False,,,USD,12400000.0
BBDC,0001379785,0001379785-26-000030,10-Q,2026-06-30,2026-08-05,"RKD Group, LLC | Revolver","RKD Group, LLC | Revolver","RKD Group, LLC | Revolver",,,,,-8000.0,-10000.0,0.0,,80.0,5.25,8.9,,,False,,,USD,-8000.0
BBDC,0001379785,0001379785-26-000030,10-Q,2026-06-30,2026-08-05,ROI Solutions LLC | First Lien Senior Secured Term Loan,ROI Solutions LLC |,ROI Solutions LLC |,First Lien,,,,8122000.0,8925000.0,9062000.0,,89.63,5.25,9.0,,,False,,,USD,8122000.0
BBDC,0001379785,0001379785-26-000030,10-Q,2026-06-30,2026-08-05,ROI Solutions LLC | Revolver,ROI Solutions LLC | Revolver,ROI Solutions LLC | Revolver,,,,,-260000.0,-36000.0,0.0,,722.22,5.25,9.0,,,False,,,USD,-260000.0
BBDC,0001379785,0001379785-26-000030,10-Q,2026-06-30,2026-08-05,RPX Corporation | First Lien Senior Secured Term Loan,RPX Corporation |,RPX Corporation |,First Lien,,,,15489000.0,15472000.0,15646000.0,,99.0,5.5,9.1,,,False,,,USD,15489000.0
BBDC,0001379785,0001379785-26-000030,10-Q,2026-06-30,2026-08-05,RPX Corporation | Revolver,RPX Corporation | Revolver,RPX Corporation | Revolver,,,,,-15000.0,-16000.0,0.0,,93.75,5.5,9.1,,,False,,,USD,-15000.0
BBDC,0001379785,0001379785-26-000030,10-Q,2026-06-30,2026-08-05,Ruby Bidco Pty Ltd | First Lien Senior Secured Term Loan,Ruby Bidco Pty Ltd |,Ruby Bidco Pty Ltd |,First Lien,,,,1729000.0,1661000.0,1779000.0,,97.19,5.25,9.8,,,False,,,USD,1729000.0
BBDC,0001379785,0001379785-26-000030,10-Q,2026-06-30,2026-08-05,Sansidor BV | First Lien Senior Secured Term Loan,Sansidor BV |,Sansidor BV |,First Lien,,,,1048000.0,1022000.0,1048000.0,,100.0,5.25,7.5,,,False,,,USD,1048000.0
BBDC,0001379785,0001379785-26-000030,10-Q,2026-06-30,2026-08-05,Sapphire Bidco S.A.R.L. | First Lien Senior Secured Term Loan 1,Sapphire Bidco S.A.R.L. |,Sapphire Bidco S.A.R.L. |,First Lien,,,,1767000.0,1779000.0,1795000.0,,98.44,5.0,7.2,,,False,,,USD,1767000.0
BBDC,0001379785,0001379785-26-000030,10-Q,2026-06-30,2026-08-05,Sapphire Bidco S.A.R.L. | First Lien Senior Secured Term Loan 2,Sapphire Bidco S.A.R.L. |,Sapphire Bidco S.A.R.L. |,First Lien,,,,44000.0,45000.0,45000.0,,97.78,5.0,8.7,,,False,,,USD,44000.0
BBDC,0001379785,0001379785-26-000030,10-Q,2026-06-30,2026-08-05,SBP Holdings LP | First Lien Senior Secured Term Loan,SBP Holdings LP |,SBP Holdings LP |,First Lien,,,,8584000.0,8434000.0,8584000.0,,100.0,5.0,8.6,,,False,,,USD,8584000.0
BBDC,0001379785,0001379785-26-000030,10-Q,2026-06-30,2026-08-05,SBP Holdings LP | Revolver,SBP Holdings LP | Revolver,SBP Holdings LP | Revolver,,,,,0.0,-24000.0,0.0,,-0.0,5.0,8.6,,,False,,,USD,0.0
BBDC,0001379785,0001379785-26-000030,10-Q,2026-06-30,2026-08-05,"Scaled Agile, Inc. | First Lien Senior Secured Term Loan",Scaled Agile,Scaled Agile,First Lien,,,,796000.0,1822000.0,1835000.0,,43.38,5.5,,,9.3,True,,,USD,796000.0
BBDC,0001379785,0001379785-26-000030,10-Q,2026-06-30,2026-08-05,"Scaled Agile, Inc. | Revolver","Scaled Agile, Inc. | Revolver","Scaled Agile, Inc. | Revolver",,,,,152000.0,347000.0,349000.0,,43.55,5.5,,,9.3,True,,,USD,152000.0
BBDC,0001379785,0001379785-26-000030,10-Q,2026-06-30,2026-08-05,"SmartShift Group, Inc. | First Lien Senior Secured Term Loan",SmartShift Group,SmartShift Group,First Lien,,,,12781000.0,12590000.0,12781000.0,,100.0,5.0,8.7,,,False,,,USD,12781000.0
BBDC,0001379785,0001379785-26-000030,10-Q,2026-06-30,2026-08-05,"SmartShift Group, Inc. | Revolver","SmartShift Group, Inc. | Revolver","SmartShift Group, Inc. | Revolver",,,,,0.0,-22000.0,0.0,,-0.0,5.0,8.7,,,False,,,USD,0.0
BBDC,0001379785,0001379785-26-000030,10-Q,2026-06-30,2026-08-05,"Sparus Holdings, LLC (f/k/a Sparus Holdings, Inc.) | First Lien Senior Secured Term Loan","Sparus Holdings, LLC (f/k/a Sparus Holdings","Sparus Holdings, LLC (f/k/a Sparus Holdings",First Lien,,,,2618000.0,2607000.0,2618000.0,,100.0,4.5,8.2,,,False,,,USD,2618000.0
BBDC,0001379785,0001379785-26-000030,10-Q,2026-06-30,2026-08-05,"Sparus Holdings, LLC (f/k/a Sparus Holdings, Inc.) | Revolver","Sparus Holdings, LLC (f/k/a Sparus Holdings, Inc.) | Revolver","Sparus Holdings, LLC (f/k/a Sparus Holdings, Inc.) | Revolver",,,,,0.0,-1000.0,0.0,,-0.0,4.5,8.2,,,False,,,USD,0.0
BBDC,0001379785,0001379785-26-000030,10-Q,2026-06-30,2026-08-05,Starnmeer B.V. | First Lien Senior Secured Term Loan,Starnmeer B.V. |,Starnmeer B.V. |,First Lien,,,,2480000.0,2493000.0,2500000.0,,99.2,5.25,9.0,,,False,,,USD,2480000.0
BBDC,0001379785,0001379785-26-000030,10-Q,2026-06-30,2026-08-05,Sunrise Acquisition Bidco Limited | First Lien Senior Secured Term Loan,Sunrise Acquisition Bidco Limited |,Sunrise Acquisition Bidco Limited |,First Lien,,,,2598000.0,2566000.0,2659000.0,,97.71,5.25,9.0,,,False,,,USD,2598000.0
BBDC,0001379785,0001379785-26-000030,10-Q,2026-06-30,2026-08-05,TA SL Cayman Aggregator Corp. | Subordinated Term Loan,TA SL Cayman Aggregator Corp. |,TA SL Cayman Aggregator Corp. |,Subordinated,,,,3339000.0,3327000.0,3339000.0,,100.0,7.75,,,11.4,True,,,USD,3339000.0
BBDC,0001379785,0001379785-26-000030,10-Q,2026-06-30,2026-08-05,Tanqueray Bidco Limited | First Lien Senior Secured Term Loan,Tanqueray Bidco Limited |,Tanqueray Bidco Limited |,First Lien,,,,1780000.0,1534000.0,1801000.0,,98.83,5.0,8.7,,,False,,,USD,1780000.0
BBDC,0001379785,0001379785-26-000030,10-Q,2026-06-30,2026-08-05,Technology Service Stream BidCo Pty Ltd | First Lien Senior Secured Term Loan,Technology Service Stream BidCo Pty Ltd |,Technology Service Stream BidCo Pty Ltd |,First Lien,,,,993000.0,948000.0,1003000.0,,99.0,5.0,9.5,,,False,,,USD,993000.0
BBDC,0001379785,0001379785-26-000030,10-Q,2026-06-30,2026-08-05,"TSYL Corporate Buyer, Inc. | First Lien Senior Secured Term Loan",TSYL Corporate Buyer,TSYL Corporate Buyer,First Lien,,,,20112000.0,19968000.0,20161000.0,,99.76,4.5,8.2,,,False,,,USD,20112000.0
BBDC,0001379785,0001379785-26-000030,10-Q,2026-06-30,2026-08-05,"TSYL Corporate Buyer, Inc. | Revolver","TSYL Corporate Buyer, Inc. | Revolver","TSYL Corporate Buyer, Inc. | Revolver",,,,,-1000.0,-5000.0,0.0,,20.0,4.5,8.2,,,False,,,USD,-1000.0
BBDC,0001379785,0001379785-26-000030,10-Q,2026-06-30,2026-08-05,"Turnberry Solutions, Inc. | First Lien Senior Secured Term Loan",Turnberry Solutions,Turnberry Solutions,First Lien,,,,4717000.0,4795000.0,4798000.0,,98.31,6.0,9.8,,,False,,,USD,4717000.0
BBDC,0001379785,0001379785-26-000030,10-Q,2026-06-30,2026-08-05,UBC Ledgers Holding AB | First Lien Senior Secured Term Loan 1,UBC Ledgers Holding AB |,UBC Ledgers Holding AB |,First Lien,,,,749000.0,709000.0,749000.0,,100.0,5.25,7.5,,,False,,,USD,749000.0
BBDC,0001379785,0001379785-26-000030,10-Q,2026-06-30,2026-08-05,UBC Ledgers Holding AB | First Lien Senior Secured Term Loan 2,UBC Ledgers Holding AB |,UBC Ledgers Holding AB |,First Lien,,,,1656000.0,1497000.0,1656000.0,,100.0,5.25,7.3,,,False,,,USD,1656000.0
BBDC,0001379785,0001379785-26-000030,10-Q,2026-06-30,2026-08-05,"UHY Advisors, Inc. | First Lien Senior Secured Term Loan",UHY Advisors,UHY Advisors,First Lien,,,,13297000.0,13220000.0,13297000.0,,100.0,4.75,8.4,,,False,,,USD,13297000.0
BBDC,0001379785,0001379785-26-000030,10-Q,2026-06-30,2026-08-05,"UHY Advisors, Inc. | Revolver","UHY Advisors, Inc. | Revolver","UHY Advisors, Inc. | Revolver",,,,,740000.0,724000.0,740000.0,,100.0,4.75,8.4,,,False,,,USD,740000.0
BBDC,0001379785,0001379785-26-000030,10-Q,2026-06-30,2026-08-05,"USLS Acquisition, Inc. (f/k/a US Legal Support, Inc.) | First Lien Senior Secured Term Loan","USLS Acquisition, Inc. (f/k/a US Legal Support","USLS Acquisition, Inc. (f/k/a US Legal Support",First Lien,,,,17745000.0,17791000.0,17846000.0,,99.43,5.25,9.1,,,False,,,USD,17745000.0
BBDC,0001379785,0001379785-26-000030,10-Q,2026-06-30,2026-08-05,Utac Ceram | First Lien Senior Secured Term Loan 1,Utac Ceram |,Utac Ceram |,First Lien,,,,1788000.0,1808000.0,1788000.0,,100.0,5.9,8.2,,,False,,,USD,1788000.0
BBDC,0001379785,0001379785-26-000030,10-Q,2026-06-30,2026-08-05,Utac Ceram | First Lien Senior Secured Term Loan 2,Utac Ceram |,Utac Ceram |,First Lien,,,,3668000.0,3652000.0,3668000.0,,100.0,5.9,9.6,,,False,,,USD,3668000.0
BBDC,0001379785,0001379785-26-000030,10-Q,2026-06-30,2026-08-05,"World 50, Inc. | First Lien Senior Secured Term Loan",World 50,World 50,First Lien,,,,13637000.0,13449000.0,13637000.0,,100.0,4.5,8.2,,,False,,,USD,13637000.0
BBDC,0001379785,0001379785-26-000030,10-Q,2026-06-30,2026-08-05,"World 50, Inc. | Revolver","World 50, Inc. | Revolver","World 50, Inc. | Revolver",,,,,0.0,-12000.0,0.0,,-0.0,4.5,8.2,,,False,,,USD,0.0
BBDC,0001379785,0001379785-26-000030,10-Q,2026-06-30,2026-08-05,Xeinadin Bidco Limited | First Lien Senior Secured Term Loan 1,Xeinadin Bidco Limited |,Xeinadin Bidco Limited |,First Lien,,,,320000.0,305000.0,320000.0,,100.0,6.25,8.8,,,False,,,USD,320000.0
BBDC,0001379785,0001379785-26-000030,10-Q,2026-06-30,2026-08-05,Xeinadin Bidco Limited | First Lien Senior Secured Term Loan 2,Xeinadin Bidco Limited |,Xeinadin Bidco Limited |,First Lien,,,,9340000.0,8714000.0,9340000.0,,100.0,6.25,10.0,,,False,,,USD,9340000.0
BBDC,0001379785,0001379785-26-000030,10-Q,2026-06-30,2026-08-05,Xeinadin Bidco Limited | Subordinated Term Loan,Xeinadin Bidco Limited |,Xeinadin Bidco Limited |,Subordinated,,,,4727000.0,4480000.0,4770000.0,,99.1,11.0,,,14.7,True,,,USD,4727000.0
BBDC,0001379785,0001379785-26-000030,10-Q,2026-06-30,2026-08-05,Application Boot Camp LLC | First Lien Senior Secured Term Loan,Application Boot Camp LLC |,Application Boot Camp LLC |,First Lien,,,,1217000.0,1200000.0,1215000.0,,100.16,4.75,8.4,,,False,,,USD,1217000.0
BBDC,0001379785,0001379785-26-000030,10-Q,2026-06-30,2026-08-05,Application Boot Camp LLC | Revolver,Application Boot Camp LLC | Revolver,Application Boot Camp LLC | Revolver,,,,,0.0,-4000.0,0.0,,-0.0,4.75,8.4,,,False,,,USD,0.0
BBDC,0001379785,0001379785-26-000030,10-Q,2026-06-30,2026-08-05,Application Boot Camp LLC | Subordinated Term Loan,Application Boot Camp LLC |,Application Boot Camp LLC |,Subordinated,,,,83000.0,82000.0,82000.0,,101.22,,14.0,,,False,,,USD,83000.0
BBDC,0001379785,0001379785-26-000030,10-Q,2026-06-30,2026-08-05,Arc Education | First Lien Senior Secured Term Loan,Arc Education |,Arc Education |,First Lien,,,,967000.0,925000.0,984000.0,,98.27,4.0,6.5,,2.2,True,,,USD,967000.0
BBDC,0001379785,0001379785-26-000030,10-Q,2026-06-30,2026-08-05,Archimede | First Lien Senior Secured Term Loan,Archimede |,Archimede |,First Lien,,,,5771000.0,6195000.0,6391000.0,,90.3,4.0,6.3,,,False,,,USD,5771000.0
BBDC,0001379785,0001379785-26-000030,10-Q,2026-06-30,2026-08-05,Bariacum S.A. | First Lien Senior Secured Term Loan,Bariacum S.A. |,Bariacum S.A. |,First Lien,,,,0.0,3272000.0,3430000.0,,0.0,4.0,,,6.0,True,,,USD,0.0
BBDC,0001379785,0001379785-26-000030,10-Q,2026-06-30,2026-08-05,Cascade Residential Services LLC | First Lien Senior Secured Term Loan,Cascade Residential Services LLC |,Cascade Residential Services LLC |,First Lien,,,,4212000.0,4507000.0,4573000.0,,92.11,6.0,9.7,,,False,,,USD,4212000.0
BBDC,0001379785,0001379785-26-000030,10-Q,2026-06-30,2026-08-05,Cascade Residential Services LLC | Revolver,Cascade Residential Services LLC | Revolver,Cascade Residential Services LLC | Revolver,,,,,172000.0,194000.0,199000.0,,86.43,6.0,9.7,,,False,,,USD,172000.0
BBDC,0001379785,0001379785-26-000030,10-Q,2026-06-30,2026-08-05,"CEC Entertainment, LLC | First Lien Senior Secured Term Loan",CEC Entertainment,CEC Entertainment,First Lien,,,,3391000.0,3390000.0,3435000.0,,98.72,6.0,9.7,,,False,,,USD,3391000.0
BBDC,0001379785,0001379785-26-000030,10-Q,2026-06-30,2026-08-05,"Express Wash Acquisition Company, LLC | First Lien Senior Secured Term Loan",Express Wash Acquisition Company,Express Wash Acquisition Company,First Lien,,,,3037000.0,3219000.0,3245000.0,,93.59,6.25,9.9,,,False,,,USD,3037000.0
BBDC,0001379785,0001379785-26-000030,10-Q,2026-06-30,2026-08-05,"Express Wash Acquisition Company, LLC | Revolver","Express Wash Acquisition Company, LLC | Revolver","Express Wash Acquisition Company, LLC | Revolver",,,,,-12000.0,-1000.0,0.0,,1200.0,6.25,9.9,,,False,,,USD,-12000.0
BBDC,0001379785,0001379785-26-000030,10-Q,2026-06-30,2026-08-05,"FL Hawk Intermediate Holdings, Inc. (f/k/a Fineline Technologies, Inc.) | First Lien Senior Secured Term Loan","FL Hawk Intermediate Holdings, Inc. (f/k/a Fineline Technologies","FL Hawk Intermediate Holdings, Inc. (f/k/a Fineline Technologies",First Lien,,,,6885000.0,6861000.0,6885000.0,,100.0,4.5,8.2,,,False,,,USD,6885000.0
BBDC,0001379785,0001379785-26-000030,10-Q,2026-06-30,2026-08-05,Global Academic Group Limited | First Lien Senior Secured Term Loan 1,Global Academic Group Limited |,Global Academic Group Limited |,First Lien,,,,2802000.0,2777000.0,2802000.0,,100.0,4.91,9.2,,,False,,,USD,2802000.0
BBDC,0001379785,0001379785-26-000030,10-Q,2026-06-30,2026-08-05,Global Academic Group Limited | First Lien Senior Secured Term Loan 2,Global Academic Group Limited |,Global Academic Group Limited |,First Lien,,,,625000.0,672000.0,625000.0,,100.0,4.91,7.5,,,False,,,USD,625000.0
BBDC,0001379785,0001379785-26-000030,10-Q,2026-06-30,2026-08-05,HomeX Services Group LLC | First Lien Senior Secured Term Loan,HomeX Services Group LLC |,HomeX Services Group LLC |,First Lien,,,,2070000.0,2096000.0,2121000.0,,97.6,4.5,8.1,,,False,,,USD,2070000.0
BBDC,0001379785,0001379785-26-000030,10-Q,2026-06-30,2026-08-05,HomeX Services Group LLC | Revolver,HomeX Services Group LLC | Revolver,HomeX Services Group LLC | Revolver,,,,,64000.0,68000.0,72000.0,,88.89,4.5,8.1,,,False,,,USD,64000.0
BBDC,0001379785,0001379785-26-000030,10-Q,2026-06-30,2026-08-05,InvoCare Limited | First Lien Senior Secured Term Loan,InvoCare Limited |,InvoCare Limited |,First Lien,,,,2233000.0,2081000.0,2243000.0,,99.55,5.0,9.5,,,False,,,USD,2233000.0
BBDC,0001379785,0001379785-26-000030,10-Q,2026-06-30,2026-08-05,"Kid Distro Holdings, LLC | First Lien Senior Secured Term Loan",Kid Distro Holdings,Kid Distro Holdings,First Lien,,,,12952000.0,12901000.0,12952000.0,,100.0,4.25,7.9,,,False,,,USD,12952000.0
BBDC,0001379785,0001379785-26-000030,10-Q,2026-06-30,2026-08-05,"Lido Purchaser, Inc. | First Lien Senior Secured Term Loan",Lido Purchaser,Lido Purchaser,First Lien,,,,4240000.0,4241000.0,4282000.0,,99.02,4.75,8.4,,,False,,,USD,4240000.0
BBDC,0001379785,0001379785-26-000030,10-Q,2026-06-30,2026-08-05,Marmoutier Holding B.V. | Super Senior Secured Term Loan,Marmoutier Holding B.V. | Super Senior Secured Term Loan,Marmoutier Holding B.V. | Super Senior Secured Term Loan,,,,,84000.0,184000.0,207000.0,,40.58,6.0,8.3,,,False,,,USD,84000.0
BBDC,0001379785,0001379785-26-000030,10-Q,2026-06-30,2026-08-05,Marmoutier Holding B.V. | First Lien Senior Secured Term Loan,Marmoutier Holding B.V. |,Marmoutier Holding B.V. |,First Lien,,,,169000.0,255000.0,251000.0,,67.33,6.75,9.1,,,False,,,USD,169000.0
BBDC,0001379785,0001379785-26-000030,10-Q,2026-06-30,2026-08-05,Marmoutier Holding B.V. | Revolver,Marmoutier Holding B.V. | Revolver,Marmoutier Holding B.V. | Revolver,,,,,80000.0,173000.0,197000.0,,40.61,5.5,8.1,,,False,,,USD,80000.0
BBDC,0001379785,0001379785-26-000030,10-Q,2026-06-30,2026-08-05,Panther Bidco Pty Ltd | First Lien Senior Secured Term Loan,Panther Bidco Pty Ltd |,Panther Bidco Pty Ltd |,First Lien,,,,4070000.0,4085000.0,4151000.0,,98.05,5.0,9.4,,,False,,,USD,4070000.0
BBDC,0001379785,0001379785-26-000030,10-Q,2026-06-30,2026-08-05,"Premium Franchise Brands, LLC | First Lien Senior Secured Term Loan",Premium Franchise Brands,Premium Franchise Brands,First Lien,,,,9991000.0,10037000.0,10067000.0,,99.25,5.75,9.6,,,False,,,USD,9991000.0
BBDC,0001379785,0001379785-26-000030,10-Q,2026-06-30,2026-08-05,QPE7 SPV1 BidCo Pty Ltd | First Lien Senior Secured Term Loan,QPE7 SPV1 BidCo Pty Ltd |,QPE7 SPV1 BidCo Pty Ltd |,First Lien,,,,1674000.0,1799000.0,1733000.0,,96.6,5.75,10.1,,,False,,,USD,1674000.0
BBDC,0001379785,0001379785-26-000030,10-Q,2026-06-30,2026-08-05,Selenium Designated Activity Company | First Lien Senior Secured Term Loan,Selenium Designated Activity Company |,Selenium Designated Activity Company |,First Lien,,,,3121000.0,2914000.0,3134000.0,,99.59,5.13,7.3,,,False,,,USD,3121000.0
BBDC,0001379785,0001379785-26-000030,10-Q,2026-06-30,2026-08-05,Catawba River Limited | Structured - Junior Note,Catawba River Limited | Structured - Junior Note,Catawba River Limited | Structured - Junior Note,,,,,2217000.0,3496000.0,4059000.0,,54.62,,,,,False,,,USD,2217000.0
BBDC,0001379785,0001379785-26-000030,10-Q,2026-06-30,2026-08-05,"Magnetite XIX, Limited | Subordinated Notes",Magnetite XIX,Magnetite XIX,Subordinated,,,,4766000.0,5250000.0,5250000.0,,90.78,8.0,11.7,,,False,,,USD,4766000.0
BBDC,0001379785,0001379785-26-000030,10-Q,2026-06-30,2026-08-05,Perimeter Master Note Business Trust | Structured Secured Note - Class A,Perimeter Master Note Business Trust | Structured Secured Note - Class A,Perimeter Master Note Business Trust | Structured Secured Note - Class A,,,,,180000.0,182000.0,182000.0,,98.9,,4.7,,,False,,,USD,180000.0
BBDC,0001379785,0001379785-26-000030,10-Q,2026-06-30,2026-08-05,Perimeter Master Note Business Trust | Structured Secured Note - Class B,Perimeter Master Note Business Trust | Structured Secured Note - Class B,Perimeter Master Note Business Trust | Structured Secured Note - Class B,,,,,181000.0,182000.0,182000.0,,99.45,,5.4,,,False,,,USD,181000.0
BBDC,0001379785,0001379785-26-000030,10-Q,2026-06-30,2026-08-05,Perimeter Master Note Business Trust | Structured Secured Note - Class C,Perimeter Master Note Business Trust | Structured Secured Note - Class C,Perimeter Master Note Business Trust | Structured Secured Note - Class C,,,,,181000.0,182000.0,182000.0,,99.45,,5.9,,,False,,,USD,181000.0
BBDC,0001379785,0001379785-26-000030,10-Q,2026-06-30,2026-08-05,Perimeter Master Note Business Trust | Structured Secured Note - Class D,Perimeter Master Note Business Trust | Structured Secured Note - Class D,Perimeter Master Note Business Trust | Structured Secured Note - Class D,,,,,181000.0,182000.0,182000.0,,99.45,,8.5,,,False,,,USD,181000.0
BBDC,0001379785,0001379785-26-000030,10-Q,2026-06-30,2026-08-05,Perimeter Master Note Business Trust | Structured Secured Note - Class E,Perimeter Master Note Business Trust | Structured Secured Note - Class E,Perimeter Master Note Business Trust | Structured Secured Note - Class E,,,,,9137000.0,9274000.0,9274000.0,,98.52,,11.4,,,False,,,USD,9137000.0
BBDC,0001379785,0001379785-26-000030,10-Q,2026-06-30,2026-08-05,US Bank National Association Series 2025-1 | Structured Note - Class R,US Bank National Association Series 2025-1 | Structured Note - Class R,US Bank National Association Series 2025-1 | Structured Note - Class R,,,,,3428000.0,3361000.0,3361000.0,,101.99,7.5,11.4,,,False,,,USD,3428000.0
BBDC,0001379785,0001379785-26-000030,10-Q,2026-06-30,2026-08-05,US Bank National Association Series 2025-2 | Structured Note - Class R,US Bank National Association Series 2025-2 | Structured Note - Class R,US Bank National Association Series 2025-2 | Structured Note - Class R,,,,,3462000.0,3431000.0,3431000.0,,100.9,7.0,10.9,,,False,,,USD,3462000.0
BBDC,0001379785,0001379785-26-000030,10-Q,2026-06-30,2026-08-05,Vista Global Holding Ltd | Structured Secured Note - Class C,Vista Global Holding Ltd | Structured Secured Note - Class C,Vista Global Holding Ltd | Structured Secured Note - Class C,,,,,469000.0,481000.0,481000.0,,97.51,,9.5,,,False,,,USD,469000.0
BBDC,0001379785,0001379785-26-000030,10-Q,2026-06-30,2026-08-05,Mercell Holding AS | First Lien Senior Secured Term Loan,Mercell Holding AS |,Mercell Holding AS |,First Lien,,,,2991000.0,3170000.0,3174000.0,,94.23,5.25,9.6,,,False,,,USD,2991000.0
BBDC,0001379785,0001379785-26-000030,10-Q,2026-06-30,2026-08-05,Permaconn BidCo Pty Ltd | First Lien Senior Secured Term Loan,Permaconn BidCo Pty Ltd |,Permaconn BidCo Pty Ltd |,First Lien,,,,2839000.0,2724000.0,2839000.0,,100.0,4.75,9.3,,,False,,,USD,2839000.0
BBDC,0001379785,0001379785-26-000030,10-Q,2026-06-30,2026-08-05,UKFast Leaders Limited | First Lien Senior Secured Term Loan,UKFast Leaders Limited |,UKFast Leaders Limited |,First Lien,,,,11949000.0,11945000.0,12408000.0,,96.3,7.25,11.3,,,False,,,USD,11949000.0
BBDC,0001379785,0001379785-26-000030,10-Q,2026-06-30,2026-08-05,"Argus Intermediate, LLC | First Lien Senior Secured Term Loan",Argus Intermediate,Argus Intermediate,First Lien,,,,3807000.0,3730000.0,3807000.0,,100.0,4.75,8.4,,,False,,,USD,3807000.0
BBDC,0001379785,0001379785-26-000030,10-Q,2026-06-30,2026-08-05,"Argus Intermediate, LLC | Revolver","Argus Intermediate, LLC | Revolver","Argus Intermediate, LLC | Revolver",,,,,627000.0,616000.0,627000.0,,100.0,4.75,8.4,,,False,,,USD,627000.0
BBDC,0001379785,0001379785-26-000030,10-Q,2026-06-30,2026-08-05,"Armstrong Transport Group, LLC | First Lien Senior Secured Term Loan",Armstrong Transport Group,Armstrong Transport Group,First Lien,,,,7107000.0,7107000.0,7241000.0,,98.15,4.75,8.4,,,False,,,USD,7107000.0
BBDC,0001379785,0001379785-26-000030,10-Q,2026-06-30,2026-08-05,"Armstrong Transport Group, LLC | Revolver","Armstrong Transport Group, LLC | Revolver","Armstrong Transport Group, LLC | Revolver",,,,,448000.0,448000.0,471000.0,,95.12,4.75,8.4,,,False,,,USD,448000.0
BBDC,0001379785,0001379785-26-000030,10-Q,2026-06-30,2026-08-05,"FitzMark Buyer, LLC | First Lien Senior Secured Term Loan",FitzMark Buyer,FitzMark Buyer,First Lien,,,,3994000.0,3987000.0,3994000.0,,100.0,4.5,8.2,,,False,,,USD,3994000.0
BBDC,0001379785,0001379785-26-000030,10-Q,2026-06-30,2026-08-05,FragilePak LLC | First Lien Senior Secured Term Loan,FragilePak LLC |,FragilePak LLC |,First Lien,,,,4473000.0,4451000.0,4473000.0,,100.0,5.75,9.6,,,False,,,USD,4473000.0
BBDC,0001379785,0001379785-26-000030,10-Q,2026-06-30,2026-08-05,Honour Lane Logistics Holdings Limited | First Lien Senior Secured Term Loan,Honour Lane Logistics Holdings Limited |,Honour Lane Logistics Holdings Limited |,First Lien,,,,6393000.0,6589000.0,6667000.0,,95.89,5.35,9.0,,,False,,,USD,6393000.0
BBDC,0001379785,0001379785-26-000030,10-Q,2026-06-30,2026-08-05,"ITI Intermodal, Inc. | First Lien Senior Secured Term Loan 1",ITI Intermodal,ITI Intermodal,First Lien,,,,11801000.0,11683000.0,11801000.0,,100.0,6.5,10.3,,,False,,,USD,11801000.0
BBDC,0001379785,0001379785-26-000030,10-Q,2026-06-30,2026-08-05,"ITI Intermodal, Inc. | First Lien Senior Secured Term Loan 2",ITI Intermodal,ITI Intermodal,First Lien,,,,782000.0,778000.0,782000.0,,100.0,6.25,10.1,,,False,,,USD,782000.0
BBDC,0001379785,0001379785-26-000030,10-Q,2026-06-30,2026-08-05,"ITI Intermodal, Inc. | Revolver","ITI Intermodal, Inc. | Revolver","ITI Intermodal, Inc. | Revolver",,,,,226000.0,215000.0,226000.0,,100.0,6.5,10.3,,,False,,,USD,226000.0
BBDC,0001379785,0001379785-26-000030,10-Q,2026-06-30,2026-08-05,PAS Chassis Holdco LLC | Second Lien Senior Secured Term Loan,PAS Chassis Holdco LLC |,PAS Chassis Holdco LLC |,Second Lien,,,,14163000.0,14156000.0,14430000.0,,98.15,5.5,9.2,,,False,,,USD,14163000.0
BBDC,0001379785,0001379785-26-000030,10-Q,2026-06-30,2026-08-05,"R1 Holdings, LLC | First Lien Senior Secured Term Loan",R1 Holdings,R1 Holdings,First Lien,,,,5711000.0,5927000.0,6018000.0,,94.9,6.75,10.4,,,False,,,USD,5711000.0
BBDC,0001379785,0001379785-26-000030,10-Q,2026-06-30,2026-08-05,"R1 Holdings, LLC | Revolver","R1 Holdings, LLC | Revolver","R1 Holdings, LLC | Revolver",,,,,1748000.0,1823000.0,1854000.0,,94.28,6.75,10.4,,,False,,,USD,1748000.0
BBDC,0001379785,0001379785-26-000030,10-Q,2026-06-30,2026-08-05,REP SEKO MERGER SUB LLC | First Lien Senior Secured Term Loan 1,REP SEKO MERGER SUB LLC |,REP SEKO MERGER SUB LLC |,First Lien,,,,1791000.0,2912000.0,2912000.0,,61.5,7.0,,,10.7,True,,,USD,1791000.0
BBDC,0001379785,0001379785-26-000030,10-Q,2026-06-30,2026-08-05,REP SEKO MERGER SUB LLC | First Lien Senior Secured Term Loan 2,REP SEKO MERGER SUB LLC |,REP SEKO MERGER SUB LLC |,First Lien,,,,385000.0,385000.0,385000.0,,100.0,10.5,4.7,,9.5,True,,,USD,385000.0
BBDC,0001379785,0001379785-26-000030,10-Q,2026-06-30,2026-08-05,REP SEKO MERGER SUB LLC | First Out Term Loan,REP SEKO MERGER SUB LLC | First Out Term Loan,REP SEKO MERGER SUB LLC | First Out Term Loan,,,,,1190000.0,1176000.0,1190000.0,,100.0,10.0,,,13.7,True,,,USD,1190000.0
BBDC,0001379785,0001379785-26-000030,10-Q,2026-06-30,2026-08-05,"Transportation Insight, LLC | First Lien Senior Secured Term Loan",Transportation Insight,Transportation Insight,First Lien,,,,4105000.0,4105000.0,4105000.0,,100.0,7.0,10.7,,7.0,True,,,USD,4105000.0
BBDC,0001379785,0001379785-26-000030,10-Q,2026-06-30,2026-08-05,"Transportation Insight, LLC | Revolver","Transportation Insight, LLC | Revolver","Transportation Insight, LLC | Revolver",,,,,641000.0,584000.0,641000.0,,100.0,5.5,9.2,,,False,,,USD,641000.0
BBDC,0001379785,0001379785-26-000030,10-Q,2026-06-30,2026-08-05,Breeze Aviation Group Inc | Second Lien Senior Secured Term Loan 1,Breeze Aviation Group Inc |,Breeze Aviation Group Inc |,Second Lien,,,,2230000.0,2254000.0,2254000.0,,98.94,7.5,11.2,,,False,,,USD,2230000.0
BBDC,0001379785,0001379785-26-000030,10-Q,2026-06-30,2026-08-05,Breeze Aviation Group Inc | Second Lien Senior Secured Term Loan 2,Breeze Aviation Group Inc |,Breeze Aviation Group Inc |,Second Lien,,,,2256000.0,2279000.0,2279000.0,,98.99,7.5,11.2,,,False,,,USD,2256000.0
BBDC,0001379785,0001379785-26-000030,10-Q,2026-06-30,2026-08-05,Breeze Aviation Group Inc | Second Lien Senior Secured Term Loan 3,Breeze Aviation Group Inc |,Breeze Aviation Group Inc |,Second Lien,,,,2256000.0,2279000.0,2279000.0,,98.99,7.5,11.2,,,False,,,USD,2256000.0
BBDC,0001379785,0001379785-26-000030,10-Q,2026-06-30,2026-08-05,Breeze Aviation Group Inc | Second Lien Senior Secured Term Loan 4,Breeze Aviation Group Inc |,Breeze Aviation Group Inc |,Second Lien,,,,2431000.0,2458000.0,2476000.0,,98.18,7.5,11.2,,,False,,,USD,2431000.0
BBDC,0001379785,0001379785-26-000030,10-Q,2026-06-30,2026-08-05,Breeze Aviation Group Inc | Second Lien Senior Secured Term Loan 5,Breeze Aviation Group Inc |,Breeze Aviation Group Inc |,Second Lien,,,,2431000.0,2458000.0,2476000.0,,98.18,7.5,11.2,,,False,,,USD,2431000.0
BBDC,0001379785,0001379785-26-000030,10-Q,2026-06-30,2026-08-05,Breeze Aviation Group Inc | Second Lien Senior Secured Term Loan 6,Breeze Aviation Group Inc |,Breeze Aviation Group Inc |,Second Lien,,,,2431000.0,2458000.0,2476000.0,,98.18,7.5,11.2,,,False,,,USD,2431000.0
BBDC,0001379785,0001379785-26-000030,10-Q,2026-06-30,2026-08-05,International Fleet Financing No.2 B.V. | Revolver,International Fleet Financing No.2 B.V. | Revolver,International Fleet Financing No.2 B.V. | Revolver,,,,,8813000.0,8962000.0,8849000.0,,99.59,,10.5,,,False,,,USD,8813000.0
BBDC,0001379785,0001379785-26-000030,10-Q,2026-06-30,2026-08-05,KAMC Holdings Inc. | First Lien Senior Secured Term Loan,KAMC Holdings Inc. |,KAMC Holdings Inc. |,First Lien,,,,5202000.0,5336000.0,5407000.0,,96.21,5.25,8.9,,,False,,,USD,5202000.0
BBDC,0001379785,0001379785-26-000030,10-Q,2026-06-30,2026-08-05,KAMC Holdings Inc. | Revolver,KAMC Holdings Inc. | Revolver,KAMC Holdings Inc. | Revolver,,,,,140000.0,157000.0,165000.0,,84.85,5.25,8.9,,,False,,,USD,140000.0
BBDC,0001379785,0001379785-26-000030,10-Q,2026-06-30,2026-08-05,Panoche Energy Center LLC | First Lien Senior Secured Bond,Panoche Energy Center LLC |,Panoche Energy Center LLC |,First Lien,,,,2709000.0,2567000.0,2714000.0,,99.82,,6.9,,,False,,,USD,2709000.0
BBDC,0001379785,0001379785-26-000030,10-Q,2026-06-30,2026-08-05,"Prime Power Solutions, LLC | Second Lien Senior Secured Term Loan",Prime Power Solutions,Prime Power Solutions,Second Lien,,,,14700000.0,14708000.0,15000000.0,,98.0,5.5,9.2,,,False,,,USD,14700000.0
BBDC,0001379785,0001379785-26-000030,10-Q,2026-06-30,2026-08-05,Accurus Aerospace Corporation | LLC Units,Accurus Aerospace Corporation | LLC,Accurus Aerospace Corporation | LLC,Equity,,,,16000.0,18000.0,,18151.3,88.89,,,,,False,,,USD,16000.0
BBDC,0001379785,0001379785-26-000030,10-Q,2026-06-30,2026-08-05,Accurus Aerospace Corporation | Common Stock,Accurus Aerospace Corporation |,Accurus Aerospace Corporation |,Common Equity,,,,381000.0,438000.0,,437623.3,86.99,,,,,False,,,USD,381000.0
BBDC,0001379785,0001379785-26-000030,10-Q,2026-06-30,2026-08-05,Balaena Maritime (UK) Limited | Warrants,Balaena Maritime (UK) Limited |,Balaena Maritime (UK) Limited |,Warrant,,,,0.0,0.0,,209427.5,,,,,,False,,,USD,0.0
BBDC,0001379785,0001379785-26-000030,10-Q,2026-06-30,2026-08-05,"Compass Precision, LLC | LLC Units",Compass Precision,Compass Precision,Equity,,,,393000.0,125000.0,,46085.6,314.4,,,,,False,,,USD,393000.0
BBDC,0001379785,0001379785-26-000030,10-Q,2026-06-30,2026-08-05,"GB Eagle Buyer, Inc. | Partnership Units",GB Eagle Buyer,GB Eagle Buyer,LP Interest,,,,6371000.0,687000.0,,687.0,927.37,,,,,False,,,USD,6371000.0
BBDC,0001379785,0001379785-26-000030,10-Q,2026-06-30,2026-08-05,"Megawatt Acquisitionco, Inc. | Common Stock",Megawatt Acquisitionco,Megawatt Acquisitionco,Common Equity,,,,0.0,21000.0,,205.0,0.0,,,,,False,,,USD,0.0
BBDC,0001379785,0001379785-26-000030,10-Q,2026-06-30,2026-08-05,"Megawatt Acquisitionco, Inc. | Preferred Stock",Megawatt Acquisitionco,Megawatt Acquisitionco,Preferred Equity,,,,201000.0,184000.0,,1842.0,109.24,,,,,False,,,USD,201000.0
BBDC,0001379785,0001379785-26-000030,10-Q,2026-06-30,2026-08-05,Surface Finishing Technologies Inc. | Common Stock,Surface Finishing Technologies Inc. |,Surface Finishing Technologies Inc. |,Common Equity,,,,192000.0,192000.0,,192455.0,100.0,,,,,False,,,USD,192000.0
BBDC,0001379785,0001379785-26-000030,10-Q,2026-06-30,2026-08-05,"Whitcraft Holdings, Inc. | LP Units",Whitcraft Holdings,Whitcraft Holdings,LP Interest,,,,1527000.0,631000.0,,63087.1,242.0,,,,,False,,,USD,1527000.0
BBDC,0001379785,0001379785-26-000030,10-Q,2026-06-30,2026-08-05,Burgess Point Purchaser Corporation | LP Units,Burgess Point Purchaser Corporation |,Burgess Point Purchaser Corporation |,LP Interest,,,,409000.0,455000.0,,455.0,89.89,,,,,False,,,USD,409000.0
BBDC,0001379785,0001379785-26-000030,10-Q,2026-06-30,2026-08-05,"Randys Holdings, Inc. | Common Stock",Randys Holdings,Randys Holdings,Common Equity,,,,654000.0,533000.0,,5333.0,122.7,,,,,False,,,USD,654000.0
BBDC,0001379785,0001379785-26-000030,10-Q,2026-06-30,2026-08-05,Recon Buyer LLC | LLC Units,Recon Buyer LLC | LLC,Recon Buyer LLC | LLC,Equity,,,,123000.0,116000.0,,116.2,106.03,,,,,False,,,USD,123000.0
BBDC,0001379785,0001379785-26-000030,10-Q,2026-06-30,2026-08-05,"SPATCO Energy Solutions, LLC | Common Stock",SPATCO Energy Solutions,SPATCO Energy Solutions,Common Equity,,,,249000.0,287000.0,,285839.0,86.76,,,,,False,,,USD,249000.0
BBDC,0001379785,0001379785-26-000030,10-Q,2026-06-30,2026-08-05,SVI International LLC | LLC Units,SVI International LLC | LLC,SVI International LLC | LLC,Equity,,,,356000.0,208000.0,,207921.0,171.15,,,,,False,,,USD,356000.0
BBDC,0001379785,0001379785-26-000030,10-Q,2026-06-30,2026-08-05,"Velocity Pooling Vehicle, LLC | Common Stock",Velocity Pooling Vehicle,Velocity Pooling Vehicle,Common Equity,,,,2000.0,60000.0,,4676.0,3.33,,,,,False,,,USD,2000.0
BBDC,0001379785,0001379785-26-000030,10-Q,2026-06-30,2026-08-05,"Velocity Pooling Vehicle, LLC | Warrants",Velocity Pooling Vehicle,Velocity Pooling Vehicle,Warrant,,,,3000.0,72000.0,,5591.0,4.17,,,,,False,,,USD,3000.0
BBDC,0001379785,0001379785-26-000030,10-Q,2026-06-30,2026-08-05,Accelerant Holdings | Common Stock,Accelerant Holdings |,Accelerant Holdings |,Common Equity,,,,2946000.0,3341000.0,,279230.0,88.18,,,,,False,,,USD,2946000.0
BBDC,0001379785,0001379785-26-000030,10-Q,2026-06-30,2026-08-05,Aegros Holdco 2 Ltd | Common Stock,Aegros Holdco 2 Ltd |,Aegros Holdco 2 Ltd |,Common Equity,,,,590000.0,12000.0,,889464.0,4916.67,,,,,False,,,USD,590000.0
BBDC,0001379785,0001379785-26-000030,10-Q,2026-06-30,2026-08-05,"Bishop Street Underwriters, LLC | LLC Units",Bishop Street Underwriters,Bishop Street Underwriters,Equity,,,,272000.0,287000.0,,188809.2,94.77,,,,,False,,,USD,272000.0
BBDC,0001379785,0001379785-26-000030,10-Q,2026-06-30,2026-08-05,Credit Key Funding II LLC | Preferred Stock,Credit Key Funding II LLC |,Credit Key Funding II LLC |,Preferred Equity,,,,2694000.0,2700000.0,,732019.0,99.78,,10.0,,10.0,True,,,USD,2694000.0
BBDC,0001379785,0001379785-26-000030,10-Q,2026-06-30,2026-08-05,Credit Key Funding II LLC | Warrants,Credit Key Funding II LLC |,Credit Key Funding II LLC |,Warrant,,,,17000.0,0.0,,862753.0,,,,,,False,,,USD,17000.0
BBDC,0001379785,0001379785-26-000030,10-Q,2026-06-30,2026-08-05,"ERS Holdings, LLC | LLC Units",ERS Holdings,ERS Holdings,Equity,,,,42000.0,46000.0,,45975.0,91.3,,,,,False,,,USD,42000.0
BBDC,0001379785,0001379785-26-000030,10-Q,2026-06-30,2026-08-05,Flywheel Holdings Segregated Portfolio 2025-2 | LP Interest,Flywheel Holdings Segregated Portfolio 2025-2 |,Flywheel Holdings Segregated Portfolio 2025-2 |,LP Interest,,,,4004000.0,3422000.0,,3422190.0,117.01,,,,,False,,,USD,4004000.0
BBDC,0001379785,0001379785-26-000030,10-Q,2026-06-30,2026-08-05,Flywheel Re Segregated Portfolio 2022-4 | Preferred Stock,Flywheel Re Segregated Portfolio 2022-4 |,Flywheel Re Segregated Portfolio 2022-4 |,Preferred Equity,,,,1527000.0,1031000.0,,2828286.0,148.11,,,,,False,,,USD,1527000.0
BBDC,0001379785,0001379785-26-000030,10-Q,2026-06-30,2026-08-05,ICREDITWORKS LLC | Preferred Stock,ICREDITWORKS LLC |,ICREDITWORKS LLC |,Preferred Equity,,,,11504000.0,11812000.0,,59462.7,97.39,,,,17.5,True,,,USD,11504000.0
BBDC,0001379785,0001379785-26-000030,10-Q,2026-06-30,2026-08-05,ICREDITWORKS LLC | Warrants,ICREDITWORKS LLC |,ICREDITWORKS LLC |,Warrant,,,,0.0,0.0,,23692.2,,,,,,False,,,USD,0.0
BBDC,0001379785,0001379785-26-000030,10-Q,2026-06-30,2026-08-05,Pinion Holdings Limited | Preferred Stock,Pinion Holdings Limited |,Pinion Holdings Limited |,Preferred Equity,,,,289000.0,289000.0,,288816.1,100.0,,,,10.0,True,,,USD,289000.0
BBDC,0001379785,0001379785-26-000030,10-Q,2026-06-30,2026-08-05,"Resolute Investment Managers, Inc. | Common Stock",Resolute Investment Managers,Resolute Investment Managers,Common Equity,,,,0.0,0.0,,51428.0,,,,,,False,,,USD,0.0
BBDC,0001379785,0001379785-26-000030,10-Q,2026-06-30,2026-08-05,Shelf Bidco Ltd | Common Stock,Shelf Bidco Ltd |,Shelf Bidco Ltd |,Common Equity,,,,4692000.0,1200000.0,,1200000.0,391.0,,,,,False,,,USD,4692000.0
BBDC,0001379785,0001379785-26-000030,10-Q,2026-06-30,2026-08-05,"CTI Foods Holdings Co., LLC | Common Stock",CTI Foods Holdings Co.,CTI Foods Holdings Co.,Common Equity,,,,1779000.0,0.0,,21031.0,,,,,,False,,,USD,1779000.0
BBDC,0001379785,0001379785-26-000030,10-Q,2026-06-30,2026-08-05,"GMF Parent, Inc. | LLC Units",GMF Parent,GMF Parent,Equity,,,,113000.0,138000.0,,138.0,81.88,,,,,False,,,USD,113000.0
BBDC,0001379785,0001379785-26-000030,10-Q,2026-06-30,2026-08-05,"Woodland Foods, LLC | Common Stock",Woodland Foods,Woodland Foods,Common Equity,,,,1962000.0,1663000.0,,1663.3,117.98,,,,,False,,,USD,1962000.0
BBDC,0001379785,0001379785-26-000030,10-Q,2026-06-30,2026-08-05,"Woodland Foods, LLC | Preferred Stock 1",Woodland Foods,Woodland Foods,Preferred Equity,,,,664000.0,572000.0,,364.0,116.08,,,,20.0,True,,,USD,664000.0
BBDC,0001379785,0001379785-26-000030,10-Q,2026-06-30,2026-08-05,"Woodland Foods, LLC | Preferred Stock 2",Woodland Foods,Woodland Foods,Preferred Equity,,,,158000.0,158000.0,,94.6,100.0,,,,20.0,True,,,USD,158000.0
BBDC,0001379785,0001379785-26-000030,10-Q,2026-06-30,2026-08-05,DAWGS Intermediate Holdings Co. | LLC Units,DAWGS Intermediate Holdings Co. | LLC,DAWGS Intermediate Holdings Co. | LLC,Equity,,,,463000.0,347000.0,,346.9,133.43,,,,,False,,,USD,463000.0
BBDC,0001379785,0001379785-26-000030,10-Q,2026-06-30,2026-08-05,"Polara Enterprises, L.L.C. | Partnership Units",Polara Enterprises,Polara Enterprises,LP Interest,,,,1938000.0,741000.0,,7409.0,261.54,,,,,False,,,USD,1938000.0
BBDC,0001379785,0001379785-26-000030,10-Q,2026-06-30,2026-08-05,"Process Insights Acquisition, Inc. | Common Stock",Process Insights Acquisition,Process Insights Acquisition,Common Equity,,,,0.0,281000.0,,281.0,0.0,,,,,False,,,USD,0.0
BBDC,0001379785,0001379785-26-000030,10-Q,2026-06-30,2026-08-05,"Process Insights Acquisition, Inc. | Class A Preferred Stock",Process Insights Acquisition,Process Insights Acquisition,Preferred Equity,,,,17000.0,17000.0,,28.84,100.0,,,,12.0,True,,,USD,17000.0
BBDC,0001379785,0001379785-26-000030,10-Q,2026-06-30,2026-08-05,Rapid Buyer LLC | LLC Units,Rapid Buyer LLC | LLC,Rapid Buyer LLC | LLC,Equity,,,,530000.0,533000.0,,533.0,99.44,,,,,False,,,USD,530000.0
BBDC,0001379785,0001379785-26-000030,10-Q,2026-06-30,2026-08-05,TAPCO Buyer LLC | LLC Units,TAPCO Buyer LLC | LLC,TAPCO Buyer LLC | LLC,Equity,,,,438000.0,364000.0,,339.0,120.33,,,,,False,,,USD,438000.0
BBDC,0001379785,0001379785-26-000030,10-Q,2026-06-30,2026-08-05,"Americo Chemical Products, LLC | Common Stock",Americo Chemical Products,Americo Chemical Products,Common Equity,,,,103000.0,88000.0,,88110.0,117.05,,,,,False,,,USD,103000.0
BBDC,0001379785,0001379785-26-000030,10-Q,2026-06-30,2026-08-05,Aptus 1829. GmbH | Preferred Stock,Aptus 1829. GmbH |,Aptus 1829. GmbH |,Preferred Equity,,,,58000.0,120000.0,,13.0,48.33,,,,,False,,,USD,58000.0
BBDC,0001379785,0001379785-26-000030,10-Q,2026-06-30,2026-08-05,Aptus 1829. GmbH | Common Stock,Aptus 1829. GmbH |,Aptus 1829. GmbH |,Common Equity,,,,0.0,12000.0,,48.0,0.0,,,,,False,,,USD,0.0
BBDC,0001379785,0001379785-26-000030,10-Q,2026-06-30,2026-08-05,"Polymer Solutions Group Holdings, LLC | Common Stock",Polymer Solutions Group Holdings,Polymer Solutions Group Holdings,Common Equity,,,,0.0,0.0,,74.0,,,,,,False,,,USD,0.0
BBDC,0001379785,0001379785-26-000030,10-Q,2026-06-30,2026-08-05,"BKF Buyer, Inc. | Common Stock",BKF Buyer,BKF Buyer,Common Equity,,,,1205000.0,1004000.0,,1004467.0,120.02,,,,,False,,,USD,1205000.0
BBDC,0001379785,0001379785-26-000030,10-Q,2026-06-30,2026-08-05,"DecksDirect, LLC | Class A Units",DecksDirect,DecksDirect,Common Equity,,,,0.0,47000.0,,1016.1,0.0,,,,,False,,,USD,0.0
BBDC,0001379785,0001379785-26-000030,10-Q,2026-06-30,2026-08-05,"DecksDirect, LLC | Common Stock",DecksDirect,DecksDirect,Common Equity,,,,0.0,55000.0,,1280.8,0.0,,,,,False,,,USD,0.0
BBDC,0001379785,0001379785-26-000030,10-Q,2026-06-30,2026-08-05,"DecksDirect, LLC | Preferred Stock",DecksDirect,DecksDirect,Preferred Equity,,,,0.0,11000.0,,9.5,0.0,,,,,False,,,USD,0.0
BBDC,0001379785,0001379785-26-000030,10-Q,2026-06-30,2026-08-05,"Lifestyle Intermediate II, LLC | Class A Common Units",Lifestyle Intermediate II,Lifestyle Intermediate II,Common Equity,,,,0.0,0.0,,16173.0,,,,,,False,,,USD,0.0
BBDC,0001379785,0001379785-26-000030,10-Q,2026-06-30,2026-08-05,"Renovation Parent Holdings, LLC | Partnership Equity",Renovation Parent Holdings,Renovation Parent Holdings,Equity,,,,229000.0,202000.0,,202393.6,113.37,,,,,False,,,USD,229000.0
BBDC,0001379785,0001379785-26-000030,10-Q,2026-06-30,2026-08-05,"RTIC Subsidiary Holdings, LLC | Class A Preferred Stock",RTIC Subsidiary Holdings,RTIC Subsidiary Holdings,Preferred Equity,,,,0.0,4000.0,,145.347,0.0,,,,,False,,,USD,0.0
BBDC,0001379785,0001379785-26-000030,10-Q,2026-06-30,2026-08-05,"RTIC Subsidiary Holdings, LLC | Class C Preferred Stock",RTIC Subsidiary Holdings,RTIC Subsidiary Holdings,Preferred Equity,,,,24000.0,450000.0,,7844.03,5.33,,,,,False,,,USD,24000.0
BBDC,0001379785,0001379785-26-000030,10-Q,2026-06-30,2026-08-05,"RTIC Subsidiary Holdings, LLC | Common Stock",RTIC Subsidiary Holdings,RTIC Subsidiary Holdings,Common Equity,,,,0.0,0.0,,153.0,,,,,,False,,,USD,0.0
BBDC,0001379785,0001379785-26-000030,10-Q,2026-06-30,2026-08-05,Serta Simmons Bedding LLC | Common Stock,Serta Simmons Bedding LLC |,Serta Simmons Bedding LLC |,Common Equity,,,,855000.0,1630000.0,,109127.0,52.45,,,,,False,,,USD,855000.0
BBDC,0001379785,0001379785-26-000030,10-Q,2026-06-30,2026-08-05,"Team Air Distributing, LLC | Preferred Stock 1",Team Air Distributing,Team Air Distributing,Preferred Equity,,,,48000.0,48000.0,,48431.3,100.0,,,,,False,,,USD,48000.0
BBDC,0001379785,0001379785-26-000030,10-Q,2026-06-30,2026-08-05,"Team Air Distributing, LLC | Preferred Stock 2",Team Air Distributing,Team Air Distributing,Preferred Equity,,,,0.0,93000.0,,88888.9,0.0,,,,,False,,,USD,0.0
BBDC,0001379785,0001379785-26-000030,10-Q,2026-06-30,2026-08-05,"Team Air Distributing, LLC | Partnership Equity",Team Air Distributing,Team Air Distributing,Equity,,,,0.0,523000.0,,526326.5,0.0,,,,,False,,,USD,0.0
BBDC,0001379785,0001379785-26-000030,10-Q,2026-06-30,2026-08-05,"Terrybear, Inc. | Partnership Equity",Terrybear,Terrybear,Equity,,,,0.0,239000.0,,24358.97,0.0,,,,,False,,,USD,0.0
BBDC,0001379785,0001379785-26-000030,10-Q,2026-06-30,2026-08-05,"CCFF Buyer, LLC | LLC Units",CCFF Buyer,CCFF Buyer,Equity,,,,267000.0,233000.0,,233.0,114.59,,,,,False,,,USD,267000.0
BBDC,0001379785,0001379785-26-000030,10-Q,2026-06-30,2026-08-05,"Ice House America, L.L.C. | LLC Units",Ice House America,Ice House America,Equity,,,,195000.0,289000.0,,2892.5,67.47,,,,,False,,,USD,195000.0
BBDC,0001379785,0001379785-26-000030,10-Q,2026-06-30,2026-08-05,"Safety Products Holdings, LLC | Preferred Stock",Safety Products Holdings,Safety Products Holdings,Preferred Equity,,,,602000.0,380000.0,,378.7,158.42,,,,,False,,,USD,602000.0
BBDC,0001379785,0001379785-26-000030,10-Q,2026-06-30,2026-08-05,Diversified Packaging Holdings LLC | LLC Units,Diversified Packaging Holdings LLC | LLC,Diversified Packaging Holdings LLC | LLC,Equity,,,,550000.0,277000.0,,2769.0,198.56,,,,,False,,,USD,550000.0
BBDC,0001379785,0001379785-26-000030,10-Q,2026-06-30,2026-08-05,Five Star Holding LLC | LLC Units,Five Star Holding LLC | LLC,Five Star Holding LLC | LLC,Equity,,,,720000.0,967000.0,,966.99,74.46,,,,,False,,,USD,720000.0
BBDC,0001379785,0001379785-26-000030,10-Q,2026-06-30,2026-08-05,Ferrellgas L.P. | Opco Preferred Units,Ferrellgas L.P. | Opco,Ferrellgas L.P. | Opco,Preferred Equity,,,,3030000.0,2799000.0,,2886.0,108.25,,,,,False,,,USD,3030000.0
BBDC,0001379785,0001379785-26-000030,10-Q,2026-06-30,2026-08-05,"Bridger Aerospace Group Holdings, LLC | Preferred Stock- Series C",Bridger Aerospace Group Holdings,Bridger Aerospace Group Holdings,Preferred Equity,,,,16984000.0,18632000.0,,14618.0,91.16,,,,7.0,True,,,USD,16984000.0
BBDC,0001379785,0001379785-26-000030,10-Q,2026-06-30,2026-08-05,Amalfi Midco | Class B Common Stock,Amalfi Midco | Class B,Amalfi Midco | Class B,Common Equity,,,,2625000.0,1115000.0,,98906608.0,235.43,,,,,False,,,USD,2625000.0
BBDC,0001379785,0001379785-26-000030,10-Q,2026-06-30,2026-08-05,Amalfi Midco | Warrants,Amalfi Midco |,Amalfi Midco |,Warrant,,,,1247000.0,4000.0,,380385.0,31175.0,,,,,False,,,USD,1247000.0
BBDC,0001379785,0001379785-26-000030,10-Q,2026-06-30,2026-08-05,Canadian Orthodontic Partners Corp. | Class A Equity,Canadian Orthodontic Partners Corp. | Class A,Canadian Orthodontic Partners Corp. | Class A,Equity,,,,0.0,389000.0,,500000.0,0.0,,,,,False,,,USD,0.0
BBDC,0001379785,0001379785-26-000030,10-Q,2026-06-30,2026-08-05,Canadian Orthodontic Partners Corp. | Class C - Warrants,Canadian Orthodontic Partners Corp. | Class C -,Canadian Orthodontic Partners Corp. | Class C -,Warrant,,,,0.0,0.0,,74712.64,,,,,,False,,,USD,0.0
BBDC,0001379785,0001379785-26-000030,10-Q,2026-06-30,2026-08-05,Canadian Orthodontic Partners Corp. | Class X Equity,Canadian Orthodontic Partners Corp. | Class X,Canadian Orthodontic Partners Corp. | Class X,Equity,,,,0.0,35000.0,,45604.0,0.0,,,,,False,,,USD,0.0
BBDC,0001379785,0001379785-26-000030,10-Q,2026-06-30,2026-08-05,Canadian Orthodontic Partners Corp. | Common Stock,Canadian Orthodontic Partners Corp. |,Canadian Orthodontic Partners Corp. |,Common Equity,,,,0.0,0.0,,14.37,,,,,,False,,,USD,0.0
BBDC,0001379785,0001379785-26-000030,10-Q,2026-06-30,2026-08-05,"Forest Buyer, LLC | Class A LLC Units",Forest Buyer,Forest Buyer,Equity,,,,124000.0,122000.0,,122.0,101.64,,,,,False,,,USD,124000.0
BBDC,0001379785,0001379785-26-000030,10-Q,2026-06-30,2026-08-05,"Forest Buyer, LLC | Class B LLC Units",Forest Buyer,Forest Buyer,Equity,,,,54000.0,0.0,,122.0,,,,,,False,,,USD,54000.0
BBDC,0001379785,0001379785-26-000030,10-Q,2026-06-30,2026-08-05,GCDL LLC | Common Stock,GCDL LLC |,GCDL LLC |,Common Equity,,,,306000.0,243000.0,,243243.24,125.93,,,,,False,,,USD,306000.0
BBDC,0001379785,0001379785-26-000030,10-Q,2026-06-30,2026-08-05,GPNZ II GmbH | Common Stock,GPNZ II GmbH |,GPNZ II GmbH |,Common Equity,,,,0.0,0.0,,5785.0,,,,,,False,,,USD,0.0
BBDC,0001379785,0001379785-26-000030,10-Q,2026-06-30,2026-08-05,"HemaSource, Inc. | Common Stock",HemaSource,HemaSource,Common Equity,,,,156000.0,101000.0,,101080.0,154.46,,,,,False,,,USD,156000.0
BBDC,0001379785,0001379785-26-000030,10-Q,2026-06-30,2026-08-05,Moonlight Bidco Limited | Common Stock,Moonlight Bidco Limited |,Moonlight Bidco Limited |,Common Equity,,,,204000.0,138000.0,,10590.0,147.83,,,,,False,,,USD,204000.0
BBDC,0001379785,0001379785-26-000030,10-Q,2026-06-30,2026-08-05,Parkview Dental Holdings LLC | LLC Units,Parkview Dental Holdings LLC | LLC,Parkview Dental Holdings LLC | LLC,Equity,,,,205000.0,298000.0,,29762.0,68.79,,,,,False,,,USD,205000.0
BBDC,0001379785,0001379785-26-000030,10-Q,2026-06-30,2026-08-05,Parkview Dental Holdings LLC | Preferred Stock,Parkview Dental Holdings LLC |,Parkview Dental Holdings LLC |,Preferred Equity,,,,39000.0,13000.0,,1229.1,300.0,,,,10.0,True,,,USD,39000.0
BBDC,0001379785,0001379785-26-000030,10-Q,2026-06-30,2026-08-05,"SCP Medical Products, LLC. | LLC Units",SCP Medical Products,SCP Medical Products,Equity,,,,44000.0,53000.0,,393.3,83.02,,,,,False,,,USD,44000.0
BBDC,0001379785,0001379785-26-000030,10-Q,2026-06-30,2026-08-05,"TA KHP Aggregator, L.P. | Common Stock",TA KHP Aggregator,TA KHP Aggregator,Common Equity,,,,78000.0,52000.0,,47209.6,150.0,,,,,False,,,USD,78000.0
BBDC,0001379785,0001379785-26-000030,10-Q,2026-06-30,2026-08-05,"Unosquare, LLC | LLC Units",Unosquare,Unosquare,Equity,,,,143000.0,261000.0,,260817.7,54.79,,,,,False,,,USD,143000.0
BBDC,0001379785,0001379785-26-000030,10-Q,2026-06-30,2026-08-05,VB Spine Intermediary II LLC | LLC Units,VB Spine Intermediary II LLC | LLC,VB Spine Intermediary II LLC | LLC,Equity,,,,0.0,0.0,,767670.7,,,,,,False,,,USD,0.0
BBDC,0001379785,0001379785-26-000030,10-Q,2026-06-30,2026-08-05,Argus Bidco Limited | Common Stock,Argus Bidco Limited |,Argus Bidco Limited |,Common Equity,,,,0.0,1000.0,,464.0,0.0,,,,,False,,,USD,0.0
BBDC,0001379785,0001379785-26-000030,10-Q,2026-06-30,2026-08-05,Argus Bidco Limited | Class B Common Stock,Argus Bidco Limited | Class B,Argus Bidco Limited | Class B,Common Equity,,,,3000.0,3000.0,,2527.0,100.0,,,,,False,,,USD,3000.0
BBDC,0001379785,0001379785-26-000030,10-Q,2026-06-30,2026-08-05,Argus Bidco Limited | Equity Loan Notes,Argus Bidco Limited |,Argus Bidco Limited |,Equity,,,,18000.0,70000.0,,41560.0,25.71,,,,10.0,True,,,USD,18000.0
BBDC,0001379785,0001379785-26-000030,10-Q,2026-06-30,2026-08-05,Argus Bidco Limited | Preferred Stock,Argus Bidco Limited |,Argus Bidco Limited |,Preferred Equity,,,,18000.0,70000.0,,41560.0,25.71,,,,10.0,True,,,USD,18000.0
BBDC,0001379785,0001379785-26-000030,10-Q,2026-06-30,2026-08-05,"CH Buyer, LLC | LLC Units",CH Buyer,CH Buyer,Equity,,,,72000.0,69000.0,,685.0,104.35,,,,,False,,,USD,72000.0
BBDC,0001379785,0001379785-26-000030,10-Q,2026-06-30,2026-08-05,"Command Alkon (Project Potter Buyer, LLC) | Class B Partnership Units",Command Alkon (Project Potter Buyer,Command Alkon (Project Potter Buyer,LP Interest,,,,163000.0,0.0,,33324.7,,,,,,False,,,USD,163000.0
BBDC,0001379785,0001379785-26-000030,10-Q,2026-06-30,2026-08-05,"CW Group Holdings, LLC | LLC Units",CW Group Holdings,CW Group Holdings,Equity,,,,487000.0,161000.0,,161290.32,302.48,,,,,False,,,USD,487000.0
BBDC,0001379785,0001379785-26-000030,10-Q,2026-06-30,2026-08-05,Eurofins Digital Testing International LUX Holding SARL | Common Stock,Eurofins Digital Testing International LUX Holding SARL |,Eurofins Digital Testing International LUX Holding SARL |,Common Equity,,,,0.0,0.0,,243081.0,,,,,,False,,,USD,0.0
BBDC,0001379785,0001379785-26-000030,10-Q,2026-06-30,2026-08-05,Eurofins Digital Testing International LUX Holding SARL | Preferred Stock,Eurofins Digital Testing International LUX Holding SARL |,Eurofins Digital Testing International LUX Holding SARL |,Preferred Equity,,,,0.0,0.0,,351478.0,,,,,,False,,,USD,0.0
BBDC,0001379785,0001379785-26-000030,10-Q,2026-06-30,2026-08-05,FinThrive Software Intermediate Holdings Inc. | Preferred Stock,FinThrive Software Intermediate Holdings Inc. |,FinThrive Software Intermediate Holdings Inc. |,Preferred Equity,,,,485000.0,11438000.0,,6582.7,4.24,,,,,False,,,USD,485000.0
BBDC,0001379785,0001379785-26-000030,10-Q,2026-06-30,2026-08-05,FSS Buyer LLC | LP Interest,FSS Buyer LLC |,FSS Buyer LLC |,LP Interest,,,,14000.0,12000.0,,1160.9,116.67,,,,,False,,,USD,14000.0
BBDC,0001379785,0001379785-26-000030,10-Q,2026-06-30,2026-08-05,FSS Buyer LLC | LP Units,FSS Buyer LLC |,FSS Buyer LLC |,LP Interest,,,,63000.0,51000.0,,5104.3,123.53,,,,,False,,,USD,63000.0
BBDC,0001379785,0001379785-26-000030,10-Q,2026-06-30,2026-08-05,NAW Buyer LLC | LLC Units,NAW Buyer LLC | LLC,NAW Buyer LLC | LLC,Equity,,,,666000.0,473000.0,,472512.0,140.8,,,,,False,,,USD,666000.0
BBDC,0001379785,0001379785-26-000030,10-Q,2026-06-30,2026-08-05,"OSP Hamilton Purchaser, LLC | LP Units",OSP Hamilton Purchaser,OSP Hamilton Purchaser,LP Interest,,,,184000.0,174000.0,,173749.0,105.75,,,,,False,,,USD,184000.0
BBDC,0001379785,0001379785-26-000030,10-Q,2026-06-30,2026-08-05,PDQ.Com Corporation | Class A-2 Partnership Units,PDQ.Com Corporation | Class A-2,PDQ.Com Corporation | Class A-2,LP Interest,,,,28000.0,14000.0,,13.9,200.0,,,,,False,,,USD,28000.0
BBDC,0001379785,0001379785-26-000030,10-Q,2026-06-30,2026-08-05,"ProfitOptics, LLC | LLC Units",ProfitOptics,ProfitOptics,Equity,,,,448000.0,161000.0,,241935.48,278.26,,,,,False,,,USD,448000.0
BBDC,0001379785,0001379785-26-000030,10-Q,2026-06-30,2026-08-05,"Pro-Vision Solutions Holdings, LLC | LLC Units",Pro-Vision Solutions Holdings,Pro-Vision Solutions Holdings,Equity,,,,331000.0,236000.0,,2357.5,140.25,,,,,False,,,USD,331000.0
BBDC,0001379785,0001379785-26-000030,10-Q,2026-06-30,2026-08-05,"Advantage Software Company (The), LLC | Class A1 Partnership Units",Advantage Software Company (The),Advantage Software Company (The),LP Interest,,,,238000.0,280000.0,,8717.76,85.0,,,,,False,,,USD,238000.0
BBDC,0001379785,0001379785-26-000030,10-Q,2026-06-30,2026-08-05,"Advantage Software Company (The), LLC | Class A2 Partnership Units",Advantage Software Company (The),Advantage Software Company (The),LP Interest,,,,61000.0,72000.0,,2248.46,84.72,,,,,False,,,USD,61000.0
BBDC,0001379785,0001379785-26-000030,10-Q,2026-06-30,2026-08-05,"Advantage Software Company (The), LLC | Class B1 Partnership Units",Advantage Software Company (The),Advantage Software Company (The),LP Interest,,,,0.0,9000.0,,8717.76,0.0,,,,,False,,,USD,0.0
BBDC,0001379785,0001379785-26-000030,10-Q,2026-06-30,2026-08-05,"Advantage Software Company (The), LLC | Class B2 Partnership Units",Advantage Software Company (The),Advantage Software Company (The),LP Interest,,,,0.0,2000.0,,2248.46,0.0,,,,,False,,,USD,0.0
BBDC,0001379785,0001379785-26-000030,10-Q,2026-06-30,2026-08-05,"ASC Communications, LLC | Class A Units",ASC Communications,ASC Communications,Common Equity,,,,971000.0,539000.0,,25718.2,180.15,,,,,False,,,USD,971000.0
BBDC,0001379785,0001379785-26-000030,10-Q,2026-06-30,2026-08-05,"The Octave Music Group, Inc. | Partnership Equity",The Octave Music Group,The Octave Music Group,Equity,,,,1597000.0,677000.0,,676881.0,235.89,,,,,False,,,USD,1597000.0
BBDC,0001379785,0001379785-26-000030,10-Q,2026-06-30,2026-08-05,BrightSign LLC | LLC Units,BrightSign LLC | LLC,BrightSign LLC | LLC,Equity,,,,1484000.0,1107000.0,,1107492.71,134.06,,,,,False,,,USD,1484000.0
BBDC,0001379785,0001379785-26-000030,10-Q,2026-06-30,2026-08-05,Rock Labor LLC | LLC Units,Rock Labor LLC | LLC,Rock Labor LLC | LLC,Equity,,,,1057000.0,1252000.0,,233871.0,84.42,,,,,False,,,USD,1057000.0
BBDC,0001379785,0001379785-26-000030,10-Q,2026-06-30,2026-08-05,"Solo Buyer, L.P. | Common Equity",Solo Buyer,Solo Buyer,Common Equity,,,,248000.0,516000.0,,516399.0,48.06,,,,,False,,,USD,248000.0
BBDC,0001379785,0001379785-26-000030,10-Q,2026-06-30,2026-08-05,"Vital Buyer, LLC | Partnership Units",Vital Buyer,Vital Buyer,LP Interest,,,,594000.0,164000.0,,16442.9,362.2,,,,,False,,,USD,594000.0
BBDC,0001379785,0001379785-26-000030,10-Q,2026-06-30,2026-08-05,"ARC Interco Purchaser, LLC | LLC Units",ARC Interco Purchaser,ARC Interco Purchaser,Equity,,,,129000.0,128000.0,,121550.0,100.78,,,,,False,,,USD,129000.0
BBDC,0001379785,0001379785-26-000030,10-Q,2026-06-30,2026-08-05,"Azalea Buyer, Inc. | Common Stock",Azalea Buyer,Azalea Buyer,Common Equity,,,,340000.0,192000.0,,192307.7,177.08,,,,,False,,,USD,340000.0
BBDC,0001379785,0001379785-26-000030,10-Q,2026-06-30,2026-08-05,"Broadway Buyer, LLC | LLC Units",Broadway Buyer,Broadway Buyer,Equity,,,,387000.0,312000.0,,312055.0,124.04,,,,,False,,,USD,387000.0
BBDC,0001379785,0001379785-26-000030,10-Q,2026-06-30,2026-08-05,"CGI Parent, LLC | Preferred Stock",CGI Parent,CGI Parent,Preferred Equity,,,,1647000.0,722000.0,,657.0,228.12,,,,,False,,,USD,1647000.0
BBDC,0001379785,0001379785-26-000030,10-Q,2026-06-30,2026-08-05,"CMT Opco Holding, LLC (Concept Machine) | LLC Units",CMT Opco Holding,CMT Opco Holding,Equity,,,,0.0,506000.0,,12634.8,0.0,,,,,False,,,USD,0.0
BBDC,0001379785,0001379785-26-000030,10-Q,2026-06-30,2026-08-05,Coyo Uprising GmbH | Class A Units,Coyo Uprising GmbH |,Coyo Uprising GmbH |,Common Equity,,,,242000.0,205000.0,,440.0,118.05,,,,,False,,,USD,242000.0
BBDC,0001379785,0001379785-26-000030,10-Q,2026-06-30,2026-08-05,Coyo Uprising GmbH | Class B Units,Coyo Uprising GmbH |,Coyo Uprising GmbH |,Common Equity,,,,300000.0,446000.0,,191.0,67.26,,,,,False,,,USD,300000.0
BBDC,0001379785,0001379785-26-000030,10-Q,2026-06-30,2026-08-05,"DataServ Integrations, LLC | Preferred Units",DataServ Integrations,DataServ Integrations,Preferred Equity,,,,237000.0,192000.0,,175459.2,123.44,,,,,False,,,USD,237000.0
BBDC,0001379785,0001379785-26-000030,10-Q,2026-06-30,2026-08-05,EFC International | Common Stock,EFC International |,EFC International |,Common Equity,,,,212000.0,231000.0,,163.83,91.77,,,,,False,,,USD,212000.0
BBDC,0001379785,0001379785-26-000030,10-Q,2026-06-30,2026-08-05,Electric Equipment & Engineering Co. | LLC Units,Electric Equipment & Engineering Co. | LLC,Electric Equipment & Engineering Co. | LLC,Equity,,,,356000.0,188000.0,,187500.0,189.36,,,,,False,,,USD,356000.0
BBDC,0001379785,0001379785-26-000030,10-Q,2026-06-30,2026-08-05,"IMS Services Enterprises, LLC | LLC Units",IMS Services Enterprises,IMS Services Enterprises,Equity,,,,295000.0,294000.0,,294.0,100.34,,,,,False,,,USD,295000.0
BBDC,0001379785,0001379785-26-000030,10-Q,2026-06-30,2026-08-05,"LeadsOnline, LLC | LLC Units",LeadsOnline,LeadsOnline,Equity,,,,177000.0,85000.0,,81739.0,208.24,,,,,False,,,USD,177000.0
BBDC,0001379785,0001379785-26-000030,10-Q,2026-06-30,2026-08-05,"MB Purchaser, LLC | LLC Units",MB Purchaser,MB Purchaser,Equity,,,,85000.0,68000.0,,66.0,125.0,,,,,False,,,USD,85000.0
BBDC,0001379785,0001379785-26-000030,10-Q,2026-06-30,2026-08-05,MC Group Ventures Corporation | Partnership Units,MC Group Ventures Corporation |,MC Group Ventures Corporation |,LP Interest,,,,435000.0,747000.0,,746.66,58.23,,,,,False,,,USD,435000.0
BBDC,0001379785,0001379785-26-000030,10-Q,2026-06-30,2026-08-05,"MIV Buyer, LLC | LLC Units",MIV Buyer,MIV Buyer,Equity,,,,96000.0,101000.0,,1007.4,95.05,,,,,False,,,USD,96000.0
BBDC,0001379785,0001379785-26-000030,10-Q,2026-06-30,2026-08-05,"NF Holdco, LLC | LLC Units",NF Holdco,NF Holdco,Equity,,,,115000.0,659000.0,,639510.0,17.45,,,,,False,,,USD,115000.0
BBDC,0001379785,0001379785-26-000030,10-Q,2026-06-30,2026-08-05,"Recovery Point Systems, Inc. | Partnership Equity",Recovery Point Systems,Recovery Point Systems,Equity,,,,112000.0,187000.0,,187235.0,59.89,,,,,False,,,USD,112000.0
BBDC,0001379785,0001379785-26-000030,10-Q,2026-06-30,2026-08-05,"SmartShift Group, Inc. | Common Stock",SmartShift Group,SmartShift Group,Common Equity,,,,562000.0,275000.0,,275.0,204.36,,,,,False,,,USD,562000.0
BBDC,0001379785,0001379785-26-000030,10-Q,2026-06-30,2026-08-05,TA SL Cayman Aggregator Corp. | Common Stock,TA SL Cayman Aggregator Corp. |,TA SL Cayman Aggregator Corp. |,Common Equity,,,,78000.0,50000.0,,1589.0,156.0,,,,,False,,,USD,78000.0
BBDC,0001379785,0001379785-26-000030,10-Q,2026-06-30,2026-08-05,"TSYL Corporate Buyer, Inc. | Partnership Units",TSYL Corporate Buyer,TSYL Corporate Buyer,LP Interest,,,,40000.0,5000.0,,4673.0,800.0,,,,,False,,,USD,40000.0
BBDC,0001379785,0001379785-26-000030,10-Q,2026-06-30,2026-08-05,Xeinadin Bidco Limited | Common Stock,Xeinadin Bidco Limited |,Xeinadin Bidco Limited |,Common Equity,,,,1212000.0,565000.0,,45665825.0,214.51,,,,,False,,,USD,1212000.0
BBDC,0001379785,0001379785-26-000030,10-Q,2026-06-30,2026-08-05,Application Boot Camp LLC | Common Stock,Application Boot Camp LLC |,Application Boot Camp LLC |,Common Equity,,,,300000.0,235000.0,,234751.8,127.66,,,,,False,,,USD,300000.0
BBDC,0001379785,0001379785-26-000030,10-Q,2026-06-30,2026-08-05,"Kid Distro Holdings, LLC | LLC Units",Kid Distro Holdings,Kid Distro Holdings,Equity,,,,861000.0,638000.0,,637677.11,134.95,,,,,False,,,USD,861000.0
BBDC,0001379785,0001379785-26-000030,10-Q,2026-06-30,2026-08-05,Marmoutier Holding B.V. | Common Stock,Marmoutier Holding B.V. |,Marmoutier Holding B.V. |,Common Equity,,,,0.0,0.0,,2600592.0,,,,,,False,,,USD,0.0
BBDC,0001379785,0001379785-26-000030,10-Q,2026-06-30,2026-08-05,Mercell Holding AS | Class A Units,Mercell Holding AS |,Mercell Holding AS |,Common Equity,,,,73000.0,111000.0,,114.4,65.77,,,,,False,,,USD,73000.0
BBDC,0001379785,0001379785-26-000030,10-Q,2026-06-30,2026-08-05,Mercell Holding AS | Class B Units,Mercell Holding AS |,Mercell Holding AS |,Common Equity,,,,0.0,0.0,,28943.8,,,,,,False,,,USD,0.0
BBDC,0001379785,0001379785-26-000030,10-Q,2026-06-30,2026-08-05,"Syniverse Holdings, Inc. | Series A Preferred Equity",Syniverse Holdings,Syniverse Holdings,Preferred Equity,,,,10303000.0,12225000.0,,7575758.0,84.28,,,,12.5,True,,,USD,10303000.0
BBDC,0001379785,0001379785-26-000030,10-Q,2026-06-30,2026-08-05,"Echo Global Logistics, Inc. | Partnership Equity",Echo Global Logistics,Echo Global Logistics,Equity,,,,966000.0,531000.0,,530.92,181.92,,,,,False,,,USD,966000.0
BBDC,0001379785,0001379785-26-000030,10-Q,2026-06-30,2026-08-05,FragilePak LLC | Partnership Units,FragilePak LLC |,FragilePak LLC |,LP Interest,,,,676000.0,938000.0,,937.5,72.07,,,,,False,,,USD,676000.0
BBDC,0001379785,0001379785-26-000030,10-Q,2026-06-30,2026-08-05,"ITI Intermodal, Inc. | Common Stock",ITI Intermodal,ITI Intermodal,Common Equity,,,,947000.0,750000.0,,7500.4,126.27,,,,,False,,,USD,947000.0
BBDC,0001379785,0001379785-26-000030,10-Q,2026-06-30,2026-08-05,REP SEKO MERGER SUB LLC | Common Stock,REP SEKO MERGER SUB LLC |,REP SEKO MERGER SUB LLC |,Common Equity,,,,0.0,5403000.0,,1231.0,0.0,,,,,False,,,USD,0.0
BBDC,0001379785,0001379785-26-000030,10-Q,2026-06-30,2026-08-05,"Transportation Insight, LLC | Class A Common Units",Transportation Insight,Transportation Insight,Common Equity,,,,0.0,0.0,,14.51,,,,,,False,,,USD,0.0
BBDC,0001379785,0001379785-26-000030,10-Q,2026-06-30,2026-08-05,"Transportation Insight, LLC | Class A Preferred Units",Transportation Insight,Transportation Insight,Preferred Equity,,,,3688000.0,3099000.0,,20.04,119.01,,,,,False,,,USD,3688000.0
BBDC,0001379785,0001379785-26-000030,10-Q,2026-06-30,2026-08-05,"Coherus Biosciences, Inc. | Royalty Rights","Coherus Biosciences, Inc. | Royalty Rights","Coherus Biosciences, Inc. | Royalty Rights",,,,,1459000.0,1237000.0,,,117.95,,,,,False,,,USD,1459000.0
BBDC,0001379785,0001379785-26-000030,10-Q,2026-06-30,2026-08-05,Skyvault Holdings LLC | First Lien Senior Secured Term Loan,Skyvault Holdings LLC |,Skyvault Holdings LLC |,First Lien,,,,16143000.0,16144000.0,16144000.0,,99.99,,12.0,,,False,,,USD,16143000.0
BBDC,0001379785,0001379785-26-000030,10-Q,2026-06-30,2026-08-05,"Eclipse Business Capital, LLC | First Lien Senior Secured Term Loan",Eclipse Business Capital,Eclipse Business Capital,First Lien,,,,3333000.0,3333000.0,3333000.0,,100.0,6.6,10.2,,,False,,,USD,3333000.0
BBDC,0001379785,0001379785-26-000030,10-Q,2026-06-30,2026-08-05,"Eclipse Business Capital, LLC | Revolver","Eclipse Business Capital, LLC | Revolver","Eclipse Business Capital, LLC | Revolver",,,,,12879000.0,12830000.0,12879000.0,,100.0,6.6,10.2,,,False,,,USD,12879000.0
BBDC,0001379785,0001379785-26-000030,10-Q,2026-06-30,2026-08-05,"Eclipse Business Capital, LLC | Second Lien Senior Secured Term Loan",Eclipse Business Capital,Eclipse Business Capital,Second Lien,,,,4546000.0,4530000.0,4545000.0,,100.02,,7.5,,,False,,,USD,4546000.0
BBDC,0001379785,0001379785-26-000030,10-Q,2026-06-30,2026-08-05,"Policy Services Company, LLC | First Lien Senior Secured Term Loan",Policy Services Company,Policy Services Company,First Lien,,,,49896000.0,55054000.0,55440000.0,,90.0,6.0,9.9,,4.0,True,,,USD,49896000.0
BBDC,0001379785,0001379785-26-000030,10-Q,2026-06-30,2026-08-05,Rocade Holdings LLC | Second Lien Senior Secured Term Loan,Rocade Holdings LLC |,Rocade Holdings LLC |,Second Lien,,,,11930000.0,11952000.0,12190000.0,,97.87,8.0,11.7,,,False,,,USD,11930000.0
BBDC,0001379785,0001379785-26-000030,10-Q,2026-06-30,2026-08-05,EMI Porta Holdco LLC | First Lien Senior Secured Term Loan,EMI Porta Holdco LLC |,EMI Porta Holdco LLC |,First Lien,,,,4656000.0,4656000.0,4656000.0,,100.0,5.5,9.1,,,False,,,USD,4656000.0
BBDC,0001379785,0001379785-26-000030,10-Q,2026-06-30,2026-08-05,EMI Porta Holdco LLC | Revolver,EMI Porta Holdco LLC | Revolver,EMI Porta Holdco LLC | Revolver,,,,,0.0,0.0,0.0,,,5.5,9.1,,,False,,,USD,0.0
BBDC,0001379785,0001379785-26-000030,10-Q,2026-06-30,2026-08-05,"Celebration Bidco, LLC | First Lien Senior Secured Term Loan",Celebration Bidco,Celebration Bidco,First Lien,,,,8578000.0,8722000.0,8722000.0,,98.35,8.0,11.7,,,False,,,USD,8578000.0
BBDC,0001379785,0001379785-26-000030,10-Q,2026-06-30,2026-08-05,Biolam Group | First Lien Senior Secured Term Loan,Biolam Group |,Biolam Group |,First Lien,,,,1312000.0,2537000.0,2993000.0,,43.84,4.5,,,6.6,True,,,USD,1312000.0
BBDC,0001379785,0001379785-26-000030,10-Q,2026-06-30,2026-08-05,"Coastal Marina Holdings, LLC | Subordinated Term Loan 1",Coastal Marina Holdings,Coastal Marina Holdings,Subordinated,,,,16001000.0,15848000.0,16620000.0,,96.28,,8.0,,,False,,,USD,16001000.0
BBDC,0001379785,0001379785-26-000030,10-Q,2026-06-30,2026-08-05,"Coastal Marina Holdings, LLC | Subordinated Term Loan 2",Coastal Marina Holdings,Coastal Marina Holdings,Subordinated,,,,7377000.0,7379000.0,7662000.0,,96.28,,8.0,,,False,,,USD,7377000.0
BBDC,0001379785,0001379785-26-000030,10-Q,2026-06-30,2026-08-05,Zeppelin Bidco Limited | First Lien Senior Secured Term Loan,Zeppelin Bidco Limited |,Zeppelin Bidco Limited |,First Lien,,,,2663000.0,2150000.0,2665000.0,,99.92,6.5,10.2,,,False,,,USD,2663000.0
BBDC,0001379785,0001379785-26-000030,10-Q,2026-06-30,2026-08-05,Skyvault Holdings LLC | LLC Units,Skyvault Holdings LLC | LLC,Skyvault Holdings LLC | LLC,Equity,,,,5003000.0,3250000.0,,5381304.8,153.94,,,,,False,,,USD,5003000.0
BBDC,0001379785,0001379785-26-000030,10-Q,2026-06-30,2026-08-05,"Eclipse Business Capital, LLC | LLC Units",Eclipse Business Capital,Eclipse Business Capital,Equity,,,,139539000.0,93052000.0,,89447396.0,149.96,,,,,False,,,USD,139539000.0
BBDC,0001379785,0001379785-26-000030,10-Q,2026-06-30,2026-08-05,"Policy Services Company, LLC | Class A Units",Policy Services Company,Policy Services Company,Common Equity,,,,0.0,0.0,,251.4,,,,,,False,,,USD,0.0
BBDC,0001379785,0001379785-26-000030,10-Q,2026-06-30,2026-08-05,"Policy Services Company, LLC | Warrants - Class A",Policy Services Company,Policy Services Company,Warrant,,,,0.0,0.0,,2.5582,,,,,,False,,,USD,0.0
BBDC,0001379785,0001379785-26-000030,10-Q,2026-06-30,2026-08-05,"Policy Services Company, LLC | Warrants - Class B",Policy Services Company,Policy Services Company,Warrant,,,,0.0,0.0,,0.8634,,,,,,False,,,USD,0.0
BBDC,0001379785,0001379785-26-000030,10-Q,2026-06-30,2026-08-05,"Policy Services Company, LLC | Warrants - Class CC",Policy Services Company,Policy Services Company,Warrant,,,,0.0,0.0,,0.0888,,,,,,False,,,USD,0.0
BBDC,0001379785,0001379785-26-000030,10-Q,2026-06-30,2026-08-05,"Policy Services Company, LLC | Warrants - Class D",Policy Services Company,Policy Services Company,Warrant,,,,0.0,0.0,,0.2471,,,,,,False,,,USD,0.0
BBDC,0001379785,0001379785-26-000030,10-Q,2026-06-30,2026-08-05,Rocade Holdings LLC | Preferred LP Units,Rocade Holdings LLC | Preferred,Rocade Holdings LLC | Preferred,LP Interest,,,,89041000.0,89041000.0,,71000.0,100.0,6.0,9.7,,,False,,,USD,89041000.0
BBDC,0001379785,0001379785-26-000030,10-Q,2026-06-30,2026-08-05,Rocade Holdings LLC | Common LP Units,Rocade Holdings LLC | Common,Rocade Holdings LLC | Common,LP Interest,,,,4687000.0,0.0,,23.8,,,,,,False,,,USD,4687000.0
BBDC,0001379785,0001379785-26-000030,10-Q,2026-06-30,2026-08-05,EMI Porta Holdco LLC | Common Stock,EMI Porta Holdco LLC |,EMI Porta Holdco LLC |,Common Equity,,,,2948000.0,3005000.0,,6017772.0,98.1,,,,,False,,,USD,2948000.0
BBDC,0001379785,0001379785-26-000030,10-Q,2026-06-30,2026-08-05,EMI Porta Holdco LLC | Preferred Stock,EMI Porta Holdco LLC |,EMI Porta Holdco LLC |,Preferred Equity,,,,2369000.0,2324000.0,,2322860.0,101.94,,,,12.0,True,,,USD,2369000.0
BBDC,0001379785,0001379785-26-000030,10-Q,2026-06-30,2026-08-05,"Celebration Bidco, LLC | Common Stock",Celebration Bidco,Celebration Bidco,Common Equity,,,,10355000.0,12177000.0,,1243071.0,85.04,,,,,False,,,USD,10355000.0
BBDC,0001379785,0001379785-26-000030,10-Q,2026-06-30,2026-08-05,Biolam Group | Ordinary Shares,Biolam Group |,Biolam Group |,Common Equity,,,,0.0,0.0,,42639498.0,,,,,,False,,,USD,0.0
BBDC,0001379785,0001379785-26-000030,10-Q,2026-06-30,2026-08-05,"Coastal Marina Holdings, LLC | LLC Units",Coastal Marina Holdings,Coastal Marina Holdings,Equity,,,,20546000.0,16495000.0,,3518097.0,124.56,,,,,False,,,USD,20546000.0
BBDC,0001379785,0001379785-26-000030,10-Q,2026-06-30,2026-08-05,Jocassee Partners LLC | 9.1% Member Interest,Jocassee Partners LLC | 9.1%,Jocassee Partners LLC | 9.1%,LLC Interest,,,,33180000.0,35158000.0,,,94.37,,,,,False,,,USD,33180000.0
BBDC,0001379785,0001379785-26-000030,10-Q,2026-06-30,2026-08-05,Sierra Senior Loan Strategy JV I LLC | 89.01% Member Interest,Sierra Senior Loan Strategy JV I LLC | 89.01%,Sierra Senior Loan Strategy JV I LLC | 89.01%,LLC Interest,,,,0.0,11532000.0,,,0.0,,,,,False,,,USD,0.0
BBDC,0001379785,0001379785-26-000030,10-Q,2026-06-30,2026-08-05,Thompson Rivers LLC | 16.0% Member Interest,Thompson Rivers LLC | 16.0%,Thompson Rivers LLC | 16.0%,LLC Interest,,,,2710000.0,18424000.0,,,14.71,,,,,False,,,USD,2710000.0
BBDC,0001379785,0001379785-26-000030,10-Q,2026-06-30,2026-08-05,Waccamaw River LLC | 20% Member Interest,Waccamaw River LLC | 20%,Waccamaw River LLC | 20%,LLC Interest,,,,76000.0,12664000.0,,,0.6,,,,,False,,,USD,76000.0
BBDC,0001379785,0001379785-26-000030,10-Q,2026-06-30,2026-08-05,Zeppelin Bidco Limited | Ordinary Shares,Zeppelin Bidco Limited |,Zeppelin Bidco Limited |,Common Equity,,,,0.0,0.0,,879.0,,,,,,False,,,USD,0.0
BBDC,0001379785,0001379785-26-000030,10-Q,2026-06-30,2026-08-05,MVC Automotive Group GmbH | First Lien Senior Secured Term Loan 1,MVC Automotive Group GmbH |,MVC Automotive Group GmbH |,First Lien,,,,3087000.0,3100000.0,3087000.0,,100.0,,7.7,,,False,,,USD,3087000.0
BBDC,0001379785,0001379785-26-000030,10-Q,2026-06-30,2026-08-05,MVC Automotive Group GmbH | First Lien Senior Secured Term Loan 2,MVC Automotive Group GmbH |,MVC Automotive Group GmbH |,First Lien,,,,1716000.0,1785000.0,1715000.0,,100.06,7.65,9.9,,,False,,,USD,1716000.0
BBDC,0001379785,0001379785-26-000030,10-Q,2026-06-30,2026-08-05,Security Holdings B.V. | Bridge Loan,Security Holdings B.V. | Bridge Loan,Security Holdings B.V. | Bridge Loan,,,,,7173000.0,7173000.0,7173000.0,,100.0,,,,5.0,True,,,USD,7173000.0
BBDC,0001379785,0001379785-26-000030,10-Q,2026-06-30,2026-08-05,Security Holdings B.V. | Revolver,Security Holdings B.V. | Revolver,Security Holdings B.V. | Revolver,,,,,10984000.0,10988000.0,10984000.0,,100.0,,,,6.0,True,,,USD,10984000.0
BBDC,0001379785,0001379785-26-000030,10-Q,2026-06-30,2026-08-05,Security Holdings B.V. | Senior Unsecured Term Loan,Security Holdings B.V. | Senior Unsecured Term Loan,Security Holdings B.V. | Senior Unsecured Term Loan,,,,,3049000.0,3045000.0,3050000.0,,99.97,,,,15.0,True,,,USD,3049000.0
BBDC,0001379785,0001379785-26-000030,10-Q,2026-06-30,2026-08-05,Security Holdings B.V. | Senior Subordinated Term Loan,Security Holdings B.V. |,Security Holdings B.V. |,Senior Subordinated,,,,11747000.0,11747000.0,11748000.0,,99.99,,,,3.1,True,,,USD,11747000.0
BBDC,0001379785,0001379785-26-000030,10-Q,2026-06-30,2026-08-05,MVC Automotive Group GmbH | Common Equity Interest,MVC Automotive Group GmbH |,MVC Automotive Group GmbH |,Common Equity,,,,8447000.0,23173000.0,,25404.0,36.45,,,,,False,,,USD,8447000.0
BBDC,0001379785,0001379785-26-000030,10-Q,2026-06-30,2026-08-05,Security Holdings B.V. | Common Stock Series A,Security Holdings B.V. |,Security Holdings B.V. |,Common Equity,,,,447000.0,560000.0,,17100.0,79.82,,,,,False,,,USD,447000.0
BBDC,0001379785,0001379785-26-000030,10-Q,2026-06-30,2026-08-05,Security Holdings B.V. | Common Stock Series B,Security Holdings B.V. |,Security Holdings B.V. |,Common Equity,,,,41741000.0,35192000.0,,1236.0,118.61,,,,,False,,,USD,41741000.0
BBDC,0001379785,0001379785-26-000030,10-Q,2026-06-30,2026-08-05,EMI Porta Holdco LLC | Revolver 2026,EMI Porta Holdco LLC | Revolver 2026,EMI Porta Holdco LLC | Revolver 2026,,,,,0.0,,,,,5.5,9.1,,,False,,,USD,0.0
