bdc,cik,accession,form,period_end,file_date,identifier,entity,company,type,sector,desc,affil,fv,cost,par,shares,mark,spread,rate,base_rate,pik_rate,pik,maturity,acq,ccy,fv_raw
GBDC,0001476765,0001476765-26-000048,10-Q,2026-06-30,2026-08-03,"Advanced Cooling Technologies, Inc. | One stop 1 | Non-Affiliated Issuer","Advanced Cooling Technologies, Inc.","Advanced Cooling Technologies, Inc.",First Lien,,,,416000.0,417000.0,418000.0,,99.52,4.5,8.14,,,False,,,USD,416000.0
GBDC,0001476765,0001476765-26-000048,10-Q,2026-06-30,2026-08-03,"Advanced Cooling Technologies, Inc. | One stop 2 | Non-Affiliated Issuer","Advanced Cooling Technologies, Inc.","Advanced Cooling Technologies, Inc.",First Lien,,,,0.0,0.0,0.0,,,,,,,False,,,USD,0.0
GBDC,0001476765,0001476765-26-000048,10-Q,2026-06-30,2026-08-03,"API Holdings III, LLC | One stop 1 | Non-Affiliated Issuer","API Holdings III, LLC","API Holdings III, LLC",First Lien,,,,0.0,0.0,0.0,,,,,,,False,,,USD,0.0
GBDC,0001476765,0001476765-26-000048,10-Q,2026-06-30,2026-08-03,"API Holdings III, LLC | One stop 2 | Non-Affiliated Issuer","API Holdings III, LLC","API Holdings III, LLC",First Lien,,,,0.0,0.0,0.0,,,,,,,False,,,USD,0.0
GBDC,0001476765,0001476765-26-000048,10-Q,2026-06-30,2026-08-03,"API Holdings III, LLC | One stop 3 | Non-Affiliated Issuer","API Holdings III, LLC","API Holdings III, LLC",First Lien,,,,389000.0,389000.0,391000.0,,99.49,5.5,9.15,,,False,,,USD,389000.0
GBDC,0001476765,0001476765-26-000048,10-Q,2026-06-30,2026-08-03,"Jeppesen Holdings, LLC | One stop 1 | Non-Affiliated Issuer","Jeppesen Holdings, LLC","Jeppesen Holdings, LLC",First Lien,,,,2329000.0,2366000.0,2377000.0,,97.98,4.75,8.41,,,False,,,USD,2329000.0
GBDC,0001476765,0001476765-26-000048,10-Q,2026-06-30,2026-08-03,"Jeppesen Holdings, LLC | One stop 2 | Non-Affiliated Issuer","Jeppesen Holdings, LLC","Jeppesen Holdings, LLC",First Lien,,,,-2000.0,-1000.0,0.0,,200.0,,,,,False,,,USD,-2000.0
GBDC,0001476765,0001476765-26-000048,10-Q,2026-06-30,2026-08-03,"PPW Aero Buyer, Inc. | One stop 1 | Non-Affiliated Issuer","PPW Aero Buyer, Inc.","PPW Aero Buyer, Inc.",First Lien,,,,33615000.0,33462000.0,33766000.0,,99.55,5.0,8.73,,,False,,,USD,33615000.0
GBDC,0001476765,0001476765-26-000048,10-Q,2026-06-30,2026-08-03,"PPW Aero Buyer, Inc. | One stop 2 | Non-Affiliated Issuer","PPW Aero Buyer, Inc.","PPW Aero Buyer, Inc.",First Lien,,,,11660000.0,11609000.0,11712000.0,,99.56,5.0,8.73,,,False,,,USD,11660000.0
GBDC,0001476765,0001476765-26-000048,10-Q,2026-06-30,2026-08-03,"PPW Aero Buyer, Inc. | One stop 3 | Non-Affiliated Issuer","PPW Aero Buyer, Inc.","PPW Aero Buyer, Inc.",First Lien,,,,441000.0,439000.0,443000.0,,99.55,5.0,8.73,,,False,,,USD,441000.0
GBDC,0001476765,0001476765-26-000048,10-Q,2026-06-30,2026-08-03,"PPW Aero Buyer, Inc. | One stop 4 | Non-Affiliated Issuer","PPW Aero Buyer, Inc.","PPW Aero Buyer, Inc.",First Lien,,,,108000.0,107000.0,109000.0,,99.08,5.0,9.09,,,False,,,USD,108000.0
GBDC,0001476765,0001476765-26-000048,10-Q,2026-06-30,2026-08-03,"PPW Aero Buyer, Inc. | One stop 5 | Non-Affiliated Issuer","PPW Aero Buyer, Inc.","PPW Aero Buyer, Inc.",First Lien,,,,6355000.0,6334000.0,6384000.0,,99.55,5.0,8.73,,,False,,,USD,6355000.0
GBDC,0001476765,0001476765-26-000048,10-Q,2026-06-30,2026-08-03,"PPW Aero Buyer, Inc. | One stop 6 | Non-Affiliated Issuer","PPW Aero Buyer, Inc.","PPW Aero Buyer, Inc.",First Lien,,,,185000.0,185000.0,186000.0,,99.46,5.0,8.73,,,False,,,USD,185000.0
GBDC,0001476765,0001476765-26-000048,10-Q,2026-06-30,2026-08-03,"PPW Aero Buyer, Inc. | One stop 7 | Non-Affiliated Issuer","PPW Aero Buyer, Inc.","PPW Aero Buyer, Inc.",First Lien,,,,65000.0,65000.0,68000.0,,95.59,5.0,8.73,,,False,,,USD,65000.0
GBDC,0001476765,0001476765-26-000048,10-Q,2026-06-30,2026-08-03,Titan BW Borrower L.P. | One stop 1 | Non-Affiliated Issuer,Titan BW Borrower L.P.,Titan BW Borrower L.P.,First Lien,,,,1998000.0,2004000.0,2022000.0,,98.81,5.38,6.14,,2.88,True,,,USD,1998000.0
GBDC,0001476765,0001476765-26-000048,10-Q,2026-06-30,2026-08-03,Titan BW Borrower L.P. | One stop 2 | Non-Affiliated Issuer,Titan BW Borrower L.P.,Titan BW Borrower L.P.,First Lien,,,,-3000.0,-3000.0,0.0,,100.0,,,,,False,,,USD,-3000.0
GBDC,0001476765,0001476765-26-000048,10-Q,2026-06-30,2026-08-03,Titan BW Borrower L.P. | One stop 3 | Non-Affiliated Issuer,Titan BW Borrower L.P.,Titan BW Borrower L.P.,First Lien,,,,99000.0,100000.0,101000.0,,98.02,4.75,8.41,,,False,,,USD,99000.0
GBDC,0001476765,0001476765-26-000048,10-Q,2026-06-30,2026-08-03,"RJW Group Holdings, Inc. | One stop 1 | Non-Affiliated Issuer","RJW Group Holdings, Inc.","RJW Group Holdings, Inc.",First Lien,,,,46001000.0,45650000.0,46415000.0,,99.11,5.0,8.73,,,False,,,USD,46001000.0
GBDC,0001476765,0001476765-26-000048,10-Q,2026-06-30,2026-08-03,"RJW Group Holdings, Inc. | One stop 2 | Non-Affiliated Issuer","RJW Group Holdings, Inc.","RJW Group Holdings, Inc.",First Lien,,,,2901000.0,2878000.0,2931000.0,,98.98,5.0,8.67,,,False,,,USD,2901000.0
GBDC,0001476765,0001476765-26-000048,10-Q,2026-06-30,2026-08-03,"RJW Group Holdings, Inc. | One stop 3 | Non-Affiliated Issuer","RJW Group Holdings, Inc.","RJW Group Holdings, Inc.",First Lien,,,,1695000.0,1695000.0,1710000.0,,99.12,5.0,8.73,,,False,,,USD,1695000.0
GBDC,0001476765,0001476765-26-000048,10-Q,2026-06-30,2026-08-03,"RJW Group Holdings, Inc. | One stop 4 | Non-Affiliated Issuer","RJW Group Holdings, Inc.","RJW Group Holdings, Inc.",First Lien,,,,-3000.0,-1000.0,0.0,,300.0,,,,,False,,,USD,-3000.0
GBDC,0001476765,0001476765-26-000048,10-Q,2026-06-30,2026-08-03,"Arnott, LLC | One stop 1 | Non-Affiliated Issuer","Arnott, LLC","Arnott, LLC",First Lien,,,,4540000.0,4666000.0,4700000.0,,96.6,4.75,8.49,,,False,,,USD,4540000.0
GBDC,0001476765,0001476765-26-000048,10-Q,2026-06-30,2026-08-03,"Arnott, LLC | One stop 2 | Non-Affiliated Issuer","Arnott, LLC","Arnott, LLC",First Lien,,,,563000.0,585000.0,590000.0,,95.42,4.75,8.39,,,False,,,USD,563000.0
GBDC,0001476765,0001476765-26-000048,10-Q,2026-06-30,2026-08-03,"Collision SP Subco, LLC | One stop 1 | Non-Affiliated Issuer","Collision SP Subco, LLC","Collision SP Subco, LLC",First Lien,,,,2183000.0,2166000.0,2183000.0,,100.0,4.75,8.41,,,False,,,USD,2183000.0
GBDC,0001476765,0001476765-26-000048,10-Q,2026-06-30,2026-08-03,"Collision SP Subco, LLC | One stop 2 | Non-Affiliated Issuer","Collision SP Subco, LLC","Collision SP Subco, LLC",First Lien,,,,1274000.0,1265000.0,1274000.0,,100.0,4.75,8.48,,,False,,,USD,1274000.0
GBDC,0001476765,0001476765-26-000048,10-Q,2026-06-30,2026-08-03,"Collision SP Subco, LLC | One stop 3 | Non-Affiliated Issuer","Collision SP Subco, LLC","Collision SP Subco, LLC",First Lien,,,,0.0,-2000.0,0.0,,-0.0,,,,,False,,,USD,0.0
GBDC,0001476765,0001476765-26-000048,10-Q,2026-06-30,2026-08-03,"Collision SP Subco, LLC | One stop 4 | Non-Affiliated Issuer","Collision SP Subco, LLC","Collision SP Subco, LLC",First Lien,,,,243000.0,241000.0,243000.0,,100.0,4.75,8.41,,,False,,,USD,243000.0
GBDC,0001476765,0001476765-26-000048,10-Q,2026-06-30,2026-08-03,"Collision SP Subco, LLC | One stop 5 | Non-Affiliated Issuer","Collision SP Subco, LLC","Collision SP Subco, LLC",First Lien,,,,615000.0,593000.0,615000.0,,100.0,4.75,8.48,,,False,,,USD,615000.0
GBDC,0001476765,0001476765-26-000048,10-Q,2026-06-30,2026-08-03,"Covercraft Parent III, Inc. | Senior secured 1 | Non-Affiliated Issuer","Covercraft Parent III, Inc.","Covercraft Parent III, Inc.",First Lien,,,,4979000.0,6517000.0,6821000.0,,73.0,5.0,5.32,,3.5,True,,,USD,4979000.0
GBDC,0001476765,0001476765-26-000048,10-Q,2026-06-30,2026-08-03,"Covercraft Parent III, Inc. | Senior secured 2 | Non-Affiliated Issuer","Covercraft Parent III, Inc.","Covercraft Parent III, Inc.",First Lien,,,,1016000.0,1315000.0,1392000.0,,72.99,5.0,5.38,,3.5,True,,,USD,1016000.0
GBDC,0001476765,0001476765-26-000048,10-Q,2026-06-30,2026-08-03,"Covercraft Parent III, Inc. | Senior secured 3 | Non-Affiliated Issuer","Covercraft Parent III, Inc.","Covercraft Parent III, Inc.",First Lien,,,,138000.0,180000.0,188000.0,,73.4,5.0,8.67,,0.5,True,,,USD,138000.0
GBDC,0001476765,0001476765-26-000048,10-Q,2026-06-30,2026-08-03,"North Haven Falcon Buyer, LLC | One stop 1 | Non-Affiliated Issuer","North Haven Falcon Buyer, LLC","North Haven Falcon Buyer, LLC",First Lien,,,,115000.0,115000.0,139000.0,,82.73,7.5,6.15,,5.0,True,,,USD,115000.0
GBDC,0001476765,0001476765-26-000048,10-Q,2026-06-30,2026-08-03,"North Haven Falcon Buyer, LLC | One stop 2 | Non-Affiliated Issuer","North Haven Falcon Buyer, LLC","North Haven Falcon Buyer, LLC",First Lien,,,,115000.0,115000.0,139000.0,,82.73,7.5,6.14,,5.0,True,,,USD,115000.0
GBDC,0001476765,0001476765-26-000048,10-Q,2026-06-30,2026-08-03,"North Haven Falcon Buyer, LLC | One stop 3 | Non-Affiliated Issuer","North Haven Falcon Buyer, LLC","North Haven Falcon Buyer, LLC",First Lien,,,,3541000.0,3559000.0,4266000.0,,83.01,7.5,6.15,,5.0,True,,,USD,3541000.0
GBDC,0001476765,0001476765-26-000048,10-Q,2026-06-30,2026-08-03,"OEConnection, LLC | One stop 1 | Non-Affiliated Issuer","OEConnection, LLC","OEConnection, LLC",First Lien,,,,12296000.0,12202000.0,12249000.0,,100.38,4.5,8.14,,,False,,,USD,12296000.0
GBDC,0001476765,0001476765-26-000048,10-Q,2026-06-30,2026-08-03,"OEConnection, LLC | One stop 2 | Non-Affiliated Issuer","OEConnection, LLC","OEConnection, LLC",First Lien,,,,3000.0,-6000.0,0.0,,-50.0,,,,,False,,,USD,3000.0
GBDC,0001476765,0001476765-26-000048,10-Q,2026-06-30,2026-08-03,"OEConnection, LLC | One stop 3 | Non-Affiliated Issuer","OEConnection, LLC","OEConnection, LLC",First Lien,,,,26000.0,-26000.0,0.0,,-100.0,,,,,False,,,USD,26000.0
GBDC,0001476765,0001476765-26-000048,10-Q,2026-06-30,2026-08-03,"Bolt Purchaser, LLC | One stop 1 | Non-Affiliated Issuer","Bolt Purchaser, LLC","Bolt Purchaser, LLC",First Lien,,,,453000.0,453000.0,455000.0,,99.56,4.75,8.48,,,False,,,USD,453000.0
GBDC,0001476765,0001476765-26-000048,10-Q,2026-06-30,2026-08-03,"Bolt Purchaser, LLC | One stop 2 | Non-Affiliated Issuer","Bolt Purchaser, LLC","Bolt Purchaser, LLC",First Lien,,,,0.0,0.0,0.0,,,,,,,False,,,USD,0.0
GBDC,0001476765,0001476765-26-000048,10-Q,2026-06-30,2026-08-03,"CAP-KSI Holdings, LLC | One stop 1 | Non-Affiliated Issuer","CAP-KSI Holdings, LLC","CAP-KSI Holdings, LLC",First Lien,,,,12926000.0,13146000.0,13272000.0,,97.39,5.25,8.96,,,False,,,USD,12926000.0
GBDC,0001476765,0001476765-26-000048,10-Q,2026-06-30,2026-08-03,"CAP-KSI Holdings, LLC | One stop 2 | Non-Affiliated Issuer","CAP-KSI Holdings, LLC","CAP-KSI Holdings, LLC",First Lien,,,,893000.0,912000.0,924000.0,,96.65,5.25,8.97,,,False,,,USD,893000.0
GBDC,0001476765,0001476765-26-000048,10-Q,2026-06-30,2026-08-03,"CG Group Holdings, LLC | One stop 1 | Non-Affiliated Issuer","CG Group Holdings, LLC","CG Group Holdings, LLC",First Lien,,,,46478000.0,46436000.0,46828000.0,,99.25,5.5,9.25,,,False,,,USD,46478000.0
GBDC,0001476765,0001476765-26-000048,10-Q,2026-06-30,2026-08-03,"CG Group Holdings, LLC | One stop 2 | Non-Affiliated Issuer","CG Group Holdings, LLC","CG Group Holdings, LLC",First Lien,,,,162000.0,155000.0,168000.0,,96.43,7.5,9.14,,2.0,True,,,USD,162000.0
GBDC,0001476765,0001476765-26-000048,10-Q,2026-06-30,2026-08-03,"CG Group Holdings, LLC | One stop 3 | Non-Affiliated Issuer","CG Group Holdings, LLC","CG Group Holdings, LLC",First Lien,,,,429000.0,425000.0,432000.0,,99.31,5.5,9.25,,,False,,,USD,429000.0
GBDC,0001476765,0001476765-26-000048,10-Q,2026-06-30,2026-08-03,"CG Group Holdings, LLC | One stop 4 | Non-Affiliated Issuer","CG Group Holdings, LLC","CG Group Holdings, LLC",First Lien,,,,-1000.0,-1000.0,0.0,,100.0,,,,,False,,,USD,-1000.0
GBDC,0001476765,0001476765-26-000048,10-Q,2026-06-30,2026-08-03,"Denali Midco 2, LLC | One stop 1 | Non-Affiliated Issuer","Denali Midco 2, LLC","Denali Midco 2, LLC",First Lien,,,,38258000.0,38106000.0,38258000.0,,100.0,5.5,9.14,,,False,,,USD,38258000.0
GBDC,0001476765,0001476765-26-000048,10-Q,2026-06-30,2026-08-03,"Denali Midco 2, LLC | One stop 2 | Non-Affiliated Issuer","Denali Midco 2, LLC","Denali Midco 2, LLC",First Lien,,,,8917000.0,9004000.0,8917000.0,,100.0,5.5,9.14,,,False,,,USD,8917000.0
GBDC,0001476765,0001476765-26-000048,10-Q,2026-06-30,2026-08-03,"Denali Midco 2, LLC | One stop 3 | Non-Affiliated Issuer","Denali Midco 2, LLC","Denali Midco 2, LLC",First Lien,,,,2668000.0,2696000.0,2668000.0,,100.0,5.5,9.14,,,False,,,USD,2668000.0
GBDC,0001476765,0001476765-26-000048,10-Q,2026-06-30,2026-08-03,"Denali Midco 2, LLC | One stop 4 | Non-Affiliated Issuer","Denali Midco 2, LLC","Denali Midco 2, LLC",First Lien,,,,1621000.0,1635000.0,1621000.0,,100.0,5.5,9.14,,,False,,,USD,1621000.0
GBDC,0001476765,0001476765-26-000048,10-Q,2026-06-30,2026-08-03,"Denali Midco 2, LLC | One stop 5 | Non-Affiliated Issuer","Denali Midco 2, LLC","Denali Midco 2, LLC",First Lien,,,,1540000.0,1553000.0,1540000.0,,100.0,5.5,9.14,,,False,,,USD,1540000.0
GBDC,0001476765,0001476765-26-000048,10-Q,2026-06-30,2026-08-03,"Denali Midco 2, LLC | One stop 6 | Non-Affiliated Issuer","Denali Midco 2, LLC","Denali Midco 2, LLC",First Lien,,,,1344000.0,1355000.0,1344000.0,,100.0,5.5,9.14,,,False,,,USD,1344000.0
GBDC,0001476765,0001476765-26-000048,10-Q,2026-06-30,2026-08-03,"Denali Midco 2, LLC | One stop 7 | Non-Affiliated Issuer","Denali Midco 2, LLC","Denali Midco 2, LLC",First Lien,,,,1293000.0,1285000.0,1293000.0,,100.0,5.5,9.14,,,False,,,USD,1293000.0
GBDC,0001476765,0001476765-26-000048,10-Q,2026-06-30,2026-08-03,"Denali Midco 2, LLC | One stop 8 | Non-Affiliated Issuer","Denali Midco 2, LLC","Denali Midco 2, LLC",First Lien,,,,1108000.0,1107000.0,1108000.0,,100.0,5.5,9.14,,,False,,,USD,1108000.0
GBDC,0001476765,0001476765-26-000048,10-Q,2026-06-30,2026-08-03,"Denali Midco 2, LLC | One stop 9 | Non-Affiliated Issuer","Denali Midco 2, LLC","Denali Midco 2, LLC",First Lien,,,,1075000.0,1074000.0,1075000.0,,100.0,5.5,9.14,,,False,,,USD,1075000.0
GBDC,0001476765,0001476765-26-000048,10-Q,2026-06-30,2026-08-03,"Denali Midco 2, LLC | One stop 10 | Non-Affiliated Issuer","Denali Midco 2, LLC","Denali Midco 2, LLC",First Lien,,,,1075000.0,1074000.0,1075000.0,,100.0,5.5,9.14,,,False,,,USD,1075000.0
GBDC,0001476765,0001476765-26-000048,10-Q,2026-06-30,2026-08-03,"Denali Midco 2, LLC | One stop 11 | Non-Affiliated Issuer","Denali Midco 2, LLC","Denali Midco 2, LLC",First Lien,,,,887000.0,886000.0,887000.0,,100.0,5.5,9.14,,,False,,,USD,887000.0
GBDC,0001476765,0001476765-26-000048,10-Q,2026-06-30,2026-08-03,"Denali Midco 2, LLC | One stop 12 | Non-Affiliated Issuer","Denali Midco 2, LLC","Denali Midco 2, LLC",First Lien,,,,403000.0,400000.0,403000.0,,100.0,5.5,9.14,,,False,,,USD,403000.0
GBDC,0001476765,0001476765-26-000048,10-Q,2026-06-30,2026-08-03,"Denali Midco 2, LLC | One stop 13 | Non-Affiliated Issuer","Denali Midco 2, LLC","Denali Midco 2, LLC",First Lien,,,,348000.0,346000.0,348000.0,,100.0,5.5,9.14,,,False,,,USD,348000.0
GBDC,0001476765,0001476765-26-000048,10-Q,2026-06-30,2026-08-03,"Denali Midco 2, LLC | One stop 14 | Non-Affiliated Issuer","Denali Midco 2, LLC","Denali Midco 2, LLC",First Lien,,,,2886000.0,2877000.0,2886000.0,,100.0,5.5,9.14,,,False,,,USD,2886000.0
GBDC,0001476765,0001476765-26-000048,10-Q,2026-06-30,2026-08-03,"Denali Midco 2, LLC | One stop 15 | Non-Affiliated Issuer","Denali Midco 2, LLC","Denali Midco 2, LLC",First Lien,,,,295000.0,293000.0,295000.0,,100.0,5.5,9.14,,,False,,,USD,295000.0
GBDC,0001476765,0001476765-26-000048,10-Q,2026-06-30,2026-08-03,"Denali Midco 2, LLC | One stop 16 | Non-Affiliated Issuer","Denali Midco 2, LLC","Denali Midco 2, LLC",First Lien,,,,173000.0,172000.0,173000.0,,100.0,5.5,9.14,,,False,,,USD,173000.0
GBDC,0001476765,0001476765-26-000048,10-Q,2026-06-30,2026-08-03,"Denali Midco 2, LLC | One stop 17 | Non-Affiliated Issuer","Denali Midco 2, LLC","Denali Midco 2, LLC",First Lien,,,,0.0,-2000.0,0.0,,-0.0,,,,,False,,,USD,0.0
GBDC,0001476765,0001476765-26-000048,10-Q,2026-06-30,2026-08-03,"Denali Midco 2, LLC | One stop 18 | Non-Affiliated Issuer","Denali Midco 2, LLC","Denali Midco 2, LLC",First Lien,,,,86000.0,86000.0,86000.0,,100.0,5.5,9.14,,,False,,,USD,86000.0
GBDC,0001476765,0001476765-26-000048,10-Q,2026-06-30,2026-08-03,"Denali Midco 2, LLC | Second lien | Non-Affiliated Issuer","Denali Midco 2, LLC","Denali Midco 2, LLC",Second Lien,,,,12649000.0,12708000.0,12776000.0,,99.01,,,,13.0,True,,,USD,12649000.0
GBDC,0001476765,0001476765-26-000048,10-Q,2026-06-30,2026-08-03,"High Bar Brands Operating, LLC | Senior secured 1 | Non-Affiliated Issuer","High Bar Brands Operating, LLC","High Bar Brands Operating, LLC",First Lien,,,,28000.0,29000.0,30000.0,,93.33,5.25,8.98,,,False,,,USD,28000.0
GBDC,0001476765,0001476765-26-000048,10-Q,2026-06-30,2026-08-03,"High Bar Brands Operating, LLC | Senior secured 2 | Non-Affiliated Issuer","High Bar Brands Operating, LLC","High Bar Brands Operating, LLC",First Lien,,,,246000.0,249000.0,249000.0,,98.8,5.25,8.98,,,False,,,USD,246000.0
GBDC,0001476765,0001476765-26-000048,10-Q,2026-06-30,2026-08-03,"High Bar Brands Operating, LLC | Senior secured 3 | Non-Affiliated Issuer","High Bar Brands Operating, LLC","High Bar Brands Operating, LLC",First Lien,,,,1396000.0,1408000.0,1411000.0,,98.94,5.25,8.98,,,False,,,USD,1396000.0
GBDC,0001476765,0001476765-26-000048,10-Q,2026-06-30,2026-08-03,"High Bar Brands Operating, LLC | Senior secured 4 | Non-Affiliated Issuer","High Bar Brands Operating, LLC","High Bar Brands Operating, LLC",First Lien,,,,291000.0,294000.0,294000.0,,98.98,5.25,8.98,,,False,,,USD,291000.0
GBDC,0001476765,0001476765-26-000048,10-Q,2026-06-30,2026-08-03,"Lincoln Acq Buyer, LLC | One stop 1 | Non-Affiliated Issuer","Lincoln Acq Buyer, LLC","Lincoln Acq Buyer, LLC",First Lien,,,,0.0,0.0,0.0,,,,,,,False,,,USD,0.0
GBDC,0001476765,0001476765-26-000048,10-Q,2026-06-30,2026-08-03,"Lincoln Acq Buyer, LLC | One stop 2 | Non-Affiliated Issuer","Lincoln Acq Buyer, LLC","Lincoln Acq Buyer, LLC",First Lien,,,,280000.0,279000.0,280000.0,,100.0,4.5,8.23,,,False,,,USD,280000.0
GBDC,0001476765,0001476765-26-000048,10-Q,2026-06-30,2026-08-03,"Lincoln Acq Buyer, LLC | One stop 3 | Non-Affiliated Issuer","Lincoln Acq Buyer, LLC","Lincoln Acq Buyer, LLC",First Lien,,,,34000.0,34000.0,34000.0,,100.0,4.5,8.17,,,False,,,USD,34000.0
GBDC,0001476765,0001476765-26-000048,10-Q,2026-06-30,2026-08-03,"Lincoln Acq Buyer, LLC | One stop 4 | Non-Affiliated Issuer","Lincoln Acq Buyer, LLC","Lincoln Acq Buyer, LLC",First Lien,,,,11000.0,11000.0,11000.0,,100.0,4.5,8.17,,,False,,,USD,11000.0
GBDC,0001476765,0001476765-26-000048,10-Q,2026-06-30,2026-08-03,"Lincoln Acq Buyer, LLC | One stop 5 | Non-Affiliated Issuer","Lincoln Acq Buyer, LLC","Lincoln Acq Buyer, LLC",First Lien,,,,11000.0,11000.0,11000.0,,100.0,4.5,8.16,,,False,,,USD,11000.0
GBDC,0001476765,0001476765-26-000048,10-Q,2026-06-30,2026-08-03,"Lincoln Acq Buyer, LLC | One stop 6 | Non-Affiliated Issuer","Lincoln Acq Buyer, LLC","Lincoln Acq Buyer, LLC",First Lien,,,,7000.0,7000.0,7000.0,,100.0,4.5,8.18,,,False,,,USD,7000.0
GBDC,0001476765,0001476765-26-000048,10-Q,2026-06-30,2026-08-03,"Lincoln Acq Buyer, LLC | One stop 7 | Non-Affiliated Issuer","Lincoln Acq Buyer, LLC","Lincoln Acq Buyer, LLC",First Lien,,,,18000.0,18000.0,18000.0,,100.0,4.5,8.16,,,False,,,USD,18000.0
GBDC,0001476765,0001476765-26-000048,10-Q,2026-06-30,2026-08-03,"MOP GM Holding, LLC | One stop 1 | Non-Affiliated Issuer","MOP GM Holding, LLC","MOP GM Holding, LLC",First Lien,,,,32616000.0,32907000.0,32946000.0,,99.0,6.25,6.38,,3.75,True,,,USD,32616000.0
GBDC,0001476765,0001476765-26-000048,10-Q,2026-06-30,2026-08-03,"MOP GM Holding, LLC | One stop 2 | Non-Affiliated Issuer","MOP GM Holding, LLC","MOP GM Holding, LLC",First Lien,,,,3835000.0,3862000.0,3874000.0,,98.99,6.25,6.32,,3.75,True,,,USD,3835000.0
GBDC,0001476765,0001476765-26-000048,10-Q,2026-06-30,2026-08-03,"MOP GM Holding, LLC | One stop 3 | Non-Affiliated Issuer","MOP GM Holding, LLC","MOP GM Holding, LLC",First Lien,,,,3554000.0,3587000.0,3591000.0,,98.97,6.25,6.31,,3.75,True,,,USD,3554000.0
GBDC,0001476765,0001476765-26-000048,10-Q,2026-06-30,2026-08-03,"MOP GM Holding, LLC | One stop 4 | Non-Affiliated Issuer","MOP GM Holding, LLC","MOP GM Holding, LLC",First Lien,,,,3475000.0,3498000.0,3510000.0,,99.0,6.25,6.31,,3.75,True,,,USD,3475000.0
GBDC,0001476765,0001476765-26-000048,10-Q,2026-06-30,2026-08-03,"MOP GM Holding, LLC | One stop 5 | Non-Affiliated Issuer","MOP GM Holding, LLC","MOP GM Holding, LLC",First Lien,,,,2600000.0,2617000.0,2625000.0,,99.05,6.25,6.38,,3.75,True,,,USD,2600000.0
GBDC,0001476765,0001476765-26-000048,10-Q,2026-06-30,2026-08-03,"MOP GM Holding, LLC | One stop 6 | Non-Affiliated Issuer","MOP GM Holding, LLC","MOP GM Holding, LLC",First Lien,,,,2130000.0,2144000.0,2152000.0,,98.98,6.25,6.31,,3.75,True,,,USD,2130000.0
GBDC,0001476765,0001476765-26-000048,10-Q,2026-06-30,2026-08-03,"MOP GM Holding, LLC | One stop 7 | Non-Affiliated Issuer","MOP GM Holding, LLC","MOP GM Holding, LLC",First Lien,,,,1958000.0,1970000.0,1977000.0,,99.04,6.25,6.31,,3.75,True,,,USD,1958000.0
GBDC,0001476765,0001476765-26-000048,10-Q,2026-06-30,2026-08-03,"MOP GM Holding, LLC | One stop 8 | Non-Affiliated Issuer","MOP GM Holding, LLC","MOP GM Holding, LLC",First Lien,,,,719000.0,724000.0,727000.0,,98.9,6.25,6.38,,3.75,True,,,USD,719000.0
GBDC,0001476765,0001476765-26-000048,10-Q,2026-06-30,2026-08-03,"MOP GM Holding, LLC | One stop 9 | Non-Affiliated Issuer","MOP GM Holding, LLC","MOP GM Holding, LLC",First Lien,,,,529000.0,532000.0,534000.0,,99.06,6.25,6.38,,3.75,True,,,USD,529000.0
GBDC,0001476765,0001476765-26-000048,10-Q,2026-06-30,2026-08-03,"MOP GM Holding, LLC | One stop 10 | Non-Affiliated Issuer","MOP GM Holding, LLC","MOP GM Holding, LLC",First Lien,,,,404000.0,406000.0,408000.0,,99.02,6.25,6.37,,3.75,True,,,USD,404000.0
GBDC,0001476765,0001476765-26-000048,10-Q,2026-06-30,2026-08-03,"MOP GM Holding, LLC | One stop 11 | Non-Affiliated Issuer","MOP GM Holding, LLC","MOP GM Holding, LLC",First Lien,,,,263000.0,264000.0,265000.0,,99.25,6.25,6.31,,3.75,True,,,USD,263000.0
GBDC,0001476765,0001476765-26-000048,10-Q,2026-06-30,2026-08-03,"MOP GM Holding, LLC | One stop 12 | Non-Affiliated Issuer","MOP GM Holding, LLC","MOP GM Holding, LLC",First Lien,,,,201000.0,203000.0,203000.0,,99.01,6.25,6.38,,3.75,True,,,USD,201000.0
GBDC,0001476765,0001476765-26-000048,10-Q,2026-06-30,2026-08-03,"MOP GM Holding, LLC | One stop 13 | Non-Affiliated Issuer","MOP GM Holding, LLC","MOP GM Holding, LLC",First Lien,,,,88000.0,89000.0,89000.0,,98.88,6.25,6.38,,3.75,True,,,USD,88000.0
GBDC,0001476765,0001476765-26-000048,10-Q,2026-06-30,2026-08-03,"MOP GM Holding, LLC | One stop 14 | Non-Affiliated Issuer","MOP GM Holding, LLC","MOP GM Holding, LLC",First Lien,,,,88000.0,88000.0,88000.0,,100.0,6.25,6.31,,3.75,True,,,USD,88000.0
GBDC,0001476765,0001476765-26-000048,10-Q,2026-06-30,2026-08-03,"National Express Wash Parent Holdco, LLC | One stop 1 | Non-Affiliated Issuer","National Express Wash Parent Holdco, LLC","National Express Wash Parent Holdco, LLC",First Lien,,,,-7000.0,-10000.0,0.0,,70.0,,,,,False,,,USD,-7000.0
GBDC,0001476765,0001476765-26-000048,10-Q,2026-06-30,2026-08-03,"National Express Wash Parent Holdco, LLC | One stop 2 | Non-Affiliated Issuer","National Express Wash Parent Holdco, LLC","National Express Wash Parent Holdco, LLC",First Lien,,,,17769000.0,17806000.0,17859000.0,,99.5,6.0,6.48,,3.25,True,,,USD,17769000.0
GBDC,0001476765,0001476765-26-000048,10-Q,2026-06-30,2026-08-03,"National Express Wash Parent Holdco, LLC | One stop 3 | Non-Affiliated Issuer","National Express Wash Parent Holdco, LLC","National Express Wash Parent Holdco, LLC",First Lien,,,,1268000.0,1270000.0,1274000.0,,99.53,6.0,6.48,,3.25,True,,,USD,1268000.0
GBDC,0001476765,0001476765-26-000048,10-Q,2026-06-30,2026-08-03,"National Express Wash Parent Holdco, LLC | One stop 4 | Non-Affiliated Issuer","National Express Wash Parent Holdco, LLC","National Express Wash Parent Holdco, LLC",First Lien,,,,68000.0,68000.0,70000.0,,97.14,6.0,6.48,,3.25,True,,,USD,68000.0
GBDC,0001476765,0001476765-26-000048,10-Q,2026-06-30,2026-08-03,"POY Holdings, LLC | One stop 1 | Non-Affiliated Issuer","POY Holdings, LLC","POY Holdings, LLC",First Lien,,,,26578000.0,28099000.0,27976000.0,,95.0,5.5,9.38,,,False,,,USD,26578000.0
GBDC,0001476765,0001476765-26-000048,10-Q,2026-06-30,2026-08-03,"POY Holdings, LLC | One stop 2 | Non-Affiliated Issuer","POY Holdings, LLC","POY Holdings, LLC",First Lien,,,,3457000.0,3666000.0,3639000.0,,95.0,5.5,9.38,,,False,,,USD,3457000.0
GBDC,0001476765,0001476765-26-000048,10-Q,2026-06-30,2026-08-03,"POY Holdings, LLC | One stop 3 | Non-Affiliated Issuer","POY Holdings, LLC","POY Holdings, LLC",First Lien,,,,1223000.0,1287000.0,1288000.0,,94.95,5.5,9.38,,,False,,,USD,1223000.0
GBDC,0001476765,0001476765-26-000048,10-Q,2026-06-30,2026-08-03,"POY Holdings, LLC | One stop 4 | Non-Affiliated Issuer","POY Holdings, LLC","POY Holdings, LLC",First Lien,,,,815000.0,858000.0,858000.0,,94.99,5.5,9.38,,,False,,,USD,815000.0
GBDC,0001476765,0001476765-26-000048,10-Q,2026-06-30,2026-08-03,"POY Holdings, LLC | One stop 5 | Non-Affiliated Issuer","POY Holdings, LLC","POY Holdings, LLC",First Lien,,,,608000.0,640000.0,640000.0,,95.0,5.5,9.38,,,False,,,USD,608000.0
GBDC,0001476765,0001476765-26-000048,10-Q,2026-06-30,2026-08-03,"POY Holdings, LLC | One stop 6 | Non-Affiliated Issuer","POY Holdings, LLC","POY Holdings, LLC",First Lien,,,,272000.0,286000.0,286000.0,,95.1,5.5,9.38,,,False,,,USD,272000.0
GBDC,0001476765,0001476765-26-000048,10-Q,2026-06-30,2026-08-03,"POY Holdings, LLC | One stop 7 | Non-Affiliated Issuer","POY Holdings, LLC","POY Holdings, LLC",First Lien,,,,395000.0,417000.0,418000.0,,94.5,5.5,9.38,,,False,,,USD,395000.0
GBDC,0001476765,0001476765-26-000048,10-Q,2026-06-30,2026-08-03,"POY Holdings, LLC | One stop 8 | Non-Affiliated Issuer","POY Holdings, LLC","POY Holdings, LLC",First Lien,,,,0.0,-7000.0,0.0,,-0.0,,,,,False,,,USD,0.0
GBDC,0001476765,0001476765-26-000048,10-Q,2026-06-30,2026-08-03,"POY Holdings, LLC | One stop 9 | Non-Affiliated Issuer","POY Holdings, LLC","POY Holdings, LLC",First Lien,,,,2132000.0,2240000.0,2244000.0,,95.01,5.5,9.38,,,False,,,USD,2132000.0
GBDC,0001476765,0001476765-26-000048,10-Q,2026-06-30,2026-08-03,"Quick Quack Car Wash Holdings, LLC | One stop 1 | Non-Affiliated Issuer","Quick Quack Car Wash Holdings, LLC","Quick Quack Car Wash Holdings, LLC",First Lien,,,,4772000.0,4743000.0,4772000.0,,100.0,5.0,8.64,,,False,,,USD,4772000.0
GBDC,0001476765,0001476765-26-000048,10-Q,2026-06-30,2026-08-03,"Quick Quack Car Wash Holdings, LLC | One stop 2 | Non-Affiliated Issuer","Quick Quack Car Wash Holdings, LLC","Quick Quack Car Wash Holdings, LLC",First Lien,,,,0.0,-2000.0,0.0,,-0.0,,,,,False,,,USD,0.0
GBDC,0001476765,0001476765-26-000048,10-Q,2026-06-30,2026-08-03,"Quick Quack Car Wash Holdings, LLC | One stop 3 | Non-Affiliated Issuer","Quick Quack Car Wash Holdings, LLC","Quick Quack Car Wash Holdings, LLC",First Lien,,,,268000.0,265000.0,268000.0,,100.0,5.0,8.64,,,False,,,USD,268000.0
GBDC,0001476765,0001476765-26-000048,10-Q,2026-06-30,2026-08-03,"Quick Quack Car Wash Holdings, LLC | One stop 4 | Non-Affiliated Issuer","Quick Quack Car Wash Holdings, LLC","Quick Quack Car Wash Holdings, LLC",First Lien,,,,176000.0,174000.0,176000.0,,100.0,5.0,8.65,,,False,,,USD,176000.0
GBDC,0001476765,0001476765-26-000048,10-Q,2026-06-30,2026-08-03,"Quick Quack Car Wash Holdings, LLC | One stop 5 | Non-Affiliated Issuer","Quick Quack Car Wash Holdings, LLC","Quick Quack Car Wash Holdings, LLC",First Lien,,,,623000.0,621000.0,623000.0,,100.0,5.0,8.64,,,False,,,USD,623000.0
GBDC,0001476765,0001476765-26-000048,10-Q,2026-06-30,2026-08-03,"Strickland's Enterprises, LLC | Senior secured 1 | Non-Affiliated Issuer","Strickland's Enterprises, LLC","Strickland's Enterprises, LLC",First Lien,,,,356000.0,355000.0,356000.0,,100.0,4.5,8.16,,,False,,,USD,356000.0
GBDC,0001476765,0001476765-26-000048,10-Q,2026-06-30,2026-08-03,"Strickland's Enterprises, LLC | Senior secured 3 | Non-Affiliated Issuer","Strickland's Enterprises, LLC","Strickland's Enterprises, LLC",First Lien,,,,0.0,-1000.0,0.0,,-0.0,,,,,False,,,USD,0.0
GBDC,0001476765,0001476765-26-000048,10-Q,2026-06-30,2026-08-03,"TWAS Holdings, LLC | One stop 1 | Non-Affiliated Issuer","TWAS Holdings, LLC","TWAS Holdings, LLC",First Lien,,,,110707000.0,110195000.0,111263000.0,,99.5,4.75,8.39,,,False,,,USD,110707000.0
GBDC,0001476765,0001476765-26-000048,10-Q,2026-06-30,2026-08-03,"TWAS Holdings, LLC | One stop 2 | Non-Affiliated Issuer","TWAS Holdings, LLC","TWAS Holdings, LLC",First Lien,,,,-4000.0,-3000.0,0.0,,133.33,,,,,False,,,USD,-4000.0
GBDC,0001476765,0001476765-26-000048,10-Q,2026-06-30,2026-08-03,"TWAS Holdings, LLC | One stop 3 | Non-Affiliated Issuer","TWAS Holdings, LLC","TWAS Holdings, LLC",First Lien,,,,-4000.0,-9000.0,0.0,,44.44,,,,,False,,,USD,-4000.0
GBDC,0001476765,0001476765-26-000048,10-Q,2026-06-30,2026-08-03,"Yorkshire Parent, Inc. | Senior secured 1 | Non-Affiliated Issuer","Yorkshire Parent, Inc.","Yorkshire Parent, Inc.",First Lien,,,,197000.0,198000.0,198000.0,,99.49,4.5,8.23,,,False,,,USD,197000.0
GBDC,0001476765,0001476765-26-000048,10-Q,2026-06-30,2026-08-03,"Yorkshire Parent, Inc. | Senior secured 2 | Non-Affiliated Issuer","Yorkshire Parent, Inc.","Yorkshire Parent, Inc.",First Lien,,,,198000.0,199000.0,200000.0,,99.0,4.5,8.69,,,False,,,USD,198000.0
GBDC,0001476765,0001476765-26-000048,10-Q,2026-06-30,2026-08-03,"Yorkshire Parent, Inc. | Senior secured 3 | Non-Affiliated Issuer","Yorkshire Parent, Inc.","Yorkshire Parent, Inc.",First Lien,,,,2190000.0,2222000.0,2202000.0,,99.46,4.5,8.23,,,False,,,USD,2190000.0
GBDC,0001476765,0001476765-26-000048,10-Q,2026-06-30,2026-08-03,"Yorkshire Parent, Inc. | Senior secured 4 | Non-Affiliated Issuer","Yorkshire Parent, Inc.","Yorkshire Parent, Inc.",First Lien,,,,607000.0,608000.0,610000.0,,99.51,4.5,8.16,,,False,,,USD,607000.0
GBDC,0001476765,0001476765-26-000048,10-Q,2026-06-30,2026-08-03,"Yorkshire Parent, Inc. | Senior secured 5 | Non-Affiliated Issuer","Yorkshire Parent, Inc.","Yorkshire Parent, Inc.",First Lien,,,,724000.0,732000.0,751000.0,,96.4,4.5,8.16,,,False,,,USD,724000.0
GBDC,0001476765,0001476765-26-000048,10-Q,2026-06-30,2026-08-03,"Yorkshire Parent, Inc. | Senior secured 6 | Non-Affiliated Issuer","Yorkshire Parent, Inc.","Yorkshire Parent, Inc.",First Lien,,,,2216000.0,2219000.0,2227000.0,,99.51,4.5,8.16,,,False,,,USD,2216000.0
GBDC,0001476765,0001476765-26-000048,10-Q,2026-06-30,2026-08-03,"Empyrean Solutions, LLC | One stop 1 | Non-Affiliated Issuer","Empyrean Solutions, LLC","Empyrean Solutions, LLC",First Lien,,,,9051000.0,9247000.0,9283000.0,,97.5,4.5,8.23,,,False,,,USD,9051000.0
GBDC,0001476765,0001476765-26-000048,10-Q,2026-06-30,2026-08-03,"Empyrean Solutions, LLC | One stop 2 | Non-Affiliated Issuer","Empyrean Solutions, LLC","Empyrean Solutions, LLC",First Lien,,,,-35000.0,-5000.0,0.0,,700.0,,,,,False,,,USD,-35000.0
GBDC,0001476765,0001476765-26-000048,10-Q,2026-06-30,2026-08-03,"Empyrean Solutions, LLC | One stop 3 | Non-Affiliated Issuer","Empyrean Solutions, LLC","Empyrean Solutions, LLC",First Lien,,,,-93000.0,-14000.0,0.0,,664.29,,,,,False,,,USD,-93000.0
GBDC,0001476765,0001476765-26-000048,10-Q,2026-06-30,2026-08-03,"OSP Hamilton Purchaser, LLC | One stop 1 | Non-Affiliated Issuer","OSP Hamilton Purchaser, LLC","OSP Hamilton Purchaser, LLC",First Lien,,,,1679000.0,1730000.0,1714000.0,,97.96,4.75,8.41,,,False,,,USD,1679000.0
GBDC,0001476765,0001476765-26-000048,10-Q,2026-06-30,2026-08-03,"OSP Hamilton Purchaser, LLC | One stop 2 | Non-Affiliated Issuer","OSP Hamilton Purchaser, LLC","OSP Hamilton Purchaser, LLC",First Lien,,,,255000.0,267000.0,270000.0,,94.44,4.25,7.92,,,False,,,USD,255000.0
GBDC,0001476765,0001476765-26-000048,10-Q,2026-06-30,2026-08-03,"OSP Hamilton Purchaser, LLC | One stop 3 | Non-Affiliated Issuer","OSP Hamilton Purchaser, LLC","OSP Hamilton Purchaser, LLC",First Lien,,,,1607000.0,1636000.0,1640000.0,,97.99,4.25,7.91,,,False,,,USD,1607000.0
GBDC,0001476765,0001476765-26-000048,10-Q,2026-06-30,2026-08-03,"OSP Hamilton Purchaser, LLC | One stop 4 | Non-Affiliated Issuer","OSP Hamilton Purchaser, LLC","OSP Hamilton Purchaser, LLC",First Lien,,,,957000.0,973000.0,977000.0,,97.95,4.25,8.04,,,False,,,USD,957000.0
GBDC,0001476765,0001476765-26-000048,10-Q,2026-06-30,2026-08-03,"Financial Information Technologies, LLC | One stop 1 | Non-Affiliated Issuer","Financial Information Technologies, LLC","Financial Information Technologies, LLC",First Lien,,,,33678000.0,33941000.0,34018000.0,,99.0,4.75,8.48,,,False,,,USD,33678000.0
GBDC,0001476765,0001476765-26-000048,10-Q,2026-06-30,2026-08-03,"Financial Information Technologies, LLC | One stop 2 | Non-Affiliated Issuer","Financial Information Technologies, LLC","Financial Information Technologies, LLC",First Lien,,,,-5000.0,-1000.0,0.0,,500.0,,,,,False,,,USD,-5000.0
GBDC,0001476765,0001476765-26-000048,10-Q,2026-06-30,2026-08-03,"Financial Information Technologies, LLC | One stop 3 | Non-Affiliated Issuer","Financial Information Technologies, LLC","Financial Information Technologies, LLC",First Lien,,,,2160000.0,2178000.0,2182000.0,,98.99,4.75,8.48,,,False,,,USD,2160000.0
GBDC,0001476765,0001476765-26-000048,10-Q,2026-06-30,2026-08-03,"Financial Information Technologies, LLC | One stop 4 | Non-Affiliated Issuer","Financial Information Technologies, LLC","Financial Information Technologies, LLC",First Lien,,,,1658000.0,1671000.0,1675000.0,,98.99,4.75,8.48,,,False,,,USD,1658000.0
GBDC,0001476765,0001476765-26-000048,10-Q,2026-06-30,2026-08-03,"Spindrift Beverage Co., Inc. | One stop 1 | Non-Affiliated Issuer","Spindrift Beverage Co., Inc.","Spindrift Beverage Co., Inc.",First Lien,,,,175000.0,160000.0,175000.0,,100.0,5.0,8.66,,,False,,,USD,175000.0
GBDC,0001476765,0001476765-26-000048,10-Q,2026-06-30,2026-08-03,"Spindrift Beverage Co., Inc. | One stop 2 | Non-Affiliated Issuer","Spindrift Beverage Co., Inc.","Spindrift Beverage Co., Inc.",First Lien,,,,0.0,-3000.0,0.0,,-0.0,,,,,False,,,USD,0.0
GBDC,0001476765,0001476765-26-000048,10-Q,2026-06-30,2026-08-03,"Spindrift Beverage Co., Inc. | One stop 3 | Non-Affiliated Issuer","Spindrift Beverage Co., Inc.","Spindrift Beverage Co., Inc.",First Lien,,,,7892000.0,7811000.0,7892000.0,,100.0,5.0,8.67,,,False,,,USD,7892000.0
GBDC,0001476765,0001476765-26-000048,10-Q,2026-06-30,2026-08-03,"Watermill Express, LLC | One stop 1 | Non-Affiliated Issuer","Watermill Express, LLC","Watermill Express, LLC",First Lien,,,,3038000.0,3015000.0,3038000.0,,100.0,4.5,8.23,,,False,,,USD,3038000.0
GBDC,0001476765,0001476765-26-000048,10-Q,2026-06-30,2026-08-03,"Watermill Express, LLC | One stop 2 | Non-Affiliated Issuer","Watermill Express, LLC","Watermill Express, LLC",First Lien,,,,293000.0,292000.0,293000.0,,100.0,4.5,8.23,,,False,,,USD,293000.0
GBDC,0001476765,0001476765-26-000048,10-Q,2026-06-30,2026-08-03,"Watermill Express, LLC | One stop 3 | Non-Affiliated Issuer","Watermill Express, LLC","Watermill Express, LLC",First Lien,,,,0.0,-4000.0,0.0,,-0.0,,,,,False,,,USD,0.0
GBDC,0001476765,0001476765-26-000048,10-Q,2026-06-30,2026-08-03,"Watermill Express, LLC | One stop 8 | Non-Affiliated Issuer","Watermill Express, LLC","Watermill Express, LLC",First Lien,,,,0.0,-10000.0,0.0,,-0.0,,,,,False,,,USD,0.0
GBDC,0001476765,0001476765-26-000048,10-Q,2026-06-30,2026-08-03,"Watermill Express, LLC | One stop 4 | Non-Affiliated Issuer","Watermill Express, LLC","Watermill Express, LLC",First Lien,,,,734000.0,728000.0,734000.0,,100.0,4.5,8.23,,,False,,,USD,734000.0
GBDC,0001476765,0001476765-26-000048,10-Q,2026-06-30,2026-08-03,"Watermill Express, LLC | One stop 5 | Non-Affiliated Issuer","Watermill Express, LLC","Watermill Express, LLC",First Lien,,,,368000.0,365000.0,368000.0,,100.0,4.5,8.22,,,False,,,USD,368000.0
GBDC,0001476765,0001476765-26-000048,10-Q,2026-06-30,2026-08-03,"Watermill Express, LLC | One stop 6 | Non-Affiliated Issuer","Watermill Express, LLC","Watermill Express, LLC",First Lien,,,,2375000.0,2357000.0,2375000.0,,100.0,4.5,8.18,,,False,,,USD,2375000.0
GBDC,0001476765,0001476765-26-000048,10-Q,2026-06-30,2026-08-03,"Watermill Express, LLC | One stop 7 | Non-Affiliated Issuer","Watermill Express, LLC","Watermill Express, LLC",First Lien,,,,2764000.0,2751000.0,2764000.0,,100.0,4.5,8.23,,,False,,,USD,2764000.0
GBDC,0001476765,0001476765-26-000048,10-Q,2026-06-30,2026-08-03,"Winebow Holdings, Inc. | One stop | Non-Affiliated Issuer","Winebow Holdings, Inc.","Winebow Holdings, Inc.",First Lien,,,,7618000.0,8899000.0,9124000.0,,83.49,6.25,9.99,,,False,,,USD,7618000.0
GBDC,0001476765,0001476765-26-000048,10-Q,2026-06-30,2026-08-03,"BECO Holding Company, Inc. | One stop 1 | Non-Affiliated Issuer","BECO Holding Company, Inc.","BECO Holding Company, Inc.",First Lien,,,,247000.0,248000.0,249000.0,,99.2,5.25,9.0,,,False,,,USD,247000.0
GBDC,0001476765,0001476765-26-000048,10-Q,2026-06-30,2026-08-03,"BECO Holding Company, Inc. | One stop 2 | Non-Affiliated Issuer","BECO Holding Company, Inc.","BECO Holding Company, Inc.",First Lien,,,,40165000.0,40624000.0,40262000.0,,99.76,5.25,9.13,,,False,,,USD,40165000.0
GBDC,0001476765,0001476765-26-000048,10-Q,2026-06-30,2026-08-03,"BECO Holding Company, Inc. | One stop 3 | Non-Affiliated Issuer","BECO Holding Company, Inc.","BECO Holding Company, Inc.",First Lien,,,,309000.0,309000.0,310000.0,,99.68,5.25,9.13,,,False,,,USD,309000.0
GBDC,0001476765,0001476765-26-000048,10-Q,2026-06-30,2026-08-03,"BECO Holding Company, Inc. | One stop 4 | Non-Affiliated Issuer","BECO Holding Company, Inc.","BECO Holding Company, Inc.",First Lien,,,,-2000.0,-2000.0,0.0,,100.0,,,,,False,,,USD,-2000.0
GBDC,0001476765,0001476765-26-000048,10-Q,2026-06-30,2026-08-03,"BlueMatrix Holdings, LLC | One stop 1 | Non-Affiliated Issuer","BlueMatrix Holdings, LLC","BlueMatrix Holdings, LLC",First Lien,,,,267000.0,272000.0,273000.0,,97.8,4.75,8.48,,,False,,,USD,267000.0
GBDC,0001476765,0001476765-26-000048,10-Q,2026-06-30,2026-08-03,"BlueMatrix Holdings, LLC | One stop 2 | Non-Affiliated Issuer","BlueMatrix Holdings, LLC","BlueMatrix Holdings, LLC",First Lien,,,,2458000.0,2507000.0,2495000.0,,98.52,4.75,8.48,,,False,,,USD,2458000.0
GBDC,0001476765,0001476765-26-000048,10-Q,2026-06-30,2026-08-03,"BlueMatrix Holdings, LLC | One stop 3 | Non-Affiliated Issuer","BlueMatrix Holdings, LLC","BlueMatrix Holdings, LLC",First Lien,,,,827000.0,833000.0,839000.0,,98.57,4.75,8.48,,,False,,,USD,827000.0
GBDC,0001476765,0001476765-26-000048,10-Q,2026-06-30,2026-08-03,"BlueMatrix Holdings, LLC | One stop 4 | Non-Affiliated Issuer","BlueMatrix Holdings, LLC","BlueMatrix Holdings, LLC",First Lien,,,,9702000.0,9791000.0,9849000.0,,98.51,4.75,8.48,,,False,,,USD,9702000.0
GBDC,0001476765,0001476765-26-000048,10-Q,2026-06-30,2026-08-03,"BlueMatrix Holdings, LLC | One stop 5 | Non-Affiliated Issuer","BlueMatrix Holdings, LLC","BlueMatrix Holdings, LLC",First Lien,,,,745000.0,754000.0,757000.0,,98.41,4.75,8.48,,,False,,,USD,745000.0
GBDC,0001476765,0001476765-26-000048,10-Q,2026-06-30,2026-08-03,"AP Adhesives Holdings, LLC | One stop 1 | Non-Affiliated Issuer","AP Adhesives Holdings, LLC","AP Adhesives Holdings, LLC",First Lien,,,,-17000.0,-8000.0,0.0,,212.5,,,,,False,,,USD,-17000.0
GBDC,0001476765,0001476765-26-000048,10-Q,2026-06-30,2026-08-03,"AP Adhesives Holdings, LLC | One stop 2 | Non-Affiliated Issuer","AP Adhesives Holdings, LLC","AP Adhesives Holdings, LLC",First Lien,,,,-8000.0,-4000.0,0.0,,200.0,,,,,False,,,USD,-8000.0
GBDC,0001476765,0001476765-26-000048,10-Q,2026-06-30,2026-08-03,"AP Adhesives Holdings, LLC | One stop 3 | Non-Affiliated Issuer","AP Adhesives Holdings, LLC","AP Adhesives Holdings, LLC",First Lien,,,,5707000.0,5733000.0,5757000.0,,99.13,4.75,8.42,,,False,,,USD,5707000.0
GBDC,0001476765,0001476765-26-000048,10-Q,2026-06-30,2026-08-03,"Inhance Parent, Inc. | One stop 1 | Non-Affiliated Issuer","Inhance Parent, Inc.","Inhance Parent, Inc.",First Lien,,,,862000.0,862000.0,862000.0,,100.0,7.0,6.38,,4.5,True,,,USD,862000.0
GBDC,0001476765,0001476765-26-000048,10-Q,2026-06-30,2026-08-03,"Inhance Parent, Inc. | One stop 2 | Non-Affiliated Issuer","Inhance Parent, Inc.","Inhance Parent, Inc.",First Lien,,,,22168000.0,20918000.0,23582000.0,,94.0,7.0,6.38,,4.5,True,,,USD,22168000.0
GBDC,0001476765,0001476765-26-000048,10-Q,2026-06-30,2026-08-03,"Inhance Parent, Inc. | One stop 3 | Non-Affiliated Issuer","Inhance Parent, Inc.","Inhance Parent, Inc.",First Lien,,,,5511000.0,4446000.0,12246000.0,,45.0,,,,20.0,True,,,USD,5511000.0
GBDC,0001476765,0001476765-26-000048,10-Q,2026-06-30,2026-08-03,"JSG II, Inc. and Checkers USA, Inc. | One stop 1 | Non-Affiliated Issuer","JSG II, Inc. and Checkers USA, Inc.","JSG II, Inc. and Checkers USA, Inc.",First Lien,,,,1419000.0,1420000.0,1426000.0,,99.51,4.5,8.14,,,False,,,USD,1419000.0
GBDC,0001476765,0001476765-26-000048,10-Q,2026-06-30,2026-08-03,"JSG II, Inc. and Checkers USA, Inc. | One stop 2 | Non-Affiliated Issuer","JSG II, Inc. and Checkers USA, Inc.","JSG II, Inc. and Checkers USA, Inc.",First Lien,,,,-1000.0,-1000.0,0.0,,100.0,,,,,False,,,USD,-1000.0
GBDC,0001476765,0001476765-26-000048,10-Q,2026-06-30,2026-08-03,"JSG II, Inc. and Checkers USA, Inc. | One stop 3 | Non-Affiliated Issuer","JSG II, Inc. and Checkers USA, Inc.","JSG II, Inc. and Checkers USA, Inc.",First Lien,,,,-2000.0,-1000.0,0.0,,200.0,,,,,False,,,USD,-2000.0
GBDC,0001476765,0001476765-26-000048,10-Q,2026-06-30,2026-08-03,"Krayden Holdings, Inc. | Senior secured 1 | Non-Affiliated Issuer","Krayden Holdings, Inc.","Krayden Holdings, Inc.",First Lien,,,,9606000.0,9610000.0,9667000.0,,99.37,4.75,8.48,,,False,,,USD,9606000.0
GBDC,0001476765,0001476765-26-000048,10-Q,2026-06-30,2026-08-03,"Krayden Holdings, Inc. | Senior secured 2 | Non-Affiliated Issuer","Krayden Holdings, Inc.","Krayden Holdings, Inc.",First Lien,,,,1417000.0,1419000.0,1439000.0,,98.47,4.75,8.53,,,False,,,USD,1417000.0
GBDC,0001476765,0001476765-26-000048,10-Q,2026-06-30,2026-08-03,"Krayden Holdings, Inc. | Senior secured 3 | Non-Affiliated Issuer","Krayden Holdings, Inc.","Krayden Holdings, Inc.",First Lien,,,,2950000.0,2972000.0,3012000.0,,97.94,4.75,8.48,,,False,,,USD,2950000.0
GBDC,0001476765,0001476765-26-000048,10-Q,2026-06-30,2026-08-03,PHM NL SP Bidco B.V. | One stop 1 | Non-Affiliated Issuer,PHM NL SP Bidco B.V.,PHM NL SP Bidco B.V.,First Lien,,,,53767000.0,55076000.0,57199000.0,,94.0,6.75,4.79,,4.25,True,,,USD,53767000.0
GBDC,0001476765,0001476765-26-000048,10-Q,2026-06-30,2026-08-03,PHM NL SP Bidco B.V. | One stop 2 | Non-Affiliated Issuer,PHM NL SP Bidco B.V.,PHM NL SP Bidco B.V.,First Lien,,,,20655000.0,21244000.0,21974000.0,,94.0,6.75,6.27,,4.25,True,,,USD,20655000.0
GBDC,0001476765,0001476765-26-000048,10-Q,2026-06-30,2026-08-03,PHM NL SP Bidco B.V. | One stop 3 | Non-Affiliated Issuer,PHM NL SP Bidco B.V.,PHM NL SP Bidco B.V.,First Lien,,,,11794000.0,12018000.0,12547000.0,,94.0,6.75,7.48,,3.0,True,,,USD,11794000.0
GBDC,0001476765,0001476765-26-000048,10-Q,2026-06-30,2026-08-03,PHM NL SP Bidco B.V. | One stop 4 | Non-Affiliated Issuer,PHM NL SP Bidco B.V.,PHM NL SP Bidco B.V.,First Lien,,,,5624000.0,5695000.0,5983000.0,,94.0,6.75,6.15,,3.0,True,,,USD,5624000.0
GBDC,0001476765,0001476765-26-000048,10-Q,2026-06-30,2026-08-03,"CHA Vision Holdings, Inc. | One stop 1 | Non-Affiliated Issuer","CHA Vision Holdings, Inc.","CHA Vision Holdings, Inc.",First Lien,,,,8000.0,8000.0,8000.0,,100.0,5.0,8.67,,,False,,,USD,8000.0
GBDC,0001476765,0001476765-26-000048,10-Q,2026-06-30,2026-08-03,"CHA Vision Holdings, Inc. | One stop 2 | Non-Affiliated Issuer","CHA Vision Holdings, Inc.","CHA Vision Holdings, Inc.",First Lien,,,,1046000.0,1047000.0,1050000.0,,99.62,5.0,8.67,,,False,,,USD,1046000.0
GBDC,0001476765,0001476765-26-000048,10-Q,2026-06-30,2026-08-03,"CHA Vision Holdings, Inc. | One stop 3 | Non-Affiliated Issuer","CHA Vision Holdings, Inc.","CHA Vision Holdings, Inc.",First Lien,,,,341000.0,341000.0,342000.0,,99.71,5.0,8.67,,,False,,,USD,341000.0
GBDC,0001476765,0001476765-26-000048,10-Q,2026-06-30,2026-08-03,"CHA Vision Holdings, Inc. | One stop 4 | Non-Affiliated Issuer","CHA Vision Holdings, Inc.","CHA Vision Holdings, Inc.",First Lien,,,,302000.0,302000.0,303000.0,,99.67,5.0,8.67,,,False,,,USD,302000.0
GBDC,0001476765,0001476765-26-000048,10-Q,2026-06-30,2026-08-03,"CHA Vision Holdings, Inc. | One stop 5 | Non-Affiliated Issuer","CHA Vision Holdings, Inc.","CHA Vision Holdings, Inc.",First Lien,,,,84000.0,84000.0,87000.0,,96.55,5.0,8.67,,,False,,,USD,84000.0
GBDC,0001476765,0001476765-26-000048,10-Q,2026-06-30,2026-08-03,"CI (Quercus) Intermediate Holdings, LLC | One stop 1 | Non-Affiliated Issuer","CI (Quercus) Intermediate Holdings, LLC","CI (Quercus) Intermediate Holdings, LLC",First Lien,,,,57000.0,49000.0,63000.0,,90.48,5.0,8.73,,,False,,,USD,57000.0
GBDC,0001476765,0001476765-26-000048,10-Q,2026-06-30,2026-08-03,"CI (Quercus) Intermediate Holdings, LLC | One stop 2 | Non-Affiliated Issuer","CI (Quercus) Intermediate Holdings, LLC","CI (Quercus) Intermediate Holdings, LLC",First Lien,,,,33590000.0,33608000.0,33880000.0,,99.14,5.0,8.73,,,False,,,USD,33590000.0
GBDC,0001476765,0001476765-26-000048,10-Q,2026-06-30,2026-08-03,"CI (Quercus) Intermediate Holdings, LLC | One stop 3 | Non-Affiliated Issuer","CI (Quercus) Intermediate Holdings, LLC","CI (Quercus) Intermediate Holdings, LLC",First Lien,,,,31000.0,31000.0,32000.0,,96.88,5.0,8.66,,,False,,,USD,31000.0
GBDC,0001476765,0001476765-26-000048,10-Q,2026-06-30,2026-08-03,"CI (Quercus) Intermediate Holdings, LLC | One stop 4 | Non-Affiliated Issuer","CI (Quercus) Intermediate Holdings, LLC","CI (Quercus) Intermediate Holdings, LLC",First Lien,,,,25000.0,29000.0,33000.0,,75.76,5.0,8.74,,,False,,,USD,25000.0
GBDC,0001476765,0001476765-26-000048,10-Q,2026-06-30,2026-08-03,"Dispatch Acquisition Holdings, LLC | One stop 1 | Non-Affiliated Issuer","Dispatch Acquisition Holdings, LLC","Dispatch Acquisition Holdings, LLC",First Lien,,,,670000.0,670000.0,673000.0,,99.55,4.75,8.48,,,False,,,USD,670000.0
GBDC,0001476765,0001476765-26-000048,10-Q,2026-06-30,2026-08-03,"Dispatch Acquisition Holdings, LLC | One stop 2 | Non-Affiliated Issuer","Dispatch Acquisition Holdings, LLC","Dispatch Acquisition Holdings, LLC",First Lien,,,,31000.0,31000.0,31000.0,,100.0,4.75,8.48,,,False,,,USD,31000.0
GBDC,0001476765,0001476765-26-000048,10-Q,2026-06-30,2026-08-03,"Dispatch Acquisition Holdings, LLC | One stop 3 | Non-Affiliated Issuer","Dispatch Acquisition Holdings, LLC","Dispatch Acquisition Holdings, LLC",First Lien,,,,-1000.0,0.0,0.0,,,,,,,False,,,USD,-1000.0
GBDC,0001476765,0001476765-26-000048,10-Q,2026-06-30,2026-08-03,"Kleinfelder Intermediate, LLC | One stop 1 | Non-Affiliated Issuer","Kleinfelder Intermediate, LLC","Kleinfelder Intermediate, LLC",First Lien,,,,4006000.0,3944000.0,4015000.0,,99.78,4.5,8.16,,,False,,,USD,4006000.0
GBDC,0001476765,0001476765-26-000048,10-Q,2026-06-30,2026-08-03,"Kleinfelder Intermediate, LLC | One stop 2 | Non-Affiliated Issuer","Kleinfelder Intermediate, LLC","Kleinfelder Intermediate, LLC",First Lien,,,,37000.0,34000.0,39000.0,,94.87,3.5,10.25,,,False,,,USD,37000.0
GBDC,0001476765,0001476765-26-000048,10-Q,2026-06-30,2026-08-03,"Kleinfelder Intermediate, LLC | One stop 3 | Non-Affiliated Issuer","Kleinfelder Intermediate, LLC","Kleinfelder Intermediate, LLC",First Lien,,,,436000.0,434000.0,436000.0,,100.0,4.5,8.16,,,False,,,USD,436000.0
GBDC,0001476765,0001476765-26-000048,10-Q,2026-06-30,2026-08-03,"Kleinfelder Intermediate, LLC | One stop 4 | Non-Affiliated Issuer","Kleinfelder Intermediate, LLC","Kleinfelder Intermediate, LLC",First Lien,,,,-1000.0,-1000.0,0.0,,100.0,,,,,False,,,USD,-1000.0
GBDC,0001476765,0001476765-26-000048,10-Q,2026-06-30,2026-08-03,"Pearl Acquisition Buyer, Inc. | One stop 1 | Non-Affiliated Issuer","Pearl Acquisition Buyer, Inc.","Pearl Acquisition Buyer, Inc.",First Lien,,,,12000.0,12000.0,12000.0,,100.0,4.5,8.24,,,False,,,USD,12000.0
GBDC,0001476765,0001476765-26-000048,10-Q,2026-06-30,2026-08-03,"Pearl Acquisition Buyer, Inc. | One stop 2 | Non-Affiliated Issuer","Pearl Acquisition Buyer, Inc.","Pearl Acquisition Buyer, Inc.",First Lien,,,,354000.0,354000.0,355000.0,,99.72,4.5,8.23,,,False,,,USD,354000.0
GBDC,0001476765,0001476765-26-000048,10-Q,2026-06-30,2026-08-03,"Pearl Acquisition Buyer, Inc. | One stop 3 | Non-Affiliated Issuer","Pearl Acquisition Buyer, Inc.","Pearl Acquisition Buyer, Inc.",First Lien,,,,0.0,0.0,0.0,,,,,,,False,,,USD,0.0
GBDC,0001476765,0001476765-26-000048,10-Q,2026-06-30,2026-08-03,"Profile Products, LLC | One stop 1 | Non-Affiliated Issuer","Profile Products, LLC","Profile Products, LLC",First Lien,,,,8844000.0,8856000.0,8890000.0,,99.48,5.5,9.28,,,False,,,USD,8844000.0
GBDC,0001476765,0001476765-26-000048,10-Q,2026-06-30,2026-08-03,"Profile Products, LLC | One stop 2 | Non-Affiliated Issuer","Profile Products, LLC","Profile Products, LLC",First Lien,,,,1793000.0,1791000.0,1802000.0,,99.5,5.5,9.28,,,False,,,USD,1793000.0
GBDC,0001476765,0001476765-26-000048,10-Q,2026-06-30,2026-08-03,"Profile Products, LLC | One stop 3 | Non-Affiliated Issuer","Profile Products, LLC","Profile Products, LLC",First Lien,,,,30000.0,30000.0,30000.0,,100.0,5.5,9.28,,,False,,,USD,30000.0
GBDC,0001476765,0001476765-26-000048,10-Q,2026-06-30,2026-08-03,"Profile Products, LLC | One stop 4 | Non-Affiliated Issuer","Profile Products, LLC","Profile Products, LLC",First Lien,,,,24000.0,24000.0,24000.0,,100.0,4.5,11.25,,,False,,,USD,24000.0
GBDC,0001476765,0001476765-26-000048,10-Q,2026-06-30,2026-08-03,"PSC Parent, Inc. | One stop 1 | Non-Affiliated Issuer","PSC Parent, Inc.","PSC Parent, Inc.",First Lien,,,,5368000.0,5402000.0,5408000.0,,99.26,5.25,8.89,,,False,,,USD,5368000.0
GBDC,0001476765,0001476765-26-000048,10-Q,2026-06-30,2026-08-03,"PSC Parent, Inc. | One stop 2 | Non-Affiliated Issuer","PSC Parent, Inc.","PSC Parent, Inc.",First Lien,,,,316000.0,316000.0,320000.0,,98.75,5.25,8.89,,,False,,,USD,316000.0
GBDC,0001476765,0001476765-26-000048,10-Q,2026-06-30,2026-08-03,"PSC Parent, Inc. | One stop 3 | Non-Affiliated Issuer","PSC Parent, Inc.","PSC Parent, Inc.",First Lien,,,,1289000.0,1294000.0,1298000.0,,99.31,5.25,8.88,,,False,,,USD,1289000.0
GBDC,0001476765,0001476765-26-000048,10-Q,2026-06-30,2026-08-03,"PSC Parent, Inc. | One stop 4 | Non-Affiliated Issuer","PSC Parent, Inc.","PSC Parent, Inc.",First Lien,,,,895000.0,898000.0,901000.0,,99.33,5.25,8.89,,,False,,,USD,895000.0
GBDC,0001476765,0001476765-26-000048,10-Q,2026-06-30,2026-08-03,"PT Intermediate Holdings III, LLC | One stop | Non-Affiliated Issuer","PT Intermediate Holdings III, LLC","PT Intermediate Holdings III, LLC",First Lien,,,,21476000.0,21502000.0,21514000.0,,99.82,4.75,8.48,,,False,,,USD,21476000.0
GBDC,0001476765,0001476765-26-000048,10-Q,2026-06-30,2026-08-03,"Radwell Parent, LLC | One stop 1 | Non-Affiliated Issuer","Radwell Parent, LLC","Radwell Parent, LLC",First Lien,,,,20000.0,20000.0,20000.0,,100.0,4.75,8.48,,,False,,,USD,20000.0
GBDC,0001476765,0001476765-26-000048,10-Q,2026-06-30,2026-08-03,"Radwell Parent, LLC | One stop 2 | Non-Affiliated Issuer","Radwell Parent, LLC","Radwell Parent, LLC",First Lien,,,,4000.0,5000.0,7000.0,,57.14,4.75,8.48,,,False,,,USD,4000.0
GBDC,0001476765,0001476765-26-000048,10-Q,2026-06-30,2026-08-03,"Radwell Parent, LLC | One stop 3 | Non-Affiliated Issuer","Radwell Parent, LLC","Radwell Parent, LLC",First Lien,,,,33349000.0,33491000.0,33766000.0,,98.77,4.75,8.48,,,False,,,USD,33349000.0
GBDC,0001476765,0001476765-26-000048,10-Q,2026-06-30,2026-08-03,"Radwell Parent, LLC | One stop 4 | Non-Affiliated Issuer","Radwell Parent, LLC","Radwell Parent, LLC",First Lien,,,,32128000.0,32488000.0,32528000.0,,98.77,4.75,8.48,,,False,,,USD,32128000.0
GBDC,0001476765,0001476765-26-000048,10-Q,2026-06-30,2026-08-03,"Radwell Parent, LLC | One stop 5 | Non-Affiliated Issuer","Radwell Parent, LLC","Radwell Parent, LLC",First Lien,,,,316000.0,303000.0,331000.0,,95.47,4.75,8.48,,,False,,,USD,316000.0
GBDC,0001476765,0001476765-26-000048,10-Q,2026-06-30,2026-08-03,Trinity Air Consultants Holdings Corporation | One stop 1 | Non-Affiliated Issuer,Trinity Air Consultants Holdings Corporation,Trinity Air Consultants Holdings Corporation,First Lien,,,,2927000.0,2943000.0,2951000.0,,99.19,4.25,8.01,,,False,,,USD,2927000.0
GBDC,0001476765,0001476765-26-000048,10-Q,2026-06-30,2026-08-03,Trinity Air Consultants Holdings Corporation | One stop 2 | Non-Affiliated Issuer,Trinity Air Consultants Holdings Corporation,Trinity Air Consultants Holdings Corporation,First Lien,,,,-1000.0,-1000.0,0.0,,100.0,,,,,False,,,USD,-1000.0
GBDC,0001476765,0001476765-26-000048,10-Q,2026-06-30,2026-08-03,Trinity Air Consultants Holdings Corporation | One stop 3 | Non-Affiliated Issuer,Trinity Air Consultants Holdings Corporation,Trinity Air Consultants Holdings Corporation,First Lien,,,,1364000.0,1374000.0,1375000.0,,99.2,4.25,8.01,,,False,,,USD,1364000.0
GBDC,0001476765,0001476765-26-000048,10-Q,2026-06-30,2026-08-03,Trinity Air Consultants Holdings Corporation | One stop 4 | Non-Affiliated Issuer,Trinity Air Consultants Holdings Corporation,Trinity Air Consultants Holdings Corporation,First Lien,,,,-3000.0,-1000.0,0.0,,300.0,,,,,False,,,USD,-3000.0
GBDC,0001476765,0001476765-26-000048,10-Q,2026-06-30,2026-08-03,Trinity Air Consultants Holdings Corporation | One stop 5 | Non-Affiliated Issuer,Trinity Air Consultants Holdings Corporation,Trinity Air Consultants Holdings Corporation,First Lien,,,,1552000.0,1552000.0,1565000.0,,99.17,4.25,8.03,,,False,,,USD,1552000.0
GBDC,0001476765,0001476765-26-000048,10-Q,2026-06-30,2026-08-03,WRE Holding Corp. | One stop 1 | Non-Affiliated Issuer,WRE Holding Corp.,WRE Holding Corp.,First Lien,,,,-12000.0,-4000.0,0.0,,300.0,,,,,False,,,USD,-12000.0
GBDC,0001476765,0001476765-26-000048,10-Q,2026-06-30,2026-08-03,WRE Holding Corp. | One stop 2 | Non-Affiliated Issuer,WRE Holding Corp.,WRE Holding Corp.,First Lien,,,,74000.0,75000.0,75000.0,,98.67,5.0,8.83,,,False,,,USD,74000.0
GBDC,0001476765,0001476765-26-000048,10-Q,2026-06-30,2026-08-03,WRE Holding Corp. | One stop 3 | Non-Affiliated Issuer,WRE Holding Corp.,WRE Holding Corp.,First Lien,,,,1156000.0,1167000.0,1183000.0,,97.72,5.0,8.79,,,False,,,USD,1156000.0
GBDC,0001476765,0001476765-26-000048,10-Q,2026-06-30,2026-08-03,WRE Holding Corp. | One stop 4 | Non-Affiliated Issuer,WRE Holding Corp.,WRE Holding Corp.,First Lien,,,,16017000.0,16107000.0,16225000.0,,98.72,5.0,8.74,,,False,,,USD,16017000.0
GBDC,0001476765,0001476765-26-000048,10-Q,2026-06-30,2026-08-03,WRE Holding Corp. | One stop 5 | Non-Affiliated Issuer,WRE Holding Corp.,WRE Holding Corp.,First Lien,,,,1758000.0,1775000.0,1781000.0,,98.71,5.0,8.84,,,False,,,USD,1758000.0
GBDC,0001476765,0001476765-26-000048,10-Q,2026-06-30,2026-08-03,WRE Holding Corp. | One stop 6 | Non-Affiliated Issuer,WRE Holding Corp.,WRE Holding Corp.,First Lien,,,,1060000.0,1069000.0,1073000.0,,98.79,5.0,8.85,,,False,,,USD,1060000.0
GBDC,0001476765,0001476765-26-000048,10-Q,2026-06-30,2026-08-03,WRE Holding Corp. | One stop 7 | Non-Affiliated Issuer,WRE Holding Corp.,WRE Holding Corp.,First Lien,,,,824000.0,832000.0,835000.0,,98.68,5.0,8.85,,,False,,,USD,824000.0
GBDC,0001476765,0001476765-26-000048,10-Q,2026-06-30,2026-08-03,WRE Holding Corp. | One stop 8 | Non-Affiliated Issuer,WRE Holding Corp.,WRE Holding Corp.,First Lien,,,,288000.0,291000.0,292000.0,,98.63,5.0,8.85,,,False,,,USD,288000.0
GBDC,0001476765,0001476765-26-000048,10-Q,2026-06-30,2026-08-03,WRE Holding Corp. | One stop 9 | Non-Affiliated Issuer,WRE Holding Corp.,WRE Holding Corp.,First Lien,,,,295000.0,298000.0,299000.0,,98.66,5.0,8.85,,,False,,,USD,295000.0
GBDC,0001476765,0001476765-26-000048,10-Q,2026-06-30,2026-08-03,WRE Holding Corp. | One stop 10 | Non-Affiliated Issuer,WRE Holding Corp.,WRE Holding Corp.,First Lien,,,,183000.0,185000.0,185000.0,,98.92,5.0,8.85,,,False,,,USD,183000.0
GBDC,0001476765,0001476765-26-000048,10-Q,2026-06-30,2026-08-03,Lightning Finco Limited | One stop 1 | Non-Affiliated Issuer,Lightning Finco Limited,Lightning Finco Limited,First Lien,,,,14580000.0,14787000.0,14802000.0,,98.5,5.75,9.8,,,False,,,USD,14580000.0
GBDC,0001476765,0001476765-26-000048,10-Q,2026-06-30,2026-08-03,Lightning Finco Limited | One stop 2 | Non-Affiliated Issuer,Lightning Finco Limited,Lightning Finco Limited,First Lien,,,,1709000.0,1750000.0,1735000.0,,98.5,5.75,8.35,,,False,,,USD,1709000.0
GBDC,0001476765,0001476765-26-000048,10-Q,2026-06-30,2026-08-03,"Consor Intermediate II, LLC | One stop 1 | Non-Affiliated Issuer","Consor Intermediate II, LLC","Consor Intermediate II, LLC",First Lien,,,,5598000.0,5644000.0,5642000.0,,99.22,4.5,8.23,,,False,,,USD,5598000.0
GBDC,0001476765,0001476765-26-000048,10-Q,2026-06-30,2026-08-03,"Consor Intermediate II, LLC | One stop 2 | Non-Affiliated Issuer","Consor Intermediate II, LLC","Consor Intermediate II, LLC",First Lien,,,,-15000.0,-6000.0,0.0,,250.0,,,,,False,,,USD,-15000.0
GBDC,0001476765,0001476765-26-000048,10-Q,2026-06-30,2026-08-03,"Consor Intermediate II, LLC | One stop 3 | Non-Affiliated Issuer","Consor Intermediate II, LLC","Consor Intermediate II, LLC",First Lien,,,,162000.0,165000.0,167000.0,,97.01,4.5,8.23,,,False,,,USD,162000.0
GBDC,0001476765,0001476765-26-000048,10-Q,2026-06-30,2026-08-03,"DCCM, LLC | One stop 1 | Non-Affiliated Issuer","DCCM, LLC","DCCM, LLC",First Lien,,,,588000.0,586000.0,588000.0,,100.0,4.75,8.39,,,False,,,USD,588000.0
GBDC,0001476765,0001476765-26-000048,10-Q,2026-06-30,2026-08-03,"DCCM, LLC | One stop 2 | Non-Affiliated Issuer","DCCM, LLC","DCCM, LLC",First Lien,,,,0.0,0.0,0.0,,,,,,,False,,,USD,0.0
GBDC,0001476765,0001476765-26-000048,10-Q,2026-06-30,2026-08-03,"DCCM, LLC | One stop 3 | Non-Affiliated Issuer","DCCM, LLC","DCCM, LLC",First Lien,,,,9000.0,7000.0,9000.0,,100.0,4.75,8.39,,,False,,,USD,9000.0
GBDC,0001476765,0001476765-26-000048,10-Q,2026-06-30,2026-08-03,Royal Holdco Corporation | One stop 1 | Non-Affiliated Issuer,Royal Holdco Corporation,Royal Holdco Corporation,First Lien,,,,1515000.0,1524000.0,1532000.0,,98.89,4.5,8.18,,,False,,,USD,1515000.0
GBDC,0001476765,0001476765-26-000048,10-Q,2026-06-30,2026-08-03,Royal Holdco Corporation | One stop 2 | Non-Affiliated Issuer,Royal Holdco Corporation,Royal Holdco Corporation,First Lien,,,,437000.0,438000.0,442000.0,,98.87,4.5,8.2,,,False,,,USD,437000.0
GBDC,0001476765,0001476765-26-000048,10-Q,2026-06-30,2026-08-03,Royal Holdco Corporation | One stop 3 | Non-Affiliated Issuer,Royal Holdco Corporation,Royal Holdco Corporation,First Lien,,,,5887000.0,5890000.0,5936000.0,,99.17,4.5,8.15,,,False,,,USD,5887000.0
GBDC,0001476765,0001476765-26-000048,10-Q,2026-06-30,2026-08-03,Chase Intermediate | One stop 1 | Non-Affiliated Issuer,Chase Intermediate,Chase Intermediate,First Lien,,,,47479000.0,48862000.0,48447000.0,,98.0,4.75,8.41,,,False,,,USD,47479000.0
GBDC,0001476765,0001476765-26-000048,10-Q,2026-06-30,2026-08-03,Chase Intermediate | One stop 2 | Non-Affiliated Issuer,Chase Intermediate,Chase Intermediate,First Lien,,,,258000.0,271000.0,272000.0,,94.85,4.75,8.45,,,False,,,USD,258000.0
GBDC,0001476765,0001476765-26-000048,10-Q,2026-06-30,2026-08-03,Chase Intermediate | One stop 3 | Non-Affiliated Issuer,Chase Intermediate,Chase Intermediate,First Lien,,,,2221000.0,2264000.0,2267000.0,,97.97,4.75,8.41,,,False,,,USD,2221000.0
GBDC,0001476765,0001476765-26-000048,10-Q,2026-06-30,2026-08-03,Chase Intermediate | One stop 4 | Non-Affiliated Issuer,Chase Intermediate,Chase Intermediate,First Lien,,,,1662000.0,1808000.0,1836000.0,,90.52,4.75,8.41,,,False,,,USD,1662000.0
GBDC,0001476765,0001476765-26-000048,10-Q,2026-06-30,2026-08-03,"Fortis Solutions Group, LLC | One stop 1 | Non-Affiliated Issuer","Fortis Solutions Group, LLC","Fortis Solutions Group, LLC",First Lien,,,,50872000.0,50941000.0,51193000.0,,99.37,5.5,9.33,,,False,,,USD,50872000.0
GBDC,0001476765,0001476765-26-000048,10-Q,2026-06-30,2026-08-03,"Fortis Solutions Group, LLC | One stop 2 | Non-Affiliated Issuer","Fortis Solutions Group, LLC","Fortis Solutions Group, LLC",First Lien,,,,1672000.0,1668000.0,1683000.0,,99.35,5.5,9.33,,,False,,,USD,1672000.0
GBDC,0001476765,0001476765-26-000048,10-Q,2026-06-30,2026-08-03,"Fortis Solutions Group, LLC | One stop 3 | Non-Affiliated Issuer","Fortis Solutions Group, LLC","Fortis Solutions Group, LLC",First Lien,,,,138000.0,101000.0,139000.0,,99.28,5.5,9.33,,,False,,,USD,138000.0
GBDC,0001476765,0001476765-26-000048,10-Q,2026-06-30,2026-08-03,"Fortis Solutions Group, LLC | One stop 4 | Non-Affiliated Issuer","Fortis Solutions Group, LLC","Fortis Solutions Group, LLC",First Lien,,,,329000.0,325000.0,333000.0,,98.8,5.5,9.33,,,False,,,USD,329000.0
GBDC,0001476765,0001476765-26-000048,10-Q,2026-06-30,2026-08-03,"Packaging Coordinators Midco, Inc. | One stop 1 | Non-Affiliated Issuer","Packaging Coordinators Midco, Inc.","Packaging Coordinators Midco, Inc.",First Lien,,,,6163000.0,6192000.0,6283000.0,,98.09,5.0,8.66,,,False,,,USD,6163000.0
GBDC,0001476765,0001476765-26-000048,10-Q,2026-06-30,2026-08-03,"Packaging Coordinators Midco, Inc. | One stop 2 | Non-Affiliated Issuer","Packaging Coordinators Midco, Inc.","Packaging Coordinators Midco, Inc.",First Lien,,,,-14000.0,-7000.0,0.0,,200.0,,,,,False,,,USD,-14000.0
GBDC,0001476765,0001476765-26-000048,10-Q,2026-06-30,2026-08-03,"Packaging Coordinators Midco, Inc. | One stop 3 | Non-Affiliated Issuer","Packaging Coordinators Midco, Inc.","Packaging Coordinators Midco, Inc.",First Lien,,,,-19000.0,0.0,0.0,,,,,,,False,,,USD,-19000.0
GBDC,0001476765,0001476765-26-000048,10-Q,2026-06-30,2026-08-03,"Packaging Coordinators Midco, Inc. | One stop 4 | Non-Affiliated Issuer","Packaging Coordinators Midco, Inc.","Packaging Coordinators Midco, Inc.",First Lien,,,,12056000.0,12189000.0,12290000.0,,98.1,5.0,8.73,,,False,,,USD,12056000.0
GBDC,0001476765,0001476765-26-000048,10-Q,2026-06-30,2026-08-03,"Packaging Coordinators Midco, Inc. | One stop 5 | Non-Affiliated Issuer","Packaging Coordinators Midco, Inc.","Packaging Coordinators Midco, Inc.",First Lien,,,,116000.0,119000.0,119000.0,,97.48,5.0,8.66,,,False,,,USD,116000.0
GBDC,0001476765,0001476765-26-000048,10-Q,2026-06-30,2026-08-03,"Packaging Coordinators Midco, Inc. | One stop 6 | Non-Affiliated Issuer","Packaging Coordinators Midco, Inc.","Packaging Coordinators Midco, Inc.",First Lien,,,,-6000.0,-3000.0,0.0,,200.0,,,,,False,,,USD,-6000.0
GBDC,0001476765,0001476765-26-000048,10-Q,2026-06-30,2026-08-03,"ABC Legal Holdings, LLC | One stop 1 | Non-Affiliated Issuer","ABC Legal Holdings, LLC","ABC Legal Holdings, LLC",First Lien,,,,1303000.0,1324000.0,1330000.0,,97.97,4.25,7.91,,,False,,,USD,1303000.0
GBDC,0001476765,0001476765-26-000048,10-Q,2026-06-30,2026-08-03,"ABC Legal Holdings, LLC | One stop 2 | Non-Affiliated Issuer","ABC Legal Holdings, LLC","ABC Legal Holdings, LLC",First Lien,,,,-5000.0,-1000.0,0.0,,500.0,,,,,False,,,USD,-5000.0
GBDC,0001476765,0001476765-26-000048,10-Q,2026-06-30,2026-08-03,"ABC Legal Holdings, LLC | One stop 3 | Non-Affiliated Issuer","ABC Legal Holdings, LLC","ABC Legal Holdings, LLC",First Lien,,,,-8000.0,-2000.0,0.0,,400.0,,,,,False,,,USD,-8000.0
GBDC,0001476765,0001476765-26-000048,10-Q,2026-06-30,2026-08-03,"Action Termite Control, LLC | Senior secured 1 | Non-Affiliated Issuer","Action Termite Control, LLC","Action Termite Control, LLC",First Lien,,,,3000.0,3000.0,3000.0,,100.0,4.25,7.98,,,False,,,USD,3000.0
GBDC,0001476765,0001476765-26-000048,10-Q,2026-06-30,2026-08-03,"Action Termite Control, LLC | Senior secured 2 | Non-Affiliated Issuer","Action Termite Control, LLC","Action Termite Control, LLC",First Lien,,,,107000.0,106000.0,107000.0,,100.0,4.25,7.98,,,False,,,USD,107000.0
GBDC,0001476765,0001476765-26-000048,10-Q,2026-06-30,2026-08-03,"Action Termite Control, LLC | Senior secured 3 | Non-Affiliated Issuer","Action Termite Control, LLC","Action Termite Control, LLC",First Lien,,,,0.0,-2000.0,0.0,,-0.0,,,,,False,,,USD,0.0
GBDC,0001476765,0001476765-26-000048,10-Q,2026-06-30,2026-08-03,"Any Hour, LLC | One stop 1 | Non-Affiliated Issuer","Any Hour, LLC","Any Hour, LLC",First Lien,,,,8543000.0,9044000.0,9088000.0,,94.0,5.75,6.23,,3.25,True,,,USD,8543000.0
GBDC,0001476765,0001476765-26-000048,10-Q,2026-06-30,2026-08-03,"Any Hour, LLC | One stop 2 | Non-Affiliated Issuer","Any Hour, LLC","Any Hour, LLC",First Lien,,,,2670000.0,3570000.0,3608000.0,,74.0,,,,13.0,True,,,USD,2670000.0
GBDC,0001476765,0001476765-26-000048,10-Q,2026-06-30,2026-08-03,"Any Hour, LLC | One stop 3 | Non-Affiliated Issuer","Any Hour, LLC","Any Hour, LLC",First Lien,,,,819000.0,868000.0,877000.0,,93.39,5.75,6.22,,3.25,True,,,USD,819000.0
GBDC,0001476765,0001476765-26-000048,10-Q,2026-06-30,2026-08-03,"Any Hour, LLC | One stop 4 | Non-Affiliated Issuer","Any Hour, LLC","Any Hour, LLC",First Lien,,,,241000.0,256000.0,258000.0,,93.41,5.75,6.23,,3.25,True,,,USD,241000.0
GBDC,0001476765,0001476765-26-000048,10-Q,2026-06-30,2026-08-03,"Apex Service Partners, LLC | One stop 1 | Non-Affiliated Issuer","Apex Service Partners, LLC","Apex Service Partners, LLC",First Lien,,,,4304000.0,4409000.0,4357000.0,,98.78,5.0,8.73,,,False,,,USD,4304000.0
GBDC,0001476765,0001476765-26-000048,10-Q,2026-06-30,2026-08-03,"Apex Service Partners, LLC | One stop 2 | Non-Affiliated Issuer","Apex Service Partners, LLC","Apex Service Partners, LLC",First Lien,,,,13587000.0,13699000.0,13750000.0,,98.81,5.0,8.73,,,False,,,USD,13587000.0
GBDC,0001476765,0001476765-26-000048,10-Q,2026-06-30,2026-08-03,"Apex Service Partners, LLC | One stop 3 | Non-Affiliated Issuer","Apex Service Partners, LLC","Apex Service Partners, LLC",First Lien,,,,1025000.0,1026000.0,1037000.0,,98.84,5.0,8.73,,,False,,,USD,1025000.0
GBDC,0001476765,0001476765-26-000048,10-Q,2026-06-30,2026-08-03,"Apex Service Partners, LLC | One stop 4 | Non-Affiliated Issuer","Apex Service Partners, LLC","Apex Service Partners, LLC",First Lien,,,,36000.0,36000.0,37000.0,,97.3,5.0,8.73,,,False,,,USD,36000.0
GBDC,0001476765,0001476765-26-000048,10-Q,2026-06-30,2026-08-03,"Apex Service Partners, LLC | One stop 5 | Non-Affiliated Issuer","Apex Service Partners, LLC","Apex Service Partners, LLC",First Lien,,,,2155000.0,2164000.0,2181000.0,,98.81,5.0,8.73,,,False,,,USD,2155000.0
GBDC,0001476765,0001476765-26-000048,10-Q,2026-06-30,2026-08-03,"Apex Service Partners, LLC | One stop 6 | Non-Affiliated Issuer","Apex Service Partners, LLC","Apex Service Partners, LLC",First Lien,,,,6387000.0,6439000.0,6464000.0,,98.81,5.0,8.73,,,False,,,USD,6387000.0
GBDC,0001476765,0001476765-26-000048,10-Q,2026-06-30,2026-08-03,"Aptive Environmental, LLC | One stop 1 | Non-Affiliated Issuer","Aptive Environmental, LLC","Aptive Environmental, LLC",First Lien,,,,1763000.0,1747000.0,1763000.0,,100.0,4.75,8.39,,,False,,,USD,1763000.0
GBDC,0001476765,0001476765-26-000048,10-Q,2026-06-30,2026-08-03,"Aptive Environmental, LLC | One stop 2 | Non-Affiliated Issuer","Aptive Environmental, LLC","Aptive Environmental, LLC",First Lien,,,,25000.0,23000.0,25000.0,,100.0,4.75,8.39,,,False,,,USD,25000.0
GBDC,0001476765,0001476765-26-000048,10-Q,2026-06-30,2026-08-03,"Aptive Environmental, LLC | One stop 3 | Non-Affiliated Issuer","Aptive Environmental, LLC","Aptive Environmental, LLC",First Lien,,,,0.0,0.0,0.0,,,,,,,False,,,USD,0.0
GBDC,0001476765,0001476765-26-000048,10-Q,2026-06-30,2026-08-03,"Certus Pest, Inc. | One stop 1 | Non-Affiliated Issuer","Certus Pest, Inc.","Certus Pest, Inc.",First Lien,,,,448000.0,452000.0,453000.0,,98.9,5.25,9.13,,,False,,,USD,448000.0
GBDC,0001476765,0001476765-26-000048,10-Q,2026-06-30,2026-08-03,"Certus Pest, Inc. | One stop 2 | Non-Affiliated Issuer","Certus Pest, Inc.","Certus Pest, Inc.",First Lien,,,,2719000.0,2741000.0,2747000.0,,98.98,5.25,9.13,,,False,,,USD,2719000.0
GBDC,0001476765,0001476765-26-000048,10-Q,2026-06-30,2026-08-03,"Certus Pest, Inc. | One stop 3 | Non-Affiliated Issuer","Certus Pest, Inc.","Certus Pest, Inc.",First Lien,,,,1713000.0,1727000.0,1730000.0,,99.02,5.25,9.13,,,False,,,USD,1713000.0
GBDC,0001476765,0001476765-26-000048,10-Q,2026-06-30,2026-08-03,"Certus Pest, Inc. | One stop 4 | Non-Affiliated Issuer","Certus Pest, Inc.","Certus Pest, Inc.",First Lien,,,,1643000.0,1656000.0,1659000.0,,99.04,5.25,9.13,,,False,,,USD,1643000.0
GBDC,0001476765,0001476765-26-000048,10-Q,2026-06-30,2026-08-03,"Certus Pest, Inc. | One stop 5 | Non-Affiliated Issuer","Certus Pest, Inc.","Certus Pest, Inc.",First Lien,,,,1186000.0,1196000.0,1197000.0,,99.08,5.25,9.13,,,False,,,USD,1186000.0
GBDC,0001476765,0001476765-26-000048,10-Q,2026-06-30,2026-08-03,"Certus Pest, Inc. | One stop 6 | Non-Affiliated Issuer","Certus Pest, Inc.","Certus Pest, Inc.",First Lien,,,,1170000.0,1180000.0,1182000.0,,98.98,5.25,9.13,,,False,,,USD,1170000.0
GBDC,0001476765,0001476765-26-000048,10-Q,2026-06-30,2026-08-03,"Certus Pest, Inc. | One stop 7 | Non-Affiliated Issuer","Certus Pest, Inc.","Certus Pest, Inc.",First Lien,,,,812000.0,818000.0,820000.0,,99.02,5.25,9.13,,,False,,,USD,812000.0
GBDC,0001476765,0001476765-26-000048,10-Q,2026-06-30,2026-08-03,"Certus Pest, Inc. | One stop 8 | Non-Affiliated Issuer","Certus Pest, Inc.","Certus Pest, Inc.",First Lien,,,,716000.0,722000.0,723000.0,,99.03,5.25,9.13,,,False,,,USD,716000.0
GBDC,0001476765,0001476765-26-000048,10-Q,2026-06-30,2026-08-03,"Certus Pest, Inc. | One stop 9 | Non-Affiliated Issuer","Certus Pest, Inc.","Certus Pest, Inc.",First Lien,,,,697000.0,703000.0,704000.0,,99.01,5.25,9.13,,,False,,,USD,697000.0
GBDC,0001476765,0001476765-26-000048,10-Q,2026-06-30,2026-08-03,"Certus Pest, Inc. | One stop 10 | Non-Affiliated Issuer","Certus Pest, Inc.","Certus Pest, Inc.",First Lien,,,,412000.0,415000.0,416000.0,,99.04,5.25,9.13,,,False,,,USD,412000.0
GBDC,0001476765,0001476765-26-000048,10-Q,2026-06-30,2026-08-03,"Certus Pest, Inc. | One stop 11 | Non-Affiliated Issuer","Certus Pest, Inc.","Certus Pest, Inc.",First Lien,,,,258000.0,260000.0,260000.0,,99.23,5.25,9.13,,,False,,,USD,258000.0
GBDC,0001476765,0001476765-26-000048,10-Q,2026-06-30,2026-08-03,"Certus Pest, Inc. | One stop 12 | Non-Affiliated Issuer","Certus Pest, Inc.","Certus Pest, Inc.",First Lien,,,,141000.0,142000.0,142000.0,,99.3,5.25,9.13,,,False,,,USD,141000.0
GBDC,0001476765,0001476765-26-000048,10-Q,2026-06-30,2026-08-03,"Certus Pest, Inc. | One stop 13 | Non-Affiliated Issuer","Certus Pest, Inc.","Certus Pest, Inc.",First Lien,,,,59000.0,60000.0,60000.0,,98.33,5.25,9.13,,,False,,,USD,59000.0
GBDC,0001476765,0001476765-26-000048,10-Q,2026-06-30,2026-08-03,"Certus Pest, Inc. | One stop 14 | Non-Affiliated Issuer","Certus Pest, Inc.","Certus Pest, Inc.",First Lien,,,,-2000.0,0.0,0.0,,,,,,,False,,,USD,-2000.0
GBDC,0001476765,0001476765-26-000048,10-Q,2026-06-30,2026-08-03,"Certus Pest, Inc. | One stop 15 | Non-Affiliated Issuer","Certus Pest, Inc.","Certus Pest, Inc.",First Lien,,,,816000.0,842000.0,849000.0,,96.11,5.25,9.08,,,False,,,USD,816000.0
GBDC,0001476765,0001476765-26-000048,10-Q,2026-06-30,2026-08-03,"Certus Pest, Inc. | One stop 16 | Non-Affiliated Issuer","Certus Pest, Inc.","Certus Pest, Inc.",First Lien,,,,386000.0,389000.0,389000.0,,99.23,5.25,9.13,,,False,,,USD,386000.0
GBDC,0001476765,0001476765-26-000048,10-Q,2026-06-30,2026-08-03,"Certus Pest, Inc. | One stop 17 | Non-Affiliated Issuer","Certus Pest, Inc.","Certus Pest, Inc.",First Lien,,,,2289000.0,2308000.0,2313000.0,,98.96,5.25,9.13,,,False,,,USD,2289000.0
GBDC,0001476765,0001476765-26-000048,10-Q,2026-06-30,2026-08-03,"Certus Pest, Inc. | One stop 18 | Non-Affiliated Issuer","Certus Pest, Inc.","Certus Pest, Inc.",First Lien,,,,1427000.0,1438000.0,1442000.0,,98.96,5.25,9.13,,,False,,,USD,1427000.0
GBDC,0001476765,0001476765-26-000048,10-Q,2026-06-30,2026-08-03,"Certus Pest, Inc. | One stop 19 | Non-Affiliated Issuer","Certus Pest, Inc.","Certus Pest, Inc.",First Lien,,,,686000.0,691000.0,693000.0,,98.99,5.25,9.13,,,False,,,USD,686000.0
GBDC,0001476765,0001476765-26-000048,10-Q,2026-06-30,2026-08-03,"Certus Pest, Inc. | One stop 20 | Non-Affiliated Issuer","Certus Pest, Inc.","Certus Pest, Inc.",First Lien,,,,686000.0,691000.0,693000.0,,98.99,5.25,9.13,,,False,,,USD,686000.0
GBDC,0001476765,0001476765-26-000048,10-Q,2026-06-30,2026-08-03,"CHHJ Midco, LLC | Senior secured 1 | Non-Affiliated Issuer","CHHJ Midco, LLC","CHHJ Midco, LLC",First Lien,,,,3663000.0,3658000.0,3663000.0,,100.0,5.0,8.92,,,False,,,USD,3663000.0
GBDC,0001476765,0001476765-26-000048,10-Q,2026-06-30,2026-08-03,"CHHJ Midco, LLC | Senior secured 2 | Non-Affiliated Issuer","CHHJ Midco, LLC","CHHJ Midco, LLC",First Lien,,,,30000.0,30000.0,30000.0,,100.0,5.0,8.92,,,False,,,USD,30000.0
GBDC,0001476765,0001476765-26-000048,10-Q,2026-06-30,2026-08-03,"CHVAC Services Investment, LLC | One stop 1 | Non-Affiliated Issuer","CHVAC Services Investment, LLC","CHVAC Services Investment, LLC",First Lien,,,,6241000.0,6301000.0,6367000.0,,98.02,4.75,8.48,,,False,,,USD,6241000.0
GBDC,0001476765,0001476765-26-000048,10-Q,2026-06-30,2026-08-03,"CHVAC Services Investment, LLC | One stop 2 | Non-Affiliated Issuer","CHVAC Services Investment, LLC","CHVAC Services Investment, LLC",First Lien,,,,1624000.0,1642000.0,1656000.0,,98.07,4.75,8.48,,,False,,,USD,1624000.0
GBDC,0001476765,0001476765-26-000048,10-Q,2026-06-30,2026-08-03,"CHVAC Services Investment, LLC | One stop 3 | Non-Affiliated Issuer","CHVAC Services Investment, LLC","CHVAC Services Investment, LLC",First Lien,,,,162000.0,166000.0,169000.0,,95.86,4.75,8.41,,,False,,,USD,162000.0
GBDC,0001476765,0001476765-26-000048,10-Q,2026-06-30,2026-08-03,"CHVAC Services Investment, LLC | One stop 4 | Non-Affiliated Issuer","CHVAC Services Investment, LLC","CHVAC Services Investment, LLC",First Lien,,,,541000.0,681000.0,714000.0,,75.77,4.75,8.48,,,False,,,USD,541000.0
GBDC,0001476765,0001476765-26-000048,10-Q,2026-06-30,2026-08-03,"COP Hometown Acquisitions, Inc. | Senior secured 1 | Non-Affiliated Issuer","COP Hometown Acquisitions, Inc.","COP Hometown Acquisitions, Inc.",First Lien,,,,2334000.0,2352000.0,2357000.0,,99.02,5.25,8.94,,,False,,,USD,2334000.0
GBDC,0001476765,0001476765-26-000048,10-Q,2026-06-30,2026-08-03,"COP Hometown Acquisitions, Inc. | Senior secured 2 | Non-Affiliated Issuer","COP Hometown Acquisitions, Inc.","COP Hometown Acquisitions, Inc.",First Lien,,,,2274000.0,2290000.0,2297000.0,,99.0,5.25,8.94,,,False,,,USD,2274000.0
GBDC,0001476765,0001476765-26-000048,10-Q,2026-06-30,2026-08-03,"COP Hometown Acquisitions, Inc. | Senior secured 3 | Non-Affiliated Issuer","COP Hometown Acquisitions, Inc.","COP Hometown Acquisitions, Inc.",First Lien,,,,1490000.0,1502000.0,1505000.0,,99.0,5.25,8.94,,,False,,,USD,1490000.0
GBDC,0001476765,0001476765-26-000048,10-Q,2026-06-30,2026-08-03,"COP Hometown Acquisitions, Inc. | Senior secured 4 | Non-Affiliated Issuer","COP Hometown Acquisitions, Inc.","COP Hometown Acquisitions, Inc.",First Lien,,,,1054000.0,1061000.0,1064000.0,,99.06,5.25,8.92,,,False,,,USD,1054000.0
GBDC,0001476765,0001476765-26-000048,10-Q,2026-06-30,2026-08-03,"COP Hometown Acquisitions, Inc. | Senior secured 5 | Non-Affiliated Issuer","COP Hometown Acquisitions, Inc.","COP Hometown Acquisitions, Inc.",First Lien,,,,1123000.0,1130000.0,1134000.0,,99.03,5.25,8.94,,,False,,,USD,1123000.0
GBDC,0001476765,0001476765-26-000048,10-Q,2026-06-30,2026-08-03,"COP Hometown Acquisitions, Inc. | Senior secured 6 | Non-Affiliated Issuer","COP Hometown Acquisitions, Inc.","COP Hometown Acquisitions, Inc.",First Lien,,,,675000.0,680000.0,681000.0,,99.12,5.25,8.91,,,False,,,USD,675000.0
GBDC,0001476765,0001476765-26-000048,10-Q,2026-06-30,2026-08-03,"COP Hometown Acquisitions, Inc. | Senior secured 7 | Non-Affiliated Issuer","COP Hometown Acquisitions, Inc.","COP Hometown Acquisitions, Inc.",First Lien,,,,98000.0,99000.0,101000.0,,97.03,5.25,8.91,,,False,,,USD,98000.0
GBDC,0001476765,0001476765-26-000048,10-Q,2026-06-30,2026-08-03,"COP Hometown Acquisitions, Inc. | Senior secured 8 | Non-Affiliated Issuer","COP Hometown Acquisitions, Inc.","COP Hometown Acquisitions, Inc.",First Lien,,,,1346000.0,1358000.0,1358000.0,,99.12,5.25,8.92,,,False,,,USD,1346000.0
GBDC,0001476765,0001476765-26-000048,10-Q,2026-06-30,2026-08-03,"COP Hometown Acquisitions, Inc. | Senior secured 9 | Non-Affiliated Issuer","COP Hometown Acquisitions, Inc.","COP Hometown Acquisitions, Inc.",First Lien,,,,1019000.0,1028000.0,1029000.0,,99.03,5.25,8.89,,,False,,,USD,1019000.0
GBDC,0001476765,0001476765-26-000048,10-Q,2026-06-30,2026-08-03,"COP Hometown Acquisitions, Inc. | Senior secured 10 | Non-Affiliated Issuer","COP Hometown Acquisitions, Inc.","COP Hometown Acquisitions, Inc.",First Lien,,,,897000.0,904000.0,905000.0,,99.12,5.25,8.92,,,False,,,USD,897000.0
GBDC,0001476765,0001476765-26-000048,10-Q,2026-06-30,2026-08-03,"COP Hometown Acquisitions, Inc. | Senior secured 11 | Non-Affiliated Issuer","COP Hometown Acquisitions, Inc.","COP Hometown Acquisitions, Inc.",First Lien,,,,5396000.0,5425000.0,5449000.0,,99.03,5.25,8.93,,,False,,,USD,5396000.0
GBDC,0001476765,0001476765-26-000048,10-Q,2026-06-30,2026-08-03,"EMS LINQ, LLC | One stop 1 | Non-Affiliated Issuer","EMS LINQ, LLC","EMS LINQ, LLC",First Lien,,,,13559000.0,13851000.0,13835000.0,,98.01,6.25,10.01,,,False,,,USD,13559000.0
GBDC,0001476765,0001476765-26-000048,10-Q,2026-06-30,2026-08-03,"EMS LINQ, LLC | One stop 2 | Non-Affiliated Issuer","EMS LINQ, LLC","EMS LINQ, LLC",First Lien,,,,132000.0,136000.0,136000.0,,97.06,6.25,10.01,,,False,,,USD,132000.0
GBDC,0001476765,0001476765-26-000048,10-Q,2026-06-30,2026-08-03,"Entomo Brands Acquisitions, Inc. | Senior secured 1 | Non-Affiliated Issuer","Entomo Brands Acquisitions, Inc.","Entomo Brands Acquisitions, Inc.",First Lien,,,,4500000.0,4513000.0,4521000.0,,99.54,5.25,8.98,,,False,,,USD,4500000.0
GBDC,0001476765,0001476765-26-000048,10-Q,2026-06-30,2026-08-03,"Entomo Brands Acquisitions, Inc. | Senior secured 2 | Non-Affiliated Issuer","Entomo Brands Acquisitions, Inc.","Entomo Brands Acquisitions, Inc.",First Lien,,,,0.0,0.0,0.0,,,,,,,False,,,USD,0.0
GBDC,0001476765,0001476765-26-000048,10-Q,2026-06-30,2026-08-03,"Entomo Brands Acquisitions, Inc. | Senior secured 3 | Non-Affiliated Issuer","Entomo Brands Acquisitions, Inc.","Entomo Brands Acquisitions, Inc.",First Lien,,,,1247000.0,1240000.0,1254000.0,,99.44,5.25,8.98,,,False,,,USD,1247000.0
GBDC,0001476765,0001476765-26-000048,10-Q,2026-06-30,2026-08-03,"Entomo Brands Acquisitions, Inc. | One stop | Non-Affiliated Issuer","Entomo Brands Acquisitions, Inc.","Entomo Brands Acquisitions, Inc.",First Lien,,,,-1000.0,-1000.0,0.0,,100.0,,,,,False,,,USD,-1000.0
GBDC,0001476765,0001476765-26-000048,10-Q,2026-06-30,2026-08-03,"EWC Growth Partners, LLC | One stop 1 | Non-Affiliated Issuer","EWC Growth Partners, LLC","EWC Growth Partners, LLC",First Lien,,,,781000.0,897000.0,908000.0,,86.01,6.0,9.88,,,False,,,USD,781000.0
GBDC,0001476765,0001476765-26-000048,10-Q,2026-06-30,2026-08-03,"EWC Growth Partners, LLC | One stop 2 | Non-Affiliated Issuer","EWC Growth Partners, LLC","EWC Growth Partners, LLC",First Lien,,,,917000.0,1033000.0,1066000.0,,86.02,6.0,9.88,,,False,,,USD,917000.0
GBDC,0001476765,0001476765-26-000048,10-Q,2026-06-30,2026-08-03,"EWC Growth Partners, LLC | One stop 3 | Non-Affiliated Issuer","EWC Growth Partners, LLC","EWC Growth Partners, LLC",First Lien,,,,32000.0,36000.0,38000.0,,84.21,6.0,9.88,,,False,,,USD,32000.0
GBDC,0001476765,0001476765-26-000048,10-Q,2026-06-30,2026-08-03,"EWC Growth Partners, LLC | One stop 4 | Non-Affiliated Issuer","EWC Growth Partners, LLC","EWC Growth Partners, LLC",First Lien,,,,86000.0,99000.0,101000.0,,85.15,6.0,9.88,,,False,,,USD,86000.0
GBDC,0001476765,0001476765-26-000048,10-Q,2026-06-30,2026-08-03,"FPG Intermediate Holdco, LLC | One stop 1 | Non-Affiliated Issuer","FPG Intermediate Holdco, LLC","FPG Intermediate Holdco, LLC",First Lien,,,,138000.0,138000.0,138000.0,,100.0,5.0,,,8.67,True,,,USD,138000.0
GBDC,0001476765,0001476765-26-000048,10-Q,2026-06-30,2026-08-03,"FPG Intermediate Holdco, LLC | One stop 2 | Non-Affiliated Issuer","FPG Intermediate Holdco, LLC","FPG Intermediate Holdco, LLC",First Lien,,,,984000.0,984000.0,984000.0,,100.0,5.0,,,8.67,True,,,USD,984000.0
GBDC,0001476765,0001476765-26-000048,10-Q,2026-06-30,2026-08-03,"FPG Intermediate Holdco, LLC | One stop 3 | Non-Affiliated Issuer","FPG Intermediate Holdco, LLC","FPG Intermediate Holdco, LLC",First Lien,,,,1685000.0,1685000.0,1685000.0,,100.0,5.0,,,8.65,True,,,USD,1685000.0
GBDC,0001476765,0001476765-26-000048,10-Q,2026-06-30,2026-08-03,"FPG Intermediate Holdco, LLC | Senior secured | Non-Affiliated Issuer","FPG Intermediate Holdco, LLC","FPG Intermediate Holdco, LLC",First Lien,,,,4365000.0,4859000.0,5075000.0,,86.01,5.0,,,8.67,True,,,USD,4365000.0
GBDC,0001476765,0001476765-26-000048,10-Q,2026-06-30,2026-08-03,"FPG Intermediate Holdco, LLC | One stop 4 | Non-Affiliated Issuer","FPG Intermediate Holdco, LLC","FPG Intermediate Holdco, LLC",First Lien,,,,1644000.0,1630000.0,2030000.0,,80.99,5.0,,,8.67,True,,,USD,1644000.0
GBDC,0001476765,0001476765-26-000048,10-Q,2026-06-30,2026-08-03,"FSS Buyer, LLC | One stop 1 | Non-Affiliated Issuer","FSS Buyer, LLC","FSS Buyer, LLC",First Lien,,,,-2000.0,0.0,0.0,,,,,,,False,,,USD,-2000.0
GBDC,0001476765,0001476765-26-000048,10-Q,2026-06-30,2026-08-03,"FSS Buyer, LLC | One stop 2 | Non-Affiliated Issuer","FSS Buyer, LLC","FSS Buyer, LLC",First Lien,,,,6590000.0,6794000.0,6829000.0,,96.5,4.5,8.14,,,False,,,USD,6590000.0
GBDC,0001476765,0001476765-26-000048,10-Q,2026-06-30,2026-08-03,"HS Spa Holdings, Inc. | One stop 1 | Non-Affiliated Issuer","HS Spa Holdings, Inc.","HS Spa Holdings, Inc.",First Lien,,,,11344000.0,11332000.0,11344000.0,,100.0,5.25,8.92,,,False,,,USD,11344000.0
GBDC,0001476765,0001476765-26-000048,10-Q,2026-06-30,2026-08-03,"HS Spa Holdings, Inc. | One stop 2 | Non-Affiliated Issuer","HS Spa Holdings, Inc.","HS Spa Holdings, Inc.",First Lien,,,,60000.0,60000.0,60000.0,,100.0,5.25,9.41,,,False,,,USD,60000.0
GBDC,0001476765,0001476765-26-000048,10-Q,2026-06-30,2026-08-03,"HS Spa Holdings, Inc. | One stop 3 | Non-Affiliated Issuer","HS Spa Holdings, Inc.","HS Spa Holdings, Inc.",First Lien,,,,681000.0,680000.0,681000.0,,100.0,5.25,8.91,,,False,,,USD,681000.0
GBDC,0001476765,0001476765-26-000048,10-Q,2026-06-30,2026-08-03,"Kodiak Buyer, LLC | One stop 1 | Non-Affiliated Issuer","Kodiak Buyer, LLC","Kodiak Buyer, LLC",First Lien,,,,614000.0,611000.0,614000.0,,100.0,4.25,7.98,,,False,,,USD,614000.0
GBDC,0001476765,0001476765-26-000048,10-Q,2026-06-30,2026-08-03,"Kodiak Buyer, LLC | One stop 2 | Non-Affiliated Issuer","Kodiak Buyer, LLC","Kodiak Buyer, LLC",First Lien,,,,0.0,-1000.0,0.0,,-0.0,,,,,False,,,USD,0.0
GBDC,0001476765,0001476765-26-000048,10-Q,2026-06-30,2026-08-03,"Kodiak Buyer, LLC | One stop 3 | Non-Affiliated Issuer","Kodiak Buyer, LLC","Kodiak Buyer, LLC",First Lien,,,,19000.0,18000.0,19000.0,,100.0,4.25,7.9,,,False,,,USD,19000.0
GBDC,0001476765,0001476765-26-000048,10-Q,2026-06-30,2026-08-03,"Liminex, Inc. | One stop 1 | Non-Affiliated Issuer","Liminex, Inc.","Liminex, Inc.",First Lien,,,,34939000.0,34788000.0,35115000.0,,99.5,6.25,10.06,,,False,,,USD,34939000.0
GBDC,0001476765,0001476765-26-000048,10-Q,2026-06-30,2026-08-03,"Liminex, Inc. | One stop 2 | Non-Affiliated Issuer","Liminex, Inc.","Liminex, Inc.",First Lien,,,,23048000.0,22939000.0,23163000.0,,99.5,6.25,10.06,,,False,,,USD,23048000.0
GBDC,0001476765,0001476765-26-000048,10-Q,2026-06-30,2026-08-03,"Liminex, Inc. | One stop 3 | Non-Affiliated Issuer","Liminex, Inc.","Liminex, Inc.",First Lien,,,,15635000.0,15536000.0,15713000.0,,99.5,6.25,10.06,,,False,,,USD,15635000.0
GBDC,0001476765,0001476765-26-000048,10-Q,2026-06-30,2026-08-03,"Liminex, Inc. | One stop 4 | Non-Affiliated Issuer","Liminex, Inc.","Liminex, Inc.",First Lien,,,,19916000.0,19898000.0,20016000.0,,99.5,6.25,10.06,,,False,,,USD,19916000.0
GBDC,0001476765,0001476765-26-000048,10-Q,2026-06-30,2026-08-03,"Litera Bidco, LLC | One stop 1 | Non-Affiliated Issuer","Litera Bidco, LLC","Litera Bidco, LLC",First Lien,,,,5033000.0,5116000.0,5110000.0,,98.49,5.0,8.64,,,False,,,USD,5033000.0
GBDC,0001476765,0001476765-26-000048,10-Q,2026-06-30,2026-08-03,"Litera Bidco, LLC | One stop 2 | Non-Affiliated Issuer","Litera Bidco, LLC","Litera Bidco, LLC",First Lien,,,,2007000.0,2036000.0,2040000.0,,98.38,5.0,8.64,,,False,,,USD,2007000.0
GBDC,0001476765,0001476765-26-000048,10-Q,2026-06-30,2026-08-03,"Litera Bidco, LLC | One stop 3 | Non-Affiliated Issuer","Litera Bidco, LLC","Litera Bidco, LLC",First Lien,,,,-5000.0,-1000.0,0.0,,500.0,,,,,False,,,USD,-5000.0
GBDC,0001476765,0001476765-26-000048,10-Q,2026-06-30,2026-08-03,"Litera Bidco, LLC | One stop 4 | Non-Affiliated Issuer","Litera Bidco, LLC","Litera Bidco, LLC",First Lien,,,,-10000.0,-1000.0,0.0,,1000.0,,,,,False,,,USD,-10000.0
GBDC,0001476765,0001476765-26-000048,10-Q,2026-06-30,2026-08-03,"Mario Purchaser, LLC | One stop 1 | Non-Affiliated Issuer","Mario Purchaser, LLC","Mario Purchaser, LLC",First Lien,,,,422000.0,450000.0,453000.0,,93.16,6.0,7.83,,2.0,True,,,USD,422000.0
GBDC,0001476765,0001476765-26-000048,10-Q,2026-06-30,2026-08-03,"Mario Purchaser, LLC | One stop 2 | Non-Affiliated Issuer","Mario Purchaser, LLC","Mario Purchaser, LLC",First Lien,,,,10530000.0,11264000.0,11322000.0,,93.0,6.0,7.83,,2.0,True,,,USD,10530000.0
GBDC,0001476765,0001476765-26-000048,10-Q,2026-06-30,2026-08-03,"Mario Purchaser, LLC | One stop 3 | Non-Affiliated Issuer","Mario Purchaser, LLC","Mario Purchaser, LLC",First Lien,,,,4294000.0,5594000.0,5577000.0,,76.99,,,,14.58,True,,,USD,4294000.0
GBDC,0001476765,0001476765-26-000048,10-Q,2026-06-30,2026-08-03,"Mario Purchaser, LLC | One stop 4 | Non-Affiliated Issuer","Mario Purchaser, LLC","Mario Purchaser, LLC",First Lien,,,,4849000.0,5219000.0,5214000.0,,93.0,6.0,7.83,,2.0,True,,,USD,4849000.0
GBDC,0001476765,0001476765-26-000048,10-Q,2026-06-30,2026-08-03,"Mario Purchaser, LLC | One stop 5 | Non-Affiliated Issuer","Mario Purchaser, LLC","Mario Purchaser, LLC",First Lien,,,,48000.0,58000.0,58000.0,,82.76,5.75,9.58,,,False,,,USD,48000.0
GBDC,0001476765,0001476765-26-000048,10-Q,2026-06-30,2026-08-03,"NSG Buyer, Inc. | One stop 1 | Non-Affiliated Issuer","NSG Buyer, Inc.","NSG Buyer, Inc.",First Lien,,,,41233000.0,41350000.0,41544000.0,,99.25,5.0,8.73,,,False,,,USD,41233000.0
GBDC,0001476765,0001476765-26-000048,10-Q,2026-06-30,2026-08-03,"NSG Buyer, Inc. | One stop 2 | Non-Affiliated Issuer","NSG Buyer, Inc.","NSG Buyer, Inc.",First Lien,,,,140000.0,142000.0,145000.0,,96.55,5.0,8.73,,,False,,,USD,140000.0
GBDC,0001476765,0001476765-26-000048,10-Q,2026-06-30,2026-08-03,"NSG Buyer, Inc. | One stop 3 | Non-Affiliated Issuer","NSG Buyer, Inc.","NSG Buyer, Inc.",First Lien,,,,-25000.0,-12000.0,0.0,,208.33,,,,,False,,,USD,-25000.0
GBDC,0001476765,0001476765-26-000048,10-Q,2026-06-30,2026-08-03,"PADI Holdco, Inc. | One stop 1 | Non-Affiliated Issuer","PADI Holdco, Inc.","PADI Holdco, Inc.",First Lien,,,,980000.0,976000.0,980000.0,,100.0,5.0,8.82,,,False,,,USD,980000.0
GBDC,0001476765,0001476765-26-000048,10-Q,2026-06-30,2026-08-03,"PADI Holdco, Inc. | One stop 2 | Non-Affiliated Issuer","PADI Holdco, Inc.","PADI Holdco, Inc.",First Lien,,,,20970000.0,20848000.0,20970000.0,,100.0,5.0,8.82,,,False,,,USD,20970000.0
GBDC,0001476765,0001476765-26-000048,10-Q,2026-06-30,2026-08-03,"PADI Holdco, Inc. | One stop 3 | Non-Affiliated Issuer","PADI Holdco, Inc.","PADI Holdco, Inc.",First Lien,,,,20274000.0,20142000.0,20274000.0,,100.0,5.0,7.23,,,False,,,USD,20274000.0
GBDC,0001476765,0001476765-26-000048,10-Q,2026-06-30,2026-08-03,"PADI Holdco, Inc. | One stop 4 | Non-Affiliated Issuer","PADI Holdco, Inc.","PADI Holdco, Inc.",First Lien,,,,808000.0,803000.0,808000.0,,100.0,5.0,8.82,,,False,,,USD,808000.0
GBDC,0001476765,0001476765-26-000048,10-Q,2026-06-30,2026-08-03,"PADI Holdco, Inc. | One stop 5 | Non-Affiliated Issuer","PADI Holdco, Inc.","PADI Holdco, Inc.",First Lien,,,,167000.0,166000.0,167000.0,,100.0,5.0,8.81,,,False,,,USD,167000.0
GBDC,0001476765,0001476765-26-000048,10-Q,2026-06-30,2026-08-03,"PADI Holdco, Inc. | One stop 6 | Non-Affiliated Issuer","PADI Holdco, Inc.","PADI Holdco, Inc.",First Lien,,,,7785000.0,7037000.0,7785000.0,,100.0,5.5,10.0,,,False,,,USD,7785000.0
GBDC,0001476765,0001476765-26-000048,10-Q,2026-06-30,2026-08-03,"Provenance Buyer, LLC | One stop 1 | Non-Affiliated Issuer","Provenance Buyer, LLC","Provenance Buyer, LLC",First Lien,,,,20420000.0,20356000.0,20420000.0,,100.0,5.0,8.83,,,False,,,USD,20420000.0
GBDC,0001476765,0001476765-26-000048,10-Q,2026-06-30,2026-08-03,"Provenance Buyer, LLC | One stop 2 | Non-Affiliated Issuer","Provenance Buyer, LLC","Provenance Buyer, LLC",First Lien,,,,13759000.0,13690000.0,13759000.0,,100.0,5.0,8.83,,,False,,,USD,13759000.0
GBDC,0001476765,0001476765-26-000048,10-Q,2026-06-30,2026-08-03,"Provenance Buyer, LLC | One stop 3 | Non-Affiliated Issuer","Provenance Buyer, LLC","Provenance Buyer, LLC",First Lien,,,,0.0,-3000.0,0.0,,-0.0,,,,,False,,,USD,0.0
GBDC,0001476765,0001476765-26-000048,10-Q,2026-06-30,2026-08-03,"Salisbury House, LLC | One stop 1 | Non-Affiliated Issuer","Salisbury House, LLC","Salisbury House, LLC",First Lien,,,,-2000.0,-1000.0,0.0,,200.0,,,,,False,,,USD,-2000.0
GBDC,0001476765,0001476765-26-000048,10-Q,2026-06-30,2026-08-03,"Salisbury House, LLC | One stop 2 | Non-Affiliated Issuer","Salisbury House, LLC","Salisbury House, LLC",First Lien,,,,1477000.0,1484000.0,1491000.0,,99.06,4.75,8.39,,,False,,,USD,1477000.0
GBDC,0001476765,0001476765-26-000048,10-Q,2026-06-30,2026-08-03,"Salisbury House, LLC | One stop 3 | Non-Affiliated Issuer","Salisbury House, LLC","Salisbury House, LLC",First Lien,,,,70000.0,71000.0,72000.0,,97.22,4.75,8.39,,,False,,,USD,70000.0
GBDC,0001476765,0001476765-26-000048,10-Q,2026-06-30,2026-08-03,"SCP CDH Buyer, Inc. | One stop 1 | Non-Affiliated Issuer","SCP CDH Buyer, Inc.","SCP CDH Buyer, Inc.",First Lien,,,,353000.0,353000.0,354000.0,,99.72,4.5,8.23,,,False,,,USD,353000.0
GBDC,0001476765,0001476765-26-000048,10-Q,2026-06-30,2026-08-03,"SCP CDH Buyer, Inc. | One stop 2 | Non-Affiliated Issuer","SCP CDH Buyer, Inc.","SCP CDH Buyer, Inc.",First Lien,,,,70000.0,70000.0,71000.0,,98.59,4.5,8.14,,,False,,,USD,70000.0
GBDC,0001476765,0001476765-26-000048,10-Q,2026-06-30,2026-08-03,"SCP CDH Buyer, Inc. | One stop 3 | Non-Affiliated Issuer","SCP CDH Buyer, Inc.","SCP CDH Buyer, Inc.",First Lien,,,,0.0,0.0,0.0,,,,,,,False,,,USD,0.0
GBDC,0001476765,0001476765-26-000048,10-Q,2026-06-30,2026-08-03,"Severin Acquisition, LLC | One stop 1 | Non-Affiliated Issuer","Severin Acquisition, LLC","Severin Acquisition, LLC",First Lien,,,,35001000.0,35824000.0,36083000.0,,97.0,5.0,6.39,,2.25,True,,,USD,35001000.0
GBDC,0001476765,0001476765-26-000048,10-Q,2026-06-30,2026-08-03,"Severin Acquisition, LLC | One stop 2 | Non-Affiliated Issuer","Severin Acquisition, LLC","Severin Acquisition, LLC",First Lien,,,,2089000.0,2189000.0,2223000.0,,93.97,4.75,8.39,,,False,,,USD,2089000.0
GBDC,0001476765,0001476765-26-000048,10-Q,2026-06-30,2026-08-03,"Severin Acquisition, LLC | One stop 3 | Non-Affiliated Issuer","Severin Acquisition, LLC","Severin Acquisition, LLC",First Lien,,,,1690000.0,1885000.0,1913000.0,,88.34,5.0,6.39,,2.25,True,,,USD,1690000.0
GBDC,0001476765,0001476765-26-000048,10-Q,2026-06-30,2026-08-03,"Stellar Brands, LLC | Senior secured 1 | Non-Affiliated Issuer","Stellar Brands, LLC","Stellar Brands, LLC",First Lien,,,,7097000.0,7056000.0,7097000.0,,100.0,4.5,8.14,,,False,,,USD,7097000.0
GBDC,0001476765,0001476765-26-000048,10-Q,2026-06-30,2026-08-03,"Stellar Brands, LLC | Senior secured 2 | Non-Affiliated Issuer","Stellar Brands, LLC","Stellar Brands, LLC",First Lien,,,,0.0,-4000.0,0.0,,-0.0,,,,,False,,,USD,0.0
GBDC,0001476765,0001476765-26-000048,10-Q,2026-06-30,2026-08-03,"Virginia Green Acquisition, LLC | One stop 1 | Non-Affiliated Issuer","Virginia Green Acquisition, LLC","Virginia Green Acquisition, LLC",First Lien,,,,-4000.0,-5000.0,0.0,,80.0,,,,,False,,,USD,-4000.0
GBDC,0001476765,0001476765-26-000048,10-Q,2026-06-30,2026-08-03,"Virginia Green Acquisition, LLC | One stop 2 | Non-Affiliated Issuer","Virginia Green Acquisition, LLC","Virginia Green Acquisition, LLC",First Lien,,,,3320000.0,3364000.0,3335000.0,,99.55,5.25,9.08,,,False,,,USD,3320000.0
GBDC,0001476765,0001476765-26-000048,10-Q,2026-06-30,2026-08-03,"Virginia Green Acquisition, LLC | One stop 3 | Non-Affiliated Issuer","Virginia Green Acquisition, LLC","Virginia Green Acquisition, LLC",First Lien,,,,0.0,0.0,0.0,,,,,,,False,,,USD,0.0
GBDC,0001476765,0001476765-26-000048,10-Q,2026-06-30,2026-08-03,"Baker Tilly Advisory Group, LP | One stop 1 | Non-Affiliated Issuer","Baker Tilly Advisory Group, LP","Baker Tilly Advisory Group, LP",First Lien,,,,-6000.0,-10000.0,0.0,,60.0,,,,,False,,,USD,-6000.0
GBDC,0001476765,0001476765-26-000048,10-Q,2026-06-30,2026-08-03,"Baker Tilly Advisory Group, LP | One stop 2 | Non-Affiliated Issuer","Baker Tilly Advisory Group, LP","Baker Tilly Advisory Group, LP",First Lien,,,,3772000.0,3698000.0,3734000.0,,101.02,4.75,8.39,,,False,,,USD,3772000.0
GBDC,0001476765,0001476765-26-000048,10-Q,2026-06-30,2026-08-03,"Baker Tilly Advisory Group, LP | One stop 3 | Non-Affiliated Issuer","Baker Tilly Advisory Group, LP","Baker Tilly Advisory Group, LP",First Lien,,,,5711000.0,5708000.0,5732000.0,,99.63,4.25,7.89,,,False,,,USD,5711000.0
GBDC,0001476765,0001476765-26-000048,10-Q,2026-06-30,2026-08-03,"Baker Tilly Advisory Group, LP | One stop 4 | Non-Affiliated Issuer","Baker Tilly Advisory Group, LP","Baker Tilly Advisory Group, LP",First Lien,,,,999000.0,999000.0,1003000.0,,99.6,4.25,7.9,,,False,,,USD,999000.0
GBDC,0001476765,0001476765-26-000048,10-Q,2026-06-30,2026-08-03,"Banker's Toolbox, Inc. | One stop 1 | Non-Affiliated Issuer","Banker's Toolbox, Inc.","Banker's Toolbox, Inc.",First Lien,,,,20839000.0,20840000.0,20944000.0,,99.5,4.5,8.35,,,False,,,USD,20839000.0
GBDC,0001476765,0001476765-26-000048,10-Q,2026-06-30,2026-08-03,"Banker's Toolbox, Inc. | One stop 2 | Non-Affiliated Issuer","Banker's Toolbox, Inc.","Banker's Toolbox, Inc.",First Lien,,,,-2000.0,0.0,0.0,,,,,,,False,,,USD,-2000.0
GBDC,0001476765,0001476765-26-000048,10-Q,2026-06-30,2026-08-03,"Banker's Toolbox, Inc. | One stop 3 | Non-Affiliated Issuer","Banker's Toolbox, Inc.","Banker's Toolbox, Inc.",First Lien,,,,-1000.0,-1000.0,0.0,,100.0,,,,,False,,,USD,-1000.0
GBDC,0001476765,0001476765-26-000048,10-Q,2026-06-30,2026-08-03,Ceres Groupe SAS & Ceres PikCo | One stop 1 | Non-Affiliated Issuer,Ceres Groupe SAS & Ceres PikCo,Ceres Groupe SAS & Ceres PikCo,First Lien,,,,16757000.0,15996000.0,17012000.0,,98.5,4.75,6.9,,,False,,,USD,16757000.0
GBDC,0001476765,0001476765-26-000048,10-Q,2026-06-30,2026-08-03,Ceres Groupe SAS & Ceres PikCo | One stop 2 | Non-Affiliated Issuer,Ceres Groupe SAS & Ceres PikCo,Ceres Groupe SAS & Ceres PikCo,First Lien,,,,7419000.0,7684000.0,7532000.0,,98.5,5.25,7.54,,,False,,,USD,7419000.0
GBDC,0001476765,0001476765-26-000048,10-Q,2026-06-30,2026-08-03,Ceres Groupe SAS & Ceres PikCo | Subordinated debt | Non-Affiliated Issuer,Ceres Groupe SAS & Ceres PikCo,Ceres Groupe SAS & Ceres PikCo,Subordinated,,,,2231000.0,2200000.0,2324000.0,,96.0,8.0,,,10.15,True,,,USD,2231000.0
GBDC,0001476765,0001476765-26-000048,10-Q,2026-06-30,2026-08-03,Ceres Groupe SAS & Ceres PikCo | One stop 3 | Non-Affiliated Issuer,Ceres Groupe SAS & Ceres PikCo,Ceres Groupe SAS & Ceres PikCo,First Lien,,,,2374000.0,2312000.0,2410000.0,,98.51,4.75,7.21,,,False,,,USD,2374000.0
GBDC,0001476765,0001476765-26-000048,10-Q,2026-06-30,2026-08-03,Ceres Groupe SAS & Ceres PikCo | One stop 4 | Non-Affiliated Issuer,Ceres Groupe SAS & Ceres PikCo,Ceres Groupe SAS & Ceres PikCo,First Lien,,,,-35000.0,0.0,0.0,,,,,,,False,,,USD,-35000.0
GBDC,0001476765,0001476765-26-000048,10-Q,2026-06-30,2026-08-03,Corsair Blade IV S.A R.L. | One stop 1 | Non-Affiliated Issuer,Corsair Blade IV S.A R.L.,Corsair Blade IV S.A R.L.,First Lien,,,,602000.0,969000.0,1199000.0,,50.21,5.75,9.23,,0.25,True,,,USD,602000.0
GBDC,0001476765,0001476765-26-000048,10-Q,2026-06-30,2026-08-03,Corsair Blade IV S.A R.L. | One stop 2 | Non-Affiliated Issuer,Corsair Blade IV S.A R.L.,Corsair Blade IV S.A R.L.,First Lien,,,,3701000.0,3777000.0,3777000.0,,97.99,5.75,9.15,,0.25,True,,,USD,3701000.0
GBDC,0001476765,0001476765-26-000048,10-Q,2026-06-30,2026-08-03,"Deerfield Dakota Holding, LLC | One stop 1 | Non-Affiliated Issuer","Deerfield Dakota Holding, LLC","Deerfield Dakota Holding, LLC",First Lien,,,,61000.0,61000.0,63000.0,,96.83,5.25,8.9,,,False,,,USD,61000.0
GBDC,0001476765,0001476765-26-000048,10-Q,2026-06-30,2026-08-03,"Deerfield Dakota Holding, LLC | One stop 2 | Non-Affiliated Issuer","Deerfield Dakota Holding, LLC","Deerfield Dakota Holding, LLC",First Lien,,,,1839000.0,1844000.0,1860000.0,,98.87,5.75,6.73,,2.75,True,,,USD,1839000.0
GBDC,0001476765,0001476765-26-000048,10-Q,2026-06-30,2026-08-03,"Equity Methods, LLC | One stop 1 | Non-Affiliated Issuer","Equity Methods, LLC","Equity Methods, LLC",First Lien,,,,19548000.0,19747000.0,19829000.0,,98.58,4.5,8.23,,,False,,,USD,19548000.0
GBDC,0001476765,0001476765-26-000048,10-Q,2026-06-30,2026-08-03,"Equity Methods, LLC | One stop 2 | Non-Affiliated Issuer","Equity Methods, LLC","Equity Methods, LLC",First Lien,,,,-51000.0,-15000.0,0.0,,340.0,,,,,False,,,USD,-51000.0
GBDC,0001476765,0001476765-26-000048,10-Q,2026-06-30,2026-08-03,"Equity Methods, LLC | One stop 3 | Non-Affiliated Issuer","Equity Methods, LLC","Equity Methods, LLC",First Lien,,,,-64000.0,-19000.0,0.0,,336.84,,,,,False,,,USD,-64000.0
GBDC,0001476765,0001476765-26-000048,10-Q,2026-06-30,2026-08-03,"Flash Topco, Inc. | One stop 1 | Non-Affiliated Issuer","Flash Topco, Inc.","Flash Topco, Inc.",First Lien,,,,16451000.0,16563000.0,16787000.0,,98.0,5.25,9.01,,,False,,,USD,16451000.0
GBDC,0001476765,0001476765-26-000048,10-Q,2026-06-30,2026-08-03,"Flash Topco, Inc. | One stop 2 | Non-Affiliated Issuer","Flash Topco, Inc.","Flash Topco, Inc.",First Lien,,,,145000.0,142000.0,145000.0,,100.0,6.5,10.16,,,False,,,USD,145000.0
GBDC,0001476765,0001476765-26-000048,10-Q,2026-06-30,2026-08-03,"Flash Topco, Inc. | One stop 3 | Non-Affiliated Issuer","Flash Topco, Inc.","Flash Topco, Inc.",First Lien,,,,3277000.0,3342000.0,3352000.0,,97.76,5.25,8.91,,,False,,,USD,3277000.0
GBDC,0001476765,0001476765-26-000048,10-Q,2026-06-30,2026-08-03,"Higginbotham Insurance Agency, Inc. | Senior secured | Non-Affiliated Issuer","Higginbotham Insurance Agency, Inc.","Higginbotham Insurance Agency, Inc.",First Lien,,,,336000.0,337000.0,337000.0,,99.7,4.5,8.14,,,False,,,USD,336000.0
GBDC,0001476765,0001476765-26-000048,10-Q,2026-06-30,2026-08-03,"Higginbotham Insurance Agency, Inc. | One stop 1 | Non-Affiliated Issuer","Higginbotham Insurance Agency, Inc.","Higginbotham Insurance Agency, Inc.",First Lien,,,,170000.0,171000.0,172000.0,,98.84,4.5,8.14,,,False,,,USD,170000.0
GBDC,0001476765,0001476765-26-000048,10-Q,2026-06-30,2026-08-03,"Higginbotham Insurance Agency, Inc. | One stop 2 | Non-Affiliated Issuer","Higginbotham Insurance Agency, Inc.","Higginbotham Insurance Agency, Inc.",First Lien,,,,9318000.0,9373000.0,9361000.0,,99.54,4.5,8.14,,,False,,,USD,9318000.0
GBDC,0001476765,0001476765-26-000048,10-Q,2026-06-30,2026-08-03,Medlar Bidco Limited | One stop 1 | Non-Affiliated Issuer,Medlar Bidco Limited,Medlar Bidco Limited,First Lien,,,,25952000.0,26031000.0,26118000.0,,99.36,4.5,8.23,,,False,,,USD,25952000.0
GBDC,0001476765,0001476765-26-000048,10-Q,2026-06-30,2026-08-03,Medlar Bidco Limited | One stop 2 | Non-Affiliated Issuer,Medlar Bidco Limited,Medlar Bidco Limited,First Lien,,,,-53000.0,-50000.0,0.0,,106.0,,,,,False,,,USD,-53000.0
GBDC,0001476765,0001476765-26-000048,10-Q,2026-06-30,2026-08-03,Medlar Bidco Limited | One stop 3 | Non-Affiliated Issuer,Medlar Bidco Limited,Medlar Bidco Limited,First Lien,,,,31870000.0,31566000.0,32069000.0,,99.38,4.5,6.75,,,False,,,USD,31870000.0
GBDC,0001476765,0001476765-26-000048,10-Q,2026-06-30,2026-08-03,"Wealth Enhancement Group, LLC | One stop 1 | Non-Affiliated Issuer","Wealth Enhancement Group, LLC","Wealth Enhancement Group, LLC",First Lien,,,,405000.0,406000.0,407000.0,,99.51,4.25,7.94,,,False,,,USD,405000.0
GBDC,0001476765,0001476765-26-000048,10-Q,2026-06-30,2026-08-03,"Wealth Enhancement Group, LLC | One stop 2 | Non-Affiliated Issuer","Wealth Enhancement Group, LLC","Wealth Enhancement Group, LLC",First Lien,,,,165000.0,162000.0,165000.0,,100.0,4.25,7.94,,,False,,,USD,165000.0
GBDC,0001476765,0001476765-26-000048,10-Q,2026-06-30,2026-08-03,"Wealth Enhancement Group, LLC | One stop 3 | Non-Affiliated Issuer","Wealth Enhancement Group, LLC","Wealth Enhancement Group, LLC",First Lien,,,,90000.0,91000.0,91000.0,,98.9,4.25,7.94,,,False,,,USD,90000.0
GBDC,0001476765,0001476765-26-000048,10-Q,2026-06-30,2026-08-03,"Wealth Enhancement Group, LLC | One stop 4 | Non-Affiliated Issuer","Wealth Enhancement Group, LLC","Wealth Enhancement Group, LLC",First Lien,,,,-2000.0,-1000.0,0.0,,200.0,,,,,False,,,USD,-2000.0
GBDC,0001476765,0001476765-26-000048,10-Q,2026-06-30,2026-08-03,"Wealth Enhancement Group, LLC | One stop 5 | Non-Affiliated Issuer","Wealth Enhancement Group, LLC","Wealth Enhancement Group, LLC",First Lien,,,,2820000.0,2828000.0,2830000.0,,99.65,4.25,7.94,,,False,,,USD,2820000.0
GBDC,0001476765,0001476765-26-000048,10-Q,2026-06-30,2026-08-03,"Wealth Enhancement Group, LLC | One stop 6 | Non-Affiliated Issuer","Wealth Enhancement Group, LLC","Wealth Enhancement Group, LLC",First Lien,,,,3910000.0,3922000.0,3925000.0,,99.62,4.25,7.94,,,False,,,USD,3910000.0
GBDC,0001476765,0001476765-26-000048,10-Q,2026-06-30,2026-08-03,"Wealth Enhancement Group, LLC | One stop 7 | Non-Affiliated Issuer","Wealth Enhancement Group, LLC","Wealth Enhancement Group, LLC",First Lien,,,,7362000.0,7376000.0,7394000.0,,99.57,4.25,7.92,,,False,,,USD,7362000.0
GBDC,0001476765,0001476765-26-000048,10-Q,2026-06-30,2026-08-03,"Wealth Enhancement Group, LLC | One stop 8 | Non-Affiliated Issuer","Wealth Enhancement Group, LLC","Wealth Enhancement Group, LLC",First Lien,,,,-4000.0,-2000.0,0.0,,200.0,,,,,False,,,USD,-4000.0
GBDC,0001476765,0001476765-26-000048,10-Q,2026-06-30,2026-08-03,"Smart Energy Systems, Inc. | One stop 1 | Non-Affiliated Issuer","Smart Energy Systems, Inc.","Smart Energy Systems, Inc.",First Lien,,,,6608000.0,6506000.0,6608000.0,,100.0,7.5,7.43,,3.75,True,,,USD,6608000.0
GBDC,0001476765,0001476765-26-000048,10-Q,2026-06-30,2026-08-03,"Smart Energy Systems, Inc. | One stop 2 | Non-Affiliated Issuer","Smart Energy Systems, Inc.","Smart Energy Systems, Inc.",First Lien,,,,728000.0,724000.0,728000.0,,100.0,7.5,7.43,,3.75,True,,,USD,728000.0
GBDC,0001476765,0001476765-26-000048,10-Q,2026-06-30,2026-08-03,CST Holding Company | One stop 1 | Non-Affiliated Issuer,CST Holding Company,CST Holding Company,First Lien,,,,33024000.0,32917000.0,33455000.0,,98.71,5.0,8.74,,,False,,,USD,33024000.0
GBDC,0001476765,0001476765-26-000048,10-Q,2026-06-30,2026-08-03,CST Holding Company | One stop 2 | Non-Affiliated Issuer,CST Holding Company,CST Holding Company,First Lien,,,,-2000.0,-2000.0,0.0,,100.0,,,,,False,,,USD,-2000.0
GBDC,0001476765,0001476765-26-000048,10-Q,2026-06-30,2026-08-03,"GMF Parent, Inc. | One stop 1 | Non-Affiliated Issuer","GMF Parent, Inc.","GMF Parent, Inc.",First Lien,,,,4000.0,4000.0,4000.0,,100.0,4.5,8.17,,,False,,,USD,4000.0
GBDC,0001476765,0001476765-26-000048,10-Q,2026-06-30,2026-08-03,"GMF Parent, Inc. | One stop 2 | Non-Affiliated Issuer","GMF Parent, Inc.","GMF Parent, Inc.",First Lien,,,,292000.0,294000.0,295000.0,,98.98,4.5,8.18,,,False,,,USD,292000.0
GBDC,0001476765,0001476765-26-000048,10-Q,2026-06-30,2026-08-03,"GMF Parent, Inc. | One stop 3 | Non-Affiliated Issuer","GMF Parent, Inc.","GMF Parent, Inc.",First Lien,,,,-1000.0,0.0,0.0,,,,,,,False,,,USD,-1000.0
GBDC,0001476765,0001476765-26-000048,10-Q,2026-06-30,2026-08-03,"Mendocino Farms, LLC | One stop 1 | Non-Affiliated Issuer","Mendocino Farms, LLC","Mendocino Farms, LLC",First Lien,,,,1072000.0,1064000.0,1072000.0,,100.0,5.5,9.14,,,False,,,USD,1072000.0
GBDC,0001476765,0001476765-26-000048,10-Q,2026-06-30,2026-08-03,"Mendocino Farms, LLC | One stop 2 | Non-Affiliated Issuer","Mendocino Farms, LLC","Mendocino Farms, LLC",First Lien,,,,1072000.0,1064000.0,1072000.0,,100.0,5.5,9.14,,,False,,,USD,1072000.0
GBDC,0001476765,0001476765-26-000048,10-Q,2026-06-30,2026-08-03,"Mendocino Farms, LLC | One stop 3 | Non-Affiliated Issuer","Mendocino Farms, LLC","Mendocino Farms, LLC",First Lien,,,,1070000.0,1061000.0,1070000.0,,100.0,5.5,9.14,,,False,,,USD,1070000.0
GBDC,0001476765,0001476765-26-000048,10-Q,2026-06-30,2026-08-03,"Mendocino Farms, LLC | One stop 4 | Non-Affiliated Issuer","Mendocino Farms, LLC","Mendocino Farms, LLC",First Lien,,,,1070000.0,1061000.0,1070000.0,,100.0,5.5,9.14,,,False,,,USD,1070000.0
GBDC,0001476765,0001476765-26-000048,10-Q,2026-06-30,2026-08-03,"Mendocino Farms, LLC | One stop 5 | Non-Affiliated Issuer","Mendocino Farms, LLC","Mendocino Farms, LLC",First Lien,,,,983000.0,981000.0,983000.0,,100.0,5.5,9.14,,,False,,,USD,983000.0
GBDC,0001476765,0001476765-26-000048,10-Q,2026-06-30,2026-08-03,"Mendocino Farms, LLC | One stop 6 | Non-Affiliated Issuer","Mendocino Farms, LLC","Mendocino Farms, LLC",First Lien,,,,55000.0,55000.0,55000.0,,100.0,5.5,9.14,,,False,,,USD,55000.0
GBDC,0001476765,0001476765-26-000048,10-Q,2026-06-30,2026-08-03,"Mendocino Farms, LLC | One stop 10 | Non-Affiliated Issuer","Mendocino Farms, LLC","Mendocino Farms, LLC",First Lien,,,,55000.0,55000.0,55000.0,,100.0,5.5,9.14,,,False,,,USD,55000.0
GBDC,0001476765,0001476765-26-000048,10-Q,2026-06-30,2026-08-03,"Mendocino Farms, LLC | One stop 12 | Non-Affiliated Issuer","Mendocino Farms, LLC","Mendocino Farms, LLC",First Lien,,,,55000.0,55000.0,55000.0,,100.0,5.5,9.14,,,False,,,USD,55000.0
GBDC,0001476765,0001476765-26-000048,10-Q,2026-06-30,2026-08-03,"Mendocino Farms, LLC | One stop 11 | Non-Affiliated Issuer","Mendocino Farms, LLC","Mendocino Farms, LLC",First Lien,,,,0.0,-33000.0,0.0,,-0.0,,,,,False,,,USD,0.0
GBDC,0001476765,0001476765-26-000048,10-Q,2026-06-30,2026-08-03,"Mendocino Farms, LLC | One stop 8 | Non-Affiliated Issuer","Mendocino Farms, LLC","Mendocino Farms, LLC",First Lien,,,,109000.0,109000.0,109000.0,,100.0,5.5,9.14,,,False,,,USD,109000.0
GBDC,0001476765,0001476765-26-000048,10-Q,2026-06-30,2026-08-03,"Mendocino Farms, LLC | One stop 9 | Non-Affiliated Issuer","Mendocino Farms, LLC","Mendocino Farms, LLC",First Lien,,,,110000.0,110000.0,110000.0,,100.0,5.5,9.14,,,False,,,USD,110000.0
GBDC,0001476765,0001476765-26-000048,10-Q,2026-06-30,2026-08-03,"PDI TA Holdings, Inc. | One stop 1 | Non-Affiliated Issuer","PDI TA Holdings, Inc.","PDI TA Holdings, Inc.",First Lien,,,,11074000.0,11490000.0,11535000.0,,96.0,6.0,7.16,,2.5,True,,,USD,11074000.0
GBDC,0001476765,0001476765-26-000048,10-Q,2026-06-30,2026-08-03,"PDI TA Holdings, Inc. | One stop 2 | Non-Affiliated Issuer","PDI TA Holdings, Inc.","PDI TA Holdings, Inc.",First Lien,,,,84000.0,88000.0,88000.0,,95.45,5.5,9.17,,,False,,,USD,84000.0
GBDC,0001476765,0001476765-26-000048,10-Q,2026-06-30,2026-08-03,Wineshipping.com LLC | One stop 1 | Non-Affiliated Issuer,Wineshipping.com LLC,Wineshipping.com LLC,First Lien,,,,181000.0,253000.0,261000.0,,69.35,6.25,4.88,,5.25,True,,,USD,181000.0
GBDC,0001476765,0001476765-26-000048,10-Q,2026-06-30,2026-08-03,Wineshipping.com LLC | One stop 2 | Non-Affiliated Issuer,Wineshipping.com LLC,Wineshipping.com LLC,First Lien,,,,8102000.0,11033000.0,11412000.0,,71.0,6.25,4.88,,5.25,True,,,USD,8102000.0
GBDC,0001476765,0001476765-26-000048,10-Q,2026-06-30,2026-08-03,Wineshipping.com LLC | One stop 3 | Non-Affiliated Issuer,Wineshipping.com LLC,Wineshipping.com LLC,First Lien,,,,219000.0,297000.0,308000.0,,71.1,6.25,4.88,,5.25,True,,,USD,219000.0
GBDC,0001476765,0001476765-26-000048,10-Q,2026-06-30,2026-08-03,Wineshipping.com LLC | One stop 4 | Non-Affiliated Issuer,Wineshipping.com LLC,Wineshipping.com LLC,First Lien,,,,-175000.0,0.0,0.0,,,,,,,False,,,USD,-175000.0
GBDC,0001476765,0001476765-26-000048,10-Q,2026-06-30,2026-08-03,"Blast Bidco, Inc. | One stop 1 | Non-Affiliated Issuer","Blast Bidco, Inc.","Blast Bidco, Inc.",First Lien,,,,4819000.0,4775000.0,4819000.0,,100.0,6.0,9.73,,,False,,,USD,4819000.0
GBDC,0001476765,0001476765-26-000048,10-Q,2026-06-30,2026-08-03,"Blast Bidco, Inc. | One stop 2 | Non-Affiliated Issuer","Blast Bidco, Inc.","Blast Bidco, Inc.",First Lien,,,,0.0,-5000.0,0.0,,-0.0,,,,,False,,,USD,0.0
GBDC,0001476765,0001476765-26-000048,10-Q,2026-06-30,2026-08-03,"Borrower R365 Holdings, LLC | One stop 1 | Non-Affiliated Issuer","Borrower R365 Holdings, LLC","Borrower R365 Holdings, LLC",First Lien,,,,18635000.0,18819000.0,18823000.0,,99.0,6.0,9.88,,,False,,,USD,18635000.0
GBDC,0001476765,0001476765-26-000048,10-Q,2026-06-30,2026-08-03,"Borrower R365 Holdings, LLC | One stop 2 | Non-Affiliated Issuer","Borrower R365 Holdings, LLC","Borrower R365 Holdings, LLC",First Lien,,,,1541000.0,1552000.0,1556000.0,,99.04,6.0,9.88,,,False,,,USD,1541000.0
GBDC,0001476765,0001476765-26-000048,10-Q,2026-06-30,2026-08-03,"Borrower R365 Holdings, LLC | One stop 3 | Non-Affiliated Issuer","Borrower R365 Holdings, LLC","Borrower R365 Holdings, LLC",First Lien,,,,229000.0,231000.0,231000.0,,99.13,6.0,9.88,,,False,,,USD,229000.0
GBDC,0001476765,0001476765-26-000048,10-Q,2026-06-30,2026-08-03,"Borrower R365 Holdings, LLC | One stop 4 | Non-Affiliated Issuer","Borrower R365 Holdings, LLC","Borrower R365 Holdings, LLC",First Lien,,,,-2000.0,0.0,0.0,,,,,,,False,,,USD,-2000.0
GBDC,0001476765,0001476765-26-000048,10-Q,2026-06-30,2026-08-03,"Eagle Family Foods Group, LLC | One stop 1 | Non-Affiliated Issuer","Eagle Family Foods Group, LLC","Eagle Family Foods Group, LLC",First Lien,,,,11905000.0,11823000.0,11905000.0,,100.0,4.75,8.43,,,False,,,USD,11905000.0
GBDC,0001476765,0001476765-26-000048,10-Q,2026-06-30,2026-08-03,"Eagle Family Foods Group, LLC | One stop 2 | Non-Affiliated Issuer","Eagle Family Foods Group, LLC","Eagle Family Foods Group, LLC",First Lien,,,,0.0,-10000.0,0.0,,-0.0,,,,,False,,,USD,0.0
GBDC,0001476765,0001476765-26-000048,10-Q,2026-06-30,2026-08-03,"Kodiak Cakes, LLC | Senior secured 1 | Non-Affiliated Issuer","Kodiak Cakes, LLC","Kodiak Cakes, LLC",First Lien,,,,45561000.0,45341000.0,45561000.0,,100.0,5.25,8.89,,,False,,,USD,45561000.0
GBDC,0001476765,0001476765-26-000048,10-Q,2026-06-30,2026-08-03,"Kodiak Cakes, LLC | Senior secured 2 | Non-Affiliated Issuer","Kodiak Cakes, LLC","Kodiak Cakes, LLC",First Lien,,,,0.0,-2000.0,0.0,,-0.0,,,,,False,,,USD,0.0
GBDC,0001476765,0001476765-26-000048,10-Q,2026-06-30,2026-08-03,"Louisiana Fish Fry Products, Ltd. | One stop 1 | Non-Affiliated Issuer","Louisiana Fish Fry Products, Ltd.","Louisiana Fish Fry Products, Ltd.",First Lien,,,,13453000.0,13424000.0,13453000.0,,100.0,6.25,10.13,,,False,,,USD,13453000.0
GBDC,0001476765,0001476765-26-000048,10-Q,2026-06-30,2026-08-03,"Louisiana Fish Fry Products, Ltd. | One stop 2 | Non-Affiliated Issuer","Louisiana Fish Fry Products, Ltd.","Louisiana Fish Fry Products, Ltd.",First Lien,,,,254000.0,252000.0,254000.0,,100.0,6.25,10.13,,,False,,,USD,254000.0
GBDC,0001476765,0001476765-26-000048,10-Q,2026-06-30,2026-08-03,"MAPF Holdings, Inc. | One stop 1 | Non-Affiliated Issuer","MAPF Holdings, Inc.","MAPF Holdings, Inc.",First Lien,,,,47207000.0,50871000.0,51034000.0,,92.5,6.5,10.23,,,False,,,USD,47207000.0
GBDC,0001476765,0001476765-26-000048,10-Q,2026-06-30,2026-08-03,"MAPF Holdings, Inc. | One stop 2 | Non-Affiliated Issuer","MAPF Holdings, Inc.","MAPF Holdings, Inc.",First Lien,,,,1087000.0,1180000.0,1187000.0,,91.58,6.5,10.23,,,False,,,USD,1087000.0
GBDC,0001476765,0001476765-26-000048,10-Q,2026-06-30,2026-08-03,"MAPF Holdings, Inc. | One stop 3 | Non-Affiliated Issuer","MAPF Holdings, Inc.","MAPF Holdings, Inc.",First Lien,,,,1513000.0,1612000.0,1636000.0,,92.48,6.5,10.23,,,False,,,USD,1513000.0
GBDC,0001476765,0001476765-26-000048,10-Q,2026-06-30,2026-08-03,"MAPF Holdings, Inc. | One stop 4 | Non-Affiliated Issuer","MAPF Holdings, Inc.","MAPF Holdings, Inc.",First Lien,,,,2463000.0,3242000.0,3519000.0,,69.99,,,,19.0,True,,,USD,2463000.0
GBDC,0001476765,0001476765-26-000048,10-Q,2026-06-30,2026-08-03,"P&P Food Safety Holdings, Inc. | One stop 1 | Non-Affiliated Issuer","P&P Food Safety Holdings, Inc.","P&P Food Safety Holdings, Inc.",First Lien,,,,14581000.0,14651000.0,14637000.0,,99.62,5.25,8.98,,,False,,,USD,14581000.0
GBDC,0001476765,0001476765-26-000048,10-Q,2026-06-30,2026-08-03,"P&P Food Safety Holdings, Inc. | One stop 2 | Non-Affiliated Issuer","P&P Food Safety Holdings, Inc.","P&P Food Safety Holdings, Inc.",First Lien,,,,-6000.0,-3000.0,0.0,,200.0,,,,,False,,,USD,-6000.0
GBDC,0001476765,0001476765-26-000048,10-Q,2026-06-30,2026-08-03,"P&P Food Safety Holdings, Inc. | One stop 3 | Non-Affiliated Issuer","P&P Food Safety Holdings, Inc.","P&P Food Safety Holdings, Inc.",First Lien,,,,11747000.0,11743000.0,11780000.0,,99.72,5.5,7.79,,,False,,,USD,11747000.0
GBDC,0001476765,0001476765-26-000048,10-Q,2026-06-30,2026-08-03,"P&P Food Safety Holdings, Inc. | One stop 4 | Non-Affiliated Issuer","P&P Food Safety Holdings, Inc.","P&P Food Safety Holdings, Inc.",First Lien,,,,-17000.0,-17000.0,0.0,,100.0,,,,,False,,,USD,-17000.0
GBDC,0001476765,0001476765-26-000048,10-Q,2026-06-30,2026-08-03,"Sphynx UK Bidco, Ltd. | One stop 1 | Non-Affiliated Issuer","Sphynx UK Bidco, Ltd.","Sphynx UK Bidco, Ltd.",First Lien,,,,324000.0,304000.0,324000.0,,100.0,4.25,8.71,,,False,,,USD,324000.0
GBDC,0001476765,0001476765-26-000048,10-Q,2026-06-30,2026-08-03,"Sphynx UK Bidco, Ltd. | One stop 2 | Non-Affiliated Issuer","Sphynx UK Bidco, Ltd.","Sphynx UK Bidco, Ltd.",First Lien,,,,296000.0,300000.0,296000.0,,100.0,4.25,6.54,,,False,,,USD,296000.0
GBDC,0001476765,0001476765-26-000048,10-Q,2026-06-30,2026-08-03,"Sphynx UK Bidco, Ltd. | One stop 3 | Non-Affiliated Issuer","Sphynx UK Bidco, Ltd.","Sphynx UK Bidco, Ltd.",First Lien,,,,1387000.0,1394000.0,1387000.0,,100.0,4.25,7.98,,,False,,,USD,1387000.0
GBDC,0001476765,0001476765-26-000048,10-Q,2026-06-30,2026-08-03,Wizard Bidco Limited | One stop 1 | Non-Affiliated Issuer,Wizard Bidco Limited,Wizard Bidco Limited,First Lien,,,,22172000.0,22677000.0,22740000.0,,97.5,6.0,9.68,,,False,,,USD,22172000.0
GBDC,0001476765,0001476765-26-000048,10-Q,2026-06-30,2026-08-03,Wizard Bidco Limited | One stop 2 | Non-Affiliated Issuer,Wizard Bidco Limited,Wizard Bidco Limited,First Lien,,,,10724000.0,10918000.0,11170000.0,,96.01,5.0,7.23,,1.5,True,,,USD,10724000.0
GBDC,0001476765,0001476765-26-000048,10-Q,2026-06-30,2026-08-03,Wizard Bidco Limited | One stop 3 | Non-Affiliated Issuer,Wizard Bidco Limited,Wizard Bidco Limited,First Lien,,,,8044000.0,7731000.0,8250000.0,,97.5,6.0,9.73,,,False,,,USD,8044000.0
GBDC,0001476765,0001476765-26-000048,10-Q,2026-06-30,2026-08-03,Wizard Bidco Limited | One stop 4 | Non-Affiliated Issuer,Wizard Bidco Limited,Wizard Bidco Limited,First Lien,,,,190000.0,186000.0,198000.0,,95.96,4.75,8.48,,,False,,,USD,190000.0
GBDC,0001476765,0001476765-26-000048,10-Q,2026-06-30,2026-08-03,"Zullas, L.C. | One stop 1 | Non-Affiliated Issuer","Zullas, L.C.","Zullas, L.C.",First Lien,,,,32000.0,32000.0,32000.0,,100.0,3.75,10.5,,,False,,,USD,32000.0
GBDC,0001476765,0001476765-26-000048,10-Q,2026-06-30,2026-08-03,"Zullas, L.C. | One stop 2 | Non-Affiliated Issuer","Zullas, L.C.","Zullas, L.C.",First Lien,,,,436000.0,434000.0,436000.0,,100.0,4.75,8.42,,,False,,,USD,436000.0
GBDC,0001476765,0001476765-26-000048,10-Q,2026-06-30,2026-08-03,"Zullas, L.C. | One stop 3 | Non-Affiliated Issuer","Zullas, L.C.","Zullas, L.C.",First Lien,,,,71000.0,70000.0,71000.0,,100.0,4.75,8.42,,,False,,,USD,71000.0
GBDC,0001476765,0001476765-26-000048,10-Q,2026-06-30,2026-08-03,"Aspen Medical Products, LLC | One stop 1 | Non-Affiliated Issuer","Aspen Medical Products, LLC","Aspen Medical Products, LLC",First Lien,,,,6957000.0,6934000.0,6957000.0,,100.0,5.0,8.73,,,False,,,USD,6957000.0
GBDC,0001476765,0001476765-26-000048,10-Q,2026-06-30,2026-08-03,"Aspen Medical Products, LLC | One stop 2 | Non-Affiliated Issuer","Aspen Medical Products, LLC","Aspen Medical Products, LLC",First Lien,,,,452000.0,450000.0,452000.0,,100.0,5.0,8.73,,,False,,,USD,452000.0
GBDC,0001476765,0001476765-26-000048,10-Q,2026-06-30,2026-08-03,"Aspen Medical Products, LLC | One stop 3 | Non-Affiliated Issuer","Aspen Medical Products, LLC","Aspen Medical Products, LLC",First Lien,,,,0.0,-1000.0,0.0,,-0.0,,,,,False,,,USD,0.0
GBDC,0001476765,0001476765-26-000048,10-Q,2026-06-30,2026-08-03,"Aspen Medical Products, LLC | One stop 4 | Non-Affiliated Issuer","Aspen Medical Products, LLC","Aspen Medical Products, LLC",First Lien,,,,884000.0,878000.0,884000.0,,100.0,5.0,8.73,,,False,,,USD,884000.0
GBDC,0001476765,0001476765-26-000048,10-Q,2026-06-30,2026-08-03,Baduhenna Bidco Limited | One stop 1 | Non-Affiliated Issuer,Baduhenna Bidco Limited,Baduhenna Bidco Limited,First Lien,,,,7659000.0,7747000.0,7745000.0,,98.89,6.45,10.33,,,False,,,USD,7659000.0
GBDC,0001476765,0001476765-26-000048,10-Q,2026-06-30,2026-08-03,Baduhenna Bidco Limited | One stop 2 | Non-Affiliated Issuer,Baduhenna Bidco Limited,Baduhenna Bidco Limited,First Lien,,,,4653000.0,4788000.0,4732000.0,,98.33,6.45,8.7,,,False,,,USD,4653000.0
GBDC,0001476765,0001476765-26-000048,10-Q,2026-06-30,2026-08-03,Baduhenna Bidco Limited | One stop 3 | Non-Affiliated Issuer,Baduhenna Bidco Limited,Baduhenna Bidco Limited,First Lien,,,,1891000.0,1912000.0,1912000.0,,98.9,6.45,10.33,,,False,,,USD,1891000.0
GBDC,0001476765,0001476765-26-000048,10-Q,2026-06-30,2026-08-03,Baduhenna Bidco Limited | One stop 4 | Non-Affiliated Issuer,Baduhenna Bidco Limited,Baduhenna Bidco Limited,First Lien,,,,1327000.0,1355000.0,1341000.0,,98.96,6.45,10.3,,,False,,,USD,1327000.0
GBDC,0001476765,0001476765-26-000048,10-Q,2026-06-30,2026-08-03,Baduhenna Bidco Limited | One stop 5 | Non-Affiliated Issuer,Baduhenna Bidco Limited,Baduhenna Bidco Limited,First Lien,,,,1110000.0,1095000.0,1129000.0,,98.32,6.45,8.74,,,False,,,USD,1110000.0
GBDC,0001476765,0001476765-26-000048,10-Q,2026-06-30,2026-08-03,Baduhenna Bidco Limited | One stop 6 | Non-Affiliated Issuer,Baduhenna Bidco Limited,Baduhenna Bidco Limited,First Lien,,,,1164000.0,1171000.0,1189000.0,,97.9,6.45,10.3,,,False,,,USD,1164000.0
GBDC,0001476765,0001476765-26-000048,10-Q,2026-06-30,2026-08-03,"Bayou Intermediate II, LLC | One stop 1 | Non-Affiliated Issuer","Bayou Intermediate II, LLC","Bayou Intermediate II, LLC",First Lien,,,,1397000.0,1404000.0,1410000.0,,99.08,4.75,8.48,,,False,,,USD,1397000.0
GBDC,0001476765,0001476765-26-000048,10-Q,2026-06-30,2026-08-03,"Bayou Intermediate II, LLC | One stop 2 | Non-Affiliated Issuer","Bayou Intermediate II, LLC","Bayou Intermediate II, LLC",First Lien,,,,297000.0,298000.0,300000.0,,99.0,4.75,8.48,,,False,,,USD,297000.0
GBDC,0001476765,0001476765-26-000048,10-Q,2026-06-30,2026-08-03,"Bayou Intermediate II, LLC | One stop 3 | Non-Affiliated Issuer","Bayou Intermediate II, LLC","Bayou Intermediate II, LLC",First Lien,,,,98000.0,99000.0,100000.0,,98.0,4.75,8.45,,,False,,,USD,98000.0
GBDC,0001476765,0001476765-26-000048,10-Q,2026-06-30,2026-08-03,"Belmont Instrument, LLC | One stop 1 | Non-Affiliated Issuer","Belmont Instrument, LLC","Belmont Instrument, LLC",First Lien,,,,14024000.0,13962000.0,14085000.0,,99.57,5.25,8.98,,,False,,,USD,14024000.0
GBDC,0001476765,0001476765-26-000048,10-Q,2026-06-30,2026-08-03,"Belmont Instrument, LLC | One stop 2 | Non-Affiliated Issuer","Belmont Instrument, LLC","Belmont Instrument, LLC",First Lien,,,,-1000.0,-2000.0,0.0,,50.0,,,,,False,,,USD,-1000.0
GBDC,0001476765,0001476765-26-000048,10-Q,2026-06-30,2026-08-03,"Blades Buyer, Inc. | Senior secured 1 | Non-Affiliated Issuer","Blades Buyer, Inc.","Blades Buyer, Inc.",First Lien,,,,11984000.0,12046000.0,12066000.0,,99.32,4.75,8.44,,,False,,,USD,11984000.0
GBDC,0001476765,0001476765-26-000048,10-Q,2026-06-30,2026-08-03,"Blades Buyer, Inc. | Senior secured 2 | Non-Affiliated Issuer","Blades Buyer, Inc.","Blades Buyer, Inc.",First Lien,,,,1700000.0,1705000.0,1712000.0,,99.3,4.75,8.44,,,False,,,USD,1700000.0
GBDC,0001476765,0001476765-26-000048,10-Q,2026-06-30,2026-08-03,"Blades Buyer, Inc. | Senior secured 3 | Non-Affiliated Issuer","Blades Buyer, Inc.","Blades Buyer, Inc.",First Lien,,,,1375000.0,1380000.0,1384000.0,,99.35,4.75,8.44,,,False,,,USD,1375000.0
GBDC,0001476765,0001476765-26-000048,10-Q,2026-06-30,2026-08-03,"Blades Buyer, Inc. | Senior secured 4 | Non-Affiliated Issuer","Blades Buyer, Inc.","Blades Buyer, Inc.",First Lien,,,,-3000.0,0.0,0.0,,,,,,,False,,,USD,-3000.0
GBDC,0001476765,0001476765-26-000048,10-Q,2026-06-30,2026-08-03,"Blades Buyer, Inc. | Senior secured 5 | Non-Affiliated Issuer","Blades Buyer, Inc.","Blades Buyer, Inc.",First Lien,,,,1697000.0,1703000.0,1708000.0,,99.36,4.75,8.44,,,False,,,USD,1697000.0
GBDC,0001476765,0001476765-26-000048,10-Q,2026-06-30,2026-08-03,"Blades Buyer, Inc. | Senior secured 6 | Non-Affiliated Issuer","Blades Buyer, Inc.","Blades Buyer, Inc.",First Lien,,,,6799000.0,6830000.0,6845000.0,,99.33,4.75,8.44,,,False,,,USD,6799000.0
GBDC,0001476765,0001476765-26-000048,10-Q,2026-06-30,2026-08-03,"Blades Buyer, Inc. | Senior secured 7 | Non-Affiliated Issuer","Blades Buyer, Inc.","Blades Buyer, Inc.",First Lien,,,,265000.0,266000.0,268000.0,,98.88,4.75,8.44,,,False,,,USD,265000.0
GBDC,0001476765,0001476765-26-000048,10-Q,2026-06-30,2026-08-03,"Blue River Pet Care, LLC | One stop 1 | Non-Affiliated Issuer","Blue River Pet Care, LLC","Blue River Pet Care, LLC",First Lien,,,,3000.0,3000.0,3000.0,,100.0,5.0,8.64,,,False,,,USD,3000.0
GBDC,0001476765,0001476765-26-000048,10-Q,2026-06-30,2026-08-03,"Blue River Pet Care, LLC | One stop 2 | Non-Affiliated Issuer","Blue River Pet Care, LLC","Blue River Pet Care, LLC",First Lien,,,,5000.0,5000.0,5000.0,,100.0,5.0,8.64,,,False,,,USD,5000.0
GBDC,0001476765,0001476765-26-000048,10-Q,2026-06-30,2026-08-03,"Blue River Pet Care, LLC | One stop 3 | Non-Affiliated Issuer","Blue River Pet Care, LLC","Blue River Pet Care, LLC",First Lien,,,,2000.0,2000.0,2000.0,,100.0,5.0,8.64,,,False,,,USD,2000.0
GBDC,0001476765,0001476765-26-000048,10-Q,2026-06-30,2026-08-03,"Blue River Pet Care, LLC | One stop 4 | Non-Affiliated Issuer","Blue River Pet Care, LLC","Blue River Pet Care, LLC",First Lien,,,,2000.0,2000.0,2000.0,,100.0,5.0,8.64,,,False,,,USD,2000.0
GBDC,0001476765,0001476765-26-000048,10-Q,2026-06-30,2026-08-03,"Blue River Pet Care, LLC | One stop 5 | Non-Affiliated Issuer","Blue River Pet Care, LLC","Blue River Pet Care, LLC",First Lien,,,,4000.0,4000.0,4000.0,,100.0,5.0,8.64,,,False,,,USD,4000.0
GBDC,0001476765,0001476765-26-000048,10-Q,2026-06-30,2026-08-03,"Blue River Pet Care, LLC | One stop 22 | Non-Affiliated Issuer","Blue River Pet Care, LLC","Blue River Pet Care, LLC",First Lien,,,,4000.0,4000.0,4000.0,,100.0,5.0,8.64,,,False,,,USD,4000.0
GBDC,0001476765,0001476765-26-000048,10-Q,2026-06-30,2026-08-03,"Blue River Pet Care, LLC | One stop 6 | Non-Affiliated Issuer","Blue River Pet Care, LLC","Blue River Pet Care, LLC",First Lien,,,,58088000.0,58190000.0,58338000.0,,99.57,5.0,8.64,,,False,,,USD,58088000.0
GBDC,0001476765,0001476765-26-000048,10-Q,2026-06-30,2026-08-03,"Blue River Pet Care, LLC | One stop 7 | Non-Affiliated Issuer","Blue River Pet Care, LLC","Blue River Pet Care, LLC",First Lien,,,,12187000.0,12206000.0,12239000.0,,99.58,5.0,8.64,,,False,,,USD,12187000.0
GBDC,0001476765,0001476765-26-000048,10-Q,2026-06-30,2026-08-03,"Blue River Pet Care, LLC | One stop 8 | Non-Affiliated Issuer","Blue River Pet Care, LLC","Blue River Pet Care, LLC",First Lien,,,,2842000.0,2846000.0,2853000.0,,99.61,5.0,8.64,,,False,,,USD,2842000.0
GBDC,0001476765,0001476765-26-000048,10-Q,2026-06-30,2026-08-03,"Blue River Pet Care, LLC | One stop 9 | Non-Affiliated Issuer","Blue River Pet Care, LLC","Blue River Pet Care, LLC",First Lien,,,,2731000.0,2735000.0,2743000.0,,99.56,5.0,8.64,,,False,,,USD,2731000.0
GBDC,0001476765,0001476765-26-000048,10-Q,2026-06-30,2026-08-03,"Blue River Pet Care, LLC | One stop 10 | Non-Affiliated Issuer","Blue River Pet Care, LLC","Blue River Pet Care, LLC",First Lien,,,,2705000.0,2709000.0,2716000.0,,99.59,5.0,8.64,,,False,,,USD,2705000.0
GBDC,0001476765,0001476765-26-000048,10-Q,2026-06-30,2026-08-03,"Blue River Pet Care, LLC | One stop 11 | Non-Affiliated Issuer","Blue River Pet Care, LLC","Blue River Pet Care, LLC",First Lien,,,,2079000.0,2082000.0,2088000.0,,99.57,5.0,8.64,,,False,,,USD,2079000.0
GBDC,0001476765,0001476765-26-000048,10-Q,2026-06-30,2026-08-03,"Blue River Pet Care, LLC | One stop 12 | Non-Affiliated Issuer","Blue River Pet Care, LLC","Blue River Pet Care, LLC",First Lien,,,,1231000.0,1232000.0,1237000.0,,99.51,5.0,8.64,,,False,,,USD,1231000.0
GBDC,0001476765,0001476765-26-000048,10-Q,2026-06-30,2026-08-03,"Blue River Pet Care, LLC | One stop 13 | Non-Affiliated Issuer","Blue River Pet Care, LLC","Blue River Pet Care, LLC",First Lien,,,,408000.0,409000.0,410000.0,,99.51,5.0,8.64,,,False,,,USD,408000.0
GBDC,0001476765,0001476765-26-000048,10-Q,2026-06-30,2026-08-03,"Blue River Pet Care, LLC | One stop 14 | Non-Affiliated Issuer","Blue River Pet Care, LLC","Blue River Pet Care, LLC",First Lien,,,,-3000.0,-3000.0,0.0,,100.0,,,,,False,,,USD,-3000.0
GBDC,0001476765,0001476765-26-000048,10-Q,2026-06-30,2026-08-03,"Blue River Pet Care, LLC | One stop 15 | Non-Affiliated Issuer","Blue River Pet Care, LLC","Blue River Pet Care, LLC",First Lien,,,,289000.0,289000.0,290000.0,,99.66,5.0,8.64,,,False,,,USD,289000.0
GBDC,0001476765,0001476765-26-000048,10-Q,2026-06-30,2026-08-03,"Blue River Pet Care, LLC | One stop 16 | Non-Affiliated Issuer","Blue River Pet Care, LLC","Blue River Pet Care, LLC",First Lien,,,,293000.0,294000.0,295000.0,,99.32,5.0,8.64,,,False,,,USD,293000.0
GBDC,0001476765,0001476765-26-000048,10-Q,2026-06-30,2026-08-03,"Blue River Pet Care, LLC | One stop 17 | Non-Affiliated Issuer","Blue River Pet Care, LLC","Blue River Pet Care, LLC",First Lien,,,,223000.0,223000.0,224000.0,,99.55,5.0,8.64,,,False,,,USD,223000.0
GBDC,0001476765,0001476765-26-000048,10-Q,2026-06-30,2026-08-03,"Blue River Pet Care, LLC | One stop 18 | Non-Affiliated Issuer","Blue River Pet Care, LLC","Blue River Pet Care, LLC",First Lien,,,,253000.0,253000.0,254000.0,,99.61,5.0,8.64,,,False,,,USD,253000.0
GBDC,0001476765,0001476765-26-000048,10-Q,2026-06-30,2026-08-03,"Blue River Pet Care, LLC | One stop 19 | Non-Affiliated Issuer","Blue River Pet Care, LLC","Blue River Pet Care, LLC",First Lien,,,,0.0,0.0,0.0,,,,,,,False,,,USD,0.0
GBDC,0001476765,0001476765-26-000048,10-Q,2026-06-30,2026-08-03,"Blue River Pet Care, LLC | One stop 20 | Non-Affiliated Issuer","Blue River Pet Care, LLC","Blue River Pet Care, LLC",First Lien,,,,12000.0,12000.0,12000.0,,100.0,5.0,8.64,,,False,,,USD,12000.0
GBDC,0001476765,0001476765-26-000048,10-Q,2026-06-30,2026-08-03,"Blue River Pet Care, LLC | One stop 21 | Non-Affiliated Issuer","Blue River Pet Care, LLC","Blue River Pet Care, LLC",First Lien,,,,1000.0,1000.0,1000.0,,100.0,5.0,8.64,,,False,,,USD,1000.0
GBDC,0001476765,0001476765-26-000048,10-Q,2026-06-30,2026-08-03,"Blue River Pet Care, LLC | One stop 23 | Non-Affiliated Issuer","Blue River Pet Care, LLC","Blue River Pet Care, LLC",First Lien,,,,1000.0,1000.0,1000.0,,100.0,5.0,8.64,,,False,,,USD,1000.0
GBDC,0001476765,0001476765-26-000048,10-Q,2026-06-30,2026-08-03,"Blue River Pet Care, LLC | One stop 24 | Non-Affiliated Issuer","Blue River Pet Care, LLC","Blue River Pet Care, LLC",First Lien,,,,1000.0,1000.0,1000.0,,100.0,5.0,8.64,,,False,,,USD,1000.0
GBDC,0001476765,0001476765-26-000048,10-Q,2026-06-30,2026-08-03,"Blue River Pet Care, LLC | One stop 25 | Non-Affiliated Issuer","Blue River Pet Care, LLC","Blue River Pet Care, LLC",First Lien,,,,1000.0,1000.0,1000.0,,100.0,5.0,8.64,,,False,,,USD,1000.0
GBDC,0001476765,0001476765-26-000048,10-Q,2026-06-30,2026-08-03,"CCSL Holdings, LLC | One stop 1 | Non-Affiliated Issuer","CCSL Holdings, LLC","CCSL Holdings, LLC",First Lien,,,,20668000.0,20651000.0,20678000.0,,99.95,5.75,9.39,,,False,,,USD,20668000.0
GBDC,0001476765,0001476765-26-000048,10-Q,2026-06-30,2026-08-03,"CCSL Holdings, LLC | One stop 2 | Non-Affiliated Issuer","CCSL Holdings, LLC","CCSL Holdings, LLC",First Lien,,,,5580000.0,5593000.0,5582000.0,,99.96,5.75,9.39,,,False,,,USD,5580000.0
GBDC,0001476765,0001476765-26-000048,10-Q,2026-06-30,2026-08-03,"CCSL Holdings, LLC | One stop 3 | Non-Affiliated Issuer","CCSL Holdings, LLC","CCSL Holdings, LLC",First Lien,,,,3484000.0,3312000.0,3485000.0,,99.97,5.75,9.48,,,False,,,USD,3484000.0
GBDC,0001476765,0001476765-26-000048,10-Q,2026-06-30,2026-08-03,"CCSL Holdings, LLC | One stop 4 | Non-Affiliated Issuer","CCSL Holdings, LLC","CCSL Holdings, LLC",First Lien,,,,3434000.0,3416000.0,3437000.0,,99.91,5.75,9.39,,,False,,,USD,3434000.0
GBDC,0001476765,0001476765-26-000048,10-Q,2026-06-30,2026-08-03,"CCSL Holdings, LLC | One stop 5 | Non-Affiliated Issuer","CCSL Holdings, LLC","CCSL Holdings, LLC",First Lien,,,,2854000.0,2832000.0,2854000.0,,100.0,5.75,9.39,,,False,,,USD,2854000.0
GBDC,0001476765,0001476765-26-000048,10-Q,2026-06-30,2026-08-03,"CCSL Holdings, LLC | One stop 6 | Non-Affiliated Issuer","CCSL Holdings, LLC","CCSL Holdings, LLC",First Lien,,,,913000.0,913000.0,915000.0,,99.78,5.75,9.39,,,False,,,USD,913000.0
GBDC,0001476765,0001476765-26-000048,10-Q,2026-06-30,2026-08-03,"CCSL Holdings, LLC | One stop 7 | Non-Affiliated Issuer","CCSL Holdings, LLC","CCSL Holdings, LLC",First Lien,,,,967000.0,964000.0,967000.0,,100.0,5.75,9.39,,,False,,,USD,967000.0
GBDC,0001476765,0001476765-26-000048,10-Q,2026-06-30,2026-08-03,"CCSL Holdings, LLC | One stop 8 | Non-Affiliated Issuer","CCSL Holdings, LLC","CCSL Holdings, LLC",First Lien,,,,33222000.0,31550000.0,33235000.0,,99.96,5.75,7.93,,,False,,,USD,33222000.0
GBDC,0001476765,0001476765-26-000048,10-Q,2026-06-30,2026-08-03,"CCSL Holdings, LLC | One stop 9 | Non-Affiliated Issuer","CCSL Holdings, LLC","CCSL Holdings, LLC",First Lien,,,,6508000.0,5954000.0,6511000.0,,99.95,5.75,7.93,,,False,,,USD,6508000.0
GBDC,0001476765,0001476765-26-000048,10-Q,2026-06-30,2026-08-03,"CCSL Holdings, LLC | One stop 10 | Non-Affiliated Issuer","CCSL Holdings, LLC","CCSL Holdings, LLC",First Lien,,,,2745000.0,2737000.0,2746000.0,,99.96,5.75,9.39,,,False,,,USD,2745000.0
GBDC,0001476765,0001476765-26-000048,10-Q,2026-06-30,2026-08-03,"CCSL Holdings, LLC | One stop 11 | Non-Affiliated Issuer","CCSL Holdings, LLC","CCSL Holdings, LLC",First Lien,,,,2184000.0,2183000.0,2185000.0,,99.95,5.75,9.39,,,False,,,USD,2184000.0
GBDC,0001476765,0001476765-26-000048,10-Q,2026-06-30,2026-08-03,"Centegix Intermediate II, LLC | One stop 1 | Non-Affiliated Issuer","Centegix Intermediate II, LLC","Centegix Intermediate II, LLC",First Lien,,,,1562000.0,1562000.0,1570000.0,,99.49,6.0,6.39,,3.25,True,,,USD,1562000.0
GBDC,0001476765,0001476765-26-000048,10-Q,2026-06-30,2026-08-03,"Centegix Intermediate II, LLC | One stop 2 | Non-Affiliated Issuer","Centegix Intermediate II, LLC","Centegix Intermediate II, LLC",First Lien,,,,143000.0,143000.0,144000.0,,99.31,5.5,9.17,,,False,,,USD,143000.0
GBDC,0001476765,0001476765-26-000048,10-Q,2026-06-30,2026-08-03,"Centegix Intermediate II, LLC | One stop 3 | Non-Affiliated Issuer","Centegix Intermediate II, LLC","Centegix Intermediate II, LLC",First Lien,,,,225000.0,225000.0,226000.0,,99.56,6.0,6.39,,3.25,True,,,USD,225000.0
GBDC,0001476765,0001476765-26-000048,10-Q,2026-06-30,2026-08-03,"Centegix Intermediate II, LLC | One stop 4 | Non-Affiliated Issuer","Centegix Intermediate II, LLC","Centegix Intermediate II, LLC",First Lien,,,,85000.0,85000.0,85000.0,,100.0,6.0,6.39,,3.25,True,,,USD,85000.0
GBDC,0001476765,0001476765-26-000048,10-Q,2026-06-30,2026-08-03,"Centegix Intermediate II, LLC | One stop 5 | Non-Affiliated Issuer","Centegix Intermediate II, LLC","Centegix Intermediate II, LLC",First Lien,,,,-2000.0,-2000.0,0.0,,100.0,,,,,False,,,USD,-2000.0
GBDC,0001476765,0001476765-26-000048,10-Q,2026-06-30,2026-08-03,CMI Parent Inc. | One stop 1 | Non-Affiliated Issuer,CMI Parent Inc.,CMI Parent Inc.,First Lien,,,,339000.0,340000.0,340000.0,,99.71,4.5,8.23,,,False,,,USD,339000.0
GBDC,0001476765,0001476765-26-000048,10-Q,2026-06-30,2026-08-03,CMI Parent Inc. | One stop 2 | Non-Affiliated Issuer,CMI Parent Inc.,CMI Parent Inc.,First Lien,,,,0.0,0.0,0.0,,,,,,,False,,,USD,0.0
GBDC,0001476765,0001476765-26-000048,10-Q,2026-06-30,2026-08-03,CMI Parent Inc. | One stop 3 | Non-Affiliated Issuer,CMI Parent Inc.,CMI Parent Inc.,First Lien,,,,-1000.0,0.0,0.0,,,,,,,False,,,USD,-1000.0
GBDC,0001476765,0001476765-26-000048,10-Q,2026-06-30,2026-08-03,"HuFriedy Group Acquisition, LLC | One stop 1 | Non-Affiliated Issuer","HuFriedy Group Acquisition, LLC","HuFriedy Group Acquisition, LLC",First Lien,,,,7757000.0,7737000.0,7792000.0,,99.55,5.5,9.17,,,False,,,USD,7757000.0
GBDC,0001476765,0001476765-26-000048,10-Q,2026-06-30,2026-08-03,"HuFriedy Group Acquisition, LLC | One stop 2 | Non-Affiliated Issuer","HuFriedy Group Acquisition, LLC","HuFriedy Group Acquisition, LLC",First Lien,,,,74000.0,72000.0,78000.0,,94.87,5.5,9.23,,,False,,,USD,74000.0
GBDC,0001476765,0001476765-26-000048,10-Q,2026-06-30,2026-08-03,"HuFriedy Group Acquisition, LLC | One stop 3 | Non-Affiliated Issuer","HuFriedy Group Acquisition, LLC","HuFriedy Group Acquisition, LLC",First Lien,,,,1699000.0,1685000.0,1706000.0,,99.59,5.5,9.22,,,False,,,USD,1699000.0
GBDC,0001476765,0001476765-26-000048,10-Q,2026-06-30,2026-08-03,"HuFriedy Group Acquisition, LLC | One stop 4 | Non-Affiliated Issuer","HuFriedy Group Acquisition, LLC","HuFriedy Group Acquisition, LLC",First Lien,,,,584000.0,584000.0,589000.0,,99.15,5.5,9.16,,,False,,,USD,584000.0
GBDC,0001476765,0001476765-26-000048,10-Q,2026-06-30,2026-08-03,"Isto Group, Inc. | One stop 1 | Non-Affiliated Issuer","Isto Group, Inc.","Isto Group, Inc.",First Lien,,,,0.0,0.0,0.0,,,,,,,False,,,USD,0.0
GBDC,0001476765,0001476765-26-000048,10-Q,2026-06-30,2026-08-03,"Isto Group, Inc. | One stop 2 | Non-Affiliated Issuer","Isto Group, Inc.","Isto Group, Inc.",First Lien,,,,641000.0,641000.0,644000.0,,99.53,4.75,8.48,,,False,,,USD,641000.0
GBDC,0001476765,0001476765-26-000048,10-Q,2026-06-30,2026-08-03,"Isto Group, Inc. | One stop 3 | Non-Affiliated Issuer","Isto Group, Inc.","Isto Group, Inc.",First Lien,,,,-1000.0,-1000.0,0.0,,100.0,,,,,False,,,USD,-1000.0
GBDC,0001476765,0001476765-26-000048,10-Q,2026-06-30,2026-08-03,"JHC Investment Intermediate Holdings, LLC | One stop 1 | Non-Affiliated Issuer","JHC Investment Intermediate Holdings, LLC","JHC Investment Intermediate Holdings, LLC",First Lien,,,,1235000.0,1235000.0,1235000.0,,100.0,8.0,11.76,,,False,,,USD,1235000.0
GBDC,0001476765,0001476765-26-000048,10-Q,2026-06-30,2026-08-03,"JHC Investment Intermediate Holdings, LLC | One stop 2 | Non-Affiliated Issuer","JHC Investment Intermediate Holdings, LLC","JHC Investment Intermediate Holdings, LLC",First Lien,,,,922000.0,785000.0,922000.0,,100.0,8.0,11.76,,,False,,,USD,922000.0
GBDC,0001476765,0001476765-26-000048,10-Q,2026-06-30,2026-08-03,"RTI Surgical, Inc. | One stop 1 | Non-Affiliated Issuer","RTI Surgical, Inc.","RTI Surgical, Inc.",First Lien,,,,-2000.0,-1000.0,0.0,,200.0,,,,,False,,,USD,-2000.0
GBDC,0001476765,0001476765-26-000048,10-Q,2026-06-30,2026-08-03,"RTI Surgical, Inc. | One stop 2 | Non-Affiliated Issuer","RTI Surgical, Inc.","RTI Surgical, Inc.",First Lien,,,,1651000.0,1651000.0,1658000.0,,99.58,4.75,8.41,,,False,,,USD,1651000.0
GBDC,0001476765,0001476765-26-000048,10-Q,2026-06-30,2026-08-03,"TIDI Legacy Products, Inc. | One stop 1 | Non-Affiliated Issuer","TIDI Legacy Products, Inc.","TIDI Legacy Products, Inc.",First Lien,,,,3436000.0,3502000.0,3458000.0,,99.36,4.5,8.14,,,False,,,USD,3436000.0
GBDC,0001476765,0001476765-26-000048,10-Q,2026-06-30,2026-08-03,"TIDI Legacy Products, Inc. | One stop 2 | Non-Affiliated Issuer","TIDI Legacy Products, Inc.","TIDI Legacy Products, Inc.",First Lien,,,,0.0,0.0,0.0,,,,,,,False,,,USD,0.0
GBDC,0001476765,0001476765-26-000048,10-Q,2026-06-30,2026-08-03,"TIDI Legacy Products, Inc. | One stop 3 | Non-Affiliated Issuer","TIDI Legacy Products, Inc.","TIDI Legacy Products, Inc.",First Lien,,,,920000.0,918000.0,926000.0,,99.35,4.5,8.14,,,False,,,USD,920000.0
GBDC,0001476765,0001476765-26-000048,10-Q,2026-06-30,2026-08-03,"YI, LLC | One stop 1 | Non-Affiliated Issuer","YI, LLC","YI, LLC",First Lien,,,,4295000.0,4352000.0,4352000.0,,98.69,5.75,9.39,,,False,,,USD,4295000.0
GBDC,0001476765,0001476765-26-000048,10-Q,2026-06-30,2026-08-03,"YI, LLC | One stop 2 | Non-Affiliated Issuer","YI, LLC","YI, LLC",First Lien,,,,-2000.0,-1000.0,0.0,,200.0,,,,,False,,,USD,-2000.0
GBDC,0001476765,0001476765-26-000048,10-Q,2026-06-30,2026-08-03,"ZimVie, Inc. | One stop 1 | Non-Affiliated Issuer","ZimVie, Inc.","ZimVie, Inc.",First Lien,,,,1486000.0,1486000.0,1493000.0,,99.53,4.75,8.48,,,False,,,USD,1486000.0
GBDC,0001476765,0001476765-26-000048,10-Q,2026-06-30,2026-08-03,"ZimVie, Inc. | One stop 2 | Non-Affiliated Issuer","ZimVie, Inc.","ZimVie, Inc.",First Lien,,,,-1000.0,-1000.0,0.0,,100.0,,,,,False,,,USD,-1000.0
GBDC,0001476765,0001476765-26-000048,10-Q,2026-06-30,2026-08-03,"ZimVie, Inc. | One stop 3 | Non-Affiliated Issuer","ZimVie, Inc.","ZimVie, Inc.",First Lien,,,,79000.0,79000.0,80000.0,,98.75,4.75,8.48,,,False,,,USD,79000.0
GBDC,0001476765,0001476765-26-000048,10-Q,2026-06-30,2026-08-03,"AAH TOPCO, LLC | One stop 1 | Non-Affiliated Issuer","AAH TOPCO, LLC","AAH TOPCO, LLC",First Lien,,,,8519000.0,8492000.0,8515000.0,,100.05,5.25,8.99,,,False,,,USD,8519000.0
GBDC,0001476765,0001476765-26-000048,10-Q,2026-06-30,2026-08-03,"AAH TOPCO, LLC | One stop 2 | Non-Affiliated Issuer","AAH TOPCO, LLC","AAH TOPCO, LLC",First Lien,,,,8010000.0,8027000.0,8007000.0,,100.04,5.25,8.99,,,False,,,USD,8010000.0
GBDC,0001476765,0001476765-26-000048,10-Q,2026-06-30,2026-08-03,"AAH TOPCO, LLC | Subordinated debt | Non-Affiliated Issuer","AAH TOPCO, LLC","AAH TOPCO, LLC",Subordinated,,,,3282000.0,3249000.0,3338000.0,,98.32,,,,11.5,True,,,USD,3282000.0
GBDC,0001476765,0001476765-26-000048,10-Q,2026-06-30,2026-08-03,"AAH TOPCO, LLC | One stop 3 | Non-Affiliated Issuer","AAH TOPCO, LLC","AAH TOPCO, LLC",First Lien,,,,3444000.0,3452000.0,3443000.0,,100.03,5.25,8.99,,,False,,,USD,3444000.0
GBDC,0001476765,0001476765-26-000048,10-Q,2026-06-30,2026-08-03,"AAH TOPCO, LLC | One stop 4 | Non-Affiliated Issuer","AAH TOPCO, LLC","AAH TOPCO, LLC",First Lien,,,,0.0,0.0,0.0,,,,,,,False,,,USD,0.0
GBDC,0001476765,0001476765-26-000048,10-Q,2026-06-30,2026-08-03,"AAH TOPCO, LLC | One stop 5 | Non-Affiliated Issuer","AAH TOPCO, LLC","AAH TOPCO, LLC",First Lien,,,,5479000.0,5480000.0,5504000.0,,99.55,5.0,8.74,,,False,,,USD,5479000.0
GBDC,0001476765,0001476765-26-000048,10-Q,2026-06-30,2026-08-03,"Active Day, Inc. | One stop 1 | Non-Affiliated Issuer","Active Day, Inc.","Active Day, Inc.",First Lien,,,,17041000.0,17062000.0,17075000.0,,99.8,5.0,8.64,,,False,,,USD,17041000.0
GBDC,0001476765,0001476765-26-000048,10-Q,2026-06-30,2026-08-03,"Active Day, Inc. | One stop 2 | Non-Affiliated Issuer","Active Day, Inc.","Active Day, Inc.",First Lien,,,,1315000.0,1317000.0,1318000.0,,99.77,5.0,8.64,,,False,,,USD,1315000.0
GBDC,0001476765,0001476765-26-000048,10-Q,2026-06-30,2026-08-03,"Active Day, Inc. | One stop 3 | Non-Affiliated Issuer","Active Day, Inc.","Active Day, Inc.",First Lien,,,,848000.0,849000.0,850000.0,,99.76,5.0,8.64,,,False,,,USD,848000.0
GBDC,0001476765,0001476765-26-000048,10-Q,2026-06-30,2026-08-03,"Active Day, Inc. | One stop 4 | Non-Affiliated Issuer","Active Day, Inc.","Active Day, Inc.",First Lien,,,,675000.0,676000.0,677000.0,,99.7,5.0,8.64,,,False,,,USD,675000.0
GBDC,0001476765,0001476765-26-000048,10-Q,2026-06-30,2026-08-03,"Active Day, Inc. | One stop 5 | Non-Affiliated Issuer","Active Day, Inc.","Active Day, Inc.",First Lien,,,,596000.0,596000.0,597000.0,,99.83,5.0,8.64,,,False,,,USD,596000.0
GBDC,0001476765,0001476765-26-000048,10-Q,2026-06-30,2026-08-03,"Active Day, Inc. | One stop 6 | Non-Affiliated Issuer","Active Day, Inc.","Active Day, Inc.",First Lien,,,,586000.0,587000.0,587000.0,,99.83,5.0,8.64,,,False,,,USD,586000.0
GBDC,0001476765,0001476765-26-000048,10-Q,2026-06-30,2026-08-03,"Active Day, Inc. | One stop 7 | Non-Affiliated Issuer","Active Day, Inc.","Active Day, Inc.",First Lien,,,,0.0,0.0,0.0,,,,,,,False,,,USD,0.0
GBDC,0001476765,0001476765-26-000048,10-Q,2026-06-30,2026-08-03,"Active Day, Inc. | One stop 8 | Non-Affiliated Issuer","Active Day, Inc.","Active Day, Inc.",First Lien,,,,0.0,0.0,0.0,,,,,,,False,,,USD,0.0
GBDC,0001476765,0001476765-26-000048,10-Q,2026-06-30,2026-08-03,"Active Day, Inc. | One stop 12 | Non-Affiliated Issuer","Active Day, Inc.","Active Day, Inc.",First Lien,,,,0.0,0.0,0.0,,,,,,,False,,,USD,0.0
GBDC,0001476765,0001476765-26-000048,10-Q,2026-06-30,2026-08-03,"Active Day, Inc. | One stop 9 | Non-Affiliated Issuer","Active Day, Inc.","Active Day, Inc.",First Lien,,,,4536000.0,4541000.0,4545000.0,,99.8,5.0,8.64,,,False,,,USD,4536000.0
GBDC,0001476765,0001476765-26-000048,10-Q,2026-06-30,2026-08-03,"Active Day, Inc. | One stop 10 | Non-Affiliated Issuer","Active Day, Inc.","Active Day, Inc.",First Lien,,,,6531000.0,6539000.0,6545000.0,,99.79,5.0,8.64,,,False,,,USD,6531000.0
GBDC,0001476765,0001476765-26-000048,10-Q,2026-06-30,2026-08-03,"Active Day, Inc. | One stop 11 | Non-Affiliated Issuer","Active Day, Inc.","Active Day, Inc.",First Lien,,,,274000.0,274000.0,275000.0,,99.64,5.0,8.64,,,False,,,USD,274000.0
GBDC,0001476765,0001476765-26-000048,10-Q,2026-06-30,2026-08-03,"Active Day, Inc. | One stop 13 | Non-Affiliated Issuer","Active Day, Inc.","Active Day, Inc.",First Lien,,,,94000.0,94000.0,94000.0,,100.0,5.0,8.64,,,False,,,USD,94000.0
GBDC,0001476765,0001476765-26-000048,10-Q,2026-06-30,2026-08-03,"Acuity Eyecare Holdings, LLC | One stop 1 | Non-Affiliated Issuer","Acuity Eyecare Holdings, LLC","Acuity Eyecare Holdings, LLC",First Lien,,,,15888000.0,15875000.0,15888000.0,,100.0,6.0,9.86,,,False,,,USD,15888000.0
GBDC,0001476765,0001476765-26-000048,10-Q,2026-06-30,2026-08-03,"Acuity Eyecare Holdings, LLC | One stop 2 | Non-Affiliated Issuer","Acuity Eyecare Holdings, LLC","Acuity Eyecare Holdings, LLC",First Lien,,,,18974000.0,18933000.0,18974000.0,,100.0,,,,16.5,True,,,USD,18974000.0
GBDC,0001476765,0001476765-26-000048,10-Q,2026-06-30,2026-08-03,"Acuity Eyecare Holdings, LLC | One stop 3 | Non-Affiliated Issuer","Acuity Eyecare Holdings, LLC","Acuity Eyecare Holdings, LLC",First Lien,,,,3924000.0,3921000.0,3924000.0,,100.0,6.25,10.13,,,False,,,USD,3924000.0
GBDC,0001476765,0001476765-26-000048,10-Q,2026-06-30,2026-08-03,"Acuity Eyecare Holdings, LLC | One stop 4 | Non-Affiliated Issuer","Acuity Eyecare Holdings, LLC","Acuity Eyecare Holdings, LLC",First Lien,,,,3495000.0,3492000.0,3495000.0,,100.0,6.25,10.11,,,False,,,USD,3495000.0
GBDC,0001476765,0001476765-26-000048,10-Q,2026-06-30,2026-08-03,"Acuity Eyecare Holdings, LLC | One stop 5 | Non-Affiliated Issuer","Acuity Eyecare Holdings, LLC","Acuity Eyecare Holdings, LLC",First Lien,,,,3504000.0,3500000.0,3504000.0,,100.0,6.25,10.13,,,False,,,USD,3504000.0
GBDC,0001476765,0001476765-26-000048,10-Q,2026-06-30,2026-08-03,"Acuity Eyecare Holdings, LLC | One stop 6 | Non-Affiliated Issuer","Acuity Eyecare Holdings, LLC","Acuity Eyecare Holdings, LLC",First Lien,,,,3082000.0,3080000.0,3082000.0,,100.0,6.25,10.13,,,False,,,USD,3082000.0
GBDC,0001476765,0001476765-26-000048,10-Q,2026-06-30,2026-08-03,"Acuity Eyecare Holdings, LLC | One stop 7 | Non-Affiliated Issuer","Acuity Eyecare Holdings, LLC","Acuity Eyecare Holdings, LLC",First Lien,,,,1970000.0,1969000.0,1970000.0,,100.0,6.0,9.83,,,False,,,USD,1970000.0
GBDC,0001476765,0001476765-26-000048,10-Q,2026-06-30,2026-08-03,"Acuity Eyecare Holdings, LLC | One stop 8 | Non-Affiliated Issuer","Acuity Eyecare Holdings, LLC","Acuity Eyecare Holdings, LLC",First Lien,,,,1795000.0,1794000.0,1795000.0,,100.0,6.25,10.13,,,False,,,USD,1795000.0
GBDC,0001476765,0001476765-26-000048,10-Q,2026-06-30,2026-08-03,"Acuity Eyecare Holdings, LLC | One stop 9 | Non-Affiliated Issuer","Acuity Eyecare Holdings, LLC","Acuity Eyecare Holdings, LLC",First Lien,,,,1005000.0,1004000.0,1005000.0,,100.0,6.0,9.83,,,False,,,USD,1005000.0
GBDC,0001476765,0001476765-26-000048,10-Q,2026-06-30,2026-08-03,"Acuity Eyecare Holdings, LLC | One stop 10 | Non-Affiliated Issuer","Acuity Eyecare Holdings, LLC","Acuity Eyecare Holdings, LLC",First Lien,,,,435000.0,435000.0,435000.0,,100.0,6.25,10.13,,,False,,,USD,435000.0
GBDC,0001476765,0001476765-26-000048,10-Q,2026-06-30,2026-08-03,"Acuity Eyecare Holdings, LLC | One stop 11 | Non-Affiliated Issuer","Acuity Eyecare Holdings, LLC","Acuity Eyecare Holdings, LLC",First Lien,,,,311000.0,306000.0,307000.0,,101.3,13.0,10.13,,6.75,True,,,USD,311000.0
GBDC,0001476765,0001476765-26-000048,10-Q,2026-06-30,2026-08-03,"Acuity Eyecare Holdings, LLC | One stop 12 | Non-Affiliated Issuer","Acuity Eyecare Holdings, LLC","Acuity Eyecare Holdings, LLC",First Lien,,,,208000.0,208000.0,208000.0,,100.0,6.0,9.81,,,False,,,USD,208000.0
GBDC,0001476765,0001476765-26-000048,10-Q,2026-06-30,2026-08-03,"Acuity Eyecare Holdings, LLC | One stop 13 | Non-Affiliated Issuer","Acuity Eyecare Holdings, LLC","Acuity Eyecare Holdings, LLC",First Lien,,,,160000.0,160000.0,160000.0,,100.0,6.25,10.13,,,False,,,USD,160000.0
GBDC,0001476765,0001476765-26-000048,10-Q,2026-06-30,2026-08-03,"Acuity Eyecare Holdings, LLC | Senior secured | Non-Affiliated Issuer","Acuity Eyecare Holdings, LLC","Acuity Eyecare Holdings, LLC",First Lien,,,,106000.0,106000.0,106000.0,,100.0,6.25,10.06,,,False,,,USD,106000.0
GBDC,0001476765,0001476765-26-000048,10-Q,2026-06-30,2026-08-03,"Acuity Eyecare Holdings, LLC | One stop 14 | Non-Affiliated Issuer","Acuity Eyecare Holdings, LLC","Acuity Eyecare Holdings, LLC",First Lien,,,,122000.0,121000.0,121000.0,,100.83,13.0,10.12,,6.75,True,,,USD,122000.0
GBDC,0001476765,0001476765-26-000048,10-Q,2026-06-30,2026-08-03,"Acuity Eyecare Holdings, LLC | One stop 15 | Non-Affiliated Issuer","Acuity Eyecare Holdings, LLC","Acuity Eyecare Holdings, LLC",First Lien,,,,497000.0,495000.0,500000.0,,99.4,5.75,9.59,,,False,,,USD,497000.0
GBDC,0001476765,0001476765-26-000048,10-Q,2026-06-30,2026-08-03,"Acuity Eyecare Holdings, LLC | One stop 16 | Non-Affiliated Issuer","Acuity Eyecare Holdings, LLC","Acuity Eyecare Holdings, LLC",First Lien,,,,1000.0,1000.0,1000.0,,100.0,6.25,10.13,,,False,,,USD,1000.0
GBDC,0001476765,0001476765-26-000048,10-Q,2026-06-30,2026-08-03,"Acuity Eyecare Holdings, LLC | One stop 17 | Non-Affiliated Issuer","Acuity Eyecare Holdings, LLC","Acuity Eyecare Holdings, LLC",First Lien,,,,0.0,0.0,0.0,,,,,,,False,,,USD,0.0
GBDC,0001476765,0001476765-26-000048,10-Q,2026-06-30,2026-08-03,"AVG Intermediate Holdings, LLC | Subordinated debt 1 | Non-Affiliated Issuer","AVG Intermediate Holdings, LLC","AVG Intermediate Holdings, LLC",Subordinated,,,,15817000.0,16018000.0,15946000.0,,99.19,,,,13.75,True,,,USD,15817000.0
GBDC,0001476765,0001476765-26-000048,10-Q,2026-06-30,2026-08-03,"AVG Intermediate Holdings, LLC | One stop 1 | Non-Affiliated Issuer","AVG Intermediate Holdings, LLC","AVG Intermediate Holdings, LLC",First Lien,,,,6269000.0,6292000.0,6303000.0,,99.46,6.0,9.74,,,False,,,USD,6269000.0
GBDC,0001476765,0001476765-26-000048,10-Q,2026-06-30,2026-08-03,"AVG Intermediate Holdings, LLC | One stop 2 | Non-Affiliated Issuer","AVG Intermediate Holdings, LLC","AVG Intermediate Holdings, LLC",First Lien,,,,5239000.0,5256000.0,5268000.0,,99.45,6.0,9.74,,,False,,,USD,5239000.0
GBDC,0001476765,0001476765-26-000048,10-Q,2026-06-30,2026-08-03,"AVG Intermediate Holdings, LLC | Subordinated debt 2 | Non-Affiliated Issuer","AVG Intermediate Holdings, LLC","AVG Intermediate Holdings, LLC",Subordinated,,,,3455000.0,3466000.0,3483000.0,,99.2,,,,13.75,True,,,USD,3455000.0
GBDC,0001476765,0001476765-26-000048,10-Q,2026-06-30,2026-08-03,"AVG Intermediate Holdings, LLC | Subordinated debt 3 | Non-Affiliated Issuer","AVG Intermediate Holdings, LLC","AVG Intermediate Holdings, LLC",Subordinated,,,,1321000.0,1326000.0,1332000.0,,99.17,,,,13.75,True,,,USD,1321000.0
GBDC,0001476765,0001476765-26-000048,10-Q,2026-06-30,2026-08-03,"AVG Intermediate Holdings, LLC | One stop 3 | Non-Affiliated Issuer","AVG Intermediate Holdings, LLC","AVG Intermediate Holdings, LLC",First Lien,,,,818000.0,820000.0,823000.0,,99.39,6.0,9.76,,,False,,,USD,818000.0
GBDC,0001476765,0001476765-26-000048,10-Q,2026-06-30,2026-08-03,"AVG Intermediate Holdings, LLC | One stop 4 | Non-Affiliated Issuer","AVG Intermediate Holdings, LLC","AVG Intermediate Holdings, LLC",First Lien,,,,496000.0,497000.0,499000.0,,99.4,6.0,9.76,,,False,,,USD,496000.0
GBDC,0001476765,0001476765-26-000048,10-Q,2026-06-30,2026-08-03,"AVG Intermediate Holdings, LLC | One stop 5 | Non-Affiliated Issuer","AVG Intermediate Holdings, LLC","AVG Intermediate Holdings, LLC",First Lien,,,,387000.0,388000.0,389000.0,,99.49,6.0,9.76,,,False,,,USD,387000.0
GBDC,0001476765,0001476765-26-000048,10-Q,2026-06-30,2026-08-03,"AVG Intermediate Holdings, LLC | One stop 6 | Non-Affiliated Issuer","AVG Intermediate Holdings, LLC","AVG Intermediate Holdings, LLC",First Lien,,,,0.0,0.0,0.0,,,,,,,False,,,USD,0.0
GBDC,0001476765,0001476765-26-000048,10-Q,2026-06-30,2026-08-03,"Bamboo US Bidco, LLC | One stop 1 | Non-Affiliated Issuer","Bamboo US Bidco, LLC","Bamboo US Bidco, LLC",First Lien,,,,1340000.0,1348000.0,1353000.0,,99.04,5.25,8.91,,,False,,,USD,1340000.0
GBDC,0001476765,0001476765-26-000048,10-Q,2026-06-30,2026-08-03,"Bamboo US Bidco, LLC | One stop 2 | Non-Affiliated Issuer","Bamboo US Bidco, LLC","Bamboo US Bidco, LLC",First Lien,,,,1347000.0,1360000.0,1360000.0,,99.04,5.25,8.91,,,False,,,USD,1347000.0
GBDC,0001476765,0001476765-26-000048,10-Q,2026-06-30,2026-08-03,"Bamboo US Bidco, LLC | One stop 3 | Non-Affiliated Issuer","Bamboo US Bidco, LLC","Bamboo US Bidco, LLC",First Lien,,,,2668000.0,2651000.0,2693000.0,,99.07,5.25,8.91,,,False,,,USD,2668000.0
GBDC,0001476765,0001476765-26-000048,10-Q,2026-06-30,2026-08-03,"Bamboo US Bidco, LLC | One stop 4 | Non-Affiliated Issuer","Bamboo US Bidco, LLC","Bamboo US Bidco, LLC",First Lien,,,,408000.0,410000.0,411000.0,,99.27,5.25,8.91,,,False,,,USD,408000.0
GBDC,0001476765,0001476765-26-000048,10-Q,2026-06-30,2026-08-03,"Bamboo US Bidco, LLC | One stop 5 | Non-Affiliated Issuer","Bamboo US Bidco, LLC","Bamboo US Bidco, LLC",First Lien,,,,188000.0,185000.0,194000.0,,96.91,5.25,8.89,,,False,,,USD,188000.0
GBDC,0001476765,0001476765-26-000048,10-Q,2026-06-30,2026-08-03,"Bamboo US Bidco, LLC | One stop 6 | Non-Affiliated Issuer","Bamboo US Bidco, LLC","Bamboo US Bidco, LLC",First Lien,,,,1896000.0,1740000.0,1914000.0,,99.06,5.25,7.4,,,False,,,USD,1896000.0
GBDC,0001476765,0001476765-26-000048,10-Q,2026-06-30,2026-08-03,"Benefit Plan Administrators of Eau Claire, LLC | One stop 1 | Non-Affiliated Issuer","Benefit Plan Administrators of Eau Claire, LLC","Benefit Plan Administrators of Eau Claire, LLC",First Lien,,,,-11000.0,-10000.0,0.0,,110.0,,,,,False,,,USD,-11000.0
GBDC,0001476765,0001476765-26-000048,10-Q,2026-06-30,2026-08-03,"Benefit Plan Administrators of Eau Claire, LLC | One stop 2 | Non-Affiliated Issuer","Benefit Plan Administrators of Eau Claire, LLC","Benefit Plan Administrators of Eau Claire, LLC",First Lien,,,,12810000.0,12816000.0,12874000.0,,99.5,4.75,8.42,,,False,,,USD,12810000.0
GBDC,0001476765,0001476765-26-000048,10-Q,2026-06-30,2026-08-03,"Benefit Plan Administrators of Eau Claire, LLC | One stop 3 | Non-Affiliated Issuer","Benefit Plan Administrators of Eau Claire, LLC","Benefit Plan Administrators of Eau Claire, LLC",First Lien,,,,3035000.0,3038000.0,3071000.0,,98.83,4.75,8.41,,,False,,,USD,3035000.0
GBDC,0001476765,0001476765-26-000048,10-Q,2026-06-30,2026-08-03,"Benefit Plan Administrators of Eau Claire, LLC | One stop 4 | Non-Affiliated Issuer","Benefit Plan Administrators of Eau Claire, LLC","Benefit Plan Administrators of Eau Claire, LLC",First Lien,,,,9825000.0,9828000.0,9875000.0,,99.49,4.75,8.42,,,False,,,USD,9825000.0
GBDC,0001476765,0001476765-26-000048,10-Q,2026-06-30,2026-08-03,"BHG Holdings, LLC | One stop 1 | Non-Affiliated Issuer","BHG Holdings, LLC","BHG Holdings, LLC",First Lien,,,,24420000.0,24429000.0,24608000.0,,99.24,5.5,9.16,,,False,,,USD,24420000.0
GBDC,0001476765,0001476765-26-000048,10-Q,2026-06-30,2026-08-03,"BHG Holdings, LLC | One stop 2 | Non-Affiliated Issuer","BHG Holdings, LLC","BHG Holdings, LLC",First Lien,,,,-24000.0,-23000.0,0.0,,104.35,,,,,False,,,USD,-24000.0
GBDC,0001476765,0001476765-26-000048,10-Q,2026-06-30,2026-08-03,"BHG Holdings, LLC | One stop 3 | Non-Affiliated Issuer","BHG Holdings, LLC","BHG Holdings, LLC",First Lien,,,,-54000.0,-51000.0,0.0,,105.88,,,,,False,,,USD,-54000.0
GBDC,0001476765,0001476765-26-000048,10-Q,2026-06-30,2026-08-03,"Community Care Partners, LLC | One stop | Non-Affiliated Issuer","Community Care Partners, LLC","Community Care Partners, LLC",First Lien,,,,3427000.0,3392000.0,3427000.0,,100.0,6.0,9.76,,,False,,,USD,3427000.0
GBDC,0001476765,0001476765-26-000048,10-Q,2026-06-30,2026-08-03,"Datix Bidco Limited and RL Datix Holdings, Inc. | One stop 1 | Non-Affiliated Issuer","Datix Bidco Limited and RL Datix Holdings, Inc.","Datix Bidco Limited and RL Datix Holdings, Inc.",First Lien,,,,761000.0,761000.0,771000.0,,98.7,5.0,8.73,,,False,,,USD,761000.0
GBDC,0001476765,0001476765-26-000048,10-Q,2026-06-30,2026-08-03,"Datix Bidco Limited and RL Datix Holdings, Inc. | One stop 2 | Non-Affiliated Issuer","Datix Bidco Limited and RL Datix Holdings, Inc.","Datix Bidco Limited and RL Datix Holdings, Inc.",First Lien,,,,467000.0,447000.0,474000.0,,98.52,5.0,8.73,,,False,,,USD,467000.0
GBDC,0001476765,0001476765-26-000048,10-Q,2026-06-30,2026-08-03,"Datix Bidco Limited and RL Datix Holdings, Inc. | One stop 3 | Non-Affiliated Issuer","Datix Bidco Limited and RL Datix Holdings, Inc.","Datix Bidco Limited and RL Datix Holdings, Inc.",First Lien,,,,-3000.0,-1000.0,0.0,,300.0,,,,,False,,,USD,-3000.0
GBDC,0001476765,0001476765-26-000048,10-Q,2026-06-30,2026-08-03,"Datix Bidco Limited and RL Datix Holdings, Inc. | One stop 4 | Non-Affiliated Issuer","Datix Bidco Limited and RL Datix Holdings, Inc.","Datix Bidco Limited and RL Datix Holdings, Inc.",First Lien,,,,-2000.0,-2000.0,0.0,,100.0,,,,,False,,,USD,-2000.0
GBDC,0001476765,0001476765-26-000048,10-Q,2026-06-30,2026-08-03,"Encorevet Group, LLC | One stop 1 | Non-Affiliated Issuer","Encorevet Group, LLC","Encorevet Group, LLC",First Lien,,,,15710000.0,15653000.0,15593000.0,,100.75,6.75,10.57,,,False,,,USD,15710000.0
GBDC,0001476765,0001476765-26-000048,10-Q,2026-06-30,2026-08-03,"Encorevet Group, LLC | One stop 2 | Non-Affiliated Issuer","Encorevet Group, LLC","Encorevet Group, LLC",First Lien,,,,8199000.0,8161000.0,8138000.0,,100.75,6.75,10.57,,,False,,,USD,8199000.0
GBDC,0001476765,0001476765-26-000048,10-Q,2026-06-30,2026-08-03,"Encorevet Group, LLC | One stop 3 | Non-Affiliated Issuer","Encorevet Group, LLC","Encorevet Group, LLC",First Lien,,,,4240000.0,4190000.0,4209000.0,,100.74,6.75,10.57,,,False,,,USD,4240000.0
GBDC,0001476765,0001476765-26-000048,10-Q,2026-06-30,2026-08-03,"Encorevet Group, LLC | One stop 4 | Non-Affiliated Issuer","Encorevet Group, LLC","Encorevet Group, LLC",First Lien,,,,2156000.0,2080000.0,2140000.0,,100.75,6.75,10.57,,,False,,,USD,2156000.0
GBDC,0001476765,0001476765-26-000048,10-Q,2026-06-30,2026-08-03,"Encorevet Group, LLC | One stop 5 | Non-Affiliated Issuer","Encorevet Group, LLC","Encorevet Group, LLC",First Lien,,,,1903000.0,1881000.0,1889000.0,,100.74,6.75,10.57,,,False,,,USD,1903000.0
GBDC,0001476765,0001476765-26-000048,10-Q,2026-06-30,2026-08-03,"Encorevet Group, LLC | One stop 6 | Non-Affiliated Issuer","Encorevet Group, LLC","Encorevet Group, LLC",First Lien,,,,1185000.0,1165000.0,1176000.0,,100.77,6.75,10.57,,,False,,,USD,1185000.0
GBDC,0001476765,0001476765-26-000048,10-Q,2026-06-30,2026-08-03,"Encorevet Group, LLC | One stop 7 | Non-Affiliated Issuer","Encorevet Group, LLC","Encorevet Group, LLC",First Lien,,,,984000.0,945000.0,977000.0,,100.72,6.75,10.57,,,False,,,USD,984000.0
GBDC,0001476765,0001476765-26-000048,10-Q,2026-06-30,2026-08-03,"Encorevet Group, LLC | One stop 8 | Non-Affiliated Issuer","Encorevet Group, LLC","Encorevet Group, LLC",First Lien,,,,969000.0,939000.0,961000.0,,100.83,6.75,10.57,,,False,,,USD,969000.0
GBDC,0001476765,0001476765-26-000048,10-Q,2026-06-30,2026-08-03,"Encorevet Group, LLC | One stop 9 | Non-Affiliated Issuer","Encorevet Group, LLC","Encorevet Group, LLC",First Lien,,,,927000.0,899000.0,921000.0,,100.65,6.75,10.57,,,False,,,USD,927000.0
GBDC,0001476765,0001476765-26-000048,10-Q,2026-06-30,2026-08-03,"Encorevet Group, LLC | One stop 10 | Non-Affiliated Issuer","Encorevet Group, LLC","Encorevet Group, LLC",First Lien,,,,840000.0,813000.0,833000.0,,100.84,6.75,10.57,,,False,,,USD,840000.0
GBDC,0001476765,0001476765-26-000048,10-Q,2026-06-30,2026-08-03,"Encorevet Group, LLC | One stop 11 | Non-Affiliated Issuer","Encorevet Group, LLC","Encorevet Group, LLC",First Lien,,,,426000.0,409000.0,423000.0,,100.71,6.75,10.57,,,False,,,USD,426000.0
GBDC,0001476765,0001476765-26-000048,10-Q,2026-06-30,2026-08-03,"Encorevet Group, LLC | One stop 12 | Non-Affiliated Issuer","Encorevet Group, LLC","Encorevet Group, LLC",First Lien,,,,361000.0,349000.0,358000.0,,100.84,6.75,10.57,,,False,,,USD,361000.0
GBDC,0001476765,0001476765-26-000048,10-Q,2026-06-30,2026-08-03,"Encorevet Group, LLC | One stop 13 | Non-Affiliated Issuer","Encorevet Group, LLC","Encorevet Group, LLC",First Lien,,,,176000.0,170000.0,174000.0,,101.15,6.75,10.57,,,False,,,USD,176000.0
GBDC,0001476765,0001476765-26-000048,10-Q,2026-06-30,2026-08-03,"Encorevet Group, LLC | One stop 14 | Non-Affiliated Issuer","Encorevet Group, LLC","Encorevet Group, LLC",First Lien,,,,169000.0,163000.0,168000.0,,100.6,6.75,10.57,,,False,,,USD,169000.0
GBDC,0001476765,0001476765-26-000048,10-Q,2026-06-30,2026-08-03,"Encorevet Group, LLC | One stop 15 | Non-Affiliated Issuer","Encorevet Group, LLC","Encorevet Group, LLC",First Lien,,,,96000.0,92000.0,94000.0,,102.13,6.75,10.61,,,False,,,USD,96000.0
GBDC,0001476765,0001476765-26-000048,10-Q,2026-06-30,2026-08-03,"Encorevet Group, LLC | One stop 16 | Non-Affiliated Issuer","Encorevet Group, LLC","Encorevet Group, LLC",First Lien,,,,112000.0,114000.0,120000.0,,93.33,,,,13.0,True,,,USD,112000.0
GBDC,0001476765,0001476765-26-000048,10-Q,2026-06-30,2026-08-03,"Encorevet Group, LLC | One stop 17 | Non-Affiliated Issuer","Encorevet Group, LLC","Encorevet Group, LLC",First Lien,,,,247000.0,244000.0,244000.0,,101.23,8.75,12.56,,,False,,,USD,247000.0
GBDC,0001476765,0001476765-26-000048,10-Q,2026-06-30,2026-08-03,"ERC Topco Holdings, LLC | One stop 1 | Non-Affiliated Issuer","ERC Topco Holdings, LLC","ERC Topco Holdings, LLC",First Lien,,,,1402000.0,1345000.0,1402000.0,,100.0,5.5,9.48,,,False,,,USD,1402000.0
GBDC,0001476765,0001476765-26-000048,10-Q,2026-06-30,2026-08-03,"ERC Topco Holdings, LLC | One stop 2 | Non-Affiliated Issuer","ERC Topco Holdings, LLC","ERC Topco Holdings, LLC",First Lien,,,,6714000.0,7711000.0,8289000.0,,81.0,6.5,,,10.46,True,,,USD,6714000.0
GBDC,0001476765,0001476765-26-000048,10-Q,2026-06-30,2026-08-03,"ERC Topco Holdings, LLC | One stop 3 | Non-Affiliated Issuer","ERC Topco Holdings, LLC","ERC Topco Holdings, LLC",First Lien,,,,0.0,0.0,0.0,,,,,,,False,,,USD,0.0
GBDC,0001476765,0001476765-26-000048,10-Q,2026-06-30,2026-08-03,"FYI Optical Acquisitions, Inc. | One stop 1 | Non-Affiliated Issuer","FYI Optical Acquisitions, Inc.","FYI Optical Acquisitions, Inc.",First Lien,,,,10739000.0,11304000.0,10739000.0,,100.0,5.25,7.55,,,False,,,USD,10739000.0
GBDC,0001476765,0001476765-26-000048,10-Q,2026-06-30,2026-08-03,"FYI Optical Acquisitions, Inc. | One stop 2 | Non-Affiliated Issuer","FYI Optical Acquisitions, Inc.","FYI Optical Acquisitions, Inc.",First Lien,,,,3882000.0,4043000.0,3882000.0,,100.0,5.25,7.55,,,False,,,USD,3882000.0
GBDC,0001476765,0001476765-26-000048,10-Q,2026-06-30,2026-08-03,"FYI Optical Acquisitions, Inc. | One stop 3 | Non-Affiliated Issuer","FYI Optical Acquisitions, Inc.","FYI Optical Acquisitions, Inc.",First Lien,,,,2643000.0,2768000.0,2643000.0,,100.0,5.25,7.55,,,False,,,USD,2643000.0
GBDC,0001476765,0001476765-26-000048,10-Q,2026-06-30,2026-08-03,"FYI Optical Acquisitions, Inc. | One stop 4 | Non-Affiliated Issuer","FYI Optical Acquisitions, Inc.","FYI Optical Acquisitions, Inc.",First Lien,,,,2517000.0,2627000.0,2517000.0,,100.0,5.25,7.55,,,False,,,USD,2517000.0
GBDC,0001476765,0001476765-26-000048,10-Q,2026-06-30,2026-08-03,"FYI Optical Acquisitions, Inc. | One stop 5 | Non-Affiliated Issuer","FYI Optical Acquisitions, Inc.","FYI Optical Acquisitions, Inc.",First Lien,,,,1104000.0,1099000.0,1104000.0,,100.0,5.25,8.91,,,False,,,USD,1104000.0
GBDC,0001476765,0001476765-26-000048,10-Q,2026-06-30,2026-08-03,"FYI Optical Acquisitions, Inc. | One stop 6 | Non-Affiliated Issuer","FYI Optical Acquisitions, Inc.","FYI Optical Acquisitions, Inc.",First Lien,,,,554000.0,552000.0,554000.0,,100.0,5.25,8.91,,,False,,,USD,554000.0
GBDC,0001476765,0001476765-26-000048,10-Q,2026-06-30,2026-08-03,"FYI Optical Acquisitions, Inc. | One stop 7 | Non-Affiliated Issuer","FYI Optical Acquisitions, Inc.","FYI Optical Acquisitions, Inc.",First Lien,,,,459000.0,472000.0,459000.0,,100.0,5.25,7.55,,,False,,,USD,459000.0
GBDC,0001476765,0001476765-26-000048,10-Q,2026-06-30,2026-08-03,"FYI Optical Acquisitions, Inc. | One stop 8 | Non-Affiliated Issuer","FYI Optical Acquisitions, Inc.","FYI Optical Acquisitions, Inc.",First Lien,,,,277000.0,279000.0,277000.0,,100.0,5.25,7.55,,,False,,,USD,277000.0
GBDC,0001476765,0001476765-26-000048,10-Q,2026-06-30,2026-08-03,"FYI Optical Acquisitions, Inc. | One stop 9 | Non-Affiliated Issuer","FYI Optical Acquisitions, Inc.","FYI Optical Acquisitions, Inc.",First Lien,,,,204000.0,209000.0,204000.0,,100.0,5.25,7.55,,,False,,,USD,204000.0
GBDC,0001476765,0001476765-26-000048,10-Q,2026-06-30,2026-08-03,"Heartland Veterinary Partners, LLC | Senior secured 1 | Non-Affiliated Issuer","Heartland Veterinary Partners, LLC","Heartland Veterinary Partners, LLC",First Lien,,,,2487000.0,2490000.0,2487000.0,,100.0,4.75,8.7,,,False,,,USD,2487000.0
GBDC,0001476765,0001476765-26-000048,10-Q,2026-06-30,2026-08-03,"Heartland Veterinary Partners, LLC | Senior secured 2 | Non-Affiliated Issuer","Heartland Veterinary Partners, LLC","Heartland Veterinary Partners, LLC",First Lien,,,,1180000.0,1178000.0,1180000.0,,100.0,4.75,8.7,,,False,,,USD,1180000.0
GBDC,0001476765,0001476765-26-000048,10-Q,2026-06-30,2026-08-03,"Heartland Veterinary Partners, LLC | Senior secured 3 | Non-Affiliated Issuer","Heartland Veterinary Partners, LLC","Heartland Veterinary Partners, LLC",First Lien,,,,0.0,0.0,0.0,,,,,,,False,,,USD,0.0
GBDC,0001476765,0001476765-26-000048,10-Q,2026-06-30,2026-08-03,"HP TLE Buyer, Inc. | One stop 1 | Non-Affiliated Issuer","HP TLE Buyer, Inc.","HP TLE Buyer, Inc.",First Lien,,,,2139000.0,2130000.0,2139000.0,,100.0,4.75,8.48,,,False,,,USD,2139000.0
GBDC,0001476765,0001476765-26-000048,10-Q,2026-06-30,2026-08-03,"HP TLE Buyer, Inc. | One stop 2 | Non-Affiliated Issuer","HP TLE Buyer, Inc.","HP TLE Buyer, Inc.",First Lien,,,,0.0,-2000.0,0.0,,-0.0,,,,,False,,,USD,0.0
GBDC,0001476765,0001476765-26-000048,10-Q,2026-06-30,2026-08-03,"Krueger-Gilbert Health Physics, LLC | Senior secured 1 | Non-Affiliated Issuer","Krueger-Gilbert Health Physics, LLC","Krueger-Gilbert Health Physics, LLC",First Lien,,,,2550000.0,2551000.0,2552000.0,,99.92,5.0,8.73,,,False,,,USD,2550000.0
GBDC,0001476765,0001476765-26-000048,10-Q,2026-06-30,2026-08-03,"Krueger-Gilbert Health Physics, LLC | Senior secured 2 | Non-Affiliated Issuer","Krueger-Gilbert Health Physics, LLC","Krueger-Gilbert Health Physics, LLC",First Lien,,,,2062000.0,2063000.0,2065000.0,,99.85,5.0,8.73,,,False,,,USD,2062000.0
GBDC,0001476765,0001476765-26-000048,10-Q,2026-06-30,2026-08-03,"Krueger-Gilbert Health Physics, LLC | Senior secured 3 | Non-Affiliated Issuer","Krueger-Gilbert Health Physics, LLC","Krueger-Gilbert Health Physics, LLC",First Lien,,,,1496000.0,1496000.0,1497000.0,,99.93,5.0,8.73,,,False,,,USD,1496000.0
GBDC,0001476765,0001476765-26-000048,10-Q,2026-06-30,2026-08-03,"Krueger-Gilbert Health Physics, LLC | Senior secured 4 | Non-Affiliated Issuer","Krueger-Gilbert Health Physics, LLC","Krueger-Gilbert Health Physics, LLC",First Lien,,,,1377000.0,1377000.0,1378000.0,,99.93,5.0,8.73,,,False,,,USD,1377000.0
GBDC,0001476765,0001476765-26-000048,10-Q,2026-06-30,2026-08-03,"Krueger-Gilbert Health Physics, LLC | Senior secured 5 | Non-Affiliated Issuer","Krueger-Gilbert Health Physics, LLC","Krueger-Gilbert Health Physics, LLC",First Lien,,,,603000.0,603000.0,604000.0,,99.83,5.0,8.73,,,False,,,USD,603000.0
GBDC,0001476765,0001476765-26-000048,10-Q,2026-06-30,2026-08-03,"Krueger-Gilbert Health Physics, LLC | Senior secured 6 | Non-Affiliated Issuer","Krueger-Gilbert Health Physics, LLC","Krueger-Gilbert Health Physics, LLC",First Lien,,,,284000.0,284000.0,284000.0,,100.0,5.0,8.73,,,False,,,USD,284000.0
GBDC,0001476765,0001476765-26-000048,10-Q,2026-06-30,2026-08-03,"Krueger-Gilbert Health Physics, LLC | Senior secured 7 | Non-Affiliated Issuer","Krueger-Gilbert Health Physics, LLC","Krueger-Gilbert Health Physics, LLC",First Lien,,,,0.0,0.0,0.0,,,,,,,False,,,USD,0.0
GBDC,0001476765,0001476765-26-000048,10-Q,2026-06-30,2026-08-03,"Krueger-Gilbert Health Physics, LLC | One stop 1 | Non-Affiliated Issuer","Krueger-Gilbert Health Physics, LLC","Krueger-Gilbert Health Physics, LLC",First Lien,,,,659000.0,659000.0,659000.0,,100.0,5.0,8.73,,,False,,,USD,659000.0
GBDC,0001476765,0001476765-26-000048,10-Q,2026-06-30,2026-08-03,"Krueger-Gilbert Health Physics, LLC | Senior secured 8 | Non-Affiliated Issuer","Krueger-Gilbert Health Physics, LLC","Krueger-Gilbert Health Physics, LLC",First Lien,,,,295000.0,295000.0,295000.0,,100.0,5.0,8.73,,,False,,,USD,295000.0
GBDC,0001476765,0001476765-26-000048,10-Q,2026-06-30,2026-08-03,"Krueger-Gilbert Health Physics, LLC | One stop 2 | Non-Affiliated Issuer","Krueger-Gilbert Health Physics, LLC","Krueger-Gilbert Health Physics, LLC",First Lien,,,,499000.0,499000.0,500000.0,,99.8,5.0,8.73,,,False,,,USD,499000.0
GBDC,0001476765,0001476765-26-000048,10-Q,2026-06-30,2026-08-03,"LOV Acquisition, LLC | Senior secured 1 | Non-Affiliated Issuer","LOV Acquisition, LLC","LOV Acquisition, LLC",First Lien,,,,22346000.0,22253000.0,22346000.0,,100.0,4.25,7.89,,,False,,,USD,22346000.0
GBDC,0001476765,0001476765-26-000048,10-Q,2026-06-30,2026-08-03,"LOV Acquisition, LLC | Senior secured 2 | Non-Affiliated Issuer","LOV Acquisition, LLC","LOV Acquisition, LLC",First Lien,,,,0.0,-10000.0,0.0,,-0.0,,,,,False,,,USD,0.0
GBDC,0001476765,0001476765-26-000048,10-Q,2026-06-30,2026-08-03,New Look Corporation | One stop 1 | Non-Affiliated Issuer,New Look Corporation,New Look Corporation,First Lien,,,,24795000.0,27648000.0,24795000.0,,100.0,5.25,7.54,,,False,,,USD,24795000.0
GBDC,0001476765,0001476765-26-000048,10-Q,2026-06-30,2026-08-03,New Look Corporation | One stop 2 | Non-Affiliated Issuer,New Look Corporation,New Look Corporation,First Lien,,,,5775000.0,5713000.0,5775000.0,,100.0,5.25,8.98,,,False,,,USD,5775000.0
GBDC,0001476765,0001476765-26-000048,10-Q,2026-06-30,2026-08-03,New Look Corporation | One stop 3 | Non-Affiliated Issuer,New Look Corporation,New Look Corporation,First Lien,,,,4076000.0,4018000.0,4076000.0,,100.0,5.25,8.98,,,False,,,USD,4076000.0
GBDC,0001476765,0001476765-26-000048,10-Q,2026-06-30,2026-08-03,New Look Corporation | One stop 4 | Non-Affiliated Issuer,New Look Corporation,New Look Corporation,First Lien,,,,1535000.0,1670000.0,1535000.0,,100.0,5.25,7.54,,,False,,,USD,1535000.0
GBDC,0001476765,0001476765-26-000048,10-Q,2026-06-30,2026-08-03,New Look Corporation | One stop 5 | Non-Affiliated Issuer,New Look Corporation,New Look Corporation,First Lien,,,,800000.0,856000.0,800000.0,,100.0,5.25,7.54,,,False,,,USD,800000.0
GBDC,0001476765,0001476765-26-000048,10-Q,2026-06-30,2026-08-03,New Look Corporation | One stop 6 | Non-Affiliated Issuer,New Look Corporation,New Look Corporation,First Lien,,,,129000.0,125000.0,129000.0,,100.0,5.25,8.98,,,False,,,USD,129000.0
GBDC,0001476765,0001476765-26-000048,10-Q,2026-06-30,2026-08-03,New Look Corporation | One stop 7 | Non-Affiliated Issuer,New Look Corporation,New Look Corporation,First Lien,,,,142000.0,137000.0,142000.0,,100.0,5.25,7.54,,,False,,,USD,142000.0
GBDC,0001476765,0001476765-26-000048,10-Q,2026-06-30,2026-08-03,New Look Corporation | One stop 8 | Non-Affiliated Issuer,New Look Corporation,New Look Corporation,First Lien,,,,0.0,-2000.0,0.0,,-0.0,,,,,False,,,USD,0.0
GBDC,0001476765,0001476765-26-000048,10-Q,2026-06-30,2026-08-03,"Pinnacle Treatment Centers, Inc. | One stop 1 | Non-Affiliated Issuer","Pinnacle Treatment Centers, Inc.","Pinnacle Treatment Centers, Inc.",First Lien,,,,17625000.0,17930000.0,17984000.0,,98.0,5.75,9.42,,,False,,,USD,17625000.0
GBDC,0001476765,0001476765-26-000048,10-Q,2026-06-30,2026-08-03,"Pinnacle Treatment Centers, Inc. | One stop 2 | Non-Affiliated Issuer","Pinnacle Treatment Centers, Inc.","Pinnacle Treatment Centers, Inc.",First Lien,,,,11810000.0,12029000.0,12051000.0,,98.0,5.75,9.42,,,False,,,USD,11810000.0
GBDC,0001476765,0001476765-26-000048,10-Q,2026-06-30,2026-08-03,"Pinnacle Treatment Centers, Inc. | One stop 3 | Non-Affiliated Issuer","Pinnacle Treatment Centers, Inc.","Pinnacle Treatment Centers, Inc.",First Lien,,,,2375000.0,2420000.0,2424000.0,,97.98,5.75,9.42,,,False,,,USD,2375000.0
GBDC,0001476765,0001476765-26-000048,10-Q,2026-06-30,2026-08-03,"Pinnacle Treatment Centers, Inc. | One stop 4 | Non-Affiliated Issuer","Pinnacle Treatment Centers, Inc.","Pinnacle Treatment Centers, Inc.",First Lien,,,,2295000.0,2337000.0,2342000.0,,97.99,5.75,9.42,,,False,,,USD,2295000.0
GBDC,0001476765,0001476765-26-000048,10-Q,2026-06-30,2026-08-03,"Pinnacle Treatment Centers, Inc. | One stop 5 | Non-Affiliated Issuer","Pinnacle Treatment Centers, Inc.","Pinnacle Treatment Centers, Inc.",First Lien,,,,1450000.0,1477000.0,1479000.0,,98.04,5.75,9.42,,,False,,,USD,1450000.0
GBDC,0001476765,0001476765-26-000048,10-Q,2026-06-30,2026-08-03,"Pinnacle Treatment Centers, Inc. | One stop 6 | Non-Affiliated Issuer","Pinnacle Treatment Centers, Inc.","Pinnacle Treatment Centers, Inc.",First Lien,,,,1317000.0,1342000.0,1344000.0,,97.99,5.75,9.42,,,False,,,USD,1317000.0
GBDC,0001476765,0001476765-26-000048,10-Q,2026-06-30,2026-08-03,"Pinnacle Treatment Centers, Inc. | One stop 7 | Non-Affiliated Issuer","Pinnacle Treatment Centers, Inc.","Pinnacle Treatment Centers, Inc.",First Lien,,,,654000.0,667000.0,668000.0,,97.9,5.75,9.42,,,False,,,USD,654000.0
GBDC,0001476765,0001476765-26-000048,10-Q,2026-06-30,2026-08-03,"Pinnacle Treatment Centers, Inc. | One stop 8 | Non-Affiliated Issuer","Pinnacle Treatment Centers, Inc.","Pinnacle Treatment Centers, Inc.",First Lien,,,,513000.0,519000.0,524000.0,,97.9,5.75,9.42,,,False,,,USD,513000.0
GBDC,0001476765,0001476765-26-000048,10-Q,2026-06-30,2026-08-03,"Pinnacle Treatment Centers, Inc. | One stop 9 | Non-Affiliated Issuer","Pinnacle Treatment Centers, Inc.","Pinnacle Treatment Centers, Inc.",First Lien,,,,173000.0,176000.0,176000.0,,98.3,5.75,9.42,,,False,,,USD,173000.0
GBDC,0001476765,0001476765-26-000048,10-Q,2026-06-30,2026-08-03,"Pinnacle Treatment Centers, Inc. | One stop 10 | Non-Affiliated Issuer","Pinnacle Treatment Centers, Inc.","Pinnacle Treatment Centers, Inc.",First Lien,,,,99000.0,101000.0,101000.0,,98.02,5.75,9.42,,,False,,,USD,99000.0
GBDC,0001476765,0001476765-26-000048,10-Q,2026-06-30,2026-08-03,"Pinnacle Treatment Centers, Inc. | One stop 11 | Non-Affiliated Issuer","Pinnacle Treatment Centers, Inc.","Pinnacle Treatment Centers, Inc.",First Lien,,,,786000.0,793000.0,812000.0,,96.8,4.5,10.59,,,False,,,USD,786000.0
GBDC,0001476765,0001476765-26-000048,10-Q,2026-06-30,2026-08-03,"PPV Intermediate Holdings, LLC | One stop 1 | Non-Affiliated Issuer","PPV Intermediate Holdings, LLC","PPV Intermediate Holdings, LLC",First Lien,,,,256000.0,266000.0,271000.0,,94.46,5.75,9.4,,,False,,,USD,256000.0
GBDC,0001476765,0001476765-26-000048,10-Q,2026-06-30,2026-08-03,"PPV Intermediate Holdings, LLC | One stop 2 | Non-Affiliated Issuer","PPV Intermediate Holdings, LLC","PPV Intermediate Holdings, LLC",First Lien,,,,13661000.0,13889000.0,13940000.0,,98.0,5.75,9.42,,,False,,,USD,13661000.0
GBDC,0001476765,0001476765-26-000048,10-Q,2026-06-30,2026-08-03,"PPV Intermediate Holdings, LLC | One stop 3 | Non-Affiliated Issuer","PPV Intermediate Holdings, LLC","PPV Intermediate Holdings, LLC",First Lien,,,,2177000.0,2263000.0,2286000.0,,95.23,,,,13.75,True,,,USD,2177000.0
GBDC,0001476765,0001476765-26-000048,10-Q,2026-06-30,2026-08-03,"PPV Intermediate Holdings, LLC | One stop 4 | Non-Affiliated Issuer","PPV Intermediate Holdings, LLC","PPV Intermediate Holdings, LLC",First Lien,,,,91000.0,93000.0,95000.0,,95.79,,,,13.75,True,,,USD,91000.0
GBDC,0001476765,0001476765-26-000048,10-Q,2026-06-30,2026-08-03,"PPV Intermediate Holdings, LLC | One stop 5 | Non-Affiliated Issuer","PPV Intermediate Holdings, LLC","PPV Intermediate Holdings, LLC",First Lien,,,,503000.0,524000.0,528000.0,,95.27,,,,13.75,True,,,USD,503000.0
GBDC,0001476765,0001476765-26-000048,10-Q,2026-06-30,2026-08-03,"PPV Intermediate Holdings, LLC | One stop 6 | Non-Affiliated Issuer","PPV Intermediate Holdings, LLC","PPV Intermediate Holdings, LLC",First Lien,,,,92000.0,96000.0,97000.0,,94.85,,,,13.75,True,,,USD,92000.0
GBDC,0001476765,0001476765-26-000048,10-Q,2026-06-30,2026-08-03,"PPV Intermediate Holdings, LLC | One stop 7 | Non-Affiliated Issuer","PPV Intermediate Holdings, LLC","PPV Intermediate Holdings, LLC",First Lien,,,,11339000.0,11589000.0,11541000.0,,98.25,,,,14.75,True,,,USD,11339000.0
GBDC,0001476765,0001476765-26-000048,10-Q,2026-06-30,2026-08-03,"PPV Intermediate Holdings, LLC | One stop 8 | Non-Affiliated Issuer","PPV Intermediate Holdings, LLC","PPV Intermediate Holdings, LLC",First Lien,,,,5272000.0,5384000.0,5446000.0,,96.8,5.25,8.92,,,False,,,USD,5272000.0
GBDC,0001476765,0001476765-26-000048,10-Q,2026-06-30,2026-08-03,Premise Health Holding Corp. | One stop 1 | Non-Affiliated Issuer,Premise Health Holding Corp.,Premise Health Holding Corp.,First Lien,,,,1354000.0,1360000.0,1367000.0,,99.05,4.75,8.48,,,False,,,USD,1354000.0
GBDC,0001476765,0001476765-26-000048,10-Q,2026-06-30,2026-08-03,Premise Health Holding Corp. | One stop 2 | Non-Affiliated Issuer,Premise Health Holding Corp.,Premise Health Holding Corp.,First Lien,,,,-1000.0,-2000.0,0.0,,50.0,,,,,False,,,USD,-1000.0
GBDC,0001476765,0001476765-26-000048,10-Q,2026-06-30,2026-08-03,Premise Health Holding Corp. | One stop 3 | Non-Affiliated Issuer,Premise Health Holding Corp.,Premise Health Holding Corp.,First Lien,,,,648000.0,648000.0,654000.0,,99.08,4.75,8.48,,,False,,,USD,648000.0
GBDC,0001476765,0001476765-26-000048,10-Q,2026-06-30,2026-08-03,Premise Health Holding Corp. | One stop 4 | Non-Affiliated Issuer,Premise Health Holding Corp.,Premise Health Holding Corp.,First Lien,,,,494000.0,494000.0,499000.0,,99.0,4.75,8.48,,,False,,,USD,494000.0
GBDC,0001476765,0001476765-26-000048,10-Q,2026-06-30,2026-08-03,Premise Health Holding Corp. | One stop 5 | Non-Affiliated Issuer,Premise Health Holding Corp.,Premise Health Holding Corp.,First Lien,,,,163000.0,163000.0,165000.0,,98.79,4.75,8.48,,,False,,,USD,163000.0
GBDC,0001476765,0001476765-26-000048,10-Q,2026-06-30,2026-08-03,Pyramid Healthcare Acquisition Corp. | One stop 1 | Non-Affiliated Issuer,Pyramid Healthcare Acquisition Corp.,Pyramid Healthcare Acquisition Corp.,First Lien,,,,24587000.0,24665000.0,24645000.0,,99.76,4.75,8.56,,,False,,,USD,24587000.0
GBDC,0001476765,0001476765-26-000048,10-Q,2026-06-30,2026-08-03,Pyramid Healthcare Acquisition Corp. | One stop 2 | Non-Affiliated Issuer,Pyramid Healthcare Acquisition Corp.,Pyramid Healthcare Acquisition Corp.,First Lien,,,,2542000.0,2543000.0,2549000.0,,99.73,4.75,8.56,,,False,,,USD,2542000.0
GBDC,0001476765,0001476765-26-000048,10-Q,2026-06-30,2026-08-03,Pyramid Healthcare Acquisition Corp. | One stop 3 | Non-Affiliated Issuer,Pyramid Healthcare Acquisition Corp.,Pyramid Healthcare Acquisition Corp.,First Lien,,,,2125000.0,2129000.0,2131000.0,,99.72,4.75,8.56,,,False,,,USD,2125000.0
GBDC,0001476765,0001476765-26-000048,10-Q,2026-06-30,2026-08-03,Pyramid Healthcare Acquisition Corp. | One stop 4 | Non-Affiliated Issuer,Pyramid Healthcare Acquisition Corp.,Pyramid Healthcare Acquisition Corp.,First Lien,,,,1168000.0,1170000.0,1171000.0,,99.74,4.75,8.57,,,False,,,USD,1168000.0
GBDC,0001476765,0001476765-26-000048,10-Q,2026-06-30,2026-08-03,Pyramid Healthcare Acquisition Corp. | One stop 5 | Non-Affiliated Issuer,Pyramid Healthcare Acquisition Corp.,Pyramid Healthcare Acquisition Corp.,First Lien,,,,1070000.0,1071000.0,1072000.0,,99.81,4.75,8.56,,,False,,,USD,1070000.0
GBDC,0001476765,0001476765-26-000048,10-Q,2026-06-30,2026-08-03,Pyramid Healthcare Acquisition Corp. | One stop 6 | Non-Affiliated Issuer,Pyramid Healthcare Acquisition Corp.,Pyramid Healthcare Acquisition Corp.,First Lien,,,,722000.0,723000.0,724000.0,,99.72,4.75,8.56,,,False,,,USD,722000.0
GBDC,0001476765,0001476765-26-000048,10-Q,2026-06-30,2026-08-03,Pyramid Healthcare Acquisition Corp. | One stop 7 | Non-Affiliated Issuer,Pyramid Healthcare Acquisition Corp.,Pyramid Healthcare Acquisition Corp.,First Lien,,,,240000.0,240000.0,241000.0,,99.59,4.75,8.56,,,False,,,USD,240000.0
GBDC,0001476765,0001476765-26-000048,10-Q,2026-06-30,2026-08-03,Pyramid Healthcare Acquisition Corp. | One stop 8 | Non-Affiliated Issuer,Pyramid Healthcare Acquisition Corp.,Pyramid Healthcare Acquisition Corp.,First Lien,,,,211000.0,212000.0,212000.0,,99.53,4.75,8.56,,,False,,,USD,211000.0
GBDC,0001476765,0001476765-26-000048,10-Q,2026-06-30,2026-08-03,Pyramid Healthcare Acquisition Corp. | One stop 9 | Non-Affiliated Issuer,Pyramid Healthcare Acquisition Corp.,Pyramid Healthcare Acquisition Corp.,First Lien,,,,198000.0,198000.0,198000.0,,100.0,4.75,8.56,,,False,,,USD,198000.0
GBDC,0001476765,0001476765-26-000048,10-Q,2026-06-30,2026-08-03,Pyramid Healthcare Acquisition Corp. | One stop 10 | Non-Affiliated Issuer,Pyramid Healthcare Acquisition Corp.,Pyramid Healthcare Acquisition Corp.,First Lien,,,,198000.0,198000.0,198000.0,,100.0,4.75,8.57,,,False,,,USD,198000.0
GBDC,0001476765,0001476765-26-000048,10-Q,2026-06-30,2026-08-03,Pyramid Healthcare Acquisition Corp. | One stop 11 | Non-Affiliated Issuer,Pyramid Healthcare Acquisition Corp.,Pyramid Healthcare Acquisition Corp.,First Lien,,,,78000.0,78000.0,78000.0,,100.0,4.75,8.56,,,False,,,USD,78000.0
GBDC,0001476765,0001476765-26-000048,10-Q,2026-06-30,2026-08-03,Pyramid Healthcare Acquisition Corp. | One stop 12 | Non-Affiliated Issuer,Pyramid Healthcare Acquisition Corp.,Pyramid Healthcare Acquisition Corp.,First Lien,,,,120000.0,120000.0,120000.0,,100.0,4.75,8.59,,,False,,,USD,120000.0
GBDC,0001476765,0001476765-26-000048,10-Q,2026-06-30,2026-08-03,"Signature MD, Inc. | One stop 1 | Non-Affiliated Issuer","Signature MD, Inc.","Signature MD, Inc.",First Lien,,,,303000.0,300000.0,302000.0,,100.33,4.5,8.14,,,False,,,USD,303000.0
GBDC,0001476765,0001476765-26-000048,10-Q,2026-06-30,2026-08-03,"Signature MD, Inc. | One stop 3 | Non-Affiliated Issuer","Signature MD, Inc.","Signature MD, Inc.",First Lien,,,,1000.0,-1000.0,,,-100.0,,,,,False,,,USD,1000.0
GBDC,0001476765,0001476765-26-000048,10-Q,2026-06-30,2026-08-03,"Suveto Buyer, LLC | One stop 1 | Non-Affiliated Issuer","Suveto Buyer, LLC","Suveto Buyer, LLC",First Lien,,,,-1000.0,-1000.0,,,100.0,,,,,False,,,USD,-1000.0
GBDC,0001476765,0001476765-26-000048,10-Q,2026-06-30,2026-08-03,"Suveto Buyer, LLC | One stop 2 | Non-Affiliated Issuer","Suveto Buyer, LLC","Suveto Buyer, LLC",First Lien,,,,27198000.0,27243000.0,27245000.0,,99.83,4.5,8.14,,,False,,,USD,27198000.0
GBDC,0001476765,0001476765-26-000048,10-Q,2026-06-30,2026-08-03,"Suveto Buyer, LLC | One stop 3 | Non-Affiliated Issuer","Suveto Buyer, LLC","Suveto Buyer, LLC",First Lien,,,,19144000.0,19149000.0,19200000.0,,99.71,4.5,8.14,,,False,,,USD,19144000.0
GBDC,0001476765,0001476765-26-000048,10-Q,2026-06-30,2026-08-03,Amberfield Acquisition Co. | One stop 1 | Non-Affiliated Issuer,Amberfield Acquisition Co.,Amberfield Acquisition Co.,First Lien,,,,7116000.0,7115000.0,7138000.0,,99.69,5.0,8.73,,,False,,,USD,7116000.0
GBDC,0001476765,0001476765-26-000048,10-Q,2026-06-30,2026-08-03,Amberfield Acquisition Co. | One stop 2 | Non-Affiliated Issuer,Amberfield Acquisition Co.,Amberfield Acquisition Co.,First Lien,,,,768000.0,766000.0,770000.0,,99.74,5.0,8.73,,,False,,,USD,768000.0
GBDC,0001476765,0001476765-26-000048,10-Q,2026-06-30,2026-08-03,Amberfield Acquisition Co. | One stop 3 | Non-Affiliated Issuer,Amberfield Acquisition Co.,Amberfield Acquisition Co.,First Lien,,,,163000.0,162000.0,164000.0,,99.39,5.0,8.73,,,False,,,USD,163000.0
GBDC,0001476765,0001476765-26-000048,10-Q,2026-06-30,2026-08-03,"Color Intermediate, LLC | Senior secured | Non-Affiliated Issuer","Color Intermediate, LLC","Color Intermediate, LLC",First Lien,,,,17084000.0,17228000.0,17257000.0,,99.0,4.75,8.58,,,False,,,USD,17084000.0
GBDC,0001476765,0001476765-26-000048,10-Q,2026-06-30,2026-08-03,"Connexin Software, Inc. | One stop 1 | Non-Affiliated Issuer","Connexin Software, Inc.","Connexin Software, Inc.",First Lien,,,,11554000.0,11627000.0,11671000.0,,99.0,6.0,9.73,,,False,,,USD,11554000.0
GBDC,0001476765,0001476765-26-000048,10-Q,2026-06-30,2026-08-03,"Connexin Software, Inc. | One stop 2 | Non-Affiliated Issuer","Connexin Software, Inc.","Connexin Software, Inc.",First Lien,,,,-1000.0,0.0,0.0,,,,,,,False,,,USD,-1000.0
GBDC,0001476765,0001476765-26-000048,10-Q,2026-06-30,2026-08-03,"Crow River Buyer, Inc. | One stop 1 | Non-Affiliated Issuer","Crow River Buyer, Inc.","Crow River Buyer, Inc.",First Lien,,,,5894000.0,6004000.0,6014000.0,,98.0,5.0,8.66,,,False,,,USD,5894000.0
GBDC,0001476765,0001476765-26-000048,10-Q,2026-06-30,2026-08-03,"Crow River Buyer, Inc. | One stop 2 | Non-Affiliated Issuer","Crow River Buyer, Inc.","Crow River Buyer, Inc.",First Lien,,,,-2000.0,0.0,0.0,,,,,,,False,,,USD,-2000.0
GBDC,0001476765,0001476765-26-000048,10-Q,2026-06-30,2026-08-03,"Crow River Buyer, Inc. | One stop 3 | Non-Affiliated Issuer","Crow River Buyer, Inc.","Crow River Buyer, Inc.",First Lien,,,,8505000.0,8624000.0,8679000.0,,98.0,5.0,8.64,,,False,,,USD,8505000.0
GBDC,0001476765,0001476765-26-000048,10-Q,2026-06-30,2026-08-03,"ESO Solution, Inc. | One stop 1 | Non-Affiliated Issuer","ESO Solution, Inc.","ESO Solution, Inc.",First Lien,,,,11302000.0,11369000.0,11359000.0,,99.5,5.5,9.17,,,False,,,USD,11302000.0
GBDC,0001476765,0001476765-26-000048,10-Q,2026-06-30,2026-08-03,"ESO Solution, Inc. | One stop 2 | Non-Affiliated Issuer","ESO Solution, Inc.","ESO Solution, Inc.",First Lien,,,,3784000.0,3780000.0,3803000.0,,99.5,5.5,9.17,,,False,,,USD,3784000.0
GBDC,0001476765,0001476765-26-000048,10-Q,2026-06-30,2026-08-03,"ESO Solution, Inc. | One stop 3 | Non-Affiliated Issuer","ESO Solution, Inc.","ESO Solution, Inc.",First Lien,,,,96000.0,97000.0,98000.0,,97.96,5.5,9.14,,,False,,,USD,96000.0
GBDC,0001476765,0001476765-26-000048,10-Q,2026-06-30,2026-08-03,GHX Ultimate Parent Corporation | One stop 1 | Non-Affiliated Issuer,GHX Ultimate Parent Corporation,GHX Ultimate Parent Corporation,First Lien,,,,54021000.0,53475000.0,54021000.0,,100.0,5.0,6.23,,2.5,True,,,USD,54021000.0
GBDC,0001476765,0001476765-26-000048,10-Q,2026-06-30,2026-08-03,GHX Ultimate Parent Corporation | One stop 2 | Non-Affiliated Issuer,GHX Ultimate Parent Corporation,GHX Ultimate Parent Corporation,First Lien,,,,353000.0,352000.0,353000.0,,100.0,5.0,6.23,,2.5,True,,,USD,353000.0
GBDC,0001476765,0001476765-26-000048,10-Q,2026-06-30,2026-08-03,GHX Ultimate Parent Corporation | One stop 3 | Non-Affiliated Issuer,GHX Ultimate Parent Corporation,GHX Ultimate Parent Corporation,First Lien,,,,0.0,-51000.0,0.0,,-0.0,,,,,False,,,USD,0.0
GBDC,0001476765,0001476765-26-000048,10-Q,2026-06-30,2026-08-03,"Healthmark Holdings, L.P. | One stop 1 | Non-Affiliated Issuer","Healthmark Holdings, L.P.","Healthmark Holdings, L.P.",First Lien,,,,-2000.0,-1000.0,0.0,,200.0,,,,,False,,,USD,-2000.0
GBDC,0001476765,0001476765-26-000048,10-Q,2026-06-30,2026-08-03,"Healthmark Holdings, L.P. | One stop 2 | Non-Affiliated Issuer","Healthmark Holdings, L.P.","Healthmark Holdings, L.P.",First Lien,,,,1549000.0,1561000.0,1568000.0,,98.79,4.5,8.17,,,False,,,USD,1549000.0
GBDC,0001476765,0001476765-26-000048,10-Q,2026-06-30,2026-08-03,"Healthmark Holdings, L.P. | One stop 3 | Non-Affiliated Issuer","Healthmark Holdings, L.P.","Healthmark Holdings, L.P.",First Lien,,,,-3000.0,-1000.0,0.0,,300.0,,,,,False,,,USD,-3000.0
GBDC,0001476765,0001476765-26-000048,10-Q,2026-06-30,2026-08-03,"Kona Buyer, LLC | One stop 1 | Non-Affiliated Issuer","Kona Buyer, LLC","Kona Buyer, LLC",First Lien,,,,15439000.0,15482000.0,15595000.0,,99.0,4.5,8.17,,,False,,,USD,15439000.0
GBDC,0001476765,0001476765-26-000048,10-Q,2026-06-30,2026-08-03,"Kona Buyer, LLC | One stop 2 | Non-Affiliated Issuer","Kona Buyer, LLC","Kona Buyer, LLC",First Lien,,,,186000.0,192000.0,206000.0,,90.29,4.5,8.16,,,False,,,USD,186000.0
GBDC,0001476765,0001476765-26-000048,10-Q,2026-06-30,2026-08-03,"Kona Buyer, LLC | One stop 3 | Non-Affiliated Issuer","Kona Buyer, LLC","Kona Buyer, LLC",First Lien,,,,906000.0,915000.0,915000.0,,99.02,4.5,8.17,,,False,,,USD,906000.0
GBDC,0001476765,0001476765-26-000048,10-Q,2026-06-30,2026-08-03,"Kona Buyer, LLC | One stop 4 | Non-Affiliated Issuer","Kona Buyer, LLC","Kona Buyer, LLC",First Lien,,,,255000.0,257000.0,257000.0,,99.22,4.5,8.17,,,False,,,USD,255000.0
GBDC,0001476765,0001476765-26-000048,10-Q,2026-06-30,2026-08-03,"Kona Buyer, LLC | One stop 5 | Non-Affiliated Issuer","Kona Buyer, LLC","Kona Buyer, LLC",First Lien,,,,371000.0,373000.0,375000.0,,98.93,4.5,8.16,,,False,,,USD,371000.0
GBDC,0001476765,0001476765-26-000048,10-Q,2026-06-30,2026-08-03,"Kona Buyer, LLC | One stop 6 | Non-Affiliated Issuer","Kona Buyer, LLC","Kona Buyer, LLC",First Lien,,,,-6000.0,-1000.0,0.0,,600.0,,,,,False,,,USD,-6000.0
GBDC,0001476765,0001476765-26-000048,10-Q,2026-06-30,2026-08-03,"Kona Buyer, LLC | One stop 7 | Non-Affiliated Issuer","Kona Buyer, LLC","Kona Buyer, LLC",First Lien,,,,3359000.0,3377000.0,3393000.0,,99.0,4.5,8.16,,,False,,,USD,3359000.0
GBDC,0001476765,0001476765-26-000048,10-Q,2026-06-30,2026-08-03,Lacker Bidco Limited | One stop 1 | Non-Affiliated Issuer,Lacker Bidco Limited,Lacker Bidco Limited,First Lien,,,,628000.0,600000.0,628000.0,,100.0,6.0,9.73,,,False,,,USD,628000.0
GBDC,0001476765,0001476765-26-000048,10-Q,2026-06-30,2026-08-03,Lacker Bidco Limited | One stop 2 | Non-Affiliated Issuer,Lacker Bidco Limited,Lacker Bidco Limited,First Lien,,,,847000.0,846000.0,847000.0,,100.0,6.0,7.23,,2.5,True,,,USD,847000.0
GBDC,0001476765,0001476765-26-000048,10-Q,2026-06-30,2026-08-03,Lacker Bidco Limited | One stop 3 | Non-Affiliated Issuer,Lacker Bidco Limited,Lacker Bidco Limited,First Lien,,,,0.0,-1000.0,0.0,,-0.0,,,,,False,,,USD,0.0
GBDC,0001476765,0001476765-26-000048,10-Q,2026-06-30,2026-08-03,Lacker Bidco Limited | One stop 4 | Non-Affiliated Issuer,Lacker Bidco Limited,Lacker Bidco Limited,First Lien,,,,20000.0,31000.0,30000.0,,66.67,5.25,8.98,,,False,,,USD,20000.0
GBDC,0001476765,0001476765-26-000048,10-Q,2026-06-30,2026-08-03,"Modernizing Medicine, Inc. | One stop 1 | Non-Affiliated Issuer","Modernizing Medicine, Inc.","Modernizing Medicine, Inc.",First Lien,,,,32934000.0,32668000.0,32934000.0,,100.0,4.75,6.23,,2.25,True,,,USD,32934000.0
GBDC,0001476765,0001476765-26-000048,10-Q,2026-06-30,2026-08-03,"Modernizing Medicine, Inc. | One stop 2 | Non-Affiliated Issuer","Modernizing Medicine, Inc.","Modernizing Medicine, Inc.",First Lien,,,,0.0,-25000.0,0.0,,-0.0,,,,,False,,,USD,0.0
GBDC,0001476765,0001476765-26-000048,10-Q,2026-06-30,2026-08-03,"Neptune Holdings, Inc. | One stop 1 | Non-Affiliated Issuer","Neptune Holdings, Inc.","Neptune Holdings, Inc.",First Lien,,,,15736000.0,15964000.0,15895000.0,,99.0,4.5,8.23,,,False,,,USD,15736000.0
GBDC,0001476765,0001476765-26-000048,10-Q,2026-06-30,2026-08-03,"Neptune Holdings, Inc. | One stop 2 | Non-Affiliated Issuer","Neptune Holdings, Inc.","Neptune Holdings, Inc.",First Lien,,,,-1000.0,0.0,0.0,,,,,,,False,,,USD,-1000.0
GBDC,0001476765,0001476765-26-000048,10-Q,2026-06-30,2026-08-03,"Netsmart Technologies, Inc. | One stop 1 | Non-Affiliated Issuer","Netsmart Technologies, Inc.","Netsmart Technologies, Inc.",First Lien,,,,52835000.0,53790000.0,54190000.0,,97.5,5.2,6.14,,2.7,True,,,USD,52835000.0
GBDC,0001476765,0001476765-26-000048,10-Q,2026-06-30,2026-08-03,"Netsmart Technologies, Inc. | One stop 2 | Non-Affiliated Issuer","Netsmart Technologies, Inc.","Netsmart Technologies, Inc.",First Lien,,,,-140000.0,-51000.0,0.0,,274.51,,,,,False,,,USD,-140000.0
GBDC,0001476765,0001476765-26-000048,10-Q,2026-06-30,2026-08-03,"Netsmart Technologies, Inc. | One stop 3 | Non-Affiliated Issuer","Netsmart Technologies, Inc.","Netsmart Technologies, Inc.",First Lien,,,,-172000.0,-25000.0,0.0,,688.0,,,,,False,,,USD,-172000.0
GBDC,0001476765,0001476765-26-000048,10-Q,2026-06-30,2026-08-03,"Netsmart Technologies, Inc. | One stop 4 | Non-Affiliated Issuer","Netsmart Technologies, Inc.","Netsmart Technologies, Inc.",First Lien,,,,496000.0,507000.0,508000.0,,97.64,5.2,6.14,,2.7,True,,,USD,496000.0
GBDC,0001476765,0001476765-26-000048,10-Q,2026-06-30,2026-08-03,"Plasma Buyer, LLC | One stop 1 | Non-Affiliated Issuer","Plasma Buyer, LLC","Plasma Buyer, LLC",First Lien,,,,4127000.0,7814000.0,8780000.0,,47.0,5.75,,,9.48,True,,,USD,4127000.0
GBDC,0001476765,0001476765-26-000048,10-Q,2026-06-30,2026-08-03,"Plasma Buyer, LLC | One stop 2 | Non-Affiliated Issuer","Plasma Buyer, LLC","Plasma Buyer, LLC",First Lien,,,,156000.0,296000.0,331000.0,,47.13,5.75,,,9.48,True,,,USD,156000.0
GBDC,0001476765,0001476765-26-000048,10-Q,2026-06-30,2026-08-03,"Plasma Buyer, LLC | One stop 3 | Non-Affiliated Issuer","Plasma Buyer, LLC","Plasma Buyer, LLC",First Lien,,,,175000.0,175000.0,175000.0,,100.0,6.25,9.48,,0.5,True,,,USD,175000.0
GBDC,0001476765,0001476765-26-000048,10-Q,2026-06-30,2026-08-03,"Plasma Buyer, LLC | One stop 4 | Non-Affiliated Issuer","Plasma Buyer, LLC","Plasma Buyer, LLC",First Lien,,,,56000.0,108000.0,122000.0,,45.9,5.75,,,9.48,True,,,USD,56000.0
GBDC,0001476765,0001476765-26-000048,10-Q,2026-06-30,2026-08-03,"QF Holdings, Inc. | One stop 1 | Non-Affiliated Issuer","QF Holdings, Inc.","QF Holdings, Inc.",First Lien,,,,3000.0,3000.0,3000.0,,100.0,4.5,8.24,,,False,,,USD,3000.0
GBDC,0001476765,0001476765-26-000048,10-Q,2026-06-30,2026-08-03,"QF Holdings, Inc. | One stop 2 | Non-Affiliated Issuer","QF Holdings, Inc.","QF Holdings, Inc.",First Lien,,,,366000.0,371000.0,372000.0,,98.39,4.5,8.23,,,False,,,USD,366000.0
GBDC,0001476765,0001476765-26-000048,10-Q,2026-06-30,2026-08-03,"QF Holdings, Inc. | One stop 3 | Non-Affiliated Issuer","QF Holdings, Inc.","QF Holdings, Inc.",First Lien,,,,-1000.0,0.0,0.0,,,,,,,False,,,USD,-1000.0
GBDC,0001476765,0001476765-26-000048,10-Q,2026-06-30,2026-08-03,Signant Finance One Limited | One stop 1 | Non-Affiliated Issuer,Signant Finance One Limited,Signant Finance One Limited,First Lien,,,,42000.0,42000.0,43000.0,,97.67,5.0,8.73,,,False,,,USD,42000.0
GBDC,0001476765,0001476765-26-000048,10-Q,2026-06-30,2026-08-03,Signant Finance One Limited | One stop 2 | Non-Affiliated Issuer,Signant Finance One Limited,Signant Finance One Limited,First Lien,,,,1655000.0,1655000.0,1670000.0,,99.1,5.0,8.73,,,False,,,USD,1655000.0
GBDC,0001476765,0001476765-26-000048,10-Q,2026-06-30,2026-08-03,Signant Finance One Limited | One stop 3 | Non-Affiliated Issuer,Signant Finance One Limited,Signant Finance One Limited,First Lien,,,,-2000.0,-1000.0,0.0,,200.0,,,,,False,,,USD,-2000.0
GBDC,0001476765,0001476765-26-000048,10-Q,2026-06-30,2026-08-03,"Transaction Data Systems, Inc. | One stop 1 | Non-Affiliated Issuer","Transaction Data Systems, Inc.","Transaction Data Systems, Inc.",First Lien,,,,73741000.0,73634000.0,73741000.0,,100.0,4.75,8.63,,,False,,,USD,73741000.0
GBDC,0001476765,0001476765-26-000048,10-Q,2026-06-30,2026-08-03,"Transaction Data Systems, Inc. | One stop 2 | Non-Affiliated Issuer","Transaction Data Systems, Inc.","Transaction Data Systems, Inc.",First Lien,,,,0.0,0.0,0.0,,,,,,,False,,,USD,0.0
GBDC,0001476765,0001476765-26-000048,10-Q,2026-06-30,2026-08-03,"Barteca Restaurants, LLC | One stop 1 | Non-Affiliated Issuer","Barteca Restaurants, LLC","Barteca Restaurants, LLC",First Lien,,,,13435000.0,13421000.0,13435000.0,,100.0,6.0,9.88,,,False,,,USD,13435000.0
GBDC,0001476765,0001476765-26-000048,10-Q,2026-06-30,2026-08-03,"Barteca Restaurants, LLC | One stop 2 | Non-Affiliated Issuer","Barteca Restaurants, LLC","Barteca Restaurants, LLC",First Lien,,,,678000.0,675000.0,678000.0,,100.0,6.0,9.81,,,False,,,USD,678000.0
GBDC,0001476765,0001476765-26-000048,10-Q,2026-06-30,2026-08-03,"Barteca Restaurants, LLC | One stop 3 | Non-Affiliated Issuer","Barteca Restaurants, LLC","Barteca Restaurants, LLC",First Lien,,,,463000.0,461000.0,463000.0,,100.0,6.0,9.88,,,False,,,USD,463000.0
GBDC,0001476765,0001476765-26-000048,10-Q,2026-06-30,2026-08-03,"Barteca Restaurants, LLC | One stop 4 | Non-Affiliated Issuer","Barteca Restaurants, LLC","Barteca Restaurants, LLC",First Lien,,,,200000.0,199000.0,200000.0,,100.0,6.0,9.85,,,False,,,USD,200000.0
GBDC,0001476765,0001476765-26-000048,10-Q,2026-06-30,2026-08-03,BJH Holdings III Corp. | One stop 1 | Non-Affiliated Issuer,BJH Holdings III Corp.,BJH Holdings III Corp.,First Lien,,,,69031000.0,68847000.0,69031000.0,,100.0,5.0,8.73,,,False,,,USD,69031000.0
GBDC,0001476765,0001476765-26-000048,10-Q,2026-06-30,2026-08-03,BJH Holdings III Corp. | One stop 2 | Non-Affiliated Issuer,BJH Holdings III Corp.,BJH Holdings III Corp.,First Lien,,,,786000.0,779000.0,786000.0,,100.0,5.0,8.73,,,False,,,USD,786000.0
GBDC,0001476765,0001476765-26-000048,10-Q,2026-06-30,2026-08-03,BJH Holdings III Corp. | One stop 3 | Non-Affiliated Issuer,BJH Holdings III Corp.,BJH Holdings III Corp.,First Lien,,,,5505000.0,5472000.0,5505000.0,,100.0,5.0,8.73,,,False,,,USD,5505000.0
GBDC,0001476765,0001476765-26-000048,10-Q,2026-06-30,2026-08-03,"Cafe Rio Holding, Inc. | One stop 1 | Non-Affiliated Issuer","Cafe Rio Holding, Inc.","Cafe Rio Holding, Inc.",First Lien,,,,17850000.0,18403000.0,18401000.0,,97.01,6.75,9.56,,1.0,True,,,USD,17850000.0
GBDC,0001476765,0001476765-26-000048,10-Q,2026-06-30,2026-08-03,"Cafe Rio Holding, Inc. | One stop 2 | Non-Affiliated Issuer","Cafe Rio Holding, Inc.","Cafe Rio Holding, Inc.",First Lien,,,,3057000.0,3143000.0,3151000.0,,97.02,6.75,9.56,,1.0,True,,,USD,3057000.0
GBDC,0001476765,0001476765-26-000048,10-Q,2026-06-30,2026-08-03,"Cafe Rio Holding, Inc. | One stop 3 | Non-Affiliated Issuer","Cafe Rio Holding, Inc.","Cafe Rio Holding, Inc.",First Lien,,,,2053000.0,2117000.0,2117000.0,,96.98,6.75,9.56,,1.0,True,,,USD,2053000.0
GBDC,0001476765,0001476765-26-000048,10-Q,2026-06-30,2026-08-03,"Cafe Rio Holding, Inc. | One stop 4 | Non-Affiliated Issuer","Cafe Rio Holding, Inc.","Cafe Rio Holding, Inc.",First Lien,,,,1303000.0,1343000.0,1343000.0,,97.02,6.75,9.56,,1.0,True,,,USD,1303000.0
GBDC,0001476765,0001476765-26-000048,10-Q,2026-06-30,2026-08-03,"Cafe Rio Holding, Inc. | One stop 5 | Non-Affiliated Issuer","Cafe Rio Holding, Inc.","Cafe Rio Holding, Inc.",First Lien,,,,1151000.0,1186000.0,1186000.0,,97.05,6.75,9.56,,1.0,True,,,USD,1151000.0
GBDC,0001476765,0001476765-26-000048,10-Q,2026-06-30,2026-08-03,"Cafe Rio Holding, Inc. | One stop 6 | Non-Affiliated Issuer","Cafe Rio Holding, Inc.","Cafe Rio Holding, Inc.",First Lien,,,,179000.0,187000.0,187000.0,,95.72,6.75,9.54,,1.0,True,,,USD,179000.0
GBDC,0001476765,0001476765-26-000048,10-Q,2026-06-30,2026-08-03,"Cafe Rio Holding, Inc. | One stop 7 | Non-Affiliated Issuer","Cafe Rio Holding, Inc.","Cafe Rio Holding, Inc.",First Lien,,,,165000.0,170000.0,170000.0,,97.06,6.75,9.56,,1.0,True,,,USD,165000.0
GBDC,0001476765,0001476765-26-000048,10-Q,2026-06-30,2026-08-03,"Cafe Rio Holding, Inc. | One stop 8 | Non-Affiliated Issuer","Cafe Rio Holding, Inc.","Cafe Rio Holding, Inc.",First Lien,,,,118000.0,122000.0,122000.0,,96.72,6.75,9.56,,1.0,True,,,USD,118000.0
GBDC,0001476765,0001476765-26-000048,10-Q,2026-06-30,2026-08-03,"Cafe Rio Holding, Inc. | One stop 9 | Non-Affiliated Issuer","Cafe Rio Holding, Inc.","Cafe Rio Holding, Inc.",First Lien,,,,94000.0,97000.0,97000.0,,96.91,6.75,9.56,,1.0,True,,,USD,94000.0
GBDC,0001476765,0001476765-26-000048,10-Q,2026-06-30,2026-08-03,"Cafe Rio Holding, Inc. | One stop 10 | Non-Affiliated Issuer","Cafe Rio Holding, Inc.","Cafe Rio Holding, Inc.",First Lien,,,,92000.0,95000.0,95000.0,,96.84,6.75,9.56,,1.0,True,,,USD,92000.0
GBDC,0001476765,0001476765-26-000048,10-Q,2026-06-30,2026-08-03,"Cafe Rio Holding, Inc. | One stop 11 | Non-Affiliated Issuer","Cafe Rio Holding, Inc.","Cafe Rio Holding, Inc.",First Lien,,,,75000.0,77000.0,77000.0,,97.4,6.75,9.56,,1.0,True,,,USD,75000.0
GBDC,0001476765,0001476765-26-000048,10-Q,2026-06-30,2026-08-03,"Cafe Rio Holding, Inc. | One stop 12 | Non-Affiliated Issuer","Cafe Rio Holding, Inc.","Cafe Rio Holding, Inc.",First Lien,,,,47000.0,49000.0,49000.0,,95.92,6.75,9.56,,1.0,True,,,USD,47000.0
GBDC,0001476765,0001476765-26-000048,10-Q,2026-06-30,2026-08-03,"Cafe Rio Holding, Inc. | One stop 13 | Non-Affiliated Issuer","Cafe Rio Holding, Inc.","Cafe Rio Holding, Inc.",First Lien,,,,53000.0,55000.0,55000.0,,96.36,6.75,9.56,,1.0,True,,,USD,53000.0
GBDC,0001476765,0001476765-26-000048,10-Q,2026-06-30,2026-08-03,"CB Sports Holdings Bidco, LLC | One stop 1 | Non-Affiliated Issuer","CB Sports Holdings Bidco, LLC","CB Sports Holdings Bidco, LLC",First Lien,,,,-1000.0,-1000.0,0.0,,100.0,,,,,False,,,USD,-1000.0
GBDC,0001476765,0001476765-26-000048,10-Q,2026-06-30,2026-08-03,"CB Sports Holdings Bidco, LLC | One stop 2 | Non-Affiliated Issuer","CB Sports Holdings Bidco, LLC","CB Sports Holdings Bidco, LLC",First Lien,,,,184000.0,184000.0,185000.0,,99.46,4.63,8.36,,,False,,,USD,184000.0
GBDC,0001476765,0001476765-26-000048,10-Q,2026-06-30,2026-08-03,"CB Sports Holdings Bidco, LLC | One stop 3 | Non-Affiliated Issuer","CB Sports Holdings Bidco, LLC","CB Sports Holdings Bidco, LLC",First Lien,,,,0.0,0.0,0.0,,,,,,,False,,,USD,0.0
GBDC,0001476765,0001476765-26-000048,10-Q,2026-06-30,2026-08-03,"CB Sports Holdings Bidco, LLC | One stop 4 | Non-Affiliated Issuer","CB Sports Holdings Bidco, LLC","CB Sports Holdings Bidco, LLC",First Lien,,,,126000.0,126000.0,126000.0,,100.0,4.63,8.31,,,False,,,USD,126000.0
GBDC,0001476765,0001476765-26-000048,10-Q,2026-06-30,2026-08-03,"CB Sports Holdings Bidco, LLC | One stop 5 | Non-Affiliated Issuer","CB Sports Holdings Bidco, LLC","CB Sports Holdings Bidco, LLC",First Lien,,,,56000.0,57000.0,57000.0,,98.25,4.63,8.31,,,False,,,USD,56000.0
GBDC,0001476765,0001476765-26-000048,10-Q,2026-06-30,2026-08-03,"CB Sports Holdings Bidco, LLC | One stop 6 | Non-Affiliated Issuer","CB Sports Holdings Bidco, LLC","CB Sports Holdings Bidco, LLC",First Lien,,,,115000.0,115000.0,115000.0,,100.0,4.63,8.27,,,False,,,USD,115000.0
GBDC,0001476765,0001476765-26-000048,10-Q,2026-06-30,2026-08-03,"CB Sports Holdings Bidco, LLC | One stop 7 | Non-Affiliated Issuer","CB Sports Holdings Bidco, LLC","CB Sports Holdings Bidco, LLC",First Lien,,,,9000.0,8000.0,11000.0,,81.82,4.63,8.36,,,False,,,USD,9000.0
GBDC,0001476765,0001476765-26-000048,10-Q,2026-06-30,2026-08-03,"CB Sports Holdings Bidco, LLC | One stop 8 | Non-Affiliated Issuer","CB Sports Holdings Bidco, LLC","CB Sports Holdings Bidco, LLC",First Lien,,,,85000.0,85000.0,85000.0,,100.0,4.63,8.28,,,False,,,USD,85000.0
GBDC,0001476765,0001476765-26-000048,10-Q,2026-06-30,2026-08-03,"CR Fitness Holdings, LLC | Senior secured 1 | Non-Affiliated Issuer","CR Fitness Holdings, LLC","CR Fitness Holdings, LLC",First Lien,,,,17000.0,16000.0,17000.0,,100.0,4.25,7.98,,,False,,,USD,17000.0
GBDC,0001476765,0001476765-26-000048,10-Q,2026-06-30,2026-08-03,"CR Fitness Holdings, LLC | Senior secured 2 | Non-Affiliated Issuer","CR Fitness Holdings, LLC","CR Fitness Holdings, LLC",First Lien,,,,1496000.0,1493000.0,1496000.0,,100.0,4.25,7.98,,,False,,,USD,1496000.0
GBDC,0001476765,0001476765-26-000048,10-Q,2026-06-30,2026-08-03,"CR Fitness Holdings, LLC | Senior secured 3 | Non-Affiliated Issuer","CR Fitness Holdings, LLC","CR Fitness Holdings, LLC",First Lien,,,,0.0,-1000.0,0.0,,-0.0,,,,,False,,,USD,0.0
GBDC,0001476765,0001476765-26-000048,10-Q,2026-06-30,2026-08-03,"Crumbl Enterprises, LLC | One stop 1 | Non-Affiliated Issuer","Crumbl Enterprises, LLC","Crumbl Enterprises, LLC",First Lien,,,,0.0,-11000.0,0.0,,-0.0,,,,,False,,,USD,0.0
GBDC,0001476765,0001476765-26-000048,10-Q,2026-06-30,2026-08-03,"Crumbl Enterprises, LLC | One stop 2 | Non-Affiliated Issuer","Crumbl Enterprises, LLC","Crumbl Enterprises, LLC",First Lien,,,,32084000.0,31949000.0,32084000.0,,100.0,4.5,8.24,,,False,,,USD,32084000.0
GBDC,0001476765,0001476765-26-000048,10-Q,2026-06-30,2026-08-03,"ESN Venture Holdings, LLC | One stop 1 | Non-Affiliated Issuer","ESN Venture Holdings, LLC","ESN Venture Holdings, LLC",First Lien,,,,5450000.0,5406000.0,5450000.0,,100.0,6.26,6.61,,3.38,True,,,USD,5450000.0
GBDC,0001476765,0001476765-26-000048,10-Q,2026-06-30,2026-08-03,"ESN Venture Holdings, LLC | One stop 2 | Non-Affiliated Issuer","ESN Venture Holdings, LLC","ESN Venture Holdings, LLC",First Lien,,,,931000.0,927000.0,931000.0,,100.0,6.26,6.61,,3.38,True,,,USD,931000.0
GBDC,0001476765,0001476765-26-000048,10-Q,2026-06-30,2026-08-03,"ESN Venture Holdings, LLC | One stop 3 | Non-Affiliated Issuer","ESN Venture Holdings, LLC","ESN Venture Holdings, LLC",First Lien,,,,823000.0,817000.0,823000.0,,100.0,6.26,6.61,,3.38,True,,,USD,823000.0
GBDC,0001476765,0001476765-26-000048,10-Q,2026-06-30,2026-08-03,"ESN Venture Holdings, LLC | One stop 4 | Non-Affiliated Issuer","ESN Venture Holdings, LLC","ESN Venture Holdings, LLC",First Lien,,,,378000.0,375000.0,378000.0,,100.0,6.26,6.61,,3.38,True,,,USD,378000.0
GBDC,0001476765,0001476765-26-000048,10-Q,2026-06-30,2026-08-03,"ESN Venture Holdings, LLC | One stop 5 | Non-Affiliated Issuer","ESN Venture Holdings, LLC","ESN Venture Holdings, LLC",First Lien,,,,184000.0,183000.0,184000.0,,100.0,6.26,6.61,,3.38,True,,,USD,184000.0
GBDC,0001476765,0001476765-26-000048,10-Q,2026-06-30,2026-08-03,"ESN Venture Holdings, LLC | One stop 6 | Non-Affiliated Issuer","ESN Venture Holdings, LLC","ESN Venture Holdings, LLC",First Lien,,,,0.0,-7000.0,0.0,,-0.0,,,,,False,,,USD,0.0
GBDC,0001476765,0001476765-26-000048,10-Q,2026-06-30,2026-08-03,"ESN Venture Holdings, LLC | One stop 7 | Non-Affiliated Issuer","ESN Venture Holdings, LLC","ESN Venture Holdings, LLC",First Lien,,,,648000.0,636000.0,648000.0,,100.0,6.25,6.55,,3.38,True,,,USD,648000.0
GBDC,0001476765,0001476765-26-000048,10-Q,2026-06-30,2026-08-03,"ESN Venture Holdings, LLC | One stop 8 | Non-Affiliated Issuer","ESN Venture Holdings, LLC","ESN Venture Holdings, LLC",First Lien,,,,445000.0,443000.0,445000.0,,100.0,6.26,6.61,,3.38,True,,,USD,445000.0
GBDC,0001476765,0001476765-26-000048,10-Q,2026-06-30,2026-08-03,"ESN Venture Holdings, LLC | One stop 9 | Non-Affiliated Issuer","ESN Venture Holdings, LLC","ESN Venture Holdings, LLC",First Lien,,,,1614000.0,1605000.0,1614000.0,,100.0,6.25,6.6,,3.38,True,,,USD,1614000.0
GBDC,0001476765,0001476765-26-000048,10-Q,2026-06-30,2026-08-03,"ESN Venture Holdings, LLC | One stop 10 | Non-Affiliated Issuer","ESN Venture Holdings, LLC","ESN Venture Holdings, LLC",First Lien,,,,4056000.0,4039000.0,4056000.0,,100.0,6.25,6.61,,3.38,True,,,USD,4056000.0
GBDC,0001476765,0001476765-26-000048,10-Q,2026-06-30,2026-08-03,"ESN Venture Holdings, LLC | One stop 11 | Non-Affiliated Issuer","ESN Venture Holdings, LLC","ESN Venture Holdings, LLC",First Lien,,,,1296000.0,1291000.0,1296000.0,,100.0,6.25,6.57,,3.38,True,,,USD,1296000.0
GBDC,0001476765,0001476765-26-000048,10-Q,2026-06-30,2026-08-03,"Excel Fitness Consolidator, LLC | Senior secured 1 | Non-Affiliated Issuer","Excel Fitness Consolidator, LLC","Excel Fitness Consolidator, LLC",First Lien,,,,6590000.0,6548000.0,6590000.0,,100.0,4.75,8.48,,,False,,,USD,6590000.0
GBDC,0001476765,0001476765-26-000048,10-Q,2026-06-30,2026-08-03,"Excel Fitness Consolidator, LLC | Senior secured 2 | Non-Affiliated Issuer","Excel Fitness Consolidator, LLC","Excel Fitness Consolidator, LLC",First Lien,,,,0.0,0.0,0.0,,,,,,,False,,,USD,0.0
GBDC,0001476765,0001476765-26-000048,10-Q,2026-06-30,2026-08-03,"Excel Fitness Consolidator, LLC | Senior secured 3 | Non-Affiliated Issuer","Excel Fitness Consolidator, LLC","Excel Fitness Consolidator, LLC",First Lien,,,,516000.0,515000.0,516000.0,,100.0,4.75,8.48,,,False,,,USD,516000.0
GBDC,0001476765,0001476765-26-000048,10-Q,2026-06-30,2026-08-03,"Harri US, LLC | One stop 1 | Non-Affiliated Issuer","Harri US, LLC","Harri US, LLC",First Lien,,,,1264000.0,1343000.0,1352000.0,,93.49,7.25,6.17,,4.75,True,,,USD,1264000.0
GBDC,0001476765,0001476765-26-000048,10-Q,2026-06-30,2026-08-03,"Harri US, LLC | One stop 2 | Non-Affiliated Issuer","Harri US, LLC","Harri US, LLC",First Lien,,,,855000.0,934000.0,915000.0,,93.44,7.25,6.17,,4.75,True,,,USD,855000.0
GBDC,0001476765,0001476765-26-000048,10-Q,2026-06-30,2026-08-03,"Harri US, LLC | One stop 3 | Non-Affiliated Issuer","Harri US, LLC","Harri US, LLC",First Lien,,,,830000.0,906000.0,888000.0,,93.47,7.25,6.17,,4.75,True,,,USD,830000.0
GBDC,0001476765,0001476765-26-000048,10-Q,2026-06-30,2026-08-03,"Harri US, LLC | One stop 4 | Non-Affiliated Issuer","Harri US, LLC","Harri US, LLC",First Lien,,,,-3000.0,-1000.0,0.0,,300.0,,,,,False,,,USD,-3000.0
GBDC,0001476765,0001476765-26-000048,10-Q,2026-06-30,2026-08-03,"Harri US, LLC | One stop 5 | Non-Affiliated Issuer","Harri US, LLC","Harri US, LLC",First Lien,,,,1545000.0,1575000.0,1652000.0,,93.52,7.25,6.17,,4.75,True,,,USD,1545000.0
GBDC,0001476765,0001476765-26-000048,10-Q,2026-06-30,2026-08-03,"Harri US, LLC | One stop 6 | Non-Affiliated Issuer","Harri US, LLC","Harri US, LLC",First Lien,,,,2227000.0,2205000.0,2227000.0,,100.0,,,,14.0,True,,,USD,2227000.0
GBDC,0001476765,0001476765-26-000048,10-Q,2026-06-30,2026-08-03,"Olo Parent, Inc. | One stop 1 | Non-Affiliated Issuer","Olo Parent, Inc.","Olo Parent, Inc.",First Lien,,,,2280000.0,2321000.0,2326000.0,,98.02,4.5,8.17,,,False,,,USD,2280000.0
GBDC,0001476765,0001476765-26-000048,10-Q,2026-06-30,2026-08-03,"Olo Parent, Inc. | One stop 2 | Non-Affiliated Issuer","Olo Parent, Inc.","Olo Parent, Inc.",First Lien,,,,-3000.0,0.0,0.0,,,,,,,False,,,USD,-3000.0
GBDC,0001476765,0001476765-26-000048,10-Q,2026-06-30,2026-08-03,"Patriot Acquireco, LLC | One stop 1 | Non-Affiliated Issuer","Patriot Acquireco, LLC","Patriot Acquireco, LLC",First Lien,,,,26000.0,25000.0,26000.0,,100.0,4.5,8.17,,,False,,,USD,26000.0
GBDC,0001476765,0001476765-26-000048,10-Q,2026-06-30,2026-08-03,"Patriot Acquireco, LLC | One stop 2 | Non-Affiliated Issuer","Patriot Acquireco, LLC","Patriot Acquireco, LLC",First Lien,,,,1805000.0,1797000.0,1805000.0,,100.0,4.5,8.17,,,False,,,USD,1805000.0
GBDC,0001476765,0001476765-26-000048,10-Q,2026-06-30,2026-08-03,"PB Group Holdings, LLC | One stop 1 | Non-Affiliated Issuer","PB Group Holdings, LLC","PB Group Holdings, LLC",First Lien,,,,38095000.0,37970000.0,38095000.0,,100.0,5.5,6.39,,2.75,True,,,USD,38095000.0
GBDC,0001476765,0001476765-26-000048,10-Q,2026-06-30,2026-08-03,"PB Group Holdings, LLC | One stop 2 | Non-Affiliated Issuer","PB Group Holdings, LLC","PB Group Holdings, LLC",First Lien,,,,2858000.0,2843000.0,2858000.0,,100.0,5.0,8.64,,,False,,,USD,2858000.0
GBDC,0001476765,0001476765-26-000048,10-Q,2026-06-30,2026-08-03,QSR Acquisition Co. | One stop 1 | Non-Affiliated Issuer,QSR Acquisition Co.,QSR Acquisition Co.,First Lien,,,,1476000.0,1509000.0,1514000.0,,97.49,4.25,7.89,,,False,,,USD,1476000.0
GBDC,0001476765,0001476765-26-000048,10-Q,2026-06-30,2026-08-03,QSR Acquisition Co. | One stop 2 | Non-Affiliated Issuer,QSR Acquisition Co.,QSR Acquisition Co.,First Lien,,,,-3000.0,0.0,0.0,,,,,,,False,,,USD,-3000.0
GBDC,0001476765,0001476765-26-000048,10-Q,2026-06-30,2026-08-03,QSR Acquisition Co. | One stop 3 | Non-Affiliated Issuer,QSR Acquisition Co.,QSR Acquisition Co.,First Lien,,,,-8000.0,-1000.0,0.0,,800.0,,,,,False,,,USD,-8000.0
GBDC,0001476765,0001476765-26-000048,10-Q,2026-06-30,2026-08-03,Rooster BidCo Limited | One stop 1 | Non-Affiliated Issuer,Rooster BidCo Limited,Rooster BidCo Limited,First Lien,,,,234000.0,233000.0,234000.0,,100.0,4.5,8.23,,,False,,,USD,234000.0
GBDC,0001476765,0001476765-26-000048,10-Q,2026-06-30,2026-08-03,Rooster BidCo Limited | One stop 2 | Non-Affiliated Issuer,Rooster BidCo Limited,Rooster BidCo Limited,First Lien,,,,4915000.0,4759000.0,4915000.0,,100.0,4.5,8.23,,,False,,,USD,4915000.0
GBDC,0001476765,0001476765-26-000048,10-Q,2026-06-30,2026-08-03,Rooster BidCo Limited | One stop 3 | Non-Affiliated Issuer,Rooster BidCo Limited,Rooster BidCo Limited,First Lien,,,,0.0,-21000.0,0.0,,-0.0,,,,,False,,,USD,0.0
GBDC,0001476765,0001476765-26-000048,10-Q,2026-06-30,2026-08-03,"Saguaro Buyer, LLC | One stop 1 | Non-Affiliated Issuer","Saguaro Buyer, LLC","Saguaro Buyer, LLC",First Lien,,,,0.0,0.0,0.0,,,,,,,False,,,USD,0.0
GBDC,0001476765,0001476765-26-000048,10-Q,2026-06-30,2026-08-03,"Saguaro Buyer, LLC | One stop 2 | Non-Affiliated Issuer","Saguaro Buyer, LLC","Saguaro Buyer, LLC",First Lien,,,,496000.0,494000.0,496000.0,,100.0,4.5,8.23,,,False,,,USD,496000.0
GBDC,0001476765,0001476765-26-000048,10-Q,2026-06-30,2026-08-03,"Saguaro Buyer, LLC | One stop 3 | Non-Affiliated Issuer","Saguaro Buyer, LLC","Saguaro Buyer, LLC",First Lien,,,,217000.0,216000.0,217000.0,,100.0,4.5,8.23,,,False,,,USD,217000.0
GBDC,0001476765,0001476765-26-000048,10-Q,2026-06-30,2026-08-03,"Saguaro Buyer, LLC | One stop 4 | Non-Affiliated Issuer","Saguaro Buyer, LLC","Saguaro Buyer, LLC",First Lien,,,,76000.0,75000.0,76000.0,,100.0,4.5,8.23,,,False,,,USD,76000.0
GBDC,0001476765,0001476765-26-000048,10-Q,2026-06-30,2026-08-03,"SDC Holdco, LLC | One stop 1 | Non-Affiliated Issuer","SDC Holdco, LLC","SDC Holdco, LLC",First Lien,,,,-1000.0,-1000.0,0.0,,100.0,,,,,False,,,USD,-1000.0
GBDC,0001476765,0001476765-26-000048,10-Q,2026-06-30,2026-08-03,"SDC Holdco, LLC | One stop 2 | Non-Affiliated Issuer","SDC Holdco, LLC","SDC Holdco, LLC",First Lien,,,,1764000.0,1765000.0,1772000.0,,99.55,4.38,8.02,,,False,,,USD,1764000.0
GBDC,0001476765,0001476765-26-000048,10-Q,2026-06-30,2026-08-03,"SDC Holdco, LLC | One stop 3 | Non-Affiliated Issuer","SDC Holdco, LLC","SDC Holdco, LLC",First Lien,,,,498000.0,498000.0,500000.0,,99.6,4.38,8.02,,,False,,,USD,498000.0
GBDC,0001476765,0001476765-26-000048,10-Q,2026-06-30,2026-08-03,"SSRG Holdings, LLC | One stop 1 | Non-Affiliated Issuer","SSRG Holdings, LLC","SSRG Holdings, LLC",First Lien,,,,12314000.0,12238000.0,12314000.0,,100.0,4.75,8.48,,,False,,,USD,12314000.0
GBDC,0001476765,0001476765-26-000048,10-Q,2026-06-30,2026-08-03,"SSRG Holdings, LLC | One stop 2 | Non-Affiliated Issuer","SSRG Holdings, LLC","SSRG Holdings, LLC",First Lien,,,,7641000.0,7638000.0,7641000.0,,100.0,4.75,8.48,,,False,,,USD,7641000.0
GBDC,0001476765,0001476765-26-000048,10-Q,2026-06-30,2026-08-03,"SSRG Holdings, LLC | One stop 3 | Non-Affiliated Issuer","SSRG Holdings, LLC","SSRG Holdings, LLC",First Lien,,,,0.0,-11000.0,0.0,,-0.0,,,,,False,,,USD,0.0
GBDC,0001476765,0001476765-26-000048,10-Q,2026-06-30,2026-08-03,"SSRG Holdings, LLC | One stop 4 | Non-Affiliated Issuer","SSRG Holdings, LLC","SSRG Holdings, LLC",First Lien,,,,603000.0,599000.0,603000.0,,100.0,4.75,8.48,,,False,,,USD,603000.0
GBDC,0001476765,0001476765-26-000048,10-Q,2026-06-30,2026-08-03,"SSRG Holdings, LLC | One stop 5 | Non-Affiliated Issuer","SSRG Holdings, LLC","SSRG Holdings, LLC",First Lien,,,,323000.0,319000.0,323000.0,,100.0,4.75,8.42,,,False,,,USD,323000.0
GBDC,0001476765,0001476765-26-000048,10-Q,2026-06-30,2026-08-03,"SSRG Holdings, LLC | One stop 6 | Non-Affiliated Issuer","SSRG Holdings, LLC","SSRG Holdings, LLC",First Lien,,,,672000.0,670000.0,672000.0,,100.0,4.75,8.48,,,False,,,USD,672000.0
GBDC,0001476765,0001476765-26-000048,10-Q,2026-06-30,2026-08-03,"YE Brands Holding, LLC | One stop 1 | Non-Affiliated Issuer","YE Brands Holding, LLC","YE Brands Holding, LLC",First Lien,,,,17321000.0,17404000.0,17321000.0,,100.0,4.75,8.48,,,False,,,USD,17321000.0
GBDC,0001476765,0001476765-26-000048,10-Q,2026-06-30,2026-08-03,"YE Brands Holding, LLC | One stop 2 | Non-Affiliated Issuer","YE Brands Holding, LLC","YE Brands Holding, LLC",First Lien,,,,1170000.0,1167000.0,1170000.0,,100.0,4.75,8.48,,,False,,,USD,1170000.0
GBDC,0001476765,0001476765-26-000048,10-Q,2026-06-30,2026-08-03,"YE Brands Holding, LLC | One stop 3 | Non-Affiliated Issuer","YE Brands Holding, LLC","YE Brands Holding, LLC",First Lien,,,,0.0,0.0,0.0,,,,,,,False,,,USD,0.0
GBDC,0001476765,0001476765-26-000048,10-Q,2026-06-30,2026-08-03,"TLB Holdings I, LLC | One stop 1 | Non-Affiliated Issuer","TLB Holdings I, LLC","TLB Holdings I, LLC",First Lien,,,,-1000.0,-1000.0,0.0,,100.0,,,,,False,,,USD,-1000.0
GBDC,0001476765,0001476765-26-000048,10-Q,2026-06-30,2026-08-03,"TLB Holdings I, LLC | One stop 3 | Non-Affiliated Issuer","TLB Holdings I, LLC","TLB Holdings I, LLC",First Lien,,,,-1000.0,-1000.0,0.0,,100.0,,,,,False,,,USD,-1000.0
GBDC,0001476765,0001476765-26-000048,10-Q,2026-06-30,2026-08-03,"TLB Holdings I, LLC | One stop 2 | Non-Affiliated Issuer","TLB Holdings I, LLC","TLB Holdings I, LLC",First Lien,,,,610000.0,611000.0,614000.0,,99.35,4.75,8.39,,,False,,,USD,610000.0
GBDC,0001476765,0001476765-26-000048,10-Q,2026-06-30,2026-08-03,"WU Holdco, Inc. | One stop 1 | Non-Affiliated Issuer","WU Holdco, Inc.","WU Holdco, Inc.",First Lien,,,,9399000.0,9453000.0,9492000.0,,99.02,4.75,8.48,,,False,,,USD,9399000.0
GBDC,0001476765,0001476765-26-000048,10-Q,2026-06-30,2026-08-03,"WU Holdco, Inc. | One stop 2 | Non-Affiliated Issuer","WU Holdco, Inc.","WU Holdco, Inc.",First Lien,,,,-7000.0,-3000.0,0.0,,233.33,,,,,False,,,USD,-7000.0
GBDC,0001476765,0001476765-26-000048,10-Q,2026-06-30,2026-08-03,"WU Holdco, Inc. | One stop 3 | Non-Affiliated Issuer","WU Holdco, Inc.","WU Holdco, Inc.",First Lien,,,,-23000.0,-5000.0,0.0,,460.0,,,,,False,,,USD,-23000.0
GBDC,0001476765,0001476765-26-000048,10-Q,2026-06-30,2026-08-03,"Anova Buyer, Inc. | One stop 1 | Non-Affiliated Issuer","Anova Buyer, Inc.","Anova Buyer, Inc.",First Lien,,,,290000.0,290000.0,291000.0,,99.66,4.75,8.49,,,False,,,USD,290000.0
GBDC,0001476765,0001476765-26-000048,10-Q,2026-06-30,2026-08-03,"Anova Buyer, Inc. | One stop 2 | Non-Affiliated Issuer","Anova Buyer, Inc.","Anova Buyer, Inc.",First Lien,,,,10000.0,10000.0,11000.0,,90.91,4.75,8.48,,,False,,,USD,10000.0
GBDC,0001476765,0001476765-26-000048,10-Q,2026-06-30,2026-08-03,"Anova Buyer, Inc. | One stop 3 | Non-Affiliated Issuer","Anova Buyer, Inc.","Anova Buyer, Inc.",First Lien,,,,5000.0,5000.0,6000.0,,83.33,4.75,8.49,,,False,,,USD,5000.0
GBDC,0001476765,0001476765-26-000048,10-Q,2026-06-30,2026-08-03,Arch Global CCT Holdings Corp. | Senior secured 1 | Non-Affiliated Issuer,Arch Global CCT Holdings Corp.,Arch Global CCT Holdings Corp.,First Lien,,,,2894000.0,3121000.0,3145000.0,,92.02,4.75,8.58,,,False,,,USD,2894000.0
GBDC,0001476765,0001476765-26-000048,10-Q,2026-06-30,2026-08-03,Arch Global CCT Holdings Corp. | Senior secured 2 | Non-Affiliated Issuer,Arch Global CCT Holdings Corp.,Arch Global CCT Holdings Corp.,First Lien,,,,581000.0,620000.0,632000.0,,91.93,4.75,8.58,,,False,,,USD,581000.0
GBDC,0001476765,0001476765-26-000048,10-Q,2026-06-30,2026-08-03,Arch Global CCT Holdings Corp. | Senior secured 3 | Non-Affiliated Issuer,Arch Global CCT Holdings Corp.,Arch Global CCT Holdings Corp.,First Lien,,,,541000.0,578000.0,588000.0,,92.01,4.75,8.58,,,False,,,USD,541000.0
GBDC,0001476765,0001476765-26-000048,10-Q,2026-06-30,2026-08-03,"Dwyer Instruments, Inc. | One stop 1 | Non-Affiliated Issuer","Dwyer Instruments, Inc.","Dwyer Instruments, Inc.",First Lien,,,,5682000.0,5712000.0,5722000.0,,99.3,4.75,8.48,,,False,,,USD,5682000.0
GBDC,0001476765,0001476765-26-000048,10-Q,2026-06-30,2026-08-03,"Dwyer Instruments, Inc. | One stop 2 | Non-Affiliated Issuer","Dwyer Instruments, Inc.","Dwyer Instruments, Inc.",First Lien,,,,2528000.0,2538000.0,2550000.0,,99.14,4.75,8.49,,,False,,,USD,2528000.0
GBDC,0001476765,0001476765-26-000048,10-Q,2026-06-30,2026-08-03,"Dwyer Instruments, Inc. | One stop 3 | Non-Affiliated Issuer","Dwyer Instruments, Inc.","Dwyer Instruments, Inc.",First Lien,,,,1441000.0,1444000.0,1451000.0,,99.31,4.75,8.48,,,False,,,USD,1441000.0
GBDC,0001476765,0001476765-26-000048,10-Q,2026-06-30,2026-08-03,"Dwyer Instruments, Inc. | One stop 4 | Non-Affiliated Issuer","Dwyer Instruments, Inc.","Dwyer Instruments, Inc.",First Lien,,,,461000.0,462000.0,464000.0,,99.35,4.75,8.48,,,False,,,USD,461000.0
GBDC,0001476765,0001476765-26-000048,10-Q,2026-06-30,2026-08-03,"Dwyer Instruments, Inc. | One stop 5 | Non-Affiliated Issuer","Dwyer Instruments, Inc.","Dwyer Instruments, Inc.",First Lien,,,,540000.0,539000.0,544000.0,,99.26,4.75,8.48,,,False,,,USD,540000.0
GBDC,0001476765,0001476765-26-000048,10-Q,2026-06-30,2026-08-03,"Dwyer Instruments, Inc. | One stop 6 | Non-Affiliated Issuer","Dwyer Instruments, Inc.","Dwyer Instruments, Inc.",First Lien,,,,-1000.0,-19000.0,0.0,,5.26,,,,,False,,,USD,-1000.0
GBDC,0001476765,0001476765-26-000048,10-Q,2026-06-30,2026-08-03,"Dwyer Instruments, Inc. | One stop 7 | Non-Affiliated Issuer","Dwyer Instruments, Inc.","Dwyer Instruments, Inc.",First Lien,,,,51166000.0,46939000.0,51187000.0,,99.96,5.0,7.3,,,False,,,USD,51166000.0
GBDC,0001476765,0001476765-26-000048,10-Q,2026-06-30,2026-08-03,"Dwyer Instruments, Inc. | One stop 8 | Non-Affiliated Issuer","Dwyer Instruments, Inc.","Dwyer Instruments, Inc.",First Lien,,,,6340000.0,6338000.0,6385000.0,,99.3,4.75,8.48,,,False,,,USD,6340000.0
GBDC,0001476765,0001476765-26-000048,10-Q,2026-06-30,2026-08-03,"Dwyer Instruments, Inc. | One stop 9 | Non-Affiliated Issuer","Dwyer Instruments, Inc.","Dwyer Instruments, Inc.",First Lien,,,,1463000.0,1464000.0,1474000.0,,99.25,4.75,8.48,,,False,,,USD,1463000.0
GBDC,0001476765,0001476765-26-000048,10-Q,2026-06-30,2026-08-03,Essential Services Holdings Corporation | One stop 1 | Non-Affiliated Issuer,Essential Services Holdings Corporation,Essential Services Holdings Corporation,First Lien,,,,11245000.0,11483000.0,11564000.0,,97.24,5.76,6.56,,2.88,True,,,USD,11245000.0
GBDC,0001476765,0001476765-26-000048,10-Q,2026-06-30,2026-08-03,Essential Services Holdings Corporation | One stop 2 | Non-Affiliated Issuer,Essential Services Holdings Corporation,Essential Services Holdings Corporation,First Lien,,,,587000.0,611000.0,621000.0,,94.52,5.25,8.91,,,False,,,USD,587000.0
GBDC,0001476765,0001476765-26-000048,10-Q,2026-06-30,2026-08-03,Excelitas Technologies Corp. | One stop 1 | Non-Affiliated Issuer,Excelitas Technologies Corp.,Excelitas Technologies Corp.,First Lien,,,,17518000.0,17592000.0,17721000.0,,98.85,5.25,8.89,,,False,,,USD,17518000.0
GBDC,0001476765,0001476765-26-000048,10-Q,2026-06-30,2026-08-03,Excelitas Technologies Corp. | One stop 2 | Non-Affiliated Issuer,Excelitas Technologies Corp.,Excelitas Technologies Corp.,First Lien,,,,1911000.0,1766000.0,1934000.0,,98.81,5.25,7.43,,,False,,,USD,1911000.0
GBDC,0001476765,0001476765-26-000048,10-Q,2026-06-30,2026-08-03,Excelitas Technologies Corp. | One stop 3 | Non-Affiliated Issuer,Excelitas Technologies Corp.,Excelitas Technologies Corp.,First Lien,,,,-4000.0,-2000.0,0.0,,200.0,,,,,False,,,USD,-4000.0
GBDC,0001476765,0001476765-26-000048,10-Q,2026-06-30,2026-08-03,"AMBA Buyer, Inc. | One stop 1 | Non-Affiliated Issuer","AMBA Buyer, Inc.","AMBA Buyer, Inc.",First Lien,,,,4388000.0,4392000.0,4388000.0,,100.0,5.25,9.08,,,False,,,USD,4388000.0
GBDC,0001476765,0001476765-26-000048,10-Q,2026-06-30,2026-08-03,"AMBA Buyer, Inc. | One stop 2 | Non-Affiliated Issuer","AMBA Buyer, Inc.","AMBA Buyer, Inc.",First Lien,,,,1307000.0,1306000.0,1307000.0,,100.0,5.25,9.08,,,False,,,USD,1307000.0
GBDC,0001476765,0001476765-26-000048,10-Q,2026-06-30,2026-08-03,"AMBA Buyer, Inc. | One stop 3 | Non-Affiliated Issuer","AMBA Buyer, Inc.","AMBA Buyer, Inc.",First Lien,,,,1102000.0,1101000.0,1102000.0,,100.0,5.25,9.08,,,False,,,USD,1102000.0
GBDC,0001476765,0001476765-26-000048,10-Q,2026-06-30,2026-08-03,"AMBA Buyer, Inc. | One stop 4 | Non-Affiliated Issuer","AMBA Buyer, Inc.","AMBA Buyer, Inc.",First Lien,,,,0.0,0.0,0.0,,,,,,,False,,,USD,0.0
GBDC,0001476765,0001476765-26-000048,10-Q,2026-06-30,2026-08-03,"AMBA Buyer, Inc. | One stop 5 | Non-Affiliated Issuer","AMBA Buyer, Inc.","AMBA Buyer, Inc.",First Lien,,,,159000.0,159000.0,159000.0,,100.0,5.25,9.08,,,False,,,USD,159000.0
GBDC,0001476765,0001476765-26-000048,10-Q,2026-06-30,2026-08-03,"Bellwether Buyer, LLC | One stop 1 | Non-Affiliated Issuer","Bellwether Buyer, LLC","Bellwether Buyer, LLC",First Lien,,,,-5000.0,-4000.0,0.0,,125.0,,,,,False,,,USD,-5000.0
GBDC,0001476765,0001476765-26-000048,10-Q,2026-06-30,2026-08-03,"Bellwether Buyer, LLC | One stop 2 | Non-Affiliated Issuer","Bellwether Buyer, LLC","Bellwether Buyer, LLC",First Lien,,,,5010000.0,5010000.0,5031000.0,,99.58,4.5,8.15,,,False,,,USD,5010000.0
GBDC,0001476765,0001476765-26-000048,10-Q,2026-06-30,2026-08-03,"Bellwether Buyer, LLC | One stop 3 | Non-Affiliated Issuer","Bellwether Buyer, LLC","Bellwether Buyer, LLC",First Lien,,,,356000.0,361000.0,367000.0,,97.0,4.5,8.15,,,False,,,USD,356000.0
GBDC,0001476765,0001476765-26-000048,10-Q,2026-06-30,2026-08-03,Ben Nevis Midco Limited | One stop 1 | Non-Affiliated Issuer,Ben Nevis Midco Limited,Ben Nevis Midco Limited,First Lien,,,,558000.0,557000.0,561000.0,,99.47,5.5,9.16,,,False,,,USD,558000.0
GBDC,0001476765,0001476765-26-000048,10-Q,2026-06-30,2026-08-03,Ben Nevis Midco Limited | One stop 2 | Non-Affiliated Issuer,Ben Nevis Midco Limited,Ben Nevis Midco Limited,First Lien,,,,375000.0,378000.0,378000.0,,99.21,5.5,9.17,,,False,,,USD,375000.0
GBDC,0001476765,0001476765-26-000048,10-Q,2026-06-30,2026-08-03,Ben Nevis Midco Limited | One stop 3 | Non-Affiliated Issuer,Ben Nevis Midco Limited,Ben Nevis Midco Limited,First Lien,,,,96000.0,96000.0,97000.0,,98.97,5.5,9.16,,,False,,,USD,96000.0
GBDC,0001476765,0001476765-26-000048,10-Q,2026-06-30,2026-08-03,Ben Nevis Midco Limited | One stop 4 | Non-Affiliated Issuer,Ben Nevis Midco Limited,Ben Nevis Midco Limited,First Lien,,,,462000.0,458000.0,465000.0,,99.35,5.5,9.16,,,False,,,USD,462000.0
GBDC,0001476765,0001476765-26-000048,10-Q,2026-06-30,2026-08-03,"Captive Resources Midco, LLC | One stop 1 | Non-Affiliated Issuer","Captive Resources Midco, LLC","Captive Resources Midco, LLC",First Lien,,,,22958000.0,22942000.0,22958000.0,,100.0,4.5,8.23,,,False,,,USD,22958000.0
GBDC,0001476765,0001476765-26-000048,10-Q,2026-06-30,2026-08-03,"Captive Resources Midco, LLC | One stop 2 | Non-Affiliated Issuer","Captive Resources Midco, LLC","Captive Resources Midco, LLC",First Lien,,,,0.0,-1000.0,0.0,,-0.0,,,,,False,,,USD,0.0
GBDC,0001476765,0001476765-26-000048,10-Q,2026-06-30,2026-08-03,"Doxa Insurance Holdings, LLC | One stop 1 | Non-Affiliated Issuer","Doxa Insurance Holdings, LLC","Doxa Insurance Holdings, LLC",First Lien,,,,1809000.0,1865000.0,1857000.0,,97.42,4.5,8.23,,,False,,,USD,1809000.0
GBDC,0001476765,0001476765-26-000048,10-Q,2026-06-30,2026-08-03,"Doxa Insurance Holdings, LLC | One stop 2 | Non-Affiliated Issuer","Doxa Insurance Holdings, LLC","Doxa Insurance Holdings, LLC",First Lien,,,,35000.0,37000.0,37000.0,,94.59,4.5,8.23,,,False,,,USD,35000.0
GBDC,0001476765,0001476765-26-000048,10-Q,2026-06-30,2026-08-03,"Doxa Insurance Holdings, LLC | One stop 3 | Non-Affiliated Issuer","Doxa Insurance Holdings, LLC","Doxa Insurance Holdings, LLC",First Lien,,,,1721000.0,1766000.0,1766000.0,,97.45,4.5,8.23,,,False,,,USD,1721000.0
GBDC,0001476765,0001476765-26-000048,10-Q,2026-06-30,2026-08-03,"Doxa Insurance Holdings, LLC | One stop 4 | Non-Affiliated Issuer","Doxa Insurance Holdings, LLC","Doxa Insurance Holdings, LLC",First Lien,,,,-15000.0,0.0,0.0,,,,,,,False,,,USD,-15000.0
GBDC,0001476765,0001476765-26-000048,10-Q,2026-06-30,2026-08-03,"Doxa Insurance Holdings, LLC | One stop 5 | Non-Affiliated Issuer","Doxa Insurance Holdings, LLC","Doxa Insurance Holdings, LLC",First Lien,,,,-4000.0,-4000.0,0.0,,100.0,,,,,False,,,USD,-4000.0
GBDC,0001476765,0001476765-26-000048,10-Q,2026-06-30,2026-08-03,"Doxa Insurance Holdings, LLC | One stop 6 | Non-Affiliated Issuer","Doxa Insurance Holdings, LLC","Doxa Insurance Holdings, LLC",First Lien,,,,3496000.0,3555000.0,3571000.0,,97.9,4.63,8.34,,,False,,,USD,3496000.0
GBDC,0001476765,0001476765-26-000048,10-Q,2026-06-30,2026-08-03,Galway Borrower LLC | One stop 1 | Non-Affiliated Issuer,Galway Borrower LLC,Galway Borrower LLC,First Lien,,,,331000.0,333000.0,334000.0,,99.1,4.5,8.23,,,False,,,USD,331000.0
GBDC,0001476765,0001476765-26-000048,10-Q,2026-06-30,2026-08-03,Galway Borrower LLC | One stop 2 | Non-Affiliated Issuer,Galway Borrower LLC,Galway Borrower LLC,First Lien,,,,17000.0,17000.0,17000.0,,100.0,4.5,8.23,,,False,,,USD,17000.0
GBDC,0001476765,0001476765-26-000048,10-Q,2026-06-30,2026-08-03,Galway Borrower LLC | One stop 3 | Non-Affiliated Issuer,Galway Borrower LLC,Galway Borrower LLC,First Lien,,,,10000.0,11000.0,11000.0,,90.91,4.5,8.24,,,False,,,USD,10000.0
GBDC,0001476765,0001476765-26-000048,10-Q,2026-06-30,2026-08-03,Galway Borrower LLC | One stop 4 | Non-Affiliated Issuer,Galway Borrower LLC,Galway Borrower LLC,First Lien,,,,12000.0,12000.0,12000.0,,100.0,4.5,8.23,,,False,,,USD,12000.0
GBDC,0001476765,0001476765-26-000048,10-Q,2026-06-30,2026-08-03,Galway Borrower LLC | One stop 5 | Non-Affiliated Issuer,Galway Borrower LLC,Galway Borrower LLC,First Lien,,,,0.0,0.0,0.0,,,,,,,False,,,USD,0.0
GBDC,0001476765,0001476765-26-000048,10-Q,2026-06-30,2026-08-03,Gimlet Bidco GMBH | One stop 1 | Non-Affiliated Issuer,Gimlet Bidco GMBH,Gimlet Bidco GMBH,First Lien,,,,1108000.0,1038000.0,1118000.0,,99.11,5.0,7.15,,,False,,,USD,1108000.0
GBDC,0001476765,0001476765-26-000048,10-Q,2026-06-30,2026-08-03,Gimlet Bidco GMBH | One stop 2 | Non-Affiliated Issuer,Gimlet Bidco GMBH,Gimlet Bidco GMBH,First Lien,,,,451000.0,437000.0,456000.0,,98.9,5.0,7.15,,,False,,,USD,451000.0
GBDC,0001476765,0001476765-26-000048,10-Q,2026-06-30,2026-08-03,Gimlet Bidco GMBH | One stop 3 | Non-Affiliated Issuer,Gimlet Bidco GMBH,Gimlet Bidco GMBH,First Lien,,,,324000.0,338000.0,332000.0,,97.59,5.0,7.16,,,False,,,USD,324000.0
GBDC,0001476765,0001476765-26-000048,10-Q,2026-06-30,2026-08-03,"Huskies Parent, Inc. | One stop | Non-Affiliated Issuer","Huskies Parent, Inc.","Huskies Parent, Inc.",First Lien,,,,1915000.0,1979000.0,1995000.0,,95.99,6.0,9.74,,,False,,,USD,1915000.0
GBDC,0001476765,0001476765-26-000048,10-Q,2026-06-30,2026-08-03,Illumifin Corporation | One stop | Non-Affiliated Issuer,Illumifin Corporation,Illumifin Corporation,First Lien,,,,4431000.0,4446000.0,4616000.0,,95.99,6.0,9.93,,,False,,,USD,4431000.0
GBDC,0001476765,0001476765-26-000048,10-Q,2026-06-30,2026-08-03,"Integrity Marketing Acquisition, LLC | One stop 1 | Non-Affiliated Issuer","Integrity Marketing Acquisition, LLC","Integrity Marketing Acquisition, LLC",First Lien,,,,48292000.0,48131000.0,48341000.0,,99.9,5.0,8.67,,,False,,,USD,48292000.0
GBDC,0001476765,0001476765-26-000048,10-Q,2026-06-30,2026-08-03,"Integrity Marketing Acquisition, LLC | One stop 2 | Non-Affiliated Issuer","Integrity Marketing Acquisition, LLC","Integrity Marketing Acquisition, LLC",First Lien,,,,0.0,-2000.0,0.0,,-0.0,,,,,False,,,USD,0.0
GBDC,0001476765,0001476765-26-000048,10-Q,2026-06-30,2026-08-03,"Integrity Marketing Acquisition, LLC | One stop 3 | Non-Affiliated Issuer","Integrity Marketing Acquisition, LLC","Integrity Marketing Acquisition, LLC",First Lien,,,,-3000.0,-3000.0,0.0,,100.0,,,,,False,,,USD,-3000.0
GBDC,0001476765,0001476765-26-000048,10-Q,2026-06-30,2026-08-03,"J.S. Held Holdings, LLC | One stop 1 | Non-Affiliated Issuer","J.S. Held Holdings, LLC","J.S. Held Holdings, LLC",First Lien,,,,-4000.0,-7000.0,0.0,,57.14,,,,,False,,,USD,-4000.0
GBDC,0001476765,0001476765-26-000048,10-Q,2026-06-30,2026-08-03,"J.S. Held Holdings, LLC | One stop 2 | Non-Affiliated Issuer","J.S. Held Holdings, LLC","J.S. Held Holdings, LLC",First Lien,,,,20026000.0,20073000.0,20175000.0,,99.26,4.75,8.63,,,False,,,USD,20026000.0
GBDC,0001476765,0001476765-26-000048,10-Q,2026-06-30,2026-08-03,"J.S. Held Holdings, LLC | One stop 3 | Non-Affiliated Issuer","J.S. Held Holdings, LLC","J.S. Held Holdings, LLC",First Lien,,,,37828000.0,37651000.0,38046000.0,,99.43,4.75,8.63,,,False,,,USD,37828000.0
GBDC,0001476765,0001476765-26-000048,10-Q,2026-06-30,2026-08-03,"Koala Investment Holdings, Inc. | One stop 1 | Non-Affiliated Issuer","Koala Investment Holdings, Inc.","Koala Investment Holdings, Inc.",First Lien,,,,1550000.0,1557000.0,1564000.0,,99.1,4.25,7.99,,,False,,,USD,1550000.0
GBDC,0001476765,0001476765-26-000048,10-Q,2026-06-30,2026-08-03,"Koala Investment Holdings, Inc. | One stop 2 | Non-Affiliated Issuer","Koala Investment Holdings, Inc.","Koala Investment Holdings, Inc.",First Lien,,,,70000.0,70000.0,71000.0,,98.59,4.25,7.96,,,False,,,USD,70000.0
GBDC,0001476765,0001476765-26-000048,10-Q,2026-06-30,2026-08-03,"Koala Investment Holdings, Inc. | One stop 3 | Non-Affiliated Issuer","Koala Investment Holdings, Inc.","Koala Investment Holdings, Inc.",First Lien,,,,-3000.0,-1000.0,0.0,,300.0,,,,,False,,,USD,-3000.0
GBDC,0001476765,0001476765-26-000048,10-Q,2026-06-30,2026-08-03,Majesco | One stop 1 | Non-Affiliated Issuer,Majesco,Majesco,First Lien,,,,455000.0,461000.0,462000.0,,98.48,4.5,8.23,,,False,,,USD,455000.0
GBDC,0001476765,0001476765-26-000048,10-Q,2026-06-30,2026-08-03,Majesco | One stop 2 | Non-Affiliated Issuer,Majesco,Majesco,First Lien,,,,-1000.0,0.0,0.0,,,,,,,False,,,USD,-1000.0
GBDC,0001476765,0001476765-26-000048,10-Q,2026-06-30,2026-08-03,MRH Trowe Germany GMBH | One stop 1 | Non-Affiliated Issuer,MRH Trowe Germany GMBH,MRH Trowe Germany GMBH,First Lien,,,,-7000.0,-2000.0,0.0,,350.0,,,,,False,,,USD,-7000.0
GBDC,0001476765,0001476765-26-000048,10-Q,2026-06-30,2026-08-03,MRH Trowe Germany GMBH | One stop 2 | Non-Affiliated Issuer,MRH Trowe Germany GMBH,MRH Trowe Germany GMBH,First Lien,,,,6001000.0,5950000.0,6075000.0,,98.78,5.0,7.16,,,False,,,USD,6001000.0
GBDC,0001476765,0001476765-26-000048,10-Q,2026-06-30,2026-08-03,MRH Trowe Germany GMBH | One stop 3 | Non-Affiliated Issuer,MRH Trowe Germany GMBH,MRH Trowe Germany GMBH,First Lien,,,,1100000.0,1148000.0,1125000.0,,97.78,5.0,7.31,,,False,,,USD,1100000.0
GBDC,0001476765,0001476765-26-000048,10-Q,2026-06-30,2026-08-03,"Oakbridge Insurance Agency, LLC | One stop 1 | Non-Affiliated Issuer","Oakbridge Insurance Agency, LLC","Oakbridge Insurance Agency, LLC",First Lien,,,,2221000.0,2261000.0,2241000.0,,99.11,4.75,8.39,,,False,,,USD,2221000.0
GBDC,0001476765,0001476765-26-000048,10-Q,2026-06-30,2026-08-03,"Oakbridge Insurance Agency, LLC | One stop 2 | Non-Affiliated Issuer","Oakbridge Insurance Agency, LLC","Oakbridge Insurance Agency, LLC",First Lien,,,,6000.0,7000.0,7000.0,,85.71,4.75,8.39,,,False,,,USD,6000.0
GBDC,0001476765,0001476765-26-000048,10-Q,2026-06-30,2026-08-03,"Oakbridge Insurance Agency, LLC | One stop 3 | Non-Affiliated Issuer","Oakbridge Insurance Agency, LLC","Oakbridge Insurance Agency, LLC",First Lien,,,,1073000.0,1079000.0,1082000.0,,99.17,4.75,8.39,,,False,,,USD,1073000.0
GBDC,0001476765,0001476765-26-000048,10-Q,2026-06-30,2026-08-03,"Oakbridge Insurance Agency, LLC | One stop 4 | Non-Affiliated Issuer","Oakbridge Insurance Agency, LLC","Oakbridge Insurance Agency, LLC",First Lien,,,,940000.0,935000.0,941000.0,,99.89,5.0,8.64,,,False,,,USD,940000.0
GBDC,0001476765,0001476765-26-000048,10-Q,2026-06-30,2026-08-03,"Oakbridge Insurance Agency, LLC | One stop 5 | Non-Affiliated Issuer","Oakbridge Insurance Agency, LLC","Oakbridge Insurance Agency, LLC",First Lien,,,,-4000.0,-2000.0,0.0,,200.0,,,,,False,,,USD,-4000.0
GBDC,0001476765,0001476765-26-000048,10-Q,2026-06-30,2026-08-03,"Pareto Health Intermediate Holdings, Inc. | One stop 1 | Non-Affiliated Issuer","Pareto Health Intermediate Holdings, Inc.","Pareto Health Intermediate Holdings, Inc.",First Lien,,,,-1000.0,-1000.0,0.0,,100.0,,,,,False,,,USD,-1000.0
GBDC,0001476765,0001476765-26-000048,10-Q,2026-06-30,2026-08-03,"Pareto Health Intermediate Holdings, Inc. | One stop 2 | Non-Affiliated Issuer","Pareto Health Intermediate Holdings, Inc.","Pareto Health Intermediate Holdings, Inc.",First Lien,,,,84435000.0,84720000.0,85240000.0,,99.06,5.0,8.73,,,False,,,USD,84435000.0
GBDC,0001476765,0001476765-26-000048,10-Q,2026-06-30,2026-08-03,"Pareto Health Intermediate Holdings, Inc. | One stop 3 | Non-Affiliated Issuer","Pareto Health Intermediate Holdings, Inc.","Pareto Health Intermediate Holdings, Inc.",First Lien,,,,414000.0,414000.0,418000.0,,99.04,5.0,8.73,,,False,,,USD,414000.0
GBDC,0001476765,0001476765-26-000048,10-Q,2026-06-30,2026-08-03,"Patriot Growth Insurance Services, LLC | One stop 1 | Non-Affiliated Issuer","Patriot Growth Insurance Services, LLC","Patriot Growth Insurance Services, LLC",First Lien,,,,70625000.0,70942000.0,71470000.0,,98.82,5.0,8.88,,,False,,,USD,70625000.0
GBDC,0001476765,0001476765-26-000048,10-Q,2026-06-30,2026-08-03,"Patriot Growth Insurance Services, LLC | One stop 2 | Non-Affiliated Issuer","Patriot Growth Insurance Services, LLC","Patriot Growth Insurance Services, LLC",First Lien,,,,9631000.0,9629000.0,9747000.0,,98.81,5.0,8.88,,,False,,,USD,9631000.0
GBDC,0001476765,0001476765-26-000048,10-Q,2026-06-30,2026-08-03,"Patriot Growth Insurance Services, LLC | One stop 3 | Non-Affiliated Issuer","Patriot Growth Insurance Services, LLC","Patriot Growth Insurance Services, LLC",First Lien,,,,-21000.0,-32000.0,0.0,,65.62,,,,,False,,,USD,-21000.0
GBDC,0001476765,0001476765-26-000048,10-Q,2026-06-30,2026-08-03,"Patriot Growth Insurance Services, LLC | One stop 4 | Non-Affiliated Issuer","Patriot Growth Insurance Services, LLC","Patriot Growth Insurance Services, LLC",First Lien,,,,3325000.0,3368000.0,3375000.0,,98.52,5.0,8.73,,,False,,,USD,3325000.0
GBDC,0001476765,0001476765-26-000048,10-Q,2026-06-30,2026-08-03,People Corporation | One stop 1 | Non-Affiliated Issuer,People Corporation,People Corporation,First Lien,,,,23156000.0,24810000.0,23095000.0,,100.26,5.0,7.62,,,False,,,USD,23156000.0
GBDC,0001476765,0001476765-26-000048,10-Q,2026-06-30,2026-08-03,People Corporation | One stop 2 | Non-Affiliated Issuer,People Corporation,People Corporation,First Lien,,,,19446000.0,20230000.0,19395000.0,,100.26,5.0,7.62,,,False,,,USD,19446000.0
GBDC,0001476765,0001476765-26-000048,10-Q,2026-06-30,2026-08-03,People Corporation | One stop 3 | Non-Affiliated Issuer,People Corporation,People Corporation,First Lien,,,,7604000.0,8252000.0,7584000.0,,100.26,5.0,7.62,,,False,,,USD,7604000.0
GBDC,0001476765,0001476765-26-000048,10-Q,2026-06-30,2026-08-03,People Corporation | One stop 4 | Non-Affiliated Issuer,People Corporation,People Corporation,First Lien,,,,9511000.0,9664000.0,9486000.0,,100.26,5.0,7.62,,,False,,,USD,9511000.0
GBDC,0001476765,0001476765-26-000048,10-Q,2026-06-30,2026-08-03,People Corporation | One stop 5 | Non-Affiliated Issuer,People Corporation,People Corporation,First Lien,,,,0.0,-2000.0,0.0,,-0.0,,,,,False,,,USD,0.0
GBDC,0001476765,0001476765-26-000048,10-Q,2026-06-30,2026-08-03,People Corporation | One stop 6 | Non-Affiliated Issuer,People Corporation,People Corporation,First Lien,,,,23462000.0,23669000.0,23380000.0,,100.35,5.0,7.62,,,False,,,USD,23462000.0
GBDC,0001476765,0001476765-26-000048,10-Q,2026-06-30,2026-08-03,"Wasabi Lower Holdco, LLC | Senior secured 1 | Non-Affiliated Issuer","Wasabi Lower Holdco, LLC","Wasabi Lower Holdco, LLC",First Lien,,,,-15000.0,-7000.0,0.0,,214.29,,,,,False,,,USD,-15000.0
GBDC,0001476765,0001476765-26-000048,10-Q,2026-06-30,2026-08-03,"Wasabi Lower Holdco, LLC | Senior secured 2 | Non-Affiliated Issuer","Wasabi Lower Holdco, LLC","Wasabi Lower Holdco, LLC",First Lien,,,,2549000.0,2580000.0,2610000.0,,97.66,4.5,8.17,,,False,,,USD,2549000.0
GBDC,0001476765,0001476765-26-000048,10-Q,2026-06-30,2026-08-03,"World Insurance Associates, LLC | One stop 1 | Non-Affiliated Issuer","World Insurance Associates, LLC","World Insurance Associates, LLC",First Lien,,,,-2000.0,-2000.0,0.0,,100.0,,,,,False,,,USD,-2000.0
GBDC,0001476765,0001476765-26-000048,10-Q,2026-06-30,2026-08-03,"World Insurance Associates, LLC | One stop 2 | Non-Affiliated Issuer","World Insurance Associates, LLC","World Insurance Associates, LLC",First Lien,,,,5471000.0,5488000.0,5503000.0,,99.42,5.0,8.72,,,False,,,USD,5471000.0
GBDC,0001476765,0001476765-26-000048,10-Q,2026-06-30,2026-08-03,"Revalize, Inc. | One stop 1 | Non-Affiliated Issuer","Revalize, Inc.","Revalize, Inc.",First Lien,,,,18615000.0,20539000.0,20682000.0,,90.01,6.5,8.63,,1.75,True,,,USD,18615000.0
GBDC,0001476765,0001476765-26-000048,10-Q,2026-06-30,2026-08-03,"Revalize, Inc. | One stop 2 | Non-Affiliated Issuer","Revalize, Inc.","Revalize, Inc.",First Lien,,,,10896000.0,11919000.0,12106000.0,,90.0,6.5,8.63,,1.75,True,,,USD,10896000.0
GBDC,0001476765,0001476765-26-000048,10-Q,2026-06-30,2026-08-03,"Revalize, Inc. | One stop 3 | Non-Affiliated Issuer","Revalize, Inc.","Revalize, Inc.",First Lien,,,,5402000.0,5910000.0,6002000.0,,90.0,6.5,8.63,,1.75,True,,,USD,5402000.0
GBDC,0001476765,0001476765-26-000048,10-Q,2026-06-30,2026-08-03,"Revalize, Inc. | One stop 4 | Non-Affiliated Issuer","Revalize, Inc.","Revalize, Inc.",First Lien,,,,3254000.0,3551000.0,3616000.0,,89.99,6.5,8.63,,1.75,True,,,USD,3254000.0
GBDC,0001476765,0001476765-26-000048,10-Q,2026-06-30,2026-08-03,"Revalize, Inc. | One stop 5 | Non-Affiliated Issuer","Revalize, Inc.","Revalize, Inc.",First Lien,,,,2215000.0,2403000.0,2461000.0,,90.0,6.5,8.63,,1.75,True,,,USD,2215000.0
GBDC,0001476765,0001476765-26-000048,10-Q,2026-06-30,2026-08-03,"Revalize, Inc. | One stop 6 | Non-Affiliated Issuer","Revalize, Inc.","Revalize, Inc.",First Lien,,,,2175000.0,2308000.0,2418000.0,,89.95,6.5,8.63,,1.75,True,,,USD,2175000.0
GBDC,0001476765,0001476765-26-000048,10-Q,2026-06-30,2026-08-03,"Revalize, Inc. | One stop 7 | Non-Affiliated Issuer","Revalize, Inc.","Revalize, Inc.",First Lien,,,,208000.0,219000.0,231000.0,,90.04,6.5,8.63,,1.75,True,,,USD,208000.0
GBDC,0001476765,0001476765-26-000048,10-Q,2026-06-30,2026-08-03,"Revalize, Inc. | One stop 8 | Non-Affiliated Issuer","Revalize, Inc.","Revalize, Inc.",First Lien,,,,148000.0,180000.0,194000.0,,76.29,6.25,9.63,,0.5,True,,,USD,148000.0
GBDC,0001476765,0001476765-26-000048,10-Q,2026-06-30,2026-08-03,"Acquia, Inc. | One stop 1 | Non-Affiliated Issuer","Acquia, Inc.","Acquia, Inc.",First Lien,,,,11900000.0,12015000.0,12020000.0,,99.0,6.0,9.83,,,False,,,USD,11900000.0
GBDC,0001476765,0001476765-26-000048,10-Q,2026-06-30,2026-08-03,"Acquia, Inc. | One stop 2 | Non-Affiliated Issuer","Acquia, Inc.","Acquia, Inc.",First Lien,,,,110000.0,112000.0,112000.0,,98.21,6.0,9.83,,,False,,,USD,110000.0
GBDC,0001476765,0001476765-26-000048,10-Q,2026-06-30,2026-08-03,"Acquia, Inc. | One stop 3 | Non-Affiliated Issuer","Acquia, Inc.","Acquia, Inc.",First Lien,,,,1072000.0,1082000.0,1083000.0,,98.98,6.0,9.83,,,False,,,USD,1072000.0
GBDC,0001476765,0001476765-26-000048,10-Q,2026-06-30,2026-08-03,"CivicPlus, LLC | One stop 1 | Non-Affiliated Issuer","CivicPlus, LLC","CivicPlus, LLC",First Lien,,,,-7000.0,-2000.0,0.0,,350.0,,,,,False,,,USD,-7000.0
GBDC,0001476765,0001476765-26-000048,10-Q,2026-06-30,2026-08-03,"CivicPlus, LLC | One stop 5 | Non-Affiliated Issuer","CivicPlus, LLC","CivicPlus, LLC",First Lien,,,,-7000.0,-2000.0,0.0,,350.0,,,,,False,,,USD,-7000.0
GBDC,0001476765,0001476765-26-000048,10-Q,2026-06-30,2026-08-03,"CivicPlus, LLC | One stop 2 | Non-Affiliated Issuer","CivicPlus, LLC","CivicPlus, LLC",First Lien,,,,382000.0,396000.0,398000.0,,95.98,11.75,,,15.48,True,,,USD,382000.0
GBDC,0001476765,0001476765-26-000048,10-Q,2026-06-30,2026-08-03,"CivicPlus, LLC | One stop 3 | Non-Affiliated Issuer","CivicPlus, LLC","CivicPlus, LLC",First Lien,,,,23529000.0,23838000.0,23887000.0,,98.5,6.0,6.92,,2.75,True,,,USD,23529000.0
GBDC,0001476765,0001476765-26-000048,10-Q,2026-06-30,2026-08-03,"CivicPlus, LLC | One stop 4 | Non-Affiliated Issuer","CivicPlus, LLC","CivicPlus, LLC",First Lien,,,,2187000.0,2229000.0,2244000.0,,97.46,6.0,6.92,,2.75,True,,,USD,2187000.0
GBDC,0001476765,0001476765-26-000048,10-Q,2026-06-30,2026-08-03,"ContractPod Technologies, Ltd. | One stop 1 | Non-Affiliated Issuer","ContractPod Technologies, Ltd.","ContractPod Technologies, Ltd.",First Lien,,,,506000.0,515000.0,517000.0,,97.87,6.5,7.1,,3.25,True,,,USD,506000.0
GBDC,0001476765,0001476765-26-000048,10-Q,2026-06-30,2026-08-03,"ContractPod Technologies, Ltd. | One stop 2 | Non-Affiliated Issuer","ContractPod Technologies, Ltd.","ContractPod Technologies, Ltd.",First Lien,,,,248000.0,252000.0,253000.0,,98.02,6.5,7.1,,3.25,True,,,USD,248000.0
GBDC,0001476765,0001476765-26-000048,10-Q,2026-06-30,2026-08-03,"ContractPod Technologies, Ltd. | One stop 3 | Non-Affiliated Issuer","ContractPod Technologies, Ltd.","ContractPod Technologies, Ltd.",First Lien,,,,33000.0,37000.0,38000.0,,86.84,6.5,7.09,,3.25,True,,,USD,33000.0
GBDC,0001476765,0001476765-26-000048,10-Q,2026-06-30,2026-08-03,"Critical Start, Inc. | One stop 1 | Non-Affiliated Issuer","Critical Start, Inc.","Critical Start, Inc.",First Lien,,,,5324000.0,5595000.0,5604000.0,,95.0,6.75,6.16,,4.25,True,,,USD,5324000.0
GBDC,0001476765,0001476765-26-000048,10-Q,2026-06-30,2026-08-03,"Critical Start, Inc. | One stop 2 | Non-Affiliated Issuer","Critical Start, Inc.","Critical Start, Inc.",First Lien,,,,2445000.0,2554000.0,2573000.0,,95.03,6.75,6.16,,4.25,True,,,USD,2445000.0
GBDC,0001476765,0001476765-26-000048,10-Q,2026-06-30,2026-08-03,"Critical Start, Inc. | One stop 3 | Non-Affiliated Issuer","Critical Start, Inc.","Critical Start, Inc.",First Lien,,,,47000.0,52000.0,53000.0,,88.68,6.25,9.91,,,False,,,USD,47000.0
GBDC,0001476765,0001476765-26-000048,10-Q,2026-06-30,2026-08-03,Delinea Inc. | One stop 1 | Non-Affiliated Issuer,Delinea Inc.,Delinea Inc.,First Lien,,,,46461000.0,46808000.0,46930000.0,,99.0,4.25,7.98,,,False,,,USD,46461000.0
GBDC,0001476765,0001476765-26-000048,10-Q,2026-06-30,2026-08-03,Delinea Inc. | One stop 2 | Non-Affiliated Issuer,Delinea Inc.,Delinea Inc.,First Lien,,,,-5000.0,-2000.0,0.0,,250.0,,,,,False,,,USD,-5000.0
GBDC,0001476765,0001476765-26-000048,10-Q,2026-06-30,2026-08-03,Goldcup 31018 AB | One stop 1 | Non-Affiliated Issuer,Goldcup 31018 AB,Goldcup 31018 AB,First Lien,,,,15096000.0,14393000.0,15724000.0,,96.01,6.37,,,8.5,True,,,USD,15096000.0
GBDC,0001476765,0001476765-26-000048,10-Q,2026-06-30,2026-08-03,Goldcup 31018 AB | One stop 2 | Non-Affiliated Issuer,Goldcup 31018 AB,Goldcup 31018 AB,First Lien,,,,1408000.0,1367000.0,1466000.0,,96.04,6.38,,,8.51,True,,,USD,1408000.0
GBDC,0001476765,0001476765-26-000048,10-Q,2026-06-30,2026-08-03,Goldcup 31018 AB | One stop 3 | Non-Affiliated Issuer,Goldcup 31018 AB,Goldcup 31018 AB,First Lien,,,,-10000.0,-1000.0,0.0,,1000.0,,,,,False,,,USD,-10000.0
GBDC,0001476765,0001476765-26-000048,10-Q,2026-06-30,2026-08-03,"Kentik Technologies, Inc. | One stop 1 | Non-Affiliated Issuer","Kentik Technologies, Inc.","Kentik Technologies, Inc.",First Lien,,,,53000.0,51000.0,52000.0,,101.92,8.0,7.66,,4.0,True,,,USD,53000.0
GBDC,0001476765,0001476765-26-000048,10-Q,2026-06-30,2026-08-03,"Kentik Technologies, Inc. | One stop 2 | Non-Affiliated Issuer","Kentik Technologies, Inc.","Kentik Technologies, Inc.",First Lien,,,,60000.0,55000.0,58000.0,,103.45,8.0,7.66,,4.0,True,,,USD,60000.0
GBDC,0001476765,0001476765-26-000048,10-Q,2026-06-30,2026-08-03,"Kentik Technologies, Inc. | One stop 3 | Non-Affiliated Issuer","Kentik Technologies, Inc.","Kentik Technologies, Inc.",First Lien,,,,21000.0,18000.0,20000.0,,105.0,8.0,7.66,,4.0,True,,,USD,21000.0
GBDC,0001476765,0001476765-26-000048,10-Q,2026-06-30,2026-08-03,"Kentik Technologies, Inc. | One stop 4 | Non-Affiliated Issuer","Kentik Technologies, Inc.","Kentik Technologies, Inc.",First Lien,,,,9000.0,7000.0,8000.0,,112.5,8.0,7.66,,4.0,True,,,USD,9000.0
GBDC,0001476765,0001476765-26-000048,10-Q,2026-06-30,2026-08-03,Netwrix Corporation | One stop 1 | Non-Affiliated Issuer,Netwrix Corporation,Netwrix Corporation,First Lien,,,,-7000.0,-1000.0,0.0,,700.0,,,,,False,,,USD,-7000.0
GBDC,0001476765,0001476765-26-000048,10-Q,2026-06-30,2026-08-03,Netwrix Corporation | One stop 2 | Non-Affiliated Issuer,Netwrix Corporation,Netwrix Corporation,First Lien,,,,9279000.0,9470000.0,9468000.0,,98.0,4.75,8.39,,,False,,,USD,9279000.0
GBDC,0001476765,0001476765-26-000048,10-Q,2026-06-30,2026-08-03,Netwrix Corporation | One stop 3 | Non-Affiliated Issuer,Netwrix Corporation,Netwrix Corporation,First Lien,,,,372000.0,380000.0,380000.0,,97.89,4.75,8.39,,,False,,,USD,372000.0
GBDC,0001476765,0001476765-26-000048,10-Q,2026-06-30,2026-08-03,Netwrix Corporation | One stop 4 | Non-Affiliated Issuer,Netwrix Corporation,Netwrix Corporation,First Lien,,,,149000.0,182000.0,183000.0,,81.42,4.75,8.39,,,False,,,USD,149000.0
GBDC,0001476765,0001476765-26-000048,10-Q,2026-06-30,2026-08-03,"Optimizely North America, Inc. | One stop 1 | Non-Affiliated Issuer","Optimizely North America, Inc.","Optimizely North America, Inc.",First Lien,,,,36672000.0,37714000.0,38002000.0,,96.5,5.5,6.64,,2.5,True,,,USD,36672000.0
GBDC,0001476765,0001476765-26-000048,10-Q,2026-06-30,2026-08-03,"Optimizely North America, Inc. | One stop 2 | Non-Affiliated Issuer","Optimizely North America, Inc.","Optimizely North America, Inc.",First Lien,,,,14906000.0,14500000.0,15367000.0,,97.0,5.75,5.46,,2.5,True,,,USD,14906000.0
GBDC,0001476765,0001476765-26-000048,10-Q,2026-06-30,2026-08-03,"Optimizely North America, Inc. | One stop 3 | Non-Affiliated Issuer","Optimizely North America, Inc.","Optimizely North America, Inc.",First Lien,,,,5788000.0,5703000.0,5876000.0,,98.5,6.0,7.23,,2.5,True,,,USD,5788000.0
GBDC,0001476765,0001476765-26-000048,10-Q,2026-06-30,2026-08-03,"Optimizely North America, Inc. | One stop 4 | Non-Affiliated Issuer","Optimizely North America, Inc.","Optimizely North America, Inc.",First Lien,,,,-213000.0,-76000.0,0.0,,280.26,,,,,False,,,USD,-213000.0
GBDC,0001476765,0001476765-26-000048,10-Q,2026-06-30,2026-08-03,PDQ.com Corporation | One stop 1 | Non-Affiliated Issuer,PDQ.com Corporation,PDQ.com Corporation,First Lien,,,,-2000.0,0.0,0.0,,,,,,,False,,,USD,-2000.0
GBDC,0001476765,0001476765-26-000048,10-Q,2026-06-30,2026-08-03,PDQ.com Corporation | One stop 2 | Non-Affiliated Issuer,PDQ.com Corporation,PDQ.com Corporation,First Lien,,,,607000.0,631000.0,633000.0,,95.89,4.5,8.23,,,False,,,USD,607000.0
GBDC,0001476765,0001476765-26-000048,10-Q,2026-06-30,2026-08-03,PDQ.com Corporation | One stop 3 | Non-Affiliated Issuer,PDQ.com Corporation,PDQ.com Corporation,First Lien,,,,22000.0,33000.0,34000.0,,64.71,4.5,8.23,,,False,,,USD,22000.0
GBDC,0001476765,0001476765-26-000048,10-Q,2026-06-30,2026-08-03,"ReliaQuest Holdings, LLC | One stop 1 | Non-Affiliated Issuer","ReliaQuest Holdings, LLC","ReliaQuest Holdings, LLC",First Lien,,,,12373000.0,12411000.0,12434000.0,,99.51,5.76,6.29,,3.13,True,,,USD,12373000.0
GBDC,0001476765,0001476765-26-000048,10-Q,2026-06-30,2026-08-03,"ReliaQuest Holdings, LLC | One stop 2 | Non-Affiliated Issuer","ReliaQuest Holdings, LLC","ReliaQuest Holdings, LLC",First Lien,,,,-23000.0,-19000.0,0.0,,121.05,,,,,False,,,USD,-23000.0
GBDC,0001476765,0001476765-26-000048,10-Q,2026-06-30,2026-08-03,"ReliaQuest Holdings, LLC | One stop 3 | Non-Affiliated Issuer","ReliaQuest Holdings, LLC","ReliaQuest Holdings, LLC",First Lien,,,,-5000.0,-6000.0,0.0,,83.33,,,,,False,,,USD,-5000.0
GBDC,0001476765,0001476765-26-000048,10-Q,2026-06-30,2026-08-03,"ReliaQuest Holdings, LLC | One stop 4 | Non-Affiliated Issuer","ReliaQuest Holdings, LLC","ReliaQuest Holdings, LLC",First Lien,,,,29465000.0,29499000.0,29613000.0,,99.5,5.76,6.29,,3.13,True,,,USD,29465000.0
GBDC,0001476765,0001476765-26-000048,10-Q,2026-06-30,2026-08-03,"Saturn Borrower, Inc. | One stop 1 | Non-Affiliated Issuer","Saturn Borrower, Inc.","Saturn Borrower, Inc.",First Lien,,,,26714000.0,26916000.0,27120000.0,,98.5,6.0,9.73,,,False,,,USD,26714000.0
GBDC,0001476765,0001476765-26-000048,10-Q,2026-06-30,2026-08-03,"Saturn Borrower, Inc. | One stop 2 | Non-Affiliated Issuer","Saturn Borrower, Inc.","Saturn Borrower, Inc.",First Lien,,,,119000.0,120000.0,125000.0,,95.2,6.0,9.73,,,False,,,USD,119000.0
GBDC,0001476765,0001476765-26-000048,10-Q,2026-06-30,2026-08-03,"WPEngine, Inc. | One stop 1 | Non-Affiliated Issuer","WPEngine, Inc.","WPEngine, Inc.",First Lien,,,,5382000.0,5425000.0,5438000.0,,98.97,5.75,9.43,,,False,,,USD,5382000.0
GBDC,0001476765,0001476765-26-000048,10-Q,2026-06-30,2026-08-03,"WPEngine, Inc. | One stop 2 | Non-Affiliated Issuer","WPEngine, Inc.","WPEngine, Inc.",First Lien,,,,0.0,0.0,0.0,,,,,,,False,,,USD,0.0
GBDC,0001476765,0001476765-26-000048,10-Q,2026-06-30,2026-08-03,"Zarya Holdco, Inc. | One stop 1 | Non-Affiliated Issuer","Zarya Holdco, Inc.","Zarya Holdco, Inc.",First Lien,,,,1381000.0,1385000.0,1388000.0,,99.5,6.5,10.17,,,False,,,USD,1381000.0
GBDC,0001476765,0001476765-26-000048,10-Q,2026-06-30,2026-08-03,"Zarya Holdco, Inc. | One stop 2 | Non-Affiliated Issuer","Zarya Holdco, Inc.","Zarya Holdco, Inc.",First Lien,,,,7083000.0,7137000.0,7120000.0,,99.48,6.5,10.17,,,False,,,USD,7083000.0
GBDC,0001476765,0001476765-26-000048,10-Q,2026-06-30,2026-08-03,"Zarya Holdco, Inc. | One stop 3 | Non-Affiliated Issuer","Zarya Holdco, Inc.","Zarya Holdco, Inc.",First Lien,,,,40000.0,40000.0,40000.0,,100.0,6.5,10.16,,,False,,,USD,40000.0
GBDC,0001476765,0001476765-26-000048,10-Q,2026-06-30,2026-08-03,Atlas Bidco Pty Ltd | One stop 1 | Non-Affiliated Issuer,Atlas Bidco Pty Ltd,Atlas Bidco Pty Ltd,First Lien,,,,0.0,0.0,0.0,,,,,,,False,,,USD,0.0
GBDC,0001476765,0001476765-26-000048,10-Q,2026-06-30,2026-08-03,Atlas Bidco Pty Ltd | One stop 2 | Non-Affiliated Issuer,Atlas Bidco Pty Ltd,Atlas Bidco Pty Ltd,First Lien,,,,217000.0,220000.0,218000.0,,99.54,5.0,9.51,,,False,,,USD,217000.0
GBDC,0001476765,0001476765-26-000048,10-Q,2026-06-30,2026-08-03,Atlas Bidco Pty Ltd | One stop 3 | Non-Affiliated Issuer,Atlas Bidco Pty Ltd,Atlas Bidco Pty Ltd,First Lien,,,,-2000.0,-2000.0,0.0,,100.0,,,,,False,,,USD,-2000.0
GBDC,0001476765,0001476765-26-000048,10-Q,2026-06-30,2026-08-03,"Crunch Holdings, LLC | One stop 1 | Non-Affiliated Issuer","Crunch Holdings, LLC","Crunch Holdings, LLC",First Lien,,,,1751000.0,1748000.0,1751000.0,,100.0,4.5,8.14,,,False,,,USD,1751000.0
GBDC,0001476765,0001476765-26-000048,10-Q,2026-06-30,2026-08-03,"Crunch Holdings, LLC | One stop 2 | Non-Affiliated Issuer","Crunch Holdings, LLC","Crunch Holdings, LLC",First Lien,,,,0.0,0.0,0.0,,,,,,,False,,,USD,0.0
GBDC,0001476765,0001476765-26-000048,10-Q,2026-06-30,2026-08-03,"Movement Holdings, LLC | One stop 1 | Non-Affiliated Issuer","Movement Holdings, LLC","Movement Holdings, LLC",First Lien,,,,826000.0,825000.0,826000.0,,100.0,5.5,9.24,,,False,,,USD,826000.0
GBDC,0001476765,0001476765-26-000048,10-Q,2026-06-30,2026-08-03,"Movement Holdings, LLC | One stop 2 | Non-Affiliated Issuer","Movement Holdings, LLC","Movement Holdings, LLC",First Lien,,,,0.0,0.0,0.0,,,,,,,False,,,USD,0.0
GBDC,0001476765,0001476765-26-000048,10-Q,2026-06-30,2026-08-03,"Cascade Acquiror, Inc. | One stop 1 | Non-Affiliated Issuer","Cascade Acquiror, Inc.","Cascade Acquiror, Inc.",First Lien,,,,447000.0,449000.0,451000.0,,99.11,5.0,8.65,,,False,,,USD,447000.0
GBDC,0001476765,0001476765-26-000048,10-Q,2026-06-30,2026-08-03,"Cascade Acquiror, Inc. | One stop 2 | Non-Affiliated Issuer","Cascade Acquiror, Inc.","Cascade Acquiror, Inc.",First Lien,,,,0.0,0.0,0.0,,,,,,,False,,,USD,0.0
GBDC,0001476765,0001476765-26-000048,10-Q,2026-06-30,2026-08-03,"Diamondback Acquisition, Inc. | One stop 1 | Non-Affiliated Issuer","Diamondback Acquisition, Inc.","Diamondback Acquisition, Inc.",First Lien,,,,1433000.0,1482000.0,1485000.0,,96.5,4.5,8.14,,,False,,,USD,1433000.0
GBDC,0001476765,0001476765-26-000048,10-Q,2026-06-30,2026-08-03,"Diamondback Acquisition, Inc. | One stop 2 | Non-Affiliated Issuer","Diamondback Acquisition, Inc.","Diamondback Acquisition, Inc.",First Lien,,,,-11000.0,-1000.0,0.0,,1100.0,,,,,False,,,USD,-11000.0
GBDC,0001476765,0001476765-26-000048,10-Q,2026-06-30,2026-08-03,"Diamondback Acquisition, Inc. | One stop 3 | Non-Affiliated Issuer","Diamondback Acquisition, Inc.","Diamondback Acquisition, Inc.",First Lien,,,,60000.0,67000.0,67000.0,,89.55,4.5,9.04,,,False,,,USD,60000.0
GBDC,0001476765,0001476765-26-000048,10-Q,2026-06-30,2026-08-03,PAS Parent Inc. | One stop 1 | Non-Affiliated Issuer,PAS Parent Inc.,PAS Parent Inc.,First Lien,,,,0.0,-4000.0,0.0,,-0.0,,,,,False,,,USD,0.0
GBDC,0001476765,0001476765-26-000048,10-Q,2026-06-30,2026-08-03,PAS Parent Inc. | One stop 2 | Non-Affiliated Issuer,PAS Parent Inc.,PAS Parent Inc.,First Lien,,,,57965000.0,57565000.0,57811000.0,,100.27,4.5,8.14,,,False,,,USD,57965000.0
GBDC,0001476765,0001476765-26-000048,10-Q,2026-06-30,2026-08-03,PAS Parent Inc. | One stop 3 | Non-Affiliated Issuer,PAS Parent Inc.,PAS Parent Inc.,First Lien,,,,13000.0,-1000.0,0.0,,-1300.0,,,,,False,,,USD,13000.0
GBDC,0001476765,0001476765-26-000048,10-Q,2026-06-30,2026-08-03,"Unchained Labs, LLC | Senior secured 1 | Non-Affiliated Issuer","Unchained Labs, LLC","Unchained Labs, LLC",First Lien,,,,1349000.0,1358000.0,1374000.0,,98.18,5.5,9.19,,,False,,,USD,1349000.0
GBDC,0001476765,0001476765-26-000048,10-Q,2026-06-30,2026-08-03,"Unchained Labs, LLC | Senior secured 2 | Non-Affiliated Issuer","Unchained Labs, LLC","Unchained Labs, LLC",First Lien,,,,1139000.0,1145000.0,1161000.0,,98.11,5.5,9.19,,,False,,,USD,1139000.0
GBDC,0001476765,0001476765-26-000048,10-Q,2026-06-30,2026-08-03,"Unchained Labs, LLC | Senior secured 3 | Non-Affiliated Issuer","Unchained Labs, LLC","Unchained Labs, LLC",First Lien,,,,-2000.0,-1000.0,0.0,,200.0,,,,,False,,,USD,-2000.0
GBDC,0001476765,0001476765-26-000048,10-Q,2026-06-30,2026-08-03,"AI Titan Parent, Inc. | One stop 1 | Non-Affiliated Issuer","AI Titan Parent, Inc.","AI Titan Parent, Inc.",First Lien,,,,10193000.0,10431000.0,10508000.0,,97.0,4.5,8.14,,,False,,,USD,10193000.0
GBDC,0001476765,0001476765-26-000048,10-Q,2026-06-30,2026-08-03,"AI Titan Parent, Inc. | One stop 2 | Non-Affiliated Issuer","AI Titan Parent, Inc.","AI Titan Parent, Inc.",First Lien,,,,410000.0,465000.0,473000.0,,86.68,4.5,8.11,,,False,,,USD,410000.0
GBDC,0001476765,0001476765-26-000048,10-Q,2026-06-30,2026-08-03,"AI Titan Parent, Inc. | One stop 3 | Non-Affiliated Issuer","AI Titan Parent, Inc.","AI Titan Parent, Inc.",First Lien,,,,-39000.0,-10000.0,0.0,,390.0,,,,,False,,,USD,-39000.0
GBDC,0001476765,0001476765-26-000048,10-Q,2026-06-30,2026-08-03,"Blackbird Purchaser, Inc. | One stop 1 | Non-Affiliated Issuer","Blackbird Purchaser, Inc.","Blackbird Purchaser, Inc.",First Lien,,,,4930000.0,5025000.0,4966000.0,,99.28,5.75,9.48,,,False,,,USD,4930000.0
GBDC,0001476765,0001476765-26-000048,10-Q,2026-06-30,2026-08-03,"Blackbird Purchaser, Inc. | One stop 2 | Non-Affiliated Issuer","Blackbird Purchaser, Inc.","Blackbird Purchaser, Inc.",First Lien,,,,-2000.0,0.0,0.0,,,,,,,False,,,USD,-2000.0
GBDC,0001476765,0001476765-26-000048,10-Q,2026-06-30,2026-08-03,"Blackbird Purchaser, Inc. | One stop 3 | Non-Affiliated Issuer","Blackbird Purchaser, Inc.","Blackbird Purchaser, Inc.",First Lien,,,,59000.0,59000.0,60000.0,,98.33,5.75,9.47,,,False,,,USD,59000.0
GBDC,0001476765,0001476765-26-000048,10-Q,2026-06-30,2026-08-03,"East Range Partners Intermediate 2, LLC | One stop 1 | Non-Affiliated Issuer","East Range Partners Intermediate 2, LLC","East Range Partners Intermediate 2, LLC",First Lien,,,,200000.0,200000.0,202000.0,,99.01,5.0,8.64,,,False,,,USD,200000.0
GBDC,0001476765,0001476765-26-000048,10-Q,2026-06-30,2026-08-03,"East Range Partners Intermediate 2, LLC | One stop 2 | Non-Affiliated Issuer","East Range Partners Intermediate 2, LLC","East Range Partners Intermediate 2, LLC",First Lien,,,,-1000.0,-1000.0,0.0,,100.0,,,,,False,,,USD,-1000.0
GBDC,0001476765,0001476765-26-000048,10-Q,2026-06-30,2026-08-03,"East Range Partners Intermediate 2, LLC | One stop 3 | Non-Affiliated Issuer","East Range Partners Intermediate 2, LLC","East Range Partners Intermediate 2, LLC",First Lien,,,,18000.0,18000.0,19000.0,,94.74,5.0,8.73,,,False,,,USD,18000.0
GBDC,0001476765,0001476765-26-000048,10-Q,2026-06-30,2026-08-03,"East Range Partners Intermediate 2, LLC | One stop 4 | Non-Affiliated Issuer","East Range Partners Intermediate 2, LLC","East Range Partners Intermediate 2, LLC",First Lien,,,,8000.0,8000.0,8000.0,,100.0,4.0,10.75,,,False,,,USD,8000.0
GBDC,0001476765,0001476765-26-000048,10-Q,2026-06-30,2026-08-03,"Thermogenics, Inc. | One stop 1 | Non-Affiliated Issuer","Thermogenics, Inc.","Thermogenics, Inc.",First Lien,,,,56000.0,56000.0,56000.0,,100.0,4.25,7.91,,,False,,,USD,56000.0
GBDC,0001476765,0001476765-26-000048,10-Q,2026-06-30,2026-08-03,"Thermogenics, Inc. | One stop 2 | Non-Affiliated Issuer","Thermogenics, Inc.","Thermogenics, Inc.",First Lien,,,,178000.0,178000.0,179000.0,,99.44,4.25,7.98,,,False,,,USD,178000.0
GBDC,0001476765,0001476765-26-000048,10-Q,2026-06-30,2026-08-03,"Thermogenics, Inc. | One stop 3 | Non-Affiliated Issuer","Thermogenics, Inc.","Thermogenics, Inc.",First Lien,,,,134000.0,140000.0,135000.0,,99.26,4.25,6.54,,,False,,,USD,134000.0
GBDC,0001476765,0001476765-26-000048,10-Q,2026-06-30,2026-08-03,"Thermogenics, Inc. | One stop 4 | Non-Affiliated Issuer","Thermogenics, Inc.","Thermogenics, Inc.",First Lien,,,,105000.0,105000.0,105000.0,,100.0,4.25,7.98,,,False,,,USD,105000.0
GBDC,0001476765,0001476765-26-000048,10-Q,2026-06-30,2026-08-03,"Thermogenics, Inc. | One stop 5 | Non-Affiliated Issuer","Thermogenics, Inc.","Thermogenics, Inc.",First Lien,,,,71000.0,73000.0,71000.0,,100.0,4.25,6.54,,,False,,,USD,71000.0
GBDC,0001476765,0001476765-26-000048,10-Q,2026-06-30,2026-08-03,"Thermogenics, Inc. | One stop 6 | Non-Affiliated Issuer","Thermogenics, Inc.","Thermogenics, Inc.",First Lien,,,,14000.0,14000.0,14000.0,,100.0,4.25,6.54,,,False,,,USD,14000.0
GBDC,0001476765,0001476765-26-000048,10-Q,2026-06-30,2026-08-03,"Thermogenics, Inc. | One stop 7 | Non-Affiliated Issuer","Thermogenics, Inc.","Thermogenics, Inc.",First Lien,,,,-1000.0,-1000.0,0.0,,100.0,,,,,False,,,USD,-1000.0
GBDC,0001476765,0001476765-26-000048,10-Q,2026-06-30,2026-08-03,"Thermogenics, Inc. | One stop 8 | Non-Affiliated Issuer","Thermogenics, Inc.","Thermogenics, Inc.",First Lien,,,,0.0,0.0,0.0,,,,,,,False,,,USD,0.0
GBDC,0001476765,0001476765-26-000048,10-Q,2026-06-30,2026-08-03,"Project Nike Purchaser, LLC | One stop 1 | Non-Affiliated Issuer","Project Nike Purchaser, LLC","Project Nike Purchaser, LLC",First Lien,,,,32266000.0,33371000.0,33264000.0,,97.0,5.0,8.73,,,False,,,USD,32266000.0
GBDC,0001476765,0001476765-26-000048,10-Q,2026-06-30,2026-08-03,"Project Nike Purchaser, LLC | One stop 2 | Non-Affiliated Issuer","Project Nike Purchaser, LLC","Project Nike Purchaser, LLC",First Lien,,,,715000.0,734000.0,737000.0,,97.01,5.0,8.73,,,False,,,USD,715000.0
GBDC,0001476765,0001476765-26-000048,10-Q,2026-06-30,2026-08-03,"Project Nike Purchaser, LLC | One stop 3 | Non-Affiliated Issuer","Project Nike Purchaser, LLC","Project Nike Purchaser, LLC",First Lien,,,,-15000.0,-1000.0,0.0,,1500.0,,,,,False,,,USD,-15000.0
GBDC,0001476765,0001476765-26-000048,10-Q,2026-06-30,2026-08-03,"Lotus Topco, Inc. | One stop 1 | Non-Affiliated Issuer","Lotus Topco, Inc.","Lotus Topco, Inc.",First Lien,,,,6996000.0,6958000.0,6996000.0,,100.0,4.75,8.48,,,False,,,USD,6996000.0
GBDC,0001476765,0001476765-26-000048,10-Q,2026-06-30,2026-08-03,"Lotus Topco, Inc. | One stop 2 | Non-Affiliated Issuer","Lotus Topco, Inc.","Lotus Topco, Inc.",First Lien,,,,0.0,-5000.0,0.0,,-0.0,,,,,False,,,USD,0.0
GBDC,0001476765,0001476765-26-000048,10-Q,2026-06-30,2026-08-03,"Lotus Topco, Inc. | One stop 3 | Non-Affiliated Issuer","Lotus Topco, Inc.","Lotus Topco, Inc.",First Lien,,,,0.0,-3000.0,0.0,,-0.0,,,,,False,,,USD,0.0
GBDC,0001476765,0001476765-26-000048,10-Q,2026-06-30,2026-08-03,"Lotus Topco, Inc. | One stop 4 | Non-Affiliated Issuer","Lotus Topco, Inc.","Lotus Topco, Inc.",First Lien,,,,1985000.0,1973000.0,1985000.0,,100.0,4.75,8.48,,,False,,,USD,1985000.0
GBDC,0001476765,0001476765-26-000048,10-Q,2026-06-30,2026-08-03,"Shout! Factory, LLC | One stop 1 | Non-Affiliated Issuer","Shout! Factory, LLC","Shout! Factory, LLC",First Lien,,,,1722000.0,1734000.0,1745000.0,,98.68,5.25,8.98,,,False,,,USD,1722000.0
GBDC,0001476765,0001476765-26-000048,10-Q,2026-06-30,2026-08-03,"Shout! Factory, LLC | One stop 2 | Non-Affiliated Issuer","Shout! Factory, LLC","Shout! Factory, LLC",First Lien,,,,55000.0,57000.0,58000.0,,94.83,5.25,8.9,,,False,,,USD,55000.0
GBDC,0001476765,0001476765-26-000048,10-Q,2026-06-30,2026-08-03,"Triple Lift, Inc. | One stop 1 | Non-Affiliated Issuer","Triple Lift, Inc.","Triple Lift, Inc.",First Lien,,,,6791000.0,7082000.0,7167000.0,,94.75,5.75,9.58,,,False,,,USD,6791000.0
GBDC,0001476765,0001476765-26-000048,10-Q,2026-06-30,2026-08-03,"Triple Lift, Inc. | One stop 2 | Non-Affiliated Issuer","Triple Lift, Inc.","Triple Lift, Inc.",First Lien,,,,1449000.0,1505000.0,1529000.0,,94.77,5.75,9.58,,,False,,,USD,1449000.0
GBDC,0001476765,0001476765-26-000048,10-Q,2026-06-30,2026-08-03,"Triple Lift, Inc. | One stop 3 | Non-Affiliated Issuer","Triple Lift, Inc.","Triple Lift, Inc.",First Lien,,,,-8000.0,-3000.0,0.0,,266.67,,,,,False,,,USD,-8000.0
GBDC,0001476765,0001476765-26-000048,10-Q,2026-06-30,2026-08-03,"Edition Holdings, Inc. | One stop 1 | Non-Affiliated Issuer","Edition Holdings, Inc.","Edition Holdings, Inc.",First Lien,,,,869000.0,867000.0,873000.0,,99.54,4.5,8.14,,,False,,,USD,869000.0
GBDC,0001476765,0001476765-26-000048,10-Q,2026-06-30,2026-08-03,"Edition Holdings, Inc. | One stop 2 | Non-Affiliated Issuer","Edition Holdings, Inc.","Edition Holdings, Inc.",First Lien,,,,2000.0,2000.0,2000.0,,100.0,4.5,8.15,,,False,,,USD,2000.0
GBDC,0001476765,0001476765-26-000048,10-Q,2026-06-30,2026-08-03,"Edition Holdings, Inc. | One stop 3 | Non-Affiliated Issuer","Edition Holdings, Inc.","Edition Holdings, Inc.",First Lien,,,,0.0,0.0,0.0,,,,,,,False,,,USD,0.0
GBDC,0001476765,0001476765-26-000048,10-Q,2026-06-30,2026-08-03,"Messenger, LLC | One stop 1 | Non-Affiliated Issuer","Messenger, LLC","Messenger, LLC",First Lien,,,,13677000.0,13683000.0,13682000.0,,99.96,5.0,8.67,,,False,,,USD,13677000.0
GBDC,0001476765,0001476765-26-000048,10-Q,2026-06-30,2026-08-03,"Messenger, LLC | One stop 2 | Non-Affiliated Issuer","Messenger, LLC","Messenger, LLC",First Lien,,,,872000.0,832000.0,872000.0,,100.0,5.0,8.73,,,False,,,USD,872000.0
GBDC,0001476765,0001476765-26-000048,10-Q,2026-06-30,2026-08-03,"Messenger, LLC | One stop 3 | Non-Affiliated Issuer","Messenger, LLC","Messenger, LLC",First Lien,,,,494000.0,493000.0,494000.0,,100.0,5.0,8.67,,,False,,,USD,494000.0
GBDC,0001476765,0001476765-26-000048,10-Q,2026-06-30,2026-08-03,"Messenger, LLC | One stop 4 | Non-Affiliated Issuer","Messenger, LLC","Messenger, LLC",First Lien,,,,0.0,0.0,0.0,,,,,,,False,,,USD,0.0
GBDC,0001476765,0001476765-26-000048,10-Q,2026-06-30,2026-08-03,"Messenger, LLC | One stop 7 | Non-Affiliated Issuer","Messenger, LLC","Messenger, LLC",First Lien,,,,0.0,0.0,0.0,,,,,,,False,,,USD,0.0
GBDC,0001476765,0001476765-26-000048,10-Q,2026-06-30,2026-08-03,"Messenger, LLC | One stop 5 | Non-Affiliated Issuer","Messenger, LLC","Messenger, LLC",First Lien,,,,1433000.0,1445000.0,1434000.0,,99.93,5.0,8.67,,,False,,,USD,1433000.0
GBDC,0001476765,0001476765-26-000048,10-Q,2026-06-30,2026-08-03,"Messenger, LLC | One stop 6 | Non-Affiliated Issuer","Messenger, LLC","Messenger, LLC",First Lien,,,,718000.0,718000.0,718000.0,,100.0,5.0,8.67,,,False,,,USD,718000.0
GBDC,0001476765,0001476765-26-000048,10-Q,2026-06-30,2026-08-03,"ACP Ulysses Buyer, Inc. | One stop 1 | Non-Affiliated Issuer","ACP Ulysses Buyer, Inc.","ACP Ulysses Buyer, Inc.",First Lien,,,,29888000.0,30045000.0,30144000.0,,99.15,5.0,8.73,,,False,,,USD,29888000.0
GBDC,0001476765,0001476765-26-000048,10-Q,2026-06-30,2026-08-03,"ACP Ulysses Buyer, Inc. | One stop 2 | Non-Affiliated Issuer","ACP Ulysses Buyer, Inc.","ACP Ulysses Buyer, Inc.",First Lien,,,,1292000.0,1292000.0,1303000.0,,99.16,5.0,8.73,,,False,,,USD,1292000.0
GBDC,0001476765,0001476765-26-000048,10-Q,2026-06-30,2026-08-03,"ACP Ulysses Buyer, Inc. | One stop 3 | Non-Affiliated Issuer","ACP Ulysses Buyer, Inc.","ACP Ulysses Buyer, Inc.",First Lien,,,,492000.0,479000.0,496000.0,,99.19,5.0,8.73,,,False,,,USD,492000.0
GBDC,0001476765,0001476765-26-000048,10-Q,2026-06-30,2026-08-03,"ACP Ulysses Buyer, Inc. | One stop 4 | Non-Affiliated Issuer","ACP Ulysses Buyer, Inc.","ACP Ulysses Buyer, Inc.",First Lien,,,,495000.0,495000.0,499000.0,,99.2,5.0,8.73,,,False,,,USD,495000.0
GBDC,0001476765,0001476765-26-000048,10-Q,2026-06-30,2026-08-03,"Amalthea Parent, Inc. | One stop 1 | Non-Affiliated Issuer","Amalthea Parent, Inc.","Amalthea Parent, Inc.",First Lien,,,,85136000.0,84647000.0,86061000.0,,98.93,5.0,8.93,,,False,,,USD,85136000.0
GBDC,0001476765,0001476765-26-000048,10-Q,2026-06-30,2026-08-03,"Amalthea Parent, Inc. | One stop 2 | Non-Affiliated Issuer","Amalthea Parent, Inc.","Amalthea Parent, Inc.",First Lien,,,,536000.0,519000.0,540000.0,,99.26,5.0,8.76,,,False,,,USD,536000.0
GBDC,0001476765,0001476765-26-000048,10-Q,2026-06-30,2026-08-03,"Apothecary Products, LLC | Senior secured 1 | Non-Affiliated Issuer","Apothecary Products, LLC","Apothecary Products, LLC",First Lien,,,,1984000.0,1983000.0,1984000.0,,100.0,5.25,8.88,,,False,,,USD,1984000.0
GBDC,0001476765,0001476765-26-000048,10-Q,2026-06-30,2026-08-03,"Apothecary Products, LLC | Senior secured 2 | Non-Affiliated Issuer","Apothecary Products, LLC","Apothecary Products, LLC",First Lien,,,,0.0,0.0,0.0,,,,,,,False,,,USD,0.0
GBDC,0001476765,0001476765-26-000048,10-Q,2026-06-30,2026-08-03,Caerus Midco 3 S.A.R.L. | One stop 1 | Non-Affiliated Issuer,Caerus Midco 3 S.A.R.L.,Caerus Midco 3 S.A.R.L.,First Lien,,,,28308000.0,28909000.0,28885000.0,,98.0,5.0,8.73,,,False,,,USD,28308000.0
GBDC,0001476765,0001476765-26-000048,10-Q,2026-06-30,2026-08-03,Caerus Midco 3 S.A.R.L. | One stop 2 | Non-Affiliated Issuer,Caerus Midco 3 S.A.R.L.,Caerus Midco 3 S.A.R.L.,First Lien,,,,4693000.0,4791000.0,4789000.0,,98.0,5.0,8.73,,,False,,,USD,4693000.0
GBDC,0001476765,0001476765-26-000048,10-Q,2026-06-30,2026-08-03,Caerus Midco 3 S.A.R.L. | One stop 3 | Non-Affiliated Issuer,Caerus Midco 3 S.A.R.L.,Caerus Midco 3 S.A.R.L.,First Lien,,,,4332000.0,4393000.0,4420000.0,,98.01,5.0,8.73,,,False,,,USD,4332000.0
GBDC,0001476765,0001476765-26-000048,10-Q,2026-06-30,2026-08-03,Caerus Midco 3 S.A.R.L. | One stop 4 | Non-Affiliated Issuer,Caerus Midco 3 S.A.R.L.,Caerus Midco 3 S.A.R.L.,First Lien,,,,687000.0,698000.0,701000.0,,98.0,5.0,8.73,,,False,,,USD,687000.0
GBDC,0001476765,0001476765-26-000048,10-Q,2026-06-30,2026-08-03,Caerus Midco 3 S.A.R.L. | One stop 5 | Non-Affiliated Issuer,Caerus Midco 3 S.A.R.L.,Caerus Midco 3 S.A.R.L.,First Lien,,,,392000.0,400000.0,402000.0,,97.51,5.0,8.65,,,False,,,USD,392000.0
GBDC,0001476765,0001476765-26-000048,10-Q,2026-06-30,2026-08-03,"Cobalt Buyer Sub, Inc. | One stop 1 | Non-Affiliated Issuer","Cobalt Buyer Sub, Inc.","Cobalt Buyer Sub, Inc.",First Lien,,,,13550000.0,14543000.0,14570000.0,,93.0,5.75,9.42,,,False,,,USD,13550000.0
GBDC,0001476765,0001476765-26-000048,10-Q,2026-06-30,2026-08-03,"Cobalt Buyer Sub, Inc. | One stop 2 | Non-Affiliated Issuer","Cobalt Buyer Sub, Inc.","Cobalt Buyer Sub, Inc.",First Lien,,,,4544000.0,4877000.0,4886000.0,,93.0,5.75,9.42,,,False,,,USD,4544000.0
GBDC,0001476765,0001476765-26-000048,10-Q,2026-06-30,2026-08-03,"Cobalt Buyer Sub, Inc. | One stop 3 | Non-Affiliated Issuer","Cobalt Buyer Sub, Inc.","Cobalt Buyer Sub, Inc.",First Lien,,,,3433000.0,3650000.0,3691000.0,,93.01,5.75,9.42,,,False,,,USD,3433000.0
GBDC,0001476765,0001476765-26-000048,10-Q,2026-06-30,2026-08-03,"Cobalt Buyer Sub, Inc. | One stop 4 | Non-Affiliated Issuer","Cobalt Buyer Sub, Inc.","Cobalt Buyer Sub, Inc.",First Lien,,,,1400000.0,1456000.0,1463000.0,,95.69,5.75,9.42,,,False,,,USD,1400000.0
GBDC,0001476765,0001476765-26-000048,10-Q,2026-06-30,2026-08-03,"Cobalt Buyer Sub, Inc. | One stop 5 | Non-Affiliated Issuer","Cobalt Buyer Sub, Inc.","Cobalt Buyer Sub, Inc.",First Lien,,,,5845000.0,6242000.0,6285000.0,,93.0,5.75,9.42,,,False,,,USD,5845000.0
GBDC,0001476765,0001476765-26-000048,10-Q,2026-06-30,2026-08-03,"Creek Parent, Inc. | One stop 1 | Non-Affiliated Issuer","Creek Parent, Inc.","Creek Parent, Inc.",First Lien,,,,55288000.0,55351000.0,56118000.0,,98.52,5.0,8.64,,,False,,,USD,55288000.0
GBDC,0001476765,0001476765-26-000048,10-Q,2026-06-30,2026-08-03,"Creek Parent, Inc. | One stop 2 | Non-Affiliated Issuer","Creek Parent, Inc.","Creek Parent, Inc.",First Lien,,,,-121000.0,-99000.0,0.0,,122.22,,,,,False,,,USD,-121000.0
GBDC,0001476765,0001476765-26-000048,10-Q,2026-06-30,2026-08-03,Spark Bidco Limited | Senior secured 1 | Non-Affiliated Issuer,Spark Bidco Limited,Spark Bidco Limited,First Lien,,,,36714000.0,38312000.0,38243000.0,,96.0,6.53,7.73,,2.53,True,,,USD,36714000.0
GBDC,0001476765,0001476765-26-000048,10-Q,2026-06-30,2026-08-03,Spark Bidco Limited | Senior secured 2 | Non-Affiliated Issuer,Spark Bidco Limited,Spark Bidco Limited,First Lien,,,,5316000.0,5165000.0,5538000.0,,95.99,6.53,7.73,,2.53,True,,,USD,5316000.0
GBDC,0001476765,0001476765-26-000048,10-Q,2026-06-30,2026-08-03,Spark Bidco Limited | Senior secured 3 | Non-Affiliated Issuer,Spark Bidco Limited,Spark Bidco Limited,First Lien,,,,4450000.0,4066000.0,4635000.0,,96.01,6.53,7.73,,2.53,True,,,USD,4450000.0
GBDC,0001476765,0001476765-26-000048,10-Q,2026-06-30,2026-08-03,Spark Bidco Limited | Senior secured 4 | Non-Affiliated Issuer,Spark Bidco Limited,Spark Bidco Limited,First Lien,,,,3851000.0,4007000.0,4011000.0,,96.01,6.53,7.85,,2.53,True,,,USD,3851000.0
GBDC,0001476765,0001476765-26-000048,10-Q,2026-06-30,2026-08-03,Spark Bidco Limited | Senior secured 5 | Non-Affiliated Issuer,Spark Bidco Limited,Spark Bidco Limited,First Lien,,,,3894000.0,3724000.0,4056000.0,,96.01,6.53,7.73,,2.53,True,,,USD,3894000.0
GBDC,0001476765,0001476765-26-000048,10-Q,2026-06-30,2026-08-03,Spark Bidco Limited | Senior secured 6 | Non-Affiliated Issuer,Spark Bidco Limited,Spark Bidco Limited,First Lien,,,,190000.0,199000.0,198000.0,,95.96,6.25,9.98,,,False,,,USD,190000.0
GBDC,0001476765,0001476765-26-000048,10-Q,2026-06-30,2026-08-03,"ALKU Intermediate Holdings, LLC | One stop 1 | Non-Affiliated Issuer","ALKU Intermediate Holdings, LLC","ALKU Intermediate Holdings, LLC",First Lien,,,,6589000.0,6693000.0,6677000.0,,98.68,6.25,9.98,,,False,,,USD,6589000.0
GBDC,0001476765,0001476765-26-000048,10-Q,2026-06-30,2026-08-03,"ALKU Intermediate Holdings, LLC | One stop 2 | Non-Affiliated Issuer","ALKU Intermediate Holdings, LLC","ALKU Intermediate Holdings, LLC",First Lien,,,,715000.0,733000.0,738000.0,,96.88,5.5,9.23,,,False,,,USD,715000.0
GBDC,0001476765,0001476765-26-000048,10-Q,2026-06-30,2026-08-03,"bswift, LLC | One stop 1 | Non-Affiliated Issuer","bswift, LLC","bswift, LLC",First Lien,,,,7432000.0,7535000.0,7545000.0,,98.5,4.75,8.42,,,False,,,USD,7432000.0
GBDC,0001476765,0001476765-26-000048,10-Q,2026-06-30,2026-08-03,"bswift, LLC | One stop 2 | Non-Affiliated Issuer","bswift, LLC","bswift, LLC",First Lien,,,,9727000.0,9842000.0,9875000.0,,98.5,4.75,8.42,,,False,,,USD,9727000.0
GBDC,0001476765,0001476765-26-000048,10-Q,2026-06-30,2026-08-03,"bswift, LLC | One stop 3 | Non-Affiliated Issuer","bswift, LLC","bswift, LLC",First Lien,,,,489000.0,494000.0,496000.0,,98.59,4.75,8.42,,,False,,,USD,489000.0
GBDC,0001476765,0001476765-26-000048,10-Q,2026-06-30,2026-08-03,"Denali Intermediate Holdings, Inc. | One stop 1 | Non-Affiliated Issuer","Denali Intermediate Holdings, Inc.","Denali Intermediate Holdings, Inc.",First Lien,,,,31000.0,31000.0,33000.0,,93.94,5.5,9.12,,,False,,,USD,31000.0
GBDC,0001476765,0001476765-26-000048,10-Q,2026-06-30,2026-08-03,"Denali Intermediate Holdings, Inc. | One stop 2 | Non-Affiliated Issuer","Denali Intermediate Holdings, Inc.","Denali Intermediate Holdings, Inc.",First Lien,,,,1793000.0,1793000.0,1809000.0,,99.12,5.5,9.15,,,False,,,USD,1793000.0
GBDC,0001476765,0001476765-26-000048,10-Q,2026-06-30,2026-08-03,DISA Holdings Corp. | Senior secured 1 | Non-Affiliated Issuer,DISA Holdings Corp.,DISA Holdings Corp.,First Lien,,,,5106000.0,5129000.0,5148000.0,,99.18,5.0,8.69,,,False,,,USD,5106000.0
GBDC,0001476765,0001476765-26-000048,10-Q,2026-06-30,2026-08-03,DISA Holdings Corp. | Senior secured 2 | Non-Affiliated Issuer,DISA Holdings Corp.,DISA Holdings Corp.,First Lien,,,,787000.0,788000.0,793000.0,,99.24,5.0,8.69,,,False,,,USD,787000.0
GBDC,0001476765,0001476765-26-000048,10-Q,2026-06-30,2026-08-03,DISA Holdings Corp. | One stop | Non-Affiliated Issuer,DISA Holdings Corp.,DISA Holdings Corp.,First Lien,,,,673000.0,674000.0,679000.0,,99.12,5.0,8.69,,,False,,,USD,673000.0
GBDC,0001476765,0001476765-26-000048,10-Q,2026-06-30,2026-08-03,DISA Holdings Corp. | Senior secured 3 | Non-Affiliated Issuer,DISA Holdings Corp.,DISA Holdings Corp.,First Lien,,,,595000.0,596000.0,601000.0,,99.0,5.0,8.69,,,False,,,USD,595000.0
GBDC,0001476765,0001476765-26-000048,10-Q,2026-06-30,2026-08-03,DISA Holdings Corp. | Subordinated debt | Non-Affiliated Issuer,DISA Holdings Corp.,DISA Holdings Corp.,Subordinated,,,,106000.0,106000.0,106000.0,,100.0,8.5,10.18,,2.0,True,,,USD,106000.0
GBDC,0001476765,0001476765-26-000048,10-Q,2026-06-30,2026-08-03,DISA Holdings Corp. | Senior secured 4 | Non-Affiliated Issuer,DISA Holdings Corp.,DISA Holdings Corp.,First Lien,,,,578000.0,578000.0,583000.0,,99.14,5.0,8.69,,,False,,,USD,578000.0
GBDC,0001476765,0001476765-26-000048,10-Q,2026-06-30,2026-08-03,DISA Holdings Corp. | Senior secured 5 | Non-Affiliated Issuer,DISA Holdings Corp.,DISA Holdings Corp.,First Lien,,,,-2000.0,-1000.0,0.0,,200.0,,,,,False,,,USD,-2000.0
GBDC,0001476765,0001476765-26-000048,10-Q,2026-06-30,2026-08-03,DISA Holdings Corp. | Senior secured 6 | Non-Affiliated Issuer,DISA Holdings Corp.,DISA Holdings Corp.,First Lien,,,,236000.0,237000.0,240000.0,,98.33,5.0,8.67,,,False,,,USD,236000.0
GBDC,0001476765,0001476765-26-000048,10-Q,2026-06-30,2026-08-03,"Eclipse Buyer, Inc. | One stop 1 | Non-Affiliated Issuer","Eclipse Buyer, Inc.","Eclipse Buyer, Inc.",First Lien,,,,13997000.0,14177000.0,14283000.0,,98.0,4.5,8.15,,,False,,,USD,13997000.0
GBDC,0001476765,0001476765-26-000048,10-Q,2026-06-30,2026-08-03,"Eclipse Buyer, Inc. | One stop 2 | Non-Affiliated Issuer","Eclipse Buyer, Inc.","Eclipse Buyer, Inc.",First Lien,,,,-36000.0,-52000.0,0.0,,69.23,,,,,False,,,USD,-36000.0
GBDC,0001476765,0001476765-26-000048,10-Q,2026-06-30,2026-08-03,"Eclipse Buyer, Inc. | One stop 3 | Non-Affiliated Issuer","Eclipse Buyer, Inc.","Eclipse Buyer, Inc.",First Lien,,,,-48000.0,-9000.0,0.0,,533.33,,,,,False,,,USD,-48000.0
GBDC,0001476765,0001476765-26-000048,10-Q,2026-06-30,2026-08-03,"Eliassen Group, LLC | One stop 1 | Non-Affiliated Issuer","Eliassen Group, LLC","Eliassen Group, LLC",First Lien,,,,2043000.0,2099000.0,2110000.0,,96.82,5.75,9.48,,,False,,,USD,2043000.0
GBDC,0001476765,0001476765-26-000048,10-Q,2026-06-30,2026-08-03,"Eliassen Group, LLC | One stop 2 | Non-Affiliated Issuer","Eliassen Group, LLC","Eliassen Group, LLC",First Lien,,,,138000.0,141000.0,142000.0,,97.18,5.75,9.48,,,False,,,USD,138000.0
GBDC,0001476765,0001476765-26-000048,10-Q,2026-06-30,2026-08-03,"IG Investments Holdings, LLC | One stop 1 | Non-Affiliated Issuer","IG Investments Holdings, LLC","IG Investments Holdings, LLC",First Lien,,,,13145000.0,13190000.0,13227000.0,,99.38,5.0,8.66,,,False,,,USD,13145000.0
GBDC,0001476765,0001476765-26-000048,10-Q,2026-06-30,2026-08-03,"IG Investments Holdings, LLC | One stop 2 | Non-Affiliated Issuer","IG Investments Holdings, LLC","IG Investments Holdings, LLC",First Lien,,,,0.0,-1000.0,0.0,,-0.0,,,,,False,,,USD,0.0
GBDC,0001476765,0001476765-26-000048,10-Q,2026-06-30,2026-08-03,NBG Acquisition Corp. | One stop 1 | Non-Affiliated Issuer,NBG Acquisition Corp.,NBG Acquisition Corp.,First Lien,,,,29085000.0,34215000.0,34625000.0,,84.0,6.0,6.16,,3.5,True,,,USD,29085000.0
GBDC,0001476765,0001476765-26-000048,10-Q,2026-06-30,2026-08-03,NBG Acquisition Corp. | One stop 2 | Non-Affiliated Issuer,NBG Acquisition Corp.,NBG Acquisition Corp.,First Lien,,,,676000.0,802000.0,805000.0,,83.98,6.0,6.23,,3.5,True,,,USD,676000.0
GBDC,0001476765,0001476765-26-000048,10-Q,2026-06-30,2026-08-03,NBG Acquisition Corp. | One stop 3 | Non-Affiliated Issuer,NBG Acquisition Corp.,NBG Acquisition Corp.,First Lien,,,,286000.0,354000.0,362000.0,,79.01,6.0,6.23,,3.5,True,,,USD,286000.0
GBDC,0001476765,0001476765-26-000048,10-Q,2026-06-30,2026-08-03,"PlanSource Holdings, Inc. | One stop 1 | Non-Affiliated Issuer","PlanSource Holdings, Inc.","PlanSource Holdings, Inc.",First Lien,,,,13950000.0,14224000.0,14234000.0,,98.0,5.5,9.17,,,False,,,USD,13950000.0
GBDC,0001476765,0001476765-26-000048,10-Q,2026-06-30,2026-08-03,"PlanSource Holdings, Inc. | One stop 2 | Non-Affiliated Issuer","PlanSource Holdings, Inc.","PlanSource Holdings, Inc.",First Lien,,,,2367000.0,2413000.0,2416000.0,,97.97,5.5,9.17,,,False,,,USD,2367000.0
GBDC,0001476765,0001476765-26-000048,10-Q,2026-06-30,2026-08-03,"PlanSource Holdings, Inc. | One stop 3 | Non-Affiliated Issuer","PlanSource Holdings, Inc.","PlanSource Holdings, Inc.",First Lien,,,,681000.0,695000.0,695000.0,,97.99,5.5,9.17,,,False,,,USD,681000.0
GBDC,0001476765,0001476765-26-000048,10-Q,2026-06-30,2026-08-03,"PlanSource Holdings, Inc. | One stop 4 | Non-Affiliated Issuer","PlanSource Holdings, Inc.","PlanSource Holdings, Inc.",First Lien,,,,-5000.0,0.0,0.0,,,,,,,False,,,USD,-5000.0
GBDC,0001476765,0001476765-26-000048,10-Q,2026-06-30,2026-08-03,"Procure Acquireco, Inc. | One stop 1 | Non-Affiliated Issuer","Procure Acquireco, Inc.","Procure Acquireco, Inc.",First Lien,,,,24464000.0,24506000.0,24475000.0,,99.96,4.75,8.48,,,False,,,USD,24464000.0
GBDC,0001476765,0001476765-26-000048,10-Q,2026-06-30,2026-08-03,"Procure Acquireco, Inc. | One stop 2 | Non-Affiliated Issuer","Procure Acquireco, Inc.","Procure Acquireco, Inc.",First Lien,,,,1125000.0,1125000.0,1126000.0,,99.91,4.75,8.48,,,False,,,USD,1125000.0
GBDC,0001476765,0001476765-26-000048,10-Q,2026-06-30,2026-08-03,"Procure Acquireco, Inc. | One stop 3 | Non-Affiliated Issuer","Procure Acquireco, Inc.","Procure Acquireco, Inc.",First Lien,,,,0.0,0.0,0.0,,,,,,,False,,,USD,0.0
GBDC,0001476765,0001476765-26-000048,10-Q,2026-06-30,2026-08-03,"Procure Acquireco, Inc. | One stop 4 | Non-Affiliated Issuer","Procure Acquireco, Inc.","Procure Acquireco, Inc.",First Lien,,,,-8000.0,-50000.0,0.0,,16.0,,,,,False,,,USD,-8000.0
GBDC,0001476765,0001476765-26-000048,10-Q,2026-06-30,2026-08-03,"Procure Acquireco, Inc. | One stop 5 | Non-Affiliated Issuer","Procure Acquireco, Inc.","Procure Acquireco, Inc.",First Lien,,,,3434000.0,3425000.0,3436000.0,,99.94,4.75,8.48,,,False,,,USD,3434000.0
GBDC,0001476765,0001476765-26-000048,10-Q,2026-06-30,2026-08-03,"Teaching Company, The | Senior secured 1 | Non-Affiliated Issuer","Teaching Company, The","Teaching Company, The",First Lien,,,,429000.0,429000.0,435000.0,,98.62,5.5,9.17,,,False,,,USD,429000.0
GBDC,0001476765,0001476765-26-000048,10-Q,2026-06-30,2026-08-03,"Teaching Company, The | Senior secured 2 | Non-Affiliated Issuer","Teaching Company, The","Teaching Company, The",First Lien,,,,-1000.0,-1000.0,0.0,,100.0,,,,,False,,,USD,-1000.0
GBDC,0001476765,0001476765-26-000048,10-Q,2026-06-30,2026-08-03,Varicent Intermediate Holdings Corporation | One stop 1 | Non-Affiliated Issuer,Varicent Intermediate Holdings Corporation,Varicent Intermediate Holdings Corporation,First Lien,,,,50981000.0,52850000.0,53383000.0,,95.5,6.0,6.48,,3.25,True,,,USD,50981000.0
GBDC,0001476765,0001476765-26-000048,10-Q,2026-06-30,2026-08-03,Varicent Intermediate Holdings Corporation | One stop 2 | Non-Affiliated Issuer,Varicent Intermediate Holdings Corporation,Varicent Intermediate Holdings Corporation,First Lien,,,,-286000.0,-69000.0,0.0,,414.49,,,,,False,,,USD,-286000.0
GBDC,0001476765,0001476765-26-000048,10-Q,2026-06-30,2026-08-03,Varicent Intermediate Holdings Corporation | One stop 3 | Non-Affiliated Issuer,Varicent Intermediate Holdings Corporation,Varicent Intermediate Holdings Corporation,First Lien,,,,-223000.0,-27000.0,0.0,,825.93,,,,,False,,,USD,-223000.0
GBDC,0001476765,0001476765-26-000048,10-Q,2026-06-30,2026-08-03,Varicent Intermediate Holdings Corporation | One stop 4 | Non-Affiliated Issuer,Varicent Intermediate Holdings Corporation,Varicent Intermediate Holdings Corporation,First Lien,,,,4765000.0,4964000.0,4990000.0,,95.49,6.0,6.48,,3.25,True,,,USD,4765000.0
GBDC,0001476765,0001476765-26-000048,10-Q,2026-06-30,2026-08-03,Varicent Intermediate Holdings Corporation | One stop 5 | Non-Affiliated Issuer,Varicent Intermediate Holdings Corporation,Varicent Intermediate Holdings Corporation,First Lien,,,,-16000.0,-2000.0,0.0,,800.0,,,,,False,,,USD,-16000.0
GBDC,0001476765,0001476765-26-000048,10-Q,2026-06-30,2026-08-03,Inhabit IQ Inc. | One stop 1 | Non-Affiliated Issuer,Inhabit IQ Inc.,Inhabit IQ Inc.,First Lien,,,,-24000.0,-2000.0,0.0,,1200.0,,,,,False,,,USD,-24000.0
GBDC,0001476765,0001476765-26-000048,10-Q,2026-06-30,2026-08-03,Inhabit IQ Inc. | One stop 2 | Non-Affiliated Issuer,Inhabit IQ Inc.,Inhabit IQ Inc.,First Lien,,,,6685000.0,6807000.0,6821000.0,,98.01,4.5,8.14,,,False,,,USD,6685000.0
GBDC,0001476765,0001476765-26-000048,10-Q,2026-06-30,2026-08-03,Inhabit IQ Inc. | One stop 3 | Non-Affiliated Issuer,Inhabit IQ Inc.,Inhabit IQ Inc.,First Lien,,,,-38000.0,-4000.0,0.0,,950.0,,,,,False,,,USD,-38000.0
GBDC,0001476765,0001476765-26-000048,10-Q,2026-06-30,2026-08-03,"MRI Software, LLC | One stop 1 | Non-Affiliated Issuer","MRI Software, LLC","MRI Software, LLC",First Lien,,,,32312000.0,32523000.0,32474000.0,,99.5,4.75,8.48,,,False,,,USD,32312000.0
GBDC,0001476765,0001476765-26-000048,10-Q,2026-06-30,2026-08-03,"MRI Software, LLC | One stop 2 | Non-Affiliated Issuer","MRI Software, LLC","MRI Software, LLC",First Lien,,,,12851000.0,12945000.0,12915000.0,,99.5,4.75,8.48,,,False,,,USD,12851000.0
GBDC,0001476765,0001476765-26-000048,10-Q,2026-06-30,2026-08-03,"MRI Software, LLC | One stop 3 | Non-Affiliated Issuer","MRI Software, LLC","MRI Software, LLC",First Lien,,,,772000.0,786000.0,788000.0,,97.97,4.75,8.48,,,False,,,USD,772000.0
GBDC,0001476765,0001476765-26-000048,10-Q,2026-06-30,2026-08-03,"MRI Software, LLC | One stop 4 | Non-Affiliated Issuer","MRI Software, LLC","MRI Software, LLC",First Lien,,,,9708000.0,9719000.0,9756000.0,,99.51,4.75,8.48,,,False,,,USD,9708000.0
GBDC,0001476765,0001476765-26-000048,10-Q,2026-06-30,2026-08-03,RPL Bidco Limited | One stop 1 | Non-Affiliated Issuer,RPL Bidco Limited,RPL Bidco Limited,First Lien,,,,5909000.0,5819000.0,5999000.0,,98.5,5.0,8.73,,,False,,,USD,5909000.0
GBDC,0001476765,0001476765-26-000048,10-Q,2026-06-30,2026-08-03,RPL Bidco Limited | One stop 2 | Non-Affiliated Issuer,RPL Bidco Limited,RPL Bidco Limited,First Lien,,,,27276000.0,28273000.0,27691000.0,,98.5,5.0,8.73,,,False,,,USD,27276000.0
GBDC,0001476765,0001476765-26-000048,10-Q,2026-06-30,2026-08-03,RPL Bidco Limited | One stop 3 | Non-Affiliated Issuer,RPL Bidco Limited,RPL Bidco Limited,First Lien,,,,11998000.0,11782000.0,12180000.0,,98.51,5.0,9.51,,,False,,,USD,11998000.0
GBDC,0001476765,0001476765-26-000048,10-Q,2026-06-30,2026-08-03,RPL Bidco Limited | One stop 4 | Non-Affiliated Issuer,RPL Bidco Limited,RPL Bidco Limited,First Lien,,,,2912000.0,3045000.0,2957000.0,,98.48,5.0,9.51,,,False,,,USD,2912000.0
GBDC,0001476765,0001476765-26-000048,10-Q,2026-06-30,2026-08-03,RPL Bidco Limited | One stop 5 | Non-Affiliated Issuer,RPL Bidco Limited,RPL Bidco Limited,First Lien,,,,-2000.0,0.0,0.0,,,,,,,False,,,USD,-2000.0
GBDC,0001476765,0001476765-26-000048,10-Q,2026-06-30,2026-08-03,"Internet Truckstop Group, LLC | One stop 1 | Non-Affiliated Issuer","Internet Truckstop Group, LLC","Internet Truckstop Group, LLC",First Lien,,,,28059000.0,28620000.0,28632000.0,,98.0,5.25,9.13,,,False,,,USD,28059000.0
GBDC,0001476765,0001476765-26-000048,10-Q,2026-06-30,2026-08-03,"Internet Truckstop Group, LLC | One stop 2 | Non-Affiliated Issuer","Internet Truckstop Group, LLC","Internet Truckstop Group, LLC",First Lien,,,,12302000.0,12525000.0,12553000.0,,98.0,5.25,9.13,,,False,,,USD,12302000.0
GBDC,0001476765,0001476765-26-000048,10-Q,2026-06-30,2026-08-03,"Internet Truckstop Group, LLC | One stop 3 | Non-Affiliated Issuer","Internet Truckstop Group, LLC","Internet Truckstop Group, LLC",First Lien,,,,-8000.0,-1000.0,0.0,,800.0,,,,,False,,,USD,-8000.0
GBDC,0001476765,0001476765-26-000048,10-Q,2026-06-30,2026-08-03,"Anaplan, Inc. | One stop 1 | Non-Affiliated Issuer","Anaplan, Inc.","Anaplan, Inc.",First Lien,,,,56436000.0,58015000.0,57883000.0,,97.5,4.5,8.17,,,False,,,USD,56436000.0
GBDC,0001476765,0001476765-26-000048,10-Q,2026-06-30,2026-08-03,"Anaplan, Inc. | One stop 2 | Non-Affiliated Issuer","Anaplan, Inc.","Anaplan, Inc.",First Lien,,,,-8000.0,0.0,0.0,,,,,,,False,,,USD,-8000.0
GBDC,0001476765,0001476765-26-000048,10-Q,2026-06-30,2026-08-03,"Appfire Technologies, LLC | One stop 1 | Non-Affiliated Issuer","Appfire Technologies, LLC","Appfire Technologies, LLC",First Lien,,,,55828000.0,57260000.0,57259000.0,,97.5,4.75,8.48,,,False,,,USD,55828000.0
GBDC,0001476765,0001476765-26-000048,10-Q,2026-06-30,2026-08-03,"Appfire Technologies, LLC | One stop 2 | Non-Affiliated Issuer","Appfire Technologies, LLC","Appfire Technologies, LLC",First Lien,,,,-12000.0,0.0,0.0,,,,,,,False,,,USD,-12000.0
GBDC,0001476765,0001476765-26-000048,10-Q,2026-06-30,2026-08-03,Aras Corporation | One stop 1 | Non-Affiliated Issuer,Aras Corporation,Aras Corporation,First Lien,,,,27530000.0,28310000.0,28235000.0,,97.5,5.0,8.73,,,False,,,USD,27530000.0
GBDC,0001476765,0001476765-26-000048,10-Q,2026-06-30,2026-08-03,Aras Corporation | One stop 2 | Non-Affiliated Issuer,Aras Corporation,Aras Corporation,First Lien,,,,1435000.0,1569000.0,1565000.0,,91.69,5.0,8.73,,,False,,,USD,1435000.0
GBDC,0001476765,0001476765-26-000048,10-Q,2026-06-30,2026-08-03,Armstrong Bidco Limited | One stop 1 | Non-Affiliated Issuer,Armstrong Bidco Limited,Armstrong Bidco Limited,First Lien,,,,5678000.0,5368000.0,5765000.0,,98.49,5.25,8.98,,,False,,,USD,5678000.0
GBDC,0001476765,0001476765-26-000048,10-Q,2026-06-30,2026-08-03,Armstrong Bidco Limited | One stop 2 | Non-Affiliated Issuer,Armstrong Bidco Limited,Armstrong Bidco Limited,First Lien,,,,2963000.0,2739000.0,3008000.0,,98.5,5.25,8.98,,,False,,,USD,2963000.0
GBDC,0001476765,0001476765-26-000048,10-Q,2026-06-30,2026-08-03,"Arrow Buyer, Inc. | One stop 1 | Non-Affiliated Issuer","Arrow Buyer, Inc.","Arrow Buyer, Inc.",First Lien,,,,24538000.0,24545000.0,24661000.0,,99.5,5.0,8.73,,,False,,,USD,24538000.0
GBDC,0001476765,0001476765-26-000048,10-Q,2026-06-30,2026-08-03,"Arrow Buyer, Inc. | One stop 2 | Non-Affiliated Issuer","Arrow Buyer, Inc.","Arrow Buyer, Inc.",First Lien,,,,1608000.0,1613000.0,1617000.0,,99.44,5.0,8.73,,,False,,,USD,1608000.0
GBDC,0001476765,0001476765-26-000048,10-Q,2026-06-30,2026-08-03,"Arrow Buyer, Inc. | One stop 3 | Non-Affiliated Issuer","Arrow Buyer, Inc.","Arrow Buyer, Inc.",First Lien,,,,1557000.0,1561000.0,1565000.0,,99.49,5.0,8.73,,,False,,,USD,1557000.0
GBDC,0001476765,0001476765-26-000048,10-Q,2026-06-30,2026-08-03,"Artifact Bidco, Inc. | One stop 1 | Non-Affiliated Issuer","Artifact Bidco, Inc.","Artifact Bidco, Inc.",First Lien,,,,1489000.0,1478000.0,1489000.0,,100.0,4.15,7.88,,,False,,,USD,1489000.0
GBDC,0001476765,0001476765-26-000048,10-Q,2026-06-30,2026-08-03,"Artifact Bidco, Inc. | One stop 2 | Non-Affiliated Issuer","Artifact Bidco, Inc.","Artifact Bidco, Inc.",First Lien,,,,0.0,-1000.0,0.0,,-0.0,,,,,False,,,USD,0.0
GBDC,0001476765,0001476765-26-000048,10-Q,2026-06-30,2026-08-03,"Artifact Bidco, Inc. | One stop 4 | Non-Affiliated Issuer","Artifact Bidco, Inc.","Artifact Bidco, Inc.",First Lien,,,,0.0,-1000.0,0.0,,-0.0,,,,,False,,,USD,0.0
GBDC,0001476765,0001476765-26-000048,10-Q,2026-06-30,2026-08-03,Auvik Networks Inc. | One stop 1 | Non-Affiliated Issuer,Auvik Networks Inc.,Auvik Networks Inc.,First Lien,,,,11180000.0,11303000.0,11293000.0,,99.0,6.0,6.41,,3.25,True,,,USD,11180000.0
GBDC,0001476765,0001476765-26-000048,10-Q,2026-06-30,2026-08-03,Auvik Networks Inc. | One stop 2 | Non-Affiliated Issuer,Auvik Networks Inc.,Auvik Networks Inc.,First Lien,,,,2010000.0,2028000.0,2031000.0,,98.97,6.0,6.41,,3.25,True,,,USD,2010000.0
GBDC,0001476765,0001476765-26-000048,10-Q,2026-06-30,2026-08-03,Auvik Networks Inc. | One stop 3 | Non-Affiliated Issuer,Auvik Networks Inc.,Auvik Networks Inc.,First Lien,,,,1024000.0,1033000.0,1034000.0,,99.03,6.0,6.41,,3.25,True,,,USD,1024000.0
GBDC,0001476765,0001476765-26-000048,10-Q,2026-06-30,2026-08-03,Auvik Networks Inc. | One stop 4 | Non-Affiliated Issuer,Auvik Networks Inc.,Auvik Networks Inc.,First Lien,,,,-2000.0,0.0,0.0,,,,,,,False,,,USD,-2000.0
GBDC,0001476765,0001476765-26-000048,10-Q,2026-06-30,2026-08-03,"Azurite Intermediate Holdings, Inc. | One stop 1 | Non-Affiliated Issuer","Azurite Intermediate Holdings, Inc.","Azurite Intermediate Holdings, Inc.",First Lien,,,,955000.0,962000.0,970000.0,,98.45,6.0,9.64,,,False,,,USD,955000.0
GBDC,0001476765,0001476765-26-000048,10-Q,2026-06-30,2026-08-03,"Azurite Intermediate Holdings, Inc. | One stop 2 | Non-Affiliated Issuer","Azurite Intermediate Holdings, Inc.","Azurite Intermediate Holdings, Inc.",First Lien,,,,420000.0,423000.0,427000.0,,98.36,6.0,9.64,,,False,,,USD,420000.0
GBDC,0001476765,0001476765-26-000048,10-Q,2026-06-30,2026-08-03,"Azurite Intermediate Holdings, Inc. | One stop 3 | Non-Affiliated Issuer","Azurite Intermediate Holdings, Inc.","Azurite Intermediate Holdings, Inc.",First Lien,,,,-2000.0,-2000.0,0.0,,100.0,,,,,False,,,USD,-2000.0
GBDC,0001476765,0001476765-26-000048,10-Q,2026-06-30,2026-08-03,"Baxter Planning Systems, LLC | One stop 1 | Non-Affiliated Issuer","Baxter Planning Systems, LLC","Baxter Planning Systems, LLC",First Lien,,,,4115000.0,4308000.0,4309000.0,,95.5,6.25,6.53,,3.38,True,,,USD,4115000.0
GBDC,0001476765,0001476765-26-000048,10-Q,2026-06-30,2026-08-03,"Baxter Planning Systems, LLC | One stop 2 | Non-Affiliated Issuer","Baxter Planning Systems, LLC","Baxter Planning Systems, LLC",First Lien,,,,-27000.0,-3000.0,0.0,,900.0,,,,,False,,,USD,-27000.0
GBDC,0001476765,0001476765-26-000048,10-Q,2026-06-30,2026-08-03,"Bayshore Intermediate #2, L.P. | One stop 1 | Non-Affiliated Issuer","Bayshore Intermediate #2, L.P.","Bayshore Intermediate #2, L.P.",First Lien,,,,184000.0,188000.0,187000.0,,98.4,5.0,8.68,,,False,,,USD,184000.0
GBDC,0001476765,0001476765-26-000048,10-Q,2026-06-30,2026-08-03,"Bayshore Intermediate #2, L.P. | One stop 2 | Non-Affiliated Issuer","Bayshore Intermediate #2, L.P.","Bayshore Intermediate #2, L.P.",First Lien,,,,125131000.0,126992000.0,127037000.0,,98.5,5.5,6.17,,3.0,True,,,USD,125131000.0
GBDC,0001476765,0001476765-26-000048,10-Q,2026-06-30,2026-08-03,"BestPass, Inc. | One stop 1 | Non-Affiliated Issuer","BestPass, Inc.","BestPass, Inc.",First Lien,,,,50902000.0,51751000.0,51941000.0,,98.0,4.75,8.39,,,False,,,USD,50902000.0
GBDC,0001476765,0001476765-26-000048,10-Q,2026-06-30,2026-08-03,"BestPass, Inc. | One stop 2 | Non-Affiliated Issuer","BestPass, Inc.","BestPass, Inc.",First Lien,,,,-104000.0,-19000.0,0.0,,547.37,,,,,False,,,USD,-104000.0
GBDC,0001476765,0001476765-26-000048,10-Q,2026-06-30,2026-08-03,"BestPass, Inc. | One stop 3 | Non-Affiliated Issuer","BestPass, Inc.","BestPass, Inc.",First Lien,,,,6761000.0,6874000.0,6899000.0,,98.0,4.75,8.39,,,False,,,USD,6761000.0
GBDC,0001476765,0001476765-26-000048,10-Q,2026-06-30,2026-08-03,Blinqx B.V. | One stop 1 | Non-Affiliated Issuer,Blinqx B.V.,Blinqx B.V.,First Lien,,,,-5000.0,-4000.0,0.0,,125.0,,,,,False,,,USD,-5000.0
GBDC,0001476765,0001476765-26-000048,10-Q,2026-06-30,2026-08-03,Blinqx B.V. | One stop 2 | Non-Affiliated Issuer,Blinqx B.V.,Blinqx B.V.,First Lien,,,,5022000.0,5200000.0,5083000.0,,98.8,5.0,7.29,,,False,,,USD,5022000.0
GBDC,0001476765,0001476765-26-000048,10-Q,2026-06-30,2026-08-03,Blinqx B.V. | One stop 3 | Non-Affiliated Issuer,Blinqx B.V.,Blinqx B.V.,First Lien,,,,2231000.0,2094000.0,2254000.0,,98.98,5.0,7.29,,,False,,,USD,2231000.0
GBDC,0001476765,0001476765-26-000048,10-Q,2026-06-30,2026-08-03,"Bloomerang, LLC | One stop 1 | Non-Affiliated Issuer","Bloomerang, LLC","Bloomerang, LLC",First Lien,,,,4619000.0,4689000.0,4665000.0,,99.01,5.5,6.23,,3.0,True,,,USD,4619000.0
GBDC,0001476765,0001476765-26-000048,10-Q,2026-06-30,2026-08-03,"Bloomerang, LLC | One stop 2 | Non-Affiliated Issuer","Bloomerang, LLC","Bloomerang, LLC",First Lien,,,,502000.0,505000.0,507000.0,,99.01,5.5,6.23,,3.0,True,,,USD,502000.0
GBDC,0001476765,0001476765-26-000048,10-Q,2026-06-30,2026-08-03,"Bloomerang, LLC | One stop 3 | Non-Affiliated Issuer","Bloomerang, LLC","Bloomerang, LLC",First Lien,,,,-1000.0,-1000.0,0.0,,100.0,,,,,False,,,USD,-1000.0
GBDC,0001476765,0001476765-26-000048,10-Q,2026-06-30,2026-08-03,"Bloomerang, LLC | One stop 4 | Non-Affiliated Issuer","Bloomerang, LLC","Bloomerang, LLC",First Lien,,,,-8000.0,-5000.0,0.0,,160.0,,,,,False,,,USD,-8000.0
GBDC,0001476765,0001476765-26-000048,10-Q,2026-06-30,2026-08-03,Blue Bidco Limited | One stop 1 | Non-Affiliated Issuer,Blue Bidco Limited,Blue Bidco Limited,First Lien,,,,9048000.0,9209000.0,9140000.0,,98.99,5.0,8.73,,,False,,,USD,9048000.0
GBDC,0001476765,0001476765-26-000048,10-Q,2026-06-30,2026-08-03,Blue Bidco Limited | One stop 2 | Non-Affiliated Issuer,Blue Bidco Limited,Blue Bidco Limited,First Lien,,,,381000.0,403000.0,392000.0,,97.19,5.0,8.73,,,False,,,USD,381000.0
GBDC,0001476765,0001476765-26-000048,10-Q,2026-06-30,2026-08-03,Blue Bidco Limited | One stop 3 | Non-Affiliated Issuer,Blue Bidco Limited,Blue Bidco Limited,First Lien,,,,1318000.0,1333000.0,1338000.0,,98.51,5.0,8.66,,,False,,,USD,1318000.0
GBDC,0001476765,0001476765-26-000048,10-Q,2026-06-30,2026-08-03,Blue Bidco Limited | One stop 4 | Non-Affiliated Issuer,Blue Bidco Limited,Blue Bidco Limited,First Lien,,,,5119000.0,5133000.0,5197000.0,,98.5,5.0,7.4,,,False,,,USD,5119000.0
GBDC,0001476765,0001476765-26-000048,10-Q,2026-06-30,2026-08-03,Blue Bidco Limited | One stop 5 | Non-Affiliated Issuer,Blue Bidco Limited,Blue Bidco Limited,First Lien,,,,3317000.0,3368000.0,3368000.0,,98.49,5.0,8.66,,,False,,,USD,3317000.0
GBDC,0001476765,0001476765-26-000048,10-Q,2026-06-30,2026-08-03,"Bottomline Technologies, Inc. | One stop 1 | Non-Affiliated Issuer","Bottomline Technologies, Inc.","Bottomline Technologies, Inc.",First Lien,,,,45124000.0,45177000.0,45351000.0,,99.5,4.5,8.23,,,False,,,USD,45124000.0
GBDC,0001476765,0001476765-26-000048,10-Q,2026-06-30,2026-08-03,"Bottomline Technologies, Inc. | One stop 2 | Non-Affiliated Issuer","Bottomline Technologies, Inc.","Bottomline Technologies, Inc.",First Lien,,,,-2000.0,-2000.0,0.0,,100.0,,,,,False,,,USD,-2000.0
GBDC,0001476765,0001476765-26-000048,10-Q,2026-06-30,2026-08-03,"Bullhorn, Inc. | One stop 1 | Non-Affiliated Issuer","Bullhorn, Inc.","Bullhorn, Inc.",First Lien,,,,76047000.0,78008000.0,77997000.0,,97.5,5.0,8.64,,,False,,,USD,76047000.0
GBDC,0001476765,0001476765-26-000048,10-Q,2026-06-30,2026-08-03,"Bullhorn, Inc. | One stop 2 | Non-Affiliated Issuer","Bullhorn, Inc.","Bullhorn, Inc.",First Lien,,,,3110000.0,3215000.0,3189000.0,,97.52,5.0,8.64,,,False,,,USD,3110000.0
GBDC,0001476765,0001476765-26-000048,10-Q,2026-06-30,2026-08-03,"Bullhorn, Inc. | One stop 3 | Non-Affiliated Issuer","Bullhorn, Inc.","Bullhorn, Inc.",First Lien,,,,1602000.0,1657000.0,1643000.0,,97.5,5.0,8.64,,,False,,,USD,1602000.0
GBDC,0001476765,0001476765-26-000048,10-Q,2026-06-30,2026-08-03,"Bullhorn, Inc. | One stop 4 | Non-Affiliated Issuer","Bullhorn, Inc.","Bullhorn, Inc.",First Lien,,,,718000.0,734000.0,736000.0,,97.55,5.0,8.64,,,False,,,USD,718000.0
GBDC,0001476765,0001476765-26-000048,10-Q,2026-06-30,2026-08-03,"Bullhorn, Inc. | One stop 5 | Non-Affiliated Issuer","Bullhorn, Inc.","Bullhorn, Inc.",First Lien,,,,572000.0,585000.0,587000.0,,97.44,5.0,8.64,,,False,,,USD,572000.0
GBDC,0001476765,0001476765-26-000048,10-Q,2026-06-30,2026-08-03,"Bullhorn, Inc. | One stop 6 | Non-Affiliated Issuer","Bullhorn, Inc.","Bullhorn, Inc.",First Lien,,,,55000.0,67000.0,68000.0,,80.88,5.0,8.64,,,False,,,USD,55000.0
GBDC,0001476765,0001476765-26-000048,10-Q,2026-06-30,2026-08-03,"Bynder BidCo, Inc. | One stop 1 | Non-Affiliated Issuer","Bynder BidCo, Inc.","Bynder BidCo, Inc.",First Lien,,,,8104000.0,8270000.0,8311000.0,,97.51,5.5,9.17,,,False,,,USD,8104000.0
GBDC,0001476765,0001476765-26-000048,10-Q,2026-06-30,2026-08-03,"Bynder BidCo, Inc. | One stop 2 | Non-Affiliated Issuer","Bynder BidCo, Inc.","Bynder BidCo, Inc.",First Lien,,,,2143000.0,2178000.0,2198000.0,,97.5,5.5,9.17,,,False,,,USD,2143000.0
GBDC,0001476765,0001476765-26-000048,10-Q,2026-06-30,2026-08-03,"Bynder BidCo, Inc. | One stop 3 | Non-Affiliated Issuer","Bynder BidCo, Inc.","Bynder BidCo, Inc.",First Lien,,,,-1000.0,0.0,0.0,,,,,,,False,,,USD,-1000.0
GBDC,0001476765,0001476765-26-000048,10-Q,2026-06-30,2026-08-03,"Bynder BidCo, Inc. | One stop 4 | Non-Affiliated Issuer","Bynder BidCo, Inc.","Bynder BidCo, Inc.",First Lien,,,,-2000.0,-1000.0,0.0,,200.0,,,,,False,,,USD,-2000.0
GBDC,0001476765,0001476765-26-000048,10-Q,2026-06-30,2026-08-03,Camelia Bidco Limited | One stop 1 | Non-Affiliated Issuer,Camelia Bidco Limited,Camelia Bidco Limited,First Lien,,,,5284000.0,5142000.0,5364000.0,,98.51,5.5,9.23,,,False,,,USD,5284000.0
GBDC,0001476765,0001476765-26-000048,10-Q,2026-06-30,2026-08-03,Camelia Bidco Limited | One stop 2 | Non-Affiliated Issuer,Camelia Bidco Limited,Camelia Bidco Limited,First Lien,,,,1016000.0,1007000.0,1051000.0,,96.67,5.5,9.23,,,False,,,USD,1016000.0
GBDC,0001476765,0001476765-26-000048,10-Q,2026-06-30,2026-08-03,Camelia Bidco Limited | One stop 3 | Non-Affiliated Issuer,Camelia Bidco Limited,Camelia Bidco Limited,First Lien,,,,341000.0,325000.0,346000.0,,98.55,5.5,10.28,,,False,,,USD,341000.0
GBDC,0001476765,0001476765-26-000048,10-Q,2026-06-30,2026-08-03,Camelia Bidco Limited | One stop 4 | Non-Affiliated Issuer,Camelia Bidco Limited,Camelia Bidco Limited,First Lien,,,,-61000.0,-21000.0,0.0,,290.48,,,,,False,,,USD,-61000.0
GBDC,0001476765,0001476765-26-000048,10-Q,2026-06-30,2026-08-03,"Clearwater Analytics Holdings, Inc. | One stop 1 | Non-Affiliated Issuer","Clearwater Analytics Holdings, Inc.","Clearwater Analytics Holdings, Inc.",First Lien,,,,0.0,0.0,0.0,,,,,,,False,,,USD,0.0
GBDC,0001476765,0001476765-26-000048,10-Q,2026-06-30,2026-08-03,"Clearwater Analytics Holdings, Inc. | One stop 3 | Non-Affiliated Issuer","Clearwater Analytics Holdings, Inc.","Clearwater Analytics Holdings, Inc.",First Lien,,,,0.0,0.0,0.0,,,,,,,False,,,USD,0.0
GBDC,0001476765,0001476765-26-000048,10-Q,2026-06-30,2026-08-03,"Clearwater Analytics Holdings, Inc. | One stop 2 | Non-Affiliated Issuer","Clearwater Analytics Holdings, Inc.","Clearwater Analytics Holdings, Inc.",First Lien,,,,381000.0,381000.0,383000.0,,99.48,4.5,8.23,,,False,,,USD,381000.0
GBDC,0001476765,0001476765-26-000048,10-Q,2026-06-30,2026-08-03,"Coupa Holdings, LLC | One stop 1 | Non-Affiliated Issuer","Coupa Holdings, LLC","Coupa Holdings, LLC",First Lien,,,,32127000.0,32078000.0,32289000.0,,99.5,5.25,8.91,,,False,,,USD,32127000.0
GBDC,0001476765,0001476765-26-000048,10-Q,2026-06-30,2026-08-03,"Coupa Holdings, LLC | One stop 2 | Non-Affiliated Issuer","Coupa Holdings, LLC","Coupa Holdings, LLC",First Lien,,,,96000.0,96000.0,96000.0,,100.0,5.25,8.9,,,False,,,USD,96000.0
GBDC,0001476765,0001476765-26-000048,10-Q,2026-06-30,2026-08-03,"Coupa Holdings, LLC | One stop 3 | Non-Affiliated Issuer","Coupa Holdings, LLC","Coupa Holdings, LLC",First Lien,,,,2905000.0,2886000.0,2921000.0,,99.45,5.25,8.9,,,False,,,USD,2905000.0
GBDC,0001476765,0001476765-26-000048,10-Q,2026-06-30,2026-08-03,"Crewline Buyer, Inc. | One stop 1 | Non-Affiliated Issuer","Crewline Buyer, Inc.","Crewline Buyer, Inc.",First Lien,,,,10640000.0,10833000.0,10857000.0,,98.0,6.75,10.41,,,False,,,USD,10640000.0
GBDC,0001476765,0001476765-26-000048,10-Q,2026-06-30,2026-08-03,"Crewline Buyer, Inc. | One stop 2 | Non-Affiliated Issuer","Crewline Buyer, Inc.","Crewline Buyer, Inc.",First Lien,,,,-2000.0,0.0,0.0,,,,,,,False,,,USD,-2000.0
GBDC,0001476765,0001476765-26-000048,10-Q,2026-06-30,2026-08-03,Daxko Acquisition Corporation | One stop 1 | Non-Affiliated Issuer,Daxko Acquisition Corporation,Daxko Acquisition Corporation,First Lien,,,,38979000.0,39152000.0,39174000.0,,99.5,4.75,8.39,,,False,,,USD,38979000.0
GBDC,0001476765,0001476765-26-000048,10-Q,2026-06-30,2026-08-03,Daxko Acquisition Corporation | One stop 2 | Non-Affiliated Issuer,Daxko Acquisition Corporation,Daxko Acquisition Corporation,First Lien,,,,3288000.0,3287000.0,3304000.0,,99.52,4.75,8.39,,,False,,,USD,3288000.0
GBDC,0001476765,0001476765-26-000048,10-Q,2026-06-30,2026-08-03,Daxko Acquisition Corporation | One stop 3 | Non-Affiliated Issuer,Daxko Acquisition Corporation,Daxko Acquisition Corporation,First Lien,,,,196000.0,197000.0,197000.0,,99.49,4.75,8.39,,,False,,,USD,196000.0
GBDC,0001476765,0001476765-26-000048,10-Q,2026-06-30,2026-08-03,Daxko Acquisition Corporation | One stop 4 | Non-Affiliated Issuer,Daxko Acquisition Corporation,Daxko Acquisition Corporation,First Lien,,,,-5000.0,-6000.0,0.0,,83.33,,,,,False,,,USD,-5000.0
GBDC,0001476765,0001476765-26-000048,10-Q,2026-06-30,2026-08-03,Daxko Acquisition Corporation | One stop 5 | Non-Affiliated Issuer,Daxko Acquisition Corporation,Daxko Acquisition Corporation,First Lien,,,,1509000.0,1515000.0,1526000.0,,98.89,4.75,8.39,,,False,,,USD,1509000.0
GBDC,0001476765,0001476765-26-000048,10-Q,2026-06-30,2026-08-03,Denali Bidco Limited | One stop 1 | Non-Affiliated Issuer,Denali Bidco Limited,Denali Bidco Limited,First Lien,,,,6533000.0,6317000.0,6598000.0,,99.01,4.75,7.04,,,False,,,USD,6533000.0
GBDC,0001476765,0001476765-26-000048,10-Q,2026-06-30,2026-08-03,Denali Bidco Limited | One stop 2 | Non-Affiliated Issuer,Denali Bidco Limited,Denali Bidco Limited,First Lien,,,,8331000.0,8139000.0,8415000.0,,99.0,4.75,8.48,,,False,,,USD,8331000.0
GBDC,0001476765,0001476765-26-000048,10-Q,2026-06-30,2026-08-03,Denali Bidco Limited | One stop 3 | Non-Affiliated Issuer,Denali Bidco Limited,Denali Bidco Limited,First Lien,,,,-8000.0,-3000.0,0.0,,266.67,,,,,False,,,USD,-8000.0
GBDC,0001476765,0001476765-26-000048,10-Q,2026-06-30,2026-08-03,Denali Bidco Limited | Subordinated debt 1 | Non-Affiliated Issuer,Denali Bidco Limited,Denali Bidco Limited,Subordinated,,,,107000.0,109000.0,108000.0,,99.07,,,,11.2,True,,,USD,107000.0
GBDC,0001476765,0001476765-26-000048,10-Q,2026-06-30,2026-08-03,Denali Bidco Limited | Subordinated debt 2 | Non-Affiliated Issuer,Denali Bidco Limited,Denali Bidco Limited,Subordinated,,,,157000.0,162000.0,160000.0,,98.12,,,,9.8,True,,,USD,157000.0
GBDC,0001476765,0001476765-26-000048,10-Q,2026-06-30,2026-08-03,Diligent Corporation | One stop 1 | Non-Affiliated Issuer,Diligent Corporation,Diligent Corporation,First Lien,,,,8761000.0,8972000.0,8985000.0,,97.51,5.0,8.67,,,False,,,USD,8761000.0
GBDC,0001476765,0001476765-26-000048,10-Q,2026-06-30,2026-08-03,Diligent Corporation | One stop 2 | Non-Affiliated Issuer,Diligent Corporation,Diligent Corporation,First Lien,,,,1502000.0,1533000.0,1540000.0,,97.53,8.42,12.09,,,False,,,USD,1502000.0
GBDC,0001476765,0001476765-26-000048,10-Q,2026-06-30,2026-08-03,Diligent Corporation | One stop 3 | Non-Affiliated Issuer,Diligent Corporation,Diligent Corporation,First Lien,,,,346000.0,365000.0,369000.0,,93.77,5.0,8.65,,,False,,,USD,346000.0
GBDC,0001476765,0001476765-26-000048,10-Q,2026-06-30,2026-08-03,"Einstein Parent, Inc. | One stop 1 | Non-Affiliated Issuer","Einstein Parent, Inc.","Einstein Parent, Inc.",First Lien,,,,8927000.0,8925000.0,9063000.0,,98.5,5.25,8.91,,,False,,,USD,8927000.0
GBDC,0001476765,0001476765-26-000048,10-Q,2026-06-30,2026-08-03,"Einstein Parent, Inc. | One stop 2 | Non-Affiliated Issuer","Einstein Parent, Inc.","Einstein Parent, Inc.",First Lien,,,,-14000.0,-14000.0,0.0,,100.0,,,,,False,,,USD,-14000.0
GBDC,0001476765,0001476765-26-000048,10-Q,2026-06-30,2026-08-03,"Espresso Bidco, Inc. | One stop 1 | Non-Affiliated Issuer","Espresso Bidco, Inc.","Espresso Bidco, Inc.",First Lien,,,,4559000.0,4605000.0,4660000.0,,97.83,5.75,6.35,,3.13,True,,,USD,4559000.0
GBDC,0001476765,0001476765-26-000048,10-Q,2026-06-30,2026-08-03,"Espresso Bidco, Inc. | One stop 2 | Non-Affiliated Issuer","Espresso Bidco, Inc.","Espresso Bidco, Inc.",First Lien,,,,-45000.0,-27000.0,0.0,,166.67,,,,,False,,,USD,-45000.0
GBDC,0001476765,0001476765-26-000048,10-Q,2026-06-30,2026-08-03,"Espresso Bidco, Inc. | One stop 3 | Non-Affiliated Issuer","Espresso Bidco, Inc.","Espresso Bidco, Inc.",First Lien,,,,18459000.0,18613000.0,18836000.0,,98.0,5.75,6.35,,3.13,True,,,USD,18459000.0
GBDC,0001476765,0001476765-26-000048,10-Q,2026-06-30,2026-08-03,"Evergreen IX Borrower 2023, LLC | One stop 1 | Non-Affiliated Issuer","Evergreen IX Borrower 2023, LLC","Evergreen IX Borrower 2023, LLC",First Lien,,,,4759000.0,4748000.0,4832000.0,,98.49,4.75,8.48,,,False,,,USD,4759000.0
GBDC,0001476765,0001476765-26-000048,10-Q,2026-06-30,2026-08-03,"Evergreen IX Borrower 2023, LLC | One stop 2 | Non-Affiliated Issuer","Evergreen IX Borrower 2023, LLC","Evergreen IX Borrower 2023, LLC",First Lien,,,,4339000.0,4374000.0,4405000.0,,98.5,4.75,8.48,,,False,,,USD,4339000.0
GBDC,0001476765,0001476765-26-000048,10-Q,2026-06-30,2026-08-03,"Evergreen IX Borrower 2023, LLC | One stop 3 | Non-Affiliated Issuer","Evergreen IX Borrower 2023, LLC","Evergreen IX Borrower 2023, LLC",First Lien,,,,-6000.0,-8000.0,0.0,,75.0,,,,,False,,,USD,-6000.0
GBDC,0001476765,0001476765-26-000048,10-Q,2026-06-30,2026-08-03,"FirstUp, Inc. | One stop 1 | Non-Affiliated Issuer","FirstUp, Inc.","FirstUp, Inc.",First Lien,,,,12647000.0,13029000.0,13038000.0,,97.0,6.75,10.48,,,False,,,USD,12647000.0
GBDC,0001476765,0001476765-26-000048,10-Q,2026-06-30,2026-08-03,"FirstUp, Inc. | One stop 2 | Non-Affiliated Issuer","FirstUp, Inc.","FirstUp, Inc.",First Lien,,,,1206000.0,1238000.0,1243000.0,,97.02,6.75,10.48,,,False,,,USD,1206000.0
GBDC,0001476765,0001476765-26-000048,10-Q,2026-06-30,2026-08-03,"FirstUp, Inc. | One stop 3 | Non-Affiliated Issuer","FirstUp, Inc.","FirstUp, Inc.",First Lien,,,,-7000.0,0.0,0.0,,,,,,,False,,,USD,-7000.0
GBDC,0001476765,0001476765-26-000048,10-Q,2026-06-30,2026-08-03,"Flexera Software, LLC | One stop 1 | Non-Affiliated Issuer","Flexera Software, LLC","Flexera Software, LLC",First Lien,,,,-3000.0,0.0,0.0,,,,,,,False,,,USD,-3000.0
GBDC,0001476765,0001476765-26-000048,10-Q,2026-06-30,2026-08-03,"Flexera Software, LLC | One stop 2 | Non-Affiliated Issuer","Flexera Software, LLC","Flexera Software, LLC",First Lien,,,,1366000.0,1399000.0,1401000.0,,97.5,4.5,8.15,,,False,,,USD,1366000.0
GBDC,0001476765,0001476765-26-000048,10-Q,2026-06-30,2026-08-03,"Flexera Software, LLC | One stop 3 | Non-Affiliated Issuer","Flexera Software, LLC","Flexera Software, LLC",First Lien,,,,471000.0,494000.0,483000.0,,97.52,4.5,6.71,,,False,,,USD,471000.0
GBDC,0001476765,0001476765-26-000048,10-Q,2026-06-30,2026-08-03,"Flexera Software, LLC | One stop 4 | Non-Affiliated Issuer","Flexera Software, LLC","Flexera Software, LLC",First Lien,,,,488000.0,498000.0,500000.0,,97.6,4.5,8.15,,,False,,,USD,488000.0
GBDC,0001476765,0001476765-26-000048,10-Q,2026-06-30,2026-08-03,"Gainsight, Inc. | One stop 1 | Non-Affiliated Issuer","Gainsight, Inc.","Gainsight, Inc.",First Lien,,,,14029000.0,14186000.0,14171000.0,,99.0,5.5,9.48,,,False,,,USD,14029000.0
GBDC,0001476765,0001476765-26-000048,10-Q,2026-06-30,2026-08-03,"Gainsight, Inc. | One stop 2 | Non-Affiliated Issuer","Gainsight, Inc.","Gainsight, Inc.",First Lien,,,,-2000.0,0.0,0.0,,,,,,,False,,,USD,-2000.0
GBDC,0001476765,0001476765-26-000048,10-Q,2026-06-30,2026-08-03,"GS Acquisitionco, Inc. | One stop 1 | Non-Affiliated Issuer","GS Acquisitionco, Inc.","GS Acquisitionco, Inc.",First Lien,,,,113565000.0,120687000.0,120493000.0,,94.25,5.25,8.98,,,False,,,USD,113565000.0
GBDC,0001476765,0001476765-26-000048,10-Q,2026-06-30,2026-08-03,"GS Acquisitionco, Inc. | One stop 2 | Non-Affiliated Issuer","GS Acquisitionco, Inc.","GS Acquisitionco, Inc.",First Lien,,,,508000.0,539000.0,539000.0,,94.25,5.25,8.98,,,False,,,USD,508000.0
GBDC,0001476765,0001476765-26-000048,10-Q,2026-06-30,2026-08-03,"GS Acquisitionco, Inc. | One stop 3 | Non-Affiliated Issuer","GS Acquisitionco, Inc.","GS Acquisitionco, Inc.",First Lien,,,,115000.0,121000.0,122000.0,,94.26,5.25,8.98,,,False,,,USD,115000.0
GBDC,0001476765,0001476765-26-000048,10-Q,2026-06-30,2026-08-03,"GTIV, LLC | One stop 1 | Non-Affiliated Issuer","GTIV, LLC","GTIV, LLC",First Lien,,,,71039000.0,71701000.0,72121000.0,,98.5,4.5,8.16,,,False,,,USD,71039000.0
GBDC,0001476765,0001476765-26-000048,10-Q,2026-06-30,2026-08-03,"GTIV, LLC | One stop 2 | Non-Affiliated Issuer","GTIV, LLC","GTIV, LLC",First Lien,,,,-4000.0,-1000.0,0.0,,400.0,,,,,False,,,USD,-4000.0
GBDC,0001476765,0001476765-26-000048,10-Q,2026-06-30,2026-08-03,"GTY Technology Holdings, Inc. | One stop 1 | Non-Affiliated Issuer","GTY Technology Holdings, Inc.","GTY Technology Holdings, Inc.",First Lien,,,,5323000.0,5483000.0,5488000.0,,96.99,6.63,6.23,,4.13,True,,,USD,5323000.0
GBDC,0001476765,0001476765-26-000048,10-Q,2026-06-30,2026-08-03,"GTY Technology Holdings, Inc. | One stop 2 | Non-Affiliated Issuer","GTY Technology Holdings, Inc.","GTY Technology Holdings, Inc.",First Lien,,,,3480000.0,3568000.0,3588000.0,,96.99,6.63,6.23,,4.13,True,,,USD,3480000.0
GBDC,0001476765,0001476765-26-000048,10-Q,2026-06-30,2026-08-03,"GTY Technology Holdings, Inc. | One stop 3 | Non-Affiliated Issuer","GTY Technology Holdings, Inc.","GTY Technology Holdings, Inc.",First Lien,,,,637000.0,655000.0,657000.0,,96.96,6.63,6.23,,4.13,True,,,USD,637000.0
GBDC,0001476765,0001476765-26-000048,10-Q,2026-06-30,2026-08-03,"GTY Technology Holdings, Inc. | One stop 4 | Non-Affiliated Issuer","GTY Technology Holdings, Inc.","GTY Technology Holdings, Inc.",First Lien,,,,443000.0,457000.0,457000.0,,96.94,6.63,6.16,,4.13,True,,,USD,443000.0
GBDC,0001476765,0001476765-26-000048,10-Q,2026-06-30,2026-08-03,"GTY Technology Holdings, Inc. | One stop 5 | Non-Affiliated Issuer","GTY Technology Holdings, Inc.","GTY Technology Holdings, Inc.",First Lien,,,,445000.0,473000.0,486000.0,,91.56,6.0,9.73,,,False,,,USD,445000.0
GBDC,0001476765,0001476765-26-000048,10-Q,2026-06-30,2026-08-03,"GTY Technology Holdings, Inc. | One stop 6 | Non-Affiliated Issuer","GTY Technology Holdings, Inc.","GTY Technology Holdings, Inc.",First Lien,,,,1038000.0,1061000.0,1070000.0,,97.01,6.63,6.16,,4.13,True,,,USD,1038000.0
GBDC,0001476765,0001476765-26-000048,10-Q,2026-06-30,2026-08-03,"GTY Technology Holdings, Inc. | One stop 7 | Non-Affiliated Issuer","GTY Technology Holdings, Inc.","GTY Technology Holdings, Inc.",First Lien,,,,9070000.0,9258000.0,9351000.0,,96.99,6.63,6.16,,4.13,True,,,USD,9070000.0
GBDC,0001476765,0001476765-26-000048,10-Q,2026-06-30,2026-08-03,"Gurobi Optimization, LLC | One stop 1 | Non-Affiliated Issuer","Gurobi Optimization, LLC","Gurobi Optimization, LLC",First Lien,,,,46168000.0,45825000.0,46168000.0,,100.0,4.5,8.23,,,False,,,USD,46168000.0
GBDC,0001476765,0001476765-26-000048,10-Q,2026-06-30,2026-08-03,"Gurobi Optimization, LLC | One stop 2 | Non-Affiliated Issuer","Gurobi Optimization, LLC","Gurobi Optimization, LLC",First Lien,,,,0.0,-33000.0,0.0,,-0.0,,,,,False,,,USD,0.0
GBDC,0001476765,0001476765-26-000048,10-Q,2026-06-30,2026-08-03,"Hyland Software, Inc. | One stop 1 | Non-Affiliated Issuer","Hyland Software, Inc.","Hyland Software, Inc.",First Lien,,,,45250000.0,46989000.0,46410000.0,,97.5,4.75,8.39,,,False,,,USD,45250000.0
GBDC,0001476765,0001476765-26-000048,10-Q,2026-06-30,2026-08-03,"Hyland Software, Inc. | One stop 2 | Non-Affiliated Issuer","Hyland Software, Inc.","Hyland Software, Inc.",First Lien,,,,-2000.0,0.0,0.0,,,,,,,False,,,USD,-2000.0
GBDC,0001476765,0001476765-26-000048,10-Q,2026-06-30,2026-08-03,"Icefall Parent, Inc. | One stop 1 | Non-Affiliated Issuer","Icefall Parent, Inc.","Icefall Parent, Inc.",First Lien,,,,3531000.0,3631000.0,3639000.0,,97.03,4.5,8.23,,,False,,,USD,3531000.0
GBDC,0001476765,0001476765-26-000048,10-Q,2026-06-30,2026-08-03,"Icefall Parent, Inc. | One stop 2 | Non-Affiliated Issuer","Icefall Parent, Inc.","Icefall Parent, Inc.",First Lien,,,,-10000.0,-3000.0,0.0,,333.33,,,,,False,,,USD,-10000.0
GBDC,0001476765,0001476765-26-000048,10-Q,2026-06-30,2026-08-03,"ICIMS, Inc. | One stop 1 | Non-Affiliated Issuer","ICIMS, Inc.","ICIMS, Inc.",First Lien,,,,11668000.0,12422000.0,12478000.0,,93.51,5.75,9.42,,,False,,,USD,11668000.0
GBDC,0001476765,0001476765-26-000048,10-Q,2026-06-30,2026-08-03,"ICIMS, Inc. | One stop 2 | Non-Affiliated Issuer","ICIMS, Inc.","ICIMS, Inc.",First Lien,,,,72000.0,90000.0,93000.0,,77.42,5.75,9.41,,,False,,,USD,72000.0
GBDC,0001476765,0001476765-26-000048,10-Q,2026-06-30,2026-08-03,"Insight Borrower, LLC | Senior secured 1 | Non-Affiliated Issuer","Insight Borrower, LLC","Insight Borrower, LLC",First Lien,,,,2559000.0,2541000.0,2572000.0,,99.49,7.0,9.73,,1.0,True,,,USD,2559000.0
GBDC,0001476765,0001476765-26-000048,10-Q,2026-06-30,2026-08-03,"Insight Borrower, LLC | Senior secured 2 | Non-Affiliated Issuer","Insight Borrower, LLC","Insight Borrower, LLC",First Lien,,,,185000.0,177000.0,185000.0,,100.0,5.5,9.23,,,False,,,USD,185000.0
GBDC,0001476765,0001476765-26-000048,10-Q,2026-06-30,2026-08-03,"Insight Borrower, LLC | Senior secured 3 | Non-Affiliated Issuer","Insight Borrower, LLC","Insight Borrower, LLC",First Lien,,,,6000.0,6000.0,6000.0,,100.0,7.0,9.73,,1.0,True,,,USD,6000.0
GBDC,0001476765,0001476765-26-000048,10-Q,2026-06-30,2026-08-03,IQN Holding Corp. | One stop 1 | Non-Affiliated Issuer,IQN Holding Corp.,IQN Holding Corp.,First Lien,,,,131000.0,134000.0,135000.0,,97.04,5.25,8.99,,,False,,,USD,131000.0
GBDC,0001476765,0001476765-26-000048,10-Q,2026-06-30,2026-08-03,IQN Holding Corp. | One stop 2 | Non-Affiliated Issuer,IQN Holding Corp.,IQN Holding Corp.,First Lien,,,,22740000.0,23242000.0,23204000.0,,98.0,5.25,,,8.98,True,,,USD,22740000.0
GBDC,0001476765,0001476765-26-000048,10-Q,2026-06-30,2026-08-03,IQN Holding Corp. | One stop 3 | Non-Affiliated Issuer,IQN Holding Corp.,IQN Holding Corp.,First Lien,,,,4049000.0,4102000.0,4131000.0,,98.02,5.25,,,8.98,True,,,USD,4049000.0
GBDC,0001476765,0001476765-26-000048,10-Q,2026-06-30,2026-08-03,Island Bidco AB | One stop 1 | Non-Affiliated Issuer,Island Bidco AB,Island Bidco AB,First Lien,,,,12202000.0,11661000.0,12451000.0,,98.0,7.25,2.6,,7.25,True,,,USD,12202000.0
GBDC,0001476765,0001476765-26-000048,10-Q,2026-06-30,2026-08-03,Island Bidco AB | One stop 2 | Non-Affiliated Issuer,Island Bidco AB,Island Bidco AB,First Lien,,,,4964000.0,5089000.0,5091000.0,,97.51,7.0,7.35,,3.5,True,,,USD,4964000.0
GBDC,0001476765,0001476765-26-000048,10-Q,2026-06-30,2026-08-03,Island Bidco AB | One stop 3 | Non-Affiliated Issuer,Island Bidco AB,Island Bidco AB,First Lien,,,,3663000.0,3742000.0,3757000.0,,97.5,7.0,7.35,,3.5,True,,,USD,3663000.0
GBDC,0001476765,0001476765-26-000048,10-Q,2026-06-30,2026-08-03,Island Bidco AB | One stop 4 | Non-Affiliated Issuer,Island Bidco AB,Island Bidco AB,First Lien,,,,42000.0,46000.0,46000.0,,91.3,6.5,8.83,,,False,,,USD,42000.0
GBDC,0001476765,0001476765-26-000048,10-Q,2026-06-30,2026-08-03,Island Bidco AB | One stop 5 | Non-Affiliated Issuer,Island Bidco AB,Island Bidco AB,First Lien,,,,85000.0,87000.0,88000.0,,96.59,6.5,10.19,,,False,,,USD,85000.0
GBDC,0001476765,0001476765-26-000048,10-Q,2026-06-30,2026-08-03,"Jawbreaker Parent, Inc. | One stop 1 | Non-Affiliated Issuer","Jawbreaker Parent, Inc.","Jawbreaker Parent, Inc.",First Lien,,,,393000.0,395000.0,397000.0,,98.99,4.75,8.48,,,False,,,USD,393000.0
GBDC,0001476765,0001476765-26-000048,10-Q,2026-06-30,2026-08-03,"Jawbreaker Parent, Inc. | One stop 2 | Non-Affiliated Issuer","Jawbreaker Parent, Inc.","Jawbreaker Parent, Inc.",First Lien,,,,-1000.0,0.0,0.0,,,,,,,False,,,USD,-1000.0
GBDC,0001476765,0001476765-26-000048,10-Q,2026-06-30,2026-08-03,"Jawbreaker Parent, Inc. | One stop 3 | Non-Affiliated Issuer","Jawbreaker Parent, Inc.","Jawbreaker Parent, Inc.",First Lien,,,,-1000.0,0.0,0.0,,,,,,,False,,,USD,-1000.0
GBDC,0001476765,0001476765-26-000048,10-Q,2026-06-30,2026-08-03,Kairos Bidco Limited | One stop 1 | Non-Affiliated Issuer,Kairos Bidco Limited,Kairos Bidco Limited,First Lien,,,,9000.0,10000.0,10000.0,,90.0,4.75,8.48,,,False,,,USD,9000.0
GBDC,0001476765,0001476765-26-000048,10-Q,2026-06-30,2026-08-03,Kairos Bidco Limited | One stop 2 | Non-Affiliated Issuer,Kairos Bidco Limited,Kairos Bidco Limited,First Lien,,,,595000.0,601000.0,604000.0,,98.51,4.75,8.48,,,False,,,USD,595000.0
GBDC,0001476765,0001476765-26-000048,10-Q,2026-06-30,2026-08-03,Kairos Bidco Limited | One stop 3 | Non-Affiliated Issuer,Kairos Bidco Limited,Kairos Bidco Limited,First Lien,,,,-3000.0,-1000.0,0.0,,300.0,,,,,False,,,USD,-3000.0
GBDC,0001476765,0001476765-26-000048,10-Q,2026-06-30,2026-08-03,Kairos Bidco Limited | One stop 4 | Non-Affiliated Issuer,Kairos Bidco Limited,Kairos Bidco Limited,First Lien,,,,89000.0,90000.0,91000.0,,97.8,4.75,8.48,,,False,,,USD,89000.0
GBDC,0001476765,0001476765-26-000048,10-Q,2026-06-30,2026-08-03,"Lightcast Global, Inc. | One stop 1 | Non-Affiliated Issuer","Lightcast Global, Inc.","Lightcast Global, Inc.",First Lien,,,,11670000.0,11643000.0,11670000.0,,100.0,4.5,8.38,,,False,,,USD,11670000.0
GBDC,0001476765,0001476765-26-000048,10-Q,2026-06-30,2026-08-03,"Lightcast Global, Inc. | One stop 2 | Non-Affiliated Issuer","Lightcast Global, Inc.","Lightcast Global, Inc.",First Lien,,,,0.0,0.0,0.0,,,,,,,False,,,USD,0.0
GBDC,0001476765,0001476765-26-000048,10-Q,2026-06-30,2026-08-03,"LogicMonitor, Inc. | One stop 1 | Non-Affiliated Issuer","LogicMonitor, Inc.","LogicMonitor, Inc.",First Lien,,,,-101000.0,-32000.0,0.0,,315.62,,,,,False,,,USD,-101000.0
GBDC,0001476765,0001476765-26-000048,10-Q,2026-06-30,2026-08-03,"LogicMonitor, Inc. | One stop 2 | Non-Affiliated Issuer","LogicMonitor, Inc.","LogicMonitor, Inc.",First Lien,,,,53271000.0,53823000.0,54082000.0,,98.5,5.5,9.16,,,False,,,USD,53271000.0
GBDC,0001476765,0001476765-26-000048,10-Q,2026-06-30,2026-08-03,"LogicMonitor, Inc. | One stop 3 | Non-Affiliated Issuer","LogicMonitor, Inc.","LogicMonitor, Inc.",First Lien,,,,-2000.0,-1000.0,0.0,,200.0,,,,,False,,,USD,-2000.0
GBDC,0001476765,0001476765-26-000048,10-Q,2026-06-30,2026-08-03,Lumen Bidco 1 Limited | One stop 1 | Non-Affiliated Issuer,Lumen Bidco 1 Limited,Lumen Bidco 1 Limited,First Lien,,,,0.0,0.0,0.0,,,,,,,False,,,USD,0.0
GBDC,0001476765,0001476765-26-000048,10-Q,2026-06-30,2026-08-03,Lumen Bidco 1 Limited | One stop 3 | Non-Affiliated Issuer,Lumen Bidco 1 Limited,Lumen Bidco 1 Limited,First Lien,,,,0.0,0.0,0.0,,,,,,,False,,,USD,0.0
GBDC,0001476765,0001476765-26-000048,10-Q,2026-06-30,2026-08-03,Lumen Bidco 1 Limited | One stop 2 | Non-Affiliated Issuer,Lumen Bidco 1 Limited,Lumen Bidco 1 Limited,First Lien,,,,404000.0,405000.0,408000.0,,99.02,4.5,6.81,,,False,,,USD,404000.0
GBDC,0001476765,0001476765-26-000048,10-Q,2026-06-30,2026-08-03,Matrix42 Holding GMBH | One stop 1 | Non-Affiliated Issuer,Matrix42 Holding GMBH,Matrix42 Holding GMBH,First Lien,,,,10122000.0,10427000.0,10382000.0,,97.5,6.25,8.45,,,False,,,USD,10122000.0
GBDC,0001476765,0001476765-26-000048,10-Q,2026-06-30,2026-08-03,Matrix42 Holding GMBH | One stop 2 | Non-Affiliated Issuer,Matrix42 Holding GMBH,Matrix42 Holding GMBH,First Lien,,,,1533000.0,1484000.0,1573000.0,,97.46,6.25,8.45,,,False,,,USD,1533000.0
GBDC,0001476765,0001476765-26-000048,10-Q,2026-06-30,2026-08-03,Matrix42 Holding GMBH | One stop 3 | Non-Affiliated Issuer,Matrix42 Holding GMBH,Matrix42 Holding GMBH,First Lien,,,,789000.0,768000.0,810000.0,,97.41,6.25,8.45,,,False,,,USD,789000.0
GBDC,0001476765,0001476765-26-000048,10-Q,2026-06-30,2026-08-03,Matrix42 Holding GMBH | One stop 4 | Non-Affiliated Issuer,Matrix42 Holding GMBH,Matrix42 Holding GMBH,First Lien,,,,30000.0,34000.0,34000.0,,88.24,6.25,8.46,,,False,,,USD,30000.0
GBDC,0001476765,0001476765-26-000048,10-Q,2026-06-30,2026-08-03,Matrix42 Holding GMBH | One stop 5 | Non-Affiliated Issuer,Matrix42 Holding GMBH,Matrix42 Holding GMBH,First Lien,,,,-2000.0,0.0,0.0,,,,,,,False,,,USD,-2000.0
GBDC,0001476765,0001476765-26-000048,10-Q,2026-06-30,2026-08-03,Matrix42 Holding GMBH | One stop 6 | Non-Affiliated Issuer,Matrix42 Holding GMBH,Matrix42 Holding GMBH,First Lien,,,,1936000.0,2008000.0,1986000.0,,97.48,6.25,8.45,,,False,,,USD,1936000.0
GBDC,0001476765,0001476765-26-000048,10-Q,2026-06-30,2026-08-03,"Metatiedot Bidco Oy & Metatiedot US, LLC | One stop 1 | Non-Affiliated Issuer","Metatiedot Bidco Oy & Metatiedot US, LLC","Metatiedot Bidco Oy & Metatiedot US, LLC",First Lien,,,,10576000.0,10889000.0,11017000.0,,96.0,5.0,8.67,,,False,,,USD,10576000.0
GBDC,0001476765,0001476765-26-000048,10-Q,2026-06-30,2026-08-03,"Metatiedot Bidco Oy & Metatiedot US, LLC | One stop 2 | Non-Affiliated Issuer","Metatiedot Bidco Oy & Metatiedot US, LLC","Metatiedot Bidco Oy & Metatiedot US, LLC",First Lien,,,,204000.0,309000.0,340000.0,,60.0,5.0,7.41,,,False,,,USD,204000.0
GBDC,0001476765,0001476765-26-000048,10-Q,2026-06-30,2026-08-03,"Metatiedot Bidco Oy & Metatiedot US, LLC | One stop 3 | Non-Affiliated Issuer","Metatiedot Bidco Oy & Metatiedot US, LLC","Metatiedot Bidco Oy & Metatiedot US, LLC",First Lien,,,,16132000.0,15365000.0,16804000.0,,96.0,5.0,7.23,,,False,,,USD,16132000.0
GBDC,0001476765,0001476765-26-000048,10-Q,2026-06-30,2026-08-03,"Metatiedot Bidco Oy & Metatiedot US, LLC | One stop 4 | Non-Affiliated Issuer","Metatiedot Bidco Oy & Metatiedot US, LLC","Metatiedot Bidco Oy & Metatiedot US, LLC",First Lien,,,,1441000.0,1514000.0,1501000.0,,96.0,5.0,7.39,,,False,,,USD,1441000.0
GBDC,0001476765,0001476765-26-000048,10-Q,2026-06-30,2026-08-03,"Ministry Brands Holdings, LLC | One stop 1 | Non-Affiliated Issuer","Ministry Brands Holdings, LLC","Ministry Brands Holdings, LLC",First Lien,,,,30055000.0,30447000.0,30513000.0,,98.5,5.5,9.24,,,False,,,USD,30055000.0
GBDC,0001476765,0001476765-26-000048,10-Q,2026-06-30,2026-08-03,"Ministry Brands Holdings, LLC | One stop 2 | Non-Affiliated Issuer","Ministry Brands Holdings, LLC","Ministry Brands Holdings, LLC",First Lien,,,,2828000.0,2873000.0,2872000.0,,98.47,5.5,9.24,,,False,,,USD,2828000.0
GBDC,0001476765,0001476765-26-000048,10-Q,2026-06-30,2026-08-03,"Ministry Brands Holdings, LLC | One stop 3 | Non-Affiliated Issuer","Ministry Brands Holdings, LLC","Ministry Brands Holdings, LLC",First Lien,,,,-6000.0,-1000.0,0.0,,600.0,,,,,False,,,USD,-6000.0
GBDC,0001476765,0001476765-26-000048,10-Q,2026-06-30,2026-08-03,"MS Buyer, Inc. | One stop 1 | Non-Affiliated Issuer","MS Buyer, Inc.","MS Buyer, Inc.",First Lien,,,,50800000.0,51223000.0,51574000.0,,98.5,5.25,8.98,,,False,,,USD,50800000.0
GBDC,0001476765,0001476765-26-000048,10-Q,2026-06-30,2026-08-03,"MS Buyer, Inc. | One stop 2 | Non-Affiliated Issuer","MS Buyer, Inc.","MS Buyer, Inc.",First Lien,,,,8798000.0,8841000.0,8931000.0,,98.51,5.25,8.98,,,False,,,USD,8798000.0
GBDC,0001476765,0001476765-26-000048,10-Q,2026-06-30,2026-08-03,"MS Buyer, Inc. | One stop 3 | Non-Affiliated Issuer","MS Buyer, Inc.","MS Buyer, Inc.",First Lien,,,,412000.0,453000.0,491000.0,,83.91,5.25,8.99,,,False,,,USD,412000.0
GBDC,0001476765,0001476765-26-000048,10-Q,2026-06-30,2026-08-03,MYOB Invest Co Pty Ltd | One stop | Non-Affiliated Issuer,MYOB Invest Co Pty Ltd,MYOB Invest Co Pty Ltd,First Lien,,,,37911000.0,36266000.0,38883000.0,,97.5,5.25,6.98,,2.75,True,,,USD,37911000.0
GBDC,0001476765,0001476765-26-000048,10-Q,2026-06-30,2026-08-03,Navex Global Holdings Corporation | One stop 1 | Non-Affiliated Issuer,Navex Global Holdings Corporation,Navex Global Holdings Corporation,First Lien,,,,5826000.0,5994000.0,5944000.0,,98.01,5.0,8.64,,,False,,,USD,5826000.0
GBDC,0001476765,0001476765-26-000048,10-Q,2026-06-30,2026-08-03,Navex Global Holdings Corporation | One stop 2 | Non-Affiliated Issuer,Navex Global Holdings Corporation,Navex Global Holdings Corporation,First Lien,,,,-2000.0,0.0,0.0,,,,,,,False,,,USD,-2000.0
GBDC,0001476765,0001476765-26-000048,10-Q,2026-06-30,2026-08-03,Navex Global Holdings Corporation | One stop 3 | Non-Affiliated Issuer,Navex Global Holdings Corporation,Navex Global Holdings Corporation,First Lien,,,,-6000.0,-1000.0,0.0,,600.0,,,,,False,,,USD,-6000.0
GBDC,0001476765,0001476765-26-000048,10-Q,2026-06-30,2026-08-03,Naviga Inc. | Senior secured | Non-Affiliated Issuer,Naviga Inc.,Naviga Inc.,First Lien,,,,66000.0,120000.0,183000.0,,36.07,1.0,4.83,,,False,,,USD,66000.0
GBDC,0001476765,0001476765-26-000048,10-Q,2026-06-30,2026-08-03,"Obelix Parent, Inc. | One stop 1 | Non-Affiliated Issuer","Obelix Parent, Inc.","Obelix Parent, Inc.",First Lien,,,,431000.0,429000.0,431000.0,,100.0,5.0,8.73,,,False,,,USD,431000.0
GBDC,0001476765,0001476765-26-000048,10-Q,2026-06-30,2026-08-03,"Obelix Parent, Inc. | One stop 2 | Non-Affiliated Issuer","Obelix Parent, Inc.","Obelix Parent, Inc.",First Lien,,,,0.0,0.0,0.0,,,,,,,False,,,USD,0.0
GBDC,0001476765,0001476765-26-000048,10-Q,2026-06-30,2026-08-03,"Onit, Inc. | One stop 1 | Non-Affiliated Issuer","Onit, Inc.","Onit, Inc.",First Lien,,,,5266000.0,5360000.0,5401000.0,,97.5,4.75,8.41,,,False,,,USD,5266000.0
GBDC,0001476765,0001476765-26-000048,10-Q,2026-06-30,2026-08-03,"Onit, Inc. | One stop 2 | Non-Affiliated Issuer","Onit, Inc.","Onit, Inc.",First Lien,,,,-20000.0,-6000.0,0.0,,333.33,,,,,False,,,USD,-20000.0
GBDC,0001476765,0001476765-26-000048,10-Q,2026-06-30,2026-08-03,"Onit, Inc. | One stop 3 | Non-Affiliated Issuer","Onit, Inc.","Onit, Inc.",First Lien,,,,-60000.0,-9000.0,0.0,,666.67,,,,,False,,,USD,-60000.0
GBDC,0001476765,0001476765-26-000048,10-Q,2026-06-30,2026-08-03,"Onit, Inc. | One stop 4 | Non-Affiliated Issuer","Onit, Inc.","Onit, Inc.",First Lien,,,,1393000.0,1441000.0,1444000.0,,96.47,4.5,8.16,,,False,,,USD,1393000.0
GBDC,0001476765,0001476765-26-000048,10-Q,2026-06-30,2026-08-03,"Onward Acquireco, Inc. | One stop 1 | Non-Affiliated Issuer","Onward Acquireco, Inc.","Onward Acquireco, Inc.",First Lien,,,,312000.0,311000.0,313000.0,,99.68,5.05,6.01,,2.68,True,,,USD,312000.0
GBDC,0001476765,0001476765-26-000048,10-Q,2026-06-30,2026-08-03,"Onward Acquireco, Inc. | One stop 2 | Non-Affiliated Issuer","Onward Acquireco, Inc.","Onward Acquireco, Inc.",First Lien,,,,0.0,0.0,0.0,,,,,,,False,,,USD,0.0
GBDC,0001476765,0001476765-26-000048,10-Q,2026-06-30,2026-08-03,"Onward Acquireco, Inc. | One stop 3 | Non-Affiliated Issuer","Onward Acquireco, Inc.","Onward Acquireco, Inc.",First Lien,,,,-1000.0,0.0,0.0,,,,,,,False,,,USD,-1000.0
GBDC,0001476765,0001476765-26-000048,10-Q,2026-06-30,2026-08-03,"Panzura, LLC | One stop | Non-Affiliated Issuer","Panzura, LLC","Panzura, LLC",First Lien,,,,126000.0,123000.0,150000.0,,84.0,,9.0,,8.0,True,,,USD,126000.0
GBDC,0001476765,0001476765-26-000048,10-Q,2026-06-30,2026-08-03,Pineapple German Bidco GMBH | One stop 1 | Non-Affiliated Issuer,Pineapple German Bidco GMBH,Pineapple German Bidco GMBH,First Lien,,,,4658000.0,4625000.0,5200000.0,,89.58,5.25,7.37,,,False,,,USD,4658000.0
GBDC,0001476765,0001476765-26-000048,10-Q,2026-06-30,2026-08-03,Pineapple German Bidco GMBH | One stop 2 | Non-Affiliated Issuer,Pineapple German Bidco GMBH,Pineapple German Bidco GMBH,First Lien,,,,75000.0,76000.0,78000.0,,96.15,5.25,8.94,,,False,,,USD,75000.0
GBDC,0001476765,0001476765-26-000048,10-Q,2026-06-30,2026-08-03,Pineapple German Bidco GMBH | One stop 7 | Non-Affiliated Issuer,Pineapple German Bidco GMBH,Pineapple German Bidco GMBH,First Lien,,,,75000.0,72000.0,77000.0,,97.4,5.25,7.37,,,False,,,USD,75000.0
GBDC,0001476765,0001476765-26-000048,10-Q,2026-06-30,2026-08-03,Pineapple German Bidco GMBH | One stop 3 | Non-Affiliated Issuer,Pineapple German Bidco GMBH,Pineapple German Bidco GMBH,First Lien,,,,14711000.0,15054000.0,15166000.0,,97.0,5.25,8.91,,,False,,,USD,14711000.0
GBDC,0001476765,0001476765-26-000048,10-Q,2026-06-30,2026-08-03,Pineapple German Bidco GMBH | One stop 4 | Non-Affiliated Issuer,Pineapple German Bidco GMBH,Pineapple German Bidco GMBH,First Lien,,,,-290000.0,-48000.0,0.0,,604.17,,,,,False,,,USD,-290000.0
GBDC,0001476765,0001476765-26-000048,10-Q,2026-06-30,2026-08-03,Pineapple German Bidco GMBH | One stop 5 | Non-Affiliated Issuer,Pineapple German Bidco GMBH,Pineapple German Bidco GMBH,First Lien,,,,1083000.0,1050000.0,1117000.0,,96.96,5.25,7.38,,,False,,,USD,1083000.0
GBDC,0001476765,0001476765-26-000048,10-Q,2026-06-30,2026-08-03,Pineapple German Bidco GMBH | One stop 6 | Non-Affiliated Issuer,Pineapple German Bidco GMBH,Pineapple German Bidco GMBH,First Lien,,,,335000.0,322000.0,347000.0,,96.54,5.25,7.37,,,False,,,USD,335000.0
GBDC,0001476765,0001476765-26-000048,10-Q,2026-06-30,2026-08-03,"Pluralsight, LLC | One stop 1 | Non-Affiliated Issuer","Pluralsight, LLC","Pluralsight, LLC",First Lien,,,,1706000.0,6764000.0,7417000.0,,23.0,7.5,,,11.14,True,,,USD,1706000.0
GBDC,0001476765,0001476765-26-000048,10-Q,2026-06-30,2026-08-03,"Pluralsight, LLC | One stop 2 | Non-Affiliated Issuer","Pluralsight, LLC","Pluralsight, LLC",First Lien,,,,3847000.0,3975000.0,4049000.0,,95.01,4.5,6.64,,1.5,True,,,USD,3847000.0
GBDC,0001476765,0001476765-26-000048,10-Q,2026-06-30,2026-08-03,"Pluralsight, LLC | One stop 3 | Non-Affiliated Issuer","Pluralsight, LLC","Pluralsight, LLC",First Lien,,,,1923000.0,2025000.0,2025000.0,,94.96,4.5,6.64,,1.5,True,,,USD,1923000.0
GBDC,0001476765,0001476765-26-000048,10-Q,2026-06-30,2026-08-03,"Pluralsight, LLC | One stop 4 | Non-Affiliated Issuer","Pluralsight, LLC","Pluralsight, LLC",First Lien,,,,-50000.0,0.0,0.0,,,,,,,False,,,USD,-50000.0
GBDC,0001476765,0001476765-26-000048,10-Q,2026-06-30,2026-08-03,"Pluralsight, LLC | One stop 5 | Non-Affiliated Issuer","Pluralsight, LLC","Pluralsight, LLC",First Lien,,,,-124000.0,0.0,0.0,,,,,,,False,,,USD,-124000.0
GBDC,0001476765,0001476765-26-000048,10-Q,2026-06-30,2026-08-03,"ProcessUnity Holdings, LLC | One stop 1 | Non-Affiliated Issuer","ProcessUnity Holdings, LLC","ProcessUnity Holdings, LLC",First Lien,,,,5803000.0,6020000.0,6014000.0,,96.49,6.5,10.23,,,False,,,USD,5803000.0
GBDC,0001476765,0001476765-26-000048,10-Q,2026-06-30,2026-08-03,"ProcessUnity Holdings, LLC | One stop 2 | Non-Affiliated Issuer","ProcessUnity Holdings, LLC","ProcessUnity Holdings, LLC",First Lien,,,,2764000.0,2851000.0,2864000.0,,96.51,6.5,10.23,,,False,,,USD,2764000.0
GBDC,0001476765,0001476765-26-000048,10-Q,2026-06-30,2026-08-03,"ProcessUnity Holdings, LLC | One stop 3 | Non-Affiliated Issuer","ProcessUnity Holdings, LLC","ProcessUnity Holdings, LLC",First Lien,,,,1161000.0,1200000.0,1203000.0,,96.51,6.5,10.23,,,False,,,USD,1161000.0
GBDC,0001476765,0001476765-26-000048,10-Q,2026-06-30,2026-08-03,"ProcessUnity Holdings, LLC | One stop 4 | Non-Affiliated Issuer","ProcessUnity Holdings, LLC","ProcessUnity Holdings, LLC",First Lien,,,,57000.0,63000.0,63000.0,,90.48,6.5,10.23,,,False,,,USD,57000.0
GBDC,0001476765,0001476765-26-000048,10-Q,2026-06-30,2026-08-03,"ProcessUnity Holdings, LLC | One stop 5 | Non-Affiliated Issuer","ProcessUnity Holdings, LLC","ProcessUnity Holdings, LLC",First Lien,,,,4091000.0,4227000.0,4240000.0,,96.49,6.5,10.23,,,False,,,USD,4091000.0
GBDC,0001476765,0001476765-26-000048,10-Q,2026-06-30,2026-08-03,"QAD, Inc. | One stop 1 | Non-Affiliated Issuer","QAD, Inc.","QAD, Inc.",First Lien,,,,41636000.0,42758000.0,42485000.0,,98.0,4.75,8.39,,,False,,,USD,41636000.0
GBDC,0001476765,0001476765-26-000048,10-Q,2026-06-30,2026-08-03,"QAD, Inc. | One stop 2 | Non-Affiliated Issuer","QAD, Inc.","QAD, Inc.",First Lien,,,,-19000.0,-1000.0,0.0,,1900.0,,,,,False,,,USD,-19000.0
GBDC,0001476765,0001476765-26-000048,10-Q,2026-06-30,2026-08-03,"Quant Buyer, Inc. | One stop 1 | Non-Affiliated Issuer","Quant Buyer, Inc.","Quant Buyer, Inc.",First Lien,,,,7056000.0,7233000.0,7275000.0,,96.99,5.25,8.91,,,False,,,USD,7056000.0
GBDC,0001476765,0001476765-26-000048,10-Q,2026-06-30,2026-08-03,"Quant Buyer, Inc. | One stop 2 | Non-Affiliated Issuer","Quant Buyer, Inc.","Quant Buyer, Inc.",First Lien,,,,4154000.0,4272000.0,4282000.0,,97.01,5.25,8.92,,,False,,,USD,4154000.0
GBDC,0001476765,0001476765-26-000048,10-Q,2026-06-30,2026-08-03,"Quant Buyer, Inc. | One stop 3 | Non-Affiliated Issuer","Quant Buyer, Inc.","Quant Buyer, Inc.",First Lien,,,,7264000.0,7417000.0,7489000.0,,97.0,5.25,8.92,,,False,,,USD,7264000.0
GBDC,0001476765,0001476765-26-000048,10-Q,2026-06-30,2026-08-03,"Quant Buyer, Inc. | One stop 4 | Non-Affiliated Issuer","Quant Buyer, Inc.","Quant Buyer, Inc.",First Lien,,,,221000.0,228000.0,230000.0,,96.09,5.25,8.92,,,False,,,USD,221000.0
GBDC,0001476765,0001476765-26-000048,10-Q,2026-06-30,2026-08-03,Rainforest Bidco Limited | One stop 1 | Non-Affiliated Issuer,Rainforest Bidco Limited,Rainforest Bidco Limited,First Lien,,,,20968000.0,19916000.0,21396000.0,,98.0,5.43,7.23,,1.93,True,,,USD,20968000.0
GBDC,0001476765,0001476765-26-000048,10-Q,2026-06-30,2026-08-03,Rainforest Bidco Limited | One stop 2 | Non-Affiliated Issuer,Rainforest Bidco Limited,Rainforest Bidco Limited,First Lien,,,,3739000.0,3799000.0,3815000.0,,98.01,5.43,7.13,,1.93,True,,,USD,3739000.0
GBDC,0001476765,0001476765-26-000048,10-Q,2026-06-30,2026-08-03,Rainforest Bidco Limited | One stop 3 | Non-Affiliated Issuer,Rainforest Bidco Limited,Rainforest Bidco Limited,First Lien,,,,3942000.0,3896000.0,4024000.0,,97.96,5.43,7.23,,1.93,True,,,USD,3942000.0
GBDC,0001476765,0001476765-26-000048,10-Q,2026-06-30,2026-08-03,Rainforest Bidco Limited | One stop 4 | Non-Affiliated Issuer,Rainforest Bidco Limited,Rainforest Bidco Limited,First Lien,,,,1540000.0,1458000.0,1572000.0,,97.96,5.43,7.23,,1.93,True,,,USD,1540000.0
GBDC,0001476765,0001476765-26-000048,10-Q,2026-06-30,2026-08-03,Rainforest Bidco Limited | One stop 5 | Non-Affiliated Issuer,Rainforest Bidco Limited,Rainforest Bidco Limited,First Lien,,,,995000.0,1015000.0,1015000.0,,98.03,5.43,7.13,,1.93,True,,,USD,995000.0
GBDC,0001476765,0001476765-26-000048,10-Q,2026-06-30,2026-08-03,Rainforest Bidco Limited | One stop 6 | Non-Affiliated Issuer,Rainforest Bidco Limited,Rainforest Bidco Limited,First Lien,,,,-20000.0,-6000.0,0.0,,333.33,,,,,False,,,USD,-20000.0
GBDC,0001476765,0001476765-26-000048,10-Q,2026-06-30,2026-08-03,Rainforest Bidco Limited | One stop 7 | Non-Affiliated Issuer,Rainforest Bidco Limited,Rainforest Bidco Limited,First Lien,,,,693000.0,707000.0,707000.0,,98.02,5.43,7.13,,1.93,True,,,USD,693000.0
GBDC,0001476765,0001476765-26-000048,10-Q,2026-06-30,2026-08-03,"Riskonnect Parent, LLC | One stop 1 | Non-Affiliated Issuer","Riskonnect Parent, LLC","Riskonnect Parent, LLC",First Lien,,,,44146000.0,45111000.0,44818000.0,,98.5,4.75,8.49,,,False,,,USD,44146000.0
GBDC,0001476765,0001476765-26-000048,10-Q,2026-06-30,2026-08-03,"Riskonnect Parent, LLC | One stop 2 | Non-Affiliated Issuer","Riskonnect Parent, LLC","Riskonnect Parent, LLC",First Lien,,,,2072000.0,2115000.0,2103000.0,,98.53,4.75,8.49,,,False,,,USD,2072000.0
GBDC,0001476765,0001476765-26-000048,10-Q,2026-06-30,2026-08-03,"Riskonnect Parent, LLC | One stop 3 | Non-Affiliated Issuer","Riskonnect Parent, LLC","Riskonnect Parent, LLC",First Lien,,,,797000.0,804000.0,809000.0,,98.52,4.75,8.49,,,False,,,USD,797000.0
GBDC,0001476765,0001476765-26-000048,10-Q,2026-06-30,2026-08-03,"Riskonnect Parent, LLC | One stop 4 | Non-Affiliated Issuer","Riskonnect Parent, LLC","Riskonnect Parent, LLC",First Lien,,,,560000.0,563000.0,569000.0,,98.42,4.75,8.49,,,False,,,USD,560000.0
GBDC,0001476765,0001476765-26-000048,10-Q,2026-06-30,2026-08-03,"Riskonnect Parent, LLC | One stop 5 | Non-Affiliated Issuer","Riskonnect Parent, LLC","Riskonnect Parent, LLC",First Lien,,,,113000.0,123000.0,126000.0,,89.68,4.75,8.47,,,False,,,USD,113000.0
GBDC,0001476765,0001476765-26-000048,10-Q,2026-06-30,2026-08-03,Rodeo Buyer Company | One stop 1 | Non-Affiliated Issuer,Rodeo Buyer Company,Rodeo Buyer Company,First Lien,,,,7540000.0,7611000.0,7616000.0,,99.0,6.25,10.07,,,False,,,USD,7540000.0
GBDC,0001476765,0001476765-26-000048,10-Q,2026-06-30,2026-08-03,Rodeo Buyer Company | One stop 2 | Non-Affiliated Issuer,Rodeo Buyer Company,Rodeo Buyer Company,First Lien,,,,-1000.0,0.0,0.0,,,,,,,False,,,USD,-1000.0
GBDC,0001476765,0001476765-26-000048,10-Q,2026-06-30,2026-08-03,Rodeo Buyer Company | One stop 3 | Non-Affiliated Issuer,Rodeo Buyer Company,Rodeo Buyer Company,First Lien,,,,12926000.0,13020000.0,13056000.0,,99.0,6.25,9.92,,,False,,,USD,12926000.0
GBDC,0001476765,0001476765-26-000048,10-Q,2026-06-30,2026-08-03,Rodeo Buyer Company | One stop 4 | Non-Affiliated Issuer,Rodeo Buyer Company,Rodeo Buyer Company,First Lien,,,,1980000.0,1995000.0,2000000.0,,99.0,6.25,9.92,,,False,,,USD,1980000.0
GBDC,0001476765,0001476765-26-000048,10-Q,2026-06-30,2026-08-03,Sapphire Bidco Oy | One stop 1 | Non-Affiliated Issuer,Sapphire Bidco Oy,Sapphire Bidco Oy,First Lien,,,,51167000.0,47197000.0,52210000.0,,98.0,4.75,6.95,,,False,,,USD,51167000.0
GBDC,0001476765,0001476765-26-000048,10-Q,2026-06-30,2026-08-03,Sapphire Bidco Oy | One stop 2 | Non-Affiliated Issuer,Sapphire Bidco Oy,Sapphire Bidco Oy,First Lien,,,,4203000.0,3982000.0,4267000.0,,98.5,5.0,7.24,,,False,,,USD,4203000.0
GBDC,0001476765,0001476765-26-000048,10-Q,2026-06-30,2026-08-03,Sapphire Bidco Oy | One stop 3 | Non-Affiliated Issuer,Sapphire Bidco Oy,Sapphire Bidco Oy,First Lien,,,,1549000.0,1491000.0,1573000.0,,98.47,5.0,7.08,,,False,,,USD,1549000.0
GBDC,0001476765,0001476765-26-000048,10-Q,2026-06-30,2026-08-03,Sapphire Bidco Oy | One stop 4 | Non-Affiliated Issuer,Sapphire Bidco Oy,Sapphire Bidco Oy,First Lien,,,,481000.0,500000.0,491000.0,,97.96,4.75,7.06,,,False,,,USD,481000.0
GBDC,0001476765,0001476765-26-000048,10-Q,2026-06-30,2026-08-03,"Sonatype, Inc. | One stop 1 | Non-Affiliated Issuer","Sonatype, Inc.","Sonatype, Inc.",First Lien,,,,68417000.0,69515000.0,69459000.0,,98.5,4.75,8.36,,,False,,,USD,68417000.0
GBDC,0001476765,0001476765-26-000048,10-Q,2026-06-30,2026-08-03,"Sonatype, Inc. | One stop 2 | Non-Affiliated Issuer","Sonatype, Inc.","Sonatype, Inc.",First Lien,,,,-4000.0,0.0,0.0,,,,,,,False,,,USD,-4000.0
GBDC,0001476765,0001476765-26-000048,10-Q,2026-06-30,2026-08-03,Spark Bidco Limited | One stop 1 | Non-Affiliated Issuer,Spark Bidco Limited,Spark Bidco Limited,First Lien,,,,-8000.0,0.0,0.0,,,,,,,False,,,USD,-8000.0
GBDC,0001476765,0001476765-26-000048,10-Q,2026-06-30,2026-08-03,Spark Bidco Limited | One stop 2 | Non-Affiliated Issuer,Spark Bidco Limited,Spark Bidco Limited,First Lien,,,,1092000.0,1124000.0,1132000.0,,96.47,4.75,8.43,,,False,,,USD,1092000.0
GBDC,0001476765,0001476765-26-000048,10-Q,2026-06-30,2026-08-03,Spark Bidco Limited | One stop 3 | Non-Affiliated Issuer,Spark Bidco Limited,Spark Bidco Limited,First Lien,,,,395000.0,410000.0,410000.0,,96.34,4.75,8.43,,,False,,,USD,395000.0
GBDC,0001476765,0001476765-26-000048,10-Q,2026-06-30,2026-08-03,Spark Bidco Limited | One stop 4 | Non-Affiliated Issuer,Spark Bidco Limited,Spark Bidco Limited,First Lien,,,,234000.0,230000.0,243000.0,,96.3,4.75,9.07,,,False,,,USD,234000.0
GBDC,0001476765,0001476765-26-000048,10-Q,2026-06-30,2026-08-03,Spartan Buyer Acquisition Co. | One stop 1 | Non-Affiliated Issuer,Spartan Buyer Acquisition Co.,Spartan Buyer Acquisition Co.,First Lien,,,,44012000.0,44340000.0,44684000.0,,98.5,7.5,10.17,,1.0,True,,,USD,44012000.0
GBDC,0001476765,0001476765-26-000048,10-Q,2026-06-30,2026-08-03,Spartan Buyer Acquisition Co. | One stop 2 | Non-Affiliated Issuer,Spartan Buyer Acquisition Co.,Spartan Buyer Acquisition Co.,First Lien,,,,2806000.0,2822000.0,2850000.0,,98.46,7.5,10.17,,1.0,True,,,USD,2806000.0
GBDC,0001476765,0001476765-26-000048,10-Q,2026-06-30,2026-08-03,Spartan Buyer Acquisition Co. | One stop 3 | Non-Affiliated Issuer,Spartan Buyer Acquisition Co.,Spartan Buyer Acquisition Co.,First Lien,,,,-6000.0,-3000.0,2000.0,,200.0,6.5,12.25,,1.0,True,,,USD,-6000.0
GBDC,0001476765,0001476765-26-000048,10-Q,2026-06-30,2026-08-03,Spartan Buyer Acquisition Co. | One stop 4 | Non-Affiliated Issuer,Spartan Buyer Acquisition Co.,Spartan Buyer Acquisition Co.,First Lien,,,,493000.0,490000.0,500000.0,,98.6,7.5,10.24,,1.0,True,,,USD,493000.0
GBDC,0001476765,0001476765-26-000048,10-Q,2026-06-30,2026-08-03,"Striim, Inc. | One stop | Non-Affiliated Issuer","Striim, Inc.","Striim, Inc.",First Lien,,,,500000.0,486000.0,503000.0,,99.4,,,,14.0,True,,,USD,500000.0
GBDC,0001476765,0001476765-26-000048,10-Q,2026-06-30,2026-08-03,"Telesoft Holdings, LLC | One stop 1 | Non-Affiliated Issuer","Telesoft Holdings, LLC","Telesoft Holdings, LLC",First Lien,,,,20798000.0,20799000.0,20798000.0,,100.0,6.25,9.99,,,False,,,USD,20798000.0
GBDC,0001476765,0001476765-26-000048,10-Q,2026-06-30,2026-08-03,"Telesoft Holdings, LLC | One stop 2 | Non-Affiliated Issuer","Telesoft Holdings, LLC","Telesoft Holdings, LLC",First Lien,,,,1407000.0,1402000.0,1407000.0,,100.0,6.25,9.99,,,False,,,USD,1407000.0
GBDC,0001476765,0001476765-26-000048,10-Q,2026-06-30,2026-08-03,"Telesoft Holdings, LLC | One stop 3 | Non-Affiliated Issuer","Telesoft Holdings, LLC","Telesoft Holdings, LLC",First Lien,,,,58000.0,57000.0,58000.0,,100.0,6.25,9.94,,,False,,,USD,58000.0
GBDC,0001476765,0001476765-26-000048,10-Q,2026-06-30,2026-08-03,"Templafy APS and Templafy, LLC | One stop 1 | Non-Affiliated Issuer","Templafy APS and Templafy, LLC","Templafy APS and Templafy, LLC",First Lien,,,,4728000.0,4788000.0,4800000.0,,98.5,6.0,9.88,,,False,,,USD,4728000.0
GBDC,0001476765,0001476765-26-000048,10-Q,2026-06-30,2026-08-03,"Templafy APS and Templafy, LLC | One stop 2 | Non-Affiliated Issuer","Templafy APS and Templafy, LLC","Templafy APS and Templafy, LLC",First Lien,,,,-2000.0,0.0,0.0,,,,,,,False,,,USD,-2000.0
GBDC,0001476765,0001476765-26-000048,10-Q,2026-06-30,2026-08-03,"Togetherwork Holdings, LLC | One stop 1 | Non-Affiliated Issuer","Togetherwork Holdings, LLC","Togetherwork Holdings, LLC",First Lien,,,,26659000.0,27448000.0,27483000.0,,97.0,5.25,8.89,,,False,,,USD,26659000.0
GBDC,0001476765,0001476765-26-000048,10-Q,2026-06-30,2026-08-03,"Togetherwork Holdings, LLC | One stop 2 | Non-Affiliated Issuer","Togetherwork Holdings, LLC","Togetherwork Holdings, LLC",First Lien,,,,430000.0,432000.0,443000.0,,97.07,5.25,8.89,,,False,,,USD,430000.0
GBDC,0001476765,0001476765-26-000048,10-Q,2026-06-30,2026-08-03,"Togetherwork Holdings, LLC | One stop 3 | Non-Affiliated Issuer","Togetherwork Holdings, LLC","Togetherwork Holdings, LLC",First Lien,,,,184000.0,242000.0,255000.0,,72.16,5.25,8.89,,,False,,,USD,184000.0
GBDC,0001476765,0001476765-26-000048,10-Q,2026-06-30,2026-08-03,"Togetherwork Holdings, LLC | One stop 4 | Non-Affiliated Issuer","Togetherwork Holdings, LLC","Togetherwork Holdings, LLC",First Lien,,,,668000.0,685000.0,689000.0,,96.95,5.25,8.89,,,False,,,USD,668000.0
GBDC,0001476765,0001476765-26-000048,10-Q,2026-06-30,2026-08-03,Transform Bidco Limited | One stop 1 | Non-Affiliated Issuer,Transform Bidco Limited,Transform Bidco Limited,First Lien,,,,5369000.0,5624000.0,5564000.0,,96.5,6.5,,,10.18,True,,,USD,5369000.0
GBDC,0001476765,0001476765-26-000048,10-Q,2026-06-30,2026-08-03,Transform Bidco Limited | One stop 2 | Non-Affiliated Issuer,Transform Bidco Limited,Transform Bidco Limited,First Lien,,,,92000.0,94000.0,95000.0,,96.84,6.5,10.15,,,False,,,USD,92000.0
GBDC,0001476765,0001476765-26-000048,10-Q,2026-06-30,2026-08-03,Transform Bidco Limited | One stop 3 | Non-Affiliated Issuer,Transform Bidco Limited,Transform Bidco Limited,First Lien,,,,-247000.0,-62000.0,0.0,,398.39,,,,,False,,,USD,-247000.0
GBDC,0001476765,0001476765-26-000048,10-Q,2026-06-30,2026-08-03,Transform Bidco Limited | One stop 4 | Non-Affiliated Issuer,Transform Bidco Limited,Transform Bidco Limited,First Lien,,,,4187000.0,4061000.0,4339000.0,,96.5,6.5,11.02,,,False,,,USD,4187000.0
GBDC,0001476765,0001476765-26-000048,10-Q,2026-06-30,2026-08-03,Transform Bidco Limited | One stop 5 | Non-Affiliated Issuer,Transform Bidco Limited,Transform Bidco Limited,First Lien,,,,626000.0,620000.0,649000.0,,96.46,6.5,10.23,,,False,,,USD,626000.0
GBDC,0001476765,0001476765-26-000048,10-Q,2026-06-30,2026-08-03,Transform Bidco Limited | One stop 6 | Non-Affiliated Issuer,Transform Bidco Limited,Transform Bidco Limited,First Lien,,,,4279000.0,4368000.0,4435000.0,,96.48,7.0,7.68,,3.0,True,,,USD,4279000.0
GBDC,0001476765,0001476765-26-000048,10-Q,2026-06-30,2026-08-03,Transform Bidco Limited | One stop 7 | Non-Affiliated Issuer,Transform Bidco Limited,Transform Bidco Limited,First Lien,,,,-150000.0,-28000.0,0.0,,535.71,,,,,False,,,USD,-150000.0
GBDC,0001476765,0001476765-26-000048,10-Q,2026-06-30,2026-08-03,"Tricentis Operations Holdings, Inc. | One stop 1 | Non-Affiliated Issuer","Tricentis Operations Holdings, Inc.","Tricentis Operations Holdings, Inc.",First Lien,,,,-23000.0,-4000.0,0.0,,575.0,,,,,False,,,USD,-23000.0
GBDC,0001476765,0001476765-26-000048,10-Q,2026-06-30,2026-08-03,"Tricentis Operations Holdings, Inc. | One stop 2 | Non-Affiliated Issuer","Tricentis Operations Holdings, Inc.","Tricentis Operations Holdings, Inc.",First Lien,,,,7799000.0,7968000.0,7999000.0,,97.5,6.0,6.39,,3.25,True,,,USD,7799000.0
GBDC,0001476765,0001476765-26-000048,10-Q,2026-06-30,2026-08-03,"Tricentis Operations Holdings, Inc. | One stop 3 | Non-Affiliated Issuer","Tricentis Operations Holdings, Inc.","Tricentis Operations Holdings, Inc.",First Lien,,,,-38000.0,-6000.0,0.0,,633.33,,,,,False,,,USD,-38000.0
GBDC,0001476765,0001476765-26-000048,10-Q,2026-06-30,2026-08-03,"Trintech, Inc. | One stop 1 | Non-Affiliated Issuer","Trintech, Inc.","Trintech, Inc.",First Lien,,,,372000.0,383000.0,387000.0,,96.12,4.75,8.39,,,False,,,USD,372000.0
GBDC,0001476765,0001476765-26-000048,10-Q,2026-06-30,2026-08-03,"Trintech, Inc. | One stop 2 | Non-Affiliated Issuer","Trintech, Inc.","Trintech, Inc.",First Lien,,,,-2000.0,0.0,0.0,,,,,,,False,,,USD,-2000.0
GBDC,0001476765,0001476765-26-000048,10-Q,2026-06-30,2026-08-03,"Trintech, Inc. | One stop 3 | Non-Affiliated Issuer","Trintech, Inc.","Trintech, Inc.",First Lien,,,,-3000.0,0.0,0.0,,,,,,,False,,,USD,-3000.0
GBDC,0001476765,0001476765-26-000048,10-Q,2026-06-30,2026-08-03,"Vanco Payment Solutions, LLC | One stop 1 | Non-Affiliated Issuer","Vanco Payment Solutions, LLC","Vanco Payment Solutions, LLC",First Lien,,,,-1000.0,0.0,0.0,,,,,,,False,,,USD,-1000.0
GBDC,0001476765,0001476765-26-000048,10-Q,2026-06-30,2026-08-03,"Vanco Payment Solutions, LLC | One stop 2 | Non-Affiliated Issuer","Vanco Payment Solutions, LLC","Vanco Payment Solutions, LLC",First Lien,,,,461000.0,471000.0,475000.0,,97.05,4.75,8.48,,,False,,,USD,461000.0
GBDC,0001476765,0001476765-26-000048,10-Q,2026-06-30,2026-08-03,Vantage Bidco GMBH | One stop 1 | Non-Affiliated Issuer,Vantage Bidco GMBH,Vantage Bidco GMBH,First Lien,,,,8619000.0,8399000.0,8978000.0,,96.0,6.25,8.54,,,False,,,USD,8619000.0
GBDC,0001476765,0001476765-26-000048,10-Q,2026-06-30,2026-08-03,Vantage Bidco GMBH | One stop 2 | Non-Affiliated Issuer,Vantage Bidco GMBH,Vantage Bidco GMBH,First Lien,,,,-42000.0,-9000.0,0.0,,466.67,,,,,False,,,USD,-42000.0
GBDC,0001476765,0001476765-26-000048,10-Q,2026-06-30,2026-08-03,Varinem German Midco GMBH | One stop 1 | Non-Affiliated Issuer,Varinem German Midco GMBH,Varinem German Midco GMBH,First Lien,,,,7562000.0,7169000.0,7562000.0,,100.0,5.5,7.63,,,False,,,USD,7562000.0
GBDC,0001476765,0001476765-26-000048,10-Q,2026-06-30,2026-08-03,Varinem German Midco GMBH | One stop 2 | Non-Affiliated Issuer,Varinem German Midco GMBH,Varinem German Midco GMBH,First Lien,,,,4552000.0,4605000.0,4789000.0,,95.05,4.75,6.88,,,False,,,USD,4552000.0
GBDC,0001476765,0001476765-26-000048,10-Q,2026-06-30,2026-08-03,"Vendavo, Inc. | One stop 1 | Non-Affiliated Issuer","Vendavo, Inc.","Vendavo, Inc.",First Lien,,,,25270000.0,26483000.0,26883000.0,,94.0,5.75,9.5,,,False,,,USD,25270000.0
GBDC,0001476765,0001476765-26-000048,10-Q,2026-06-30,2026-08-03,"Vendavo, Inc. | One stop 2 | Non-Affiliated Issuer","Vendavo, Inc.","Vendavo, Inc.",First Lien,,,,2356000.0,2495000.0,2506000.0,,94.01,5.75,9.52,,,False,,,USD,2356000.0
GBDC,0001476765,0001476765-26-000048,10-Q,2026-06-30,2026-08-03,"Vendavo, Inc. | One stop 3 | Non-Affiliated Issuer","Vendavo, Inc.","Vendavo, Inc.",First Lien,,,,922000.0,979000.0,980000.0,,94.08,5.75,9.5,,,False,,,USD,922000.0
GBDC,0001476765,0001476765-26-000048,10-Q,2026-06-30,2026-08-03,"Viper Bidco, Inc. | One stop 1 | Non-Affiliated Issuer","Viper Bidco, Inc.","Viper Bidco, Inc.",First Lien,,,,39665000.0,40114000.0,40269000.0,,98.5,4.5,8.23,,,False,,,USD,39665000.0
GBDC,0001476765,0001476765-26-000048,10-Q,2026-06-30,2026-08-03,"Viper Bidco, Inc. | One stop 2 | Non-Affiliated Issuer","Viper Bidco, Inc.","Viper Bidco, Inc.",First Lien,,,,-58000.0,-15000.0,0.0,,386.67,,,,,False,,,USD,-58000.0
GBDC,0001476765,0001476765-26-000048,10-Q,2026-06-30,2026-08-03,"Viper Bidco, Inc. | One stop 3 | Non-Affiliated Issuer","Viper Bidco, Inc.","Viper Bidco, Inc.",First Lien,,,,-32000.0,-8000.0,0.0,,400.0,,,,,False,,,USD,-32000.0
GBDC,0001476765,0001476765-26-000048,10-Q,2026-06-30,2026-08-03,"Viper Bidco, Inc. | One stop 4 | Non-Affiliated Issuer","Viper Bidco, Inc.","Viper Bidco, Inc.",First Lien,,,,17983000.0,17268000.0,18257000.0,,98.5,4.5,8.23,,,False,,,USD,17983000.0
GBDC,0001476765,0001476765-26-000048,10-Q,2026-06-30,2026-08-03,"Viper Bidco, Inc. | One stop 5 | Non-Affiliated Issuer","Viper Bidco, Inc.","Viper Bidco, Inc.",First Lien,,,,-25000.0,-2000.0,0.0,,1250.0,,,,,False,,,USD,-25000.0
GBDC,0001476765,0001476765-26-000048,10-Q,2026-06-30,2026-08-03,"WebPT, Inc. | One stop | Non-Affiliated Issuer","WebPT, Inc.","WebPT, Inc.",First Lien,,,,646000.0,920000.0,949000.0,,68.07,6.26,7.08,,3.13,True,,,USD,646000.0
GBDC,0001476765,0001476765-26-000048,10-Q,2026-06-30,2026-08-03,"Zendesk, Inc. | One stop 1 | Non-Affiliated Issuer","Zendesk, Inc.","Zendesk, Inc.",First Lien,,,,2323000.0,2364000.0,2382000.0,,97.52,5.0,8.73,,,False,,,USD,2323000.0
GBDC,0001476765,0001476765-26-000048,10-Q,2026-06-30,2026-08-03,"Zendesk, Inc. | One stop 2 | Non-Affiliated Issuer","Zendesk, Inc.","Zendesk, Inc.",First Lien,,,,27454000.0,28098000.0,28159000.0,,97.5,5.0,8.73,,,False,,,USD,27454000.0
GBDC,0001476765,0001476765-26-000048,10-Q,2026-06-30,2026-08-03,"Zendesk, Inc. | One stop 3 | Non-Affiliated Issuer","Zendesk, Inc.","Zendesk, Inc.",First Lien,,,,4426000.0,4509000.0,4540000.0,,97.49,5.0,8.73,,,False,,,USD,4426000.0
GBDC,0001476765,0001476765-26-000048,10-Q,2026-06-30,2026-08-03,"Zendesk, Inc. | One stop 4 | Non-Affiliated Issuer","Zendesk, Inc.","Zendesk, Inc.",First Lien,,,,-2000.0,0.0,0.0,,,,,,,False,,,USD,-2000.0
GBDC,0001476765,0001476765-26-000048,10-Q,2026-06-30,2026-08-03,Ave Holdings III Corp. | One stop 1 | Non-Affiliated Issuer,Ave Holdings III Corp.,Ave Holdings III Corp.,First Lien,,,,22080000.0,22881000.0,23000000.0,,96.0,5.5,9.6,,,False,,,USD,22080000.0
GBDC,0001476765,0001476765-26-000048,10-Q,2026-06-30,2026-08-03,Ave Holdings III Corp. | One stop 2 | Non-Affiliated Issuer,Ave Holdings III Corp.,Ave Holdings III Corp.,First Lien,,,,5759000.0,6054000.0,5999000.0,,96.0,5.5,9.6,,,False,,,USD,5759000.0
GBDC,0001476765,0001476765-26-000048,10-Q,2026-06-30,2026-08-03,Ave Holdings III Corp. | One stop 3 | Non-Affiliated Issuer,Ave Holdings III Corp.,Ave Holdings III Corp.,First Lien,,,,756000.0,788000.0,788000.0,,95.94,5.5,9.6,,,False,,,USD,756000.0
GBDC,0001476765,0001476765-26-000048,10-Q,2026-06-30,2026-08-03,Ave Holdings III Corp. | One stop 4 | Non-Affiliated Issuer,Ave Holdings III Corp.,Ave Holdings III Corp.,First Lien,,,,-12000.0,-1000.0,0.0,,1200.0,,,,,False,,,USD,-12000.0
GBDC,0001476765,0001476765-26-000048,10-Q,2026-06-30,2026-08-03,"Biscuit Parent, LLC | One stop 1 | Non-Affiliated Issuer","Biscuit Parent, LLC","Biscuit Parent, LLC",First Lien,,,,26345000.0,26184000.0,26345000.0,,100.0,4.75,8.48,,,False,,,USD,26345000.0
GBDC,0001476765,0001476765-26-000048,10-Q,2026-06-30,2026-08-03,"Biscuit Parent, LLC | One stop 2 | Non-Affiliated Issuer","Biscuit Parent, LLC","Biscuit Parent, LLC",First Lien,,,,0.0,-1000.0,0.0,,-0.0,,,,,False,,,USD,0.0
GBDC,0001476765,0001476765-26-000048,10-Q,2026-06-30,2026-08-03,"Biscuit Parent, LLC | One stop 3 | Non-Affiliated Issuer","Biscuit Parent, LLC","Biscuit Parent, LLC",First Lien,,,,0.0,-11000.0,0.0,,-0.0,,,,,False,,,USD,0.0
GBDC,0001476765,0001476765-26-000048,10-Q,2026-06-30,2026-08-03,Cavender Stores L.P. | Senior secured | Non-Affiliated Issuer,Cavender Stores L.P.,Cavender Stores L.P.,First Lien,,,,5376000.0,5349000.0,5376000.0,,100.0,4.5,8.16,,,False,,,USD,5376000.0
GBDC,0001476765,0001476765-26-000048,10-Q,2026-06-30,2026-08-03,Consilio Midco Limited | Senior secured 1 | Non-Affiliated Issuer,Consilio Midco Limited,Consilio Midco Limited,First Lien,,,,12459000.0,12666000.0,12778000.0,,97.5,4.75,7.04,,,False,,,USD,12459000.0
GBDC,0001476765,0001476765-26-000048,10-Q,2026-06-30,2026-08-03,Consilio Midco Limited | Senior secured 2 | Non-Affiliated Issuer,Consilio Midco Limited,Consilio Midco Limited,First Lien,,,,10422000.0,10645000.0,10689000.0,,97.5,4.75,8.48,,,False,,,USD,10422000.0
GBDC,0001476765,0001476765-26-000048,10-Q,2026-06-30,2026-08-03,Consilio Midco Limited | Senior secured 3 | Non-Affiliated Issuer,Consilio Midco Limited,Consilio Midco Limited,First Lien,,,,6424000.0,6561000.0,6589000.0,,97.5,4.75,8.48,,,False,,,USD,6424000.0
GBDC,0001476765,0001476765-26-000048,10-Q,2026-06-30,2026-08-03,Consilio Midco Limited | Senior secured 4 | Non-Affiliated Issuer,Consilio Midco Limited,Consilio Midco Limited,First Lien,,,,404000.0,480000.0,497000.0,,81.29,4.75,8.48,,,False,,,USD,404000.0
GBDC,0001476765,0001476765-26-000048,10-Q,2026-06-30,2026-08-03,Consilio Midco Limited | Senior secured 5 | Non-Affiliated Issuer,Consilio Midco Limited,Consilio Midco Limited,First Lien,,,,-62000.0,0.0,0.0,,,,,,,False,,,USD,-62000.0
GBDC,0001476765,0001476765-26-000048,10-Q,2026-06-30,2026-08-03,Consilio Midco Limited | Subordinated debt 1 | Non-Affiliated Issuer,Consilio Midco Limited,Consilio Midco Limited,Subordinated,,,,1835000.0,1871000.0,1882000.0,,97.5,7.5,10.94,,,False,,,USD,1835000.0
GBDC,0001476765,0001476765-26-000048,10-Q,2026-06-30,2026-08-03,Consilio Midco Limited | Subordinated debt 2 | Non-Affiliated Issuer,Consilio Midco Limited,Consilio Midco Limited,Subordinated,,,,1405000.0,1430000.0,1441000.0,,97.5,7.25,,,9.72,True,,,USD,1405000.0
GBDC,0001476765,0001476765-26-000048,10-Q,2026-06-30,2026-08-03,Consilio Midco Limited | Subordinated debt 3 | Non-Affiliated Issuer,Consilio Midco Limited,Consilio Midco Limited,Subordinated,,,,-15000.0,4000.0,4000.0,,-375.0,7.5,,,11.18,True,,,USD,-15000.0
GBDC,0001476765,0001476765-26-000048,10-Q,2026-06-30,2026-08-03,"CVP Holdco, Inc. | One stop 1 | Non-Affiliated Issuer","CVP Holdco, Inc.","CVP Holdco, Inc.",First Lien,,,,13374000.0,13399000.0,13495000.0,,99.1,4.75,8.39,,,False,,,USD,13374000.0
GBDC,0001476765,0001476765-26-000048,10-Q,2026-06-30,2026-08-03,"CVP Holdco, Inc. | One stop 2 | Non-Affiliated Issuer","CVP Holdco, Inc.","CVP Holdco, Inc.",First Lien,,,,-11000.0,-10000.0,0.0,,110.0,,,,,False,,,USD,-11000.0
GBDC,0001476765,0001476765-26-000048,10-Q,2026-06-30,2026-08-03,"CVP Holdco, Inc. | One stop 3 | Non-Affiliated Issuer","CVP Holdco, Inc.","CVP Holdco, Inc.",First Lien,,,,2017000.0,2028000.0,2036000.0,,99.07,4.75,8.39,,,False,,,USD,2017000.0
GBDC,0001476765,0001476765-26-000048,10-Q,2026-06-30,2026-08-03,"Metal Supermarkets US Buyer, LLC | One stop 1 | Non-Affiliated Issuer","Metal Supermarkets US Buyer, LLC","Metal Supermarkets US Buyer, LLC",First Lien,,,,11384000.0,11342000.0,11384000.0,,100.0,4.5,8.23,,,False,,,USD,11384000.0
GBDC,0001476765,0001476765-26-000048,10-Q,2026-06-30,2026-08-03,"Metal Supermarkets US Buyer, LLC | One stop 2 | Non-Affiliated Issuer","Metal Supermarkets US Buyer, LLC","Metal Supermarkets US Buyer, LLC",First Lien,,,,0.0,-5000.0,0.0,,-0.0,,,,,False,,,USD,0.0
GBDC,0001476765,0001476765-26-000048,10-Q,2026-06-30,2026-08-03,"PetVet Care Centers, LLC | One stop 1 | Non-Affiliated Issuer","PetVet Care Centers, LLC","PetVet Care Centers, LLC",First Lien,,,,4097000.0,4687000.0,4656000.0,,87.99,6.0,9.64,,,False,,,USD,4097000.0
GBDC,0001476765,0001476765-26-000048,10-Q,2026-06-30,2026-08-03,"PetVet Care Centers, LLC | One stop 2 | Non-Affiliated Issuer","PetVet Care Centers, LLC","PetVet Care Centers, LLC",First Lien,,,,20000.0,30000.0,30000.0,,66.67,6.0,9.62,,,False,,,USD,20000.0
GBDC,0001476765,0001476765-26-000048,10-Q,2026-06-30,2026-08-03,"Radiance Borrower, LLC | One stop 1 | Non-Affiliated Issuer","Radiance Borrower, LLC","Radiance Borrower, LLC",First Lien,,,,21841000.0,21729000.0,21841000.0,,100.0,5.25,8.89,,,False,,,USD,21841000.0
GBDC,0001476765,0001476765-26-000048,10-Q,2026-06-30,2026-08-03,"Radiance Borrower, LLC | One stop 2 | Non-Affiliated Issuer","Radiance Borrower, LLC","Radiance Borrower, LLC",First Lien,,,,205000.0,193000.0,205000.0,,100.0,5.25,8.89,,,False,,,USD,205000.0
GBDC,0001476765,0001476765-26-000048,10-Q,2026-06-30,2026-08-03,"Salon Lofts Group, LLC | Senior secured 1 | Non-Affiliated Issuer","Salon Lofts Group, LLC","Salon Lofts Group, LLC",First Lien,,,,5163000.0,5166000.0,5163000.0,,100.0,5.75,9.48,,,False,,,USD,5163000.0
GBDC,0001476765,0001476765-26-000048,10-Q,2026-06-30,2026-08-03,"Salon Lofts Group, LLC | Second lien 1 | Non-Affiliated Issuer","Salon Lofts Group, LLC","Salon Lofts Group, LLC",Second Lien,,,,3827000.0,3808000.0,3827000.0,,100.0,9.0,,,12.73,True,,,USD,3827000.0
GBDC,0001476765,0001476765-26-000048,10-Q,2026-06-30,2026-08-03,"Salon Lofts Group, LLC | Second lien 2 | Non-Affiliated Issuer","Salon Lofts Group, LLC","Salon Lofts Group, LLC",Second Lien,,,,2030000.0,2020000.0,2030000.0,,100.0,9.0,,,12.73,True,,,USD,2030000.0
GBDC,0001476765,0001476765-26-000048,10-Q,2026-06-30,2026-08-03,"Salon Lofts Group, LLC | Second lien 3 | Non-Affiliated Issuer","Salon Lofts Group, LLC","Salon Lofts Group, LLC",Second Lien,,,,739000.0,735000.0,739000.0,,100.0,9.0,,,12.73,True,,,USD,739000.0
GBDC,0001476765,0001476765-26-000048,10-Q,2026-06-30,2026-08-03,"Salon Lofts Group, LLC | Senior secured 2 | Non-Affiliated Issuer","Salon Lofts Group, LLC","Salon Lofts Group, LLC",First Lien,,,,531000.0,529000.0,531000.0,,100.0,5.75,9.48,,,False,,,USD,531000.0
GBDC,0001476765,0001476765-26-000048,10-Q,2026-06-30,2026-08-03,"Salon Lofts Group, LLC | Second lien 4 | Non-Affiliated Issuer","Salon Lofts Group, LLC","Salon Lofts Group, LLC",Second Lien,,,,992000.0,977000.0,992000.0,,100.0,9.0,,,12.73,True,,,USD,992000.0
GBDC,0001476765,0001476765-26-000048,10-Q,2026-06-30,2026-08-03,"Salon Lofts Group, LLC | Senior secured 3 | Non-Affiliated Issuer","Salon Lofts Group, LLC","Salon Lofts Group, LLC",First Lien,,,,348000.0,347000.0,348000.0,,100.0,5.75,9.48,,,False,,,USD,348000.0
GBDC,0001476765,0001476765-26-000048,10-Q,2026-06-30,2026-08-03,"Salon Lofts Group, LLC | Senior secured 4 | Non-Affiliated Issuer","Salon Lofts Group, LLC","Salon Lofts Group, LLC",First Lien,,,,337000.0,336000.0,337000.0,,100.0,5.75,9.48,,,False,,,USD,337000.0
GBDC,0001476765,0001476765-26-000048,10-Q,2026-06-30,2026-08-03,"Salon Lofts Group, LLC | Senior secured 5 | Non-Affiliated Issuer","Salon Lofts Group, LLC","Salon Lofts Group, LLC",First Lien,,,,267000.0,266000.0,267000.0,,100.0,5.75,9.48,,,False,,,USD,267000.0
GBDC,0001476765,0001476765-26-000048,10-Q,2026-06-30,2026-08-03,"Salon Lofts Group, LLC | Senior secured 6 | Non-Affiliated Issuer","Salon Lofts Group, LLC","Salon Lofts Group, LLC",First Lien,,,,153000.0,152000.0,153000.0,,100.0,5.75,9.48,,,False,,,USD,153000.0
GBDC,0001476765,0001476765-26-000048,10-Q,2026-06-30,2026-08-03,"Salon Lofts Group, LLC | Second lien 5 | Non-Affiliated Issuer","Salon Lofts Group, LLC","Salon Lofts Group, LLC",Second Lien,,,,188000.0,187000.0,188000.0,,100.0,9.0,,,12.73,True,,,USD,188000.0
GBDC,0001476765,0001476765-26-000048,10-Q,2026-06-30,2026-08-03,"Salon Lofts Group, LLC | Senior secured 7 | Non-Affiliated Issuer","Salon Lofts Group, LLC","Salon Lofts Group, LLC",First Lien,,,,111000.0,111000.0,111000.0,,100.0,5.75,9.48,,,False,,,USD,111000.0
GBDC,0001476765,0001476765-26-000048,10-Q,2026-06-30,2026-08-03,"Salon Lofts Group, LLC | Senior secured 8 | Non-Affiliated Issuer","Salon Lofts Group, LLC","Salon Lofts Group, LLC",First Lien,,,,103000.0,103000.0,103000.0,,100.0,5.75,9.48,,,False,,,USD,103000.0
GBDC,0001476765,0001476765-26-000048,10-Q,2026-06-30,2026-08-03,"Salon Lofts Group, LLC | Senior secured 9 | Non-Affiliated Issuer","Salon Lofts Group, LLC","Salon Lofts Group, LLC",First Lien,,,,84000.0,84000.0,84000.0,,100.0,5.75,9.48,,,False,,,USD,84000.0
GBDC,0001476765,0001476765-26-000048,10-Q,2026-06-30,2026-08-03,"Salon Lofts Group, LLC | Senior secured 10 | Non-Affiliated Issuer","Salon Lofts Group, LLC","Salon Lofts Group, LLC",First Lien,,,,78000.0,78000.0,78000.0,,100.0,5.75,9.48,,,False,,,USD,78000.0
GBDC,0001476765,0001476765-26-000048,10-Q,2026-06-30,2026-08-03,"Salon Lofts Group, LLC | Senior secured 11 | Non-Affiliated Issuer","Salon Lofts Group, LLC","Salon Lofts Group, LLC",First Lien,,,,493000.0,490000.0,493000.0,,100.0,5.75,9.48,,,False,,,USD,493000.0
GBDC,0001476765,0001476765-26-000048,10-Q,2026-06-30,2026-08-03,"Salon Lofts Group, LLC | Senior secured 12 | Non-Affiliated Issuer","Salon Lofts Group, LLC","Salon Lofts Group, LLC",First Lien,,,,933000.0,929000.0,933000.0,,100.0,5.75,9.48,,,False,,,USD,933000.0
GBDC,0001476765,0001476765-26-000048,10-Q,2026-06-30,2026-08-03,"Salon Lofts Group, LLC | Senior secured 13 | Non-Affiliated Issuer","Salon Lofts Group, LLC","Salon Lofts Group, LLC",First Lien,,,,629000.0,627000.0,629000.0,,100.0,5.75,9.48,,,False,,,USD,629000.0
GBDC,0001476765,0001476765-26-000048,10-Q,2026-06-30,2026-08-03,"Salon Lofts Group, LLC | Senior secured 14 | Non-Affiliated Issuer","Salon Lofts Group, LLC","Salon Lofts Group, LLC",First Lien,,,,167000.0,166000.0,167000.0,,100.0,5.75,9.48,,,False,,,USD,167000.0
GBDC,0001476765,0001476765-26-000048,10-Q,2026-06-30,2026-08-03,"Salon Lofts Group, LLC | Senior secured 15 | Non-Affiliated Issuer","Salon Lofts Group, LLC","Salon Lofts Group, LLC",First Lien,,,,0.0,-16000.0,0.0,,-0.0,,,,,False,,,USD,0.0
GBDC,0001476765,0001476765-26-000048,10-Q,2026-06-30,2026-08-03,"Salon Lofts Group, LLC | Second lien 6 | Non-Affiliated Issuer","Salon Lofts Group, LLC","Salon Lofts Group, LLC",Second Lien,,,,1698000.0,1689000.0,1698000.0,,100.0,9.0,,,12.73,True,,,USD,1698000.0
GBDC,0001476765,0001476765-26-000048,10-Q,2026-06-30,2026-08-03,"Salon Lofts Group, LLC | Senior secured 16 | Non-Affiliated Issuer","Salon Lofts Group, LLC","Salon Lofts Group, LLC",First Lien,,,,246000.0,245000.0,246000.0,,100.0,5.75,9.48,,,False,,,USD,246000.0
GBDC,0001476765,0001476765-26-000048,10-Q,2026-06-30,2026-08-03,"Salon Lofts Group, LLC | Second lien 7 | Non-Affiliated Issuer","Salon Lofts Group, LLC","Salon Lofts Group, LLC",Second Lien,,,,754000.0,750000.0,754000.0,,100.0,9.0,,,12.73,True,,,USD,754000.0
GBDC,0001476765,0001476765-26-000048,10-Q,2026-06-30,2026-08-03,"Salon Lofts Group, LLC | Senior secured 17 | Non-Affiliated Issuer","Salon Lofts Group, LLC","Salon Lofts Group, LLC",First Lien,,,,2211000.0,2204000.0,2211000.0,,100.0,5.25,8.98,,,False,,,USD,2211000.0
GBDC,0001476765,0001476765-26-000048,10-Q,2026-06-30,2026-08-03,"Surewerx Purchaser III, Inc. | One stop 1 | Non-Affiliated Issuer","Surewerx Purchaser III, Inc.","Surewerx Purchaser III, Inc.",First Lien,,,,33294000.0,33273000.0,33466000.0,,99.49,5.25,8.98,,,False,,,USD,33294000.0
GBDC,0001476765,0001476765-26-000048,10-Q,2026-06-30,2026-08-03,"Surewerx Purchaser III, Inc. | One stop 2 | Non-Affiliated Issuer","Surewerx Purchaser III, Inc.","Surewerx Purchaser III, Inc.",First Lien,,,,7486000.0,7799000.0,7526000.0,,99.47,5.25,7.54,,,False,,,USD,7486000.0
GBDC,0001476765,0001476765-26-000048,10-Q,2026-06-30,2026-08-03,"Surewerx Purchaser III, Inc. | One stop 3 | Non-Affiliated Issuer","Surewerx Purchaser III, Inc.","Surewerx Purchaser III, Inc.",First Lien,,,,48000.0,48000.0,52000.0,,92.31,5.25,8.89,,,False,,,USD,48000.0
GBDC,0001476765,0001476765-26-000048,10-Q,2026-06-30,2026-08-03,"Surewerx Purchaser III, Inc. | One stop 4 | Non-Affiliated Issuer","Surewerx Purchaser III, Inc.","Surewerx Purchaser III, Inc.",First Lien,,,,-8000.0,-66000.0,0.0,,12.12,,,,,False,,,USD,-8000.0
GBDC,0001476765,0001476765-26-000048,10-Q,2026-06-30,2026-08-03,"Titan Fitness, LLC | One stop 1 | Non-Affiliated Issuer","Titan Fitness, LLC","Titan Fitness, LLC",First Lien,,,,30045000.0,42267000.0,46223000.0,,65.0,7.25,,,11.13,True,,,USD,30045000.0
GBDC,0001476765,0001476765-26-000048,10-Q,2026-06-30,2026-08-03,"Titan Fitness, LLC | One stop 2 | Non-Affiliated Issuer","Titan Fitness, LLC","Titan Fitness, LLC",First Lien,,,,2153000.0,3044000.0,3313000.0,,64.99,7.25,,,11.13,True,,,USD,2153000.0
GBDC,0001476765,0001476765-26-000048,10-Q,2026-06-30,2026-08-03,"Titan Fitness, LLC | One stop 3 | Non-Affiliated Issuer","Titan Fitness, LLC","Titan Fitness, LLC",First Lien,,,,326000.0,589000.0,640000.0,,50.94,7.25,,,11.13,True,,,USD,326000.0
GBDC,0001476765,0001476765-26-000048,10-Q,2026-06-30,2026-08-03,"Titan Fitness, LLC | One stop 4 | Non-Affiliated Issuer","Titan Fitness, LLC","Titan Fitness, LLC",First Lien,,,,669000.0,667000.0,669000.0,,100.0,7.25,,,11.13,True,,,USD,669000.0
GBDC,0001476765,0001476765-26-000048,10-Q,2026-06-30,2026-08-03,Vermont Aus Pty Ltd | One stop | Non-Affiliated Issuer,Vermont Aus Pty Ltd,Vermont Aus Pty Ltd,First Lien,,,,18402000.0,17531000.0,18402000.0,,100.0,4.5,9.01,,,False,,,USD,18402000.0
GBDC,0001476765,0001476765-26-000048,10-Q,2026-06-30,2026-08-03,"VSG Acquisition Corp. and Sherrill, Inc. | One stop 1 | Non-Affiliated Issuer","VSG Acquisition Corp. and Sherrill, Inc.","VSG Acquisition Corp. and Sherrill, Inc.",First Lien,,,,-1000.0,-6000.0,0.0,,16.67,,,,,False,,,USD,-1000.0
GBDC,0001476765,0001476765-26-000048,10-Q,2026-06-30,2026-08-03,"VSG Acquisition Corp. and Sherrill, Inc. | One stop 2 | Non-Affiliated Issuer","VSG Acquisition Corp. and Sherrill, Inc.","VSG Acquisition Corp. and Sherrill, Inc.",First Lien,,,,16341000.0,16146000.0,16407000.0,,99.6,5.0,8.66,,,False,,,USD,16341000.0
GBDC,0001476765,0001476765-26-000048,10-Q,2026-06-30,2026-08-03,"Dollfus Mieg Company, Inc. | One stop 1 | Non-Affiliated Issuer","Dollfus Mieg Company, Inc.","Dollfus Mieg Company, Inc.",First Lien,,,,1462000.0,1446000.0,1624000.0,,90.02,3.0,6.73,,,False,,,USD,1462000.0
GBDC,0001476765,0001476765-26-000048,10-Q,2026-06-30,2026-08-03,"Dollfus Mieg Company, Inc. | One stop 2 | Non-Affiliated Issuer","Dollfus Mieg Company, Inc.","Dollfus Mieg Company, Inc.",First Lien,,,,1031000.0,1020000.0,1145000.0,,90.04,3.0,6.73,,,False,,,USD,1031000.0
GBDC,0001476765,0001476765-26-000048,10-Q,2026-06-30,2026-08-03,"Elite Sportswear, L.P. | Senior secured 1 | Non-Affiliated Issuer","Elite Sportswear, L.P.","Elite Sportswear, L.P.",First Lien,,,,9698000.0,10077000.0,10102000.0,,96.0,7.5,9.49,,2.0,True,,,USD,9698000.0
GBDC,0001476765,0001476765-26-000048,10-Q,2026-06-30,2026-08-03,"Elite Sportswear, L.P. | Senior secured 2 | Non-Affiliated Issuer","Elite Sportswear, L.P.","Elite Sportswear, L.P.",First Lien,,,,3896000.0,4049000.0,4058000.0,,96.01,7.5,9.49,,2.0,True,,,USD,3896000.0
GBDC,0001476765,0001476765-26-000048,10-Q,2026-06-30,2026-08-03,"Elite Sportswear, L.P. | Senior secured 3 | Non-Affiliated Issuer","Elite Sportswear, L.P.","Elite Sportswear, L.P.",First Lien,,,,2006000.0,2084000.0,2089000.0,,96.03,7.5,9.49,,2.0,True,,,USD,2006000.0
GBDC,0001476765,0001476765-26-000048,10-Q,2026-06-30,2026-08-03,"Elite Sportswear, L.P. | Senior secured 4 | Non-Affiliated Issuer","Elite Sportswear, L.P.","Elite Sportswear, L.P.",First Lien,,,,666000.0,694000.0,694000.0,,95.97,7.5,9.49,,2.0,True,,,USD,666000.0
GBDC,0001476765,0001476765-26-000048,10-Q,2026-06-30,2026-08-03,"Elite Sportswear, L.P. | Senior secured 5 | Non-Affiliated Issuer","Elite Sportswear, L.P.","Elite Sportswear, L.P.",First Lien,,,,305000.0,317000.0,317000.0,,96.21,7.5,9.49,,2.0,True,,,USD,305000.0
GBDC,0001476765,0001476765-26-000048,10-Q,2026-06-30,2026-08-03,"Elite Sportswear, L.P. | Senior secured 6 | Non-Affiliated Issuer","Elite Sportswear, L.P.","Elite Sportswear, L.P.",First Lien,,,,291000.0,303000.0,303000.0,,96.04,7.5,9.49,,2.0,True,,,USD,291000.0
GBDC,0001476765,0001476765-26-000048,10-Q,2026-06-30,2026-08-03,"Elite Sportswear, L.P. | Senior secured 7 | Non-Affiliated Issuer","Elite Sportswear, L.P.","Elite Sportswear, L.P.",First Lien,,,,856000.0,899000.0,899000.0,,95.22,7.5,9.49,,2.0,True,,,USD,856000.0
GBDC,0001476765,0001476765-26-000048,10-Q,2026-06-30,2026-08-03,"Elite Sportswear, L.P. | Senior secured 8 | Non-Affiliated Issuer","Elite Sportswear, L.P.","Elite Sportswear, L.P.",First Lien,,,,29000.0,31000.0,31000.0,,93.55,7.5,9.49,,2.0,True,,,USD,29000.0
GBDC,0001476765,0001476765-26-000048,10-Q,2026-06-30,2026-08-03,"Georgica Pine Clothiers, LLC | One stop 1 | Non-Affiliated Issuer","Georgica Pine Clothiers, LLC","Georgica Pine Clothiers, LLC",First Lien,,,,9009000.0,8977000.0,8987000.0,,100.24,6.0,9.88,,,False,,,USD,9009000.0
GBDC,0001476765,0001476765-26-000048,10-Q,2026-06-30,2026-08-03,"Georgica Pine Clothiers, LLC | One stop 2 | Non-Affiliated Issuer","Georgica Pine Clothiers, LLC","Georgica Pine Clothiers, LLC",First Lien,,,,6247000.0,6223000.0,6231000.0,,100.26,6.0,9.88,,,False,,,USD,6247000.0
GBDC,0001476765,0001476765-26-000048,10-Q,2026-06-30,2026-08-03,"Georgica Pine Clothiers, LLC | One stop 3 | Non-Affiliated Issuer","Georgica Pine Clothiers, LLC","Georgica Pine Clothiers, LLC",First Lien,,,,967000.0,963000.0,965000.0,,100.21,6.0,9.88,,,False,,,USD,967000.0
GBDC,0001476765,0001476765-26-000048,10-Q,2026-06-30,2026-08-03,"Georgica Pine Clothiers, LLC | One stop 4 | Non-Affiliated Issuer","Georgica Pine Clothiers, LLC","Georgica Pine Clothiers, LLC",First Lien,,,,868000.0,865000.0,866000.0,,100.23,6.0,9.88,,,False,,,USD,868000.0
GBDC,0001476765,0001476765-26-000048,10-Q,2026-06-30,2026-08-03,"Georgica Pine Clothiers, LLC | One stop 5 | Non-Affiliated Issuer","Georgica Pine Clothiers, LLC","Georgica Pine Clothiers, LLC",First Lien,,,,609000.0,607000.0,608000.0,,100.16,6.0,9.88,,,False,,,USD,609000.0
GBDC,0001476765,0001476765-26-000048,10-Q,2026-06-30,2026-08-03,"Georgica Pine Clothiers, LLC | One stop 6 | Non-Affiliated Issuer","Georgica Pine Clothiers, LLC","Georgica Pine Clothiers, LLC",First Lien,,,,3000.0,2000.0,2000.0,,150.0,6.0,9.88,,,False,,,USD,3000.0
GBDC,0001476765,0001476765-26-000048,10-Q,2026-06-30,2026-08-03,"Shoes For Crews Global, LLC | Senior secured 1 | Non-Affiliated Issuer","Shoes For Crews Global, LLC","Shoes For Crews Global, LLC",First Lien,,,,1280000.0,1280000.0,1280000.0,,100.0,6.5,10.49,,,False,,,USD,1280000.0
GBDC,0001476765,0001476765-26-000048,10-Q,2026-06-30,2026-08-03,"Shoes For Crews Global, LLC | Senior secured 2 | Non-Affiliated Issuer","Shoes For Crews Global, LLC","Shoes For Crews Global, LLC",First Lien,,,,760000.0,743000.0,760000.0,,100.0,7.0,5.99,,5.0,True,,,USD,760000.0
GBDC,0001476765,0001476765-26-000048,10-Q,2026-06-30,2026-08-03,"Shoes For Crews Global, LLC | Senior secured 3 | Non-Affiliated Issuer","Shoes For Crews Global, LLC","Shoes For Crews Global, LLC",First Lien,,,,414000.0,414000.0,414000.0,,100.0,6.5,10.49,,,False,,,USD,414000.0
GBDC,0001476765,0001476765-26-000048,10-Q,2026-06-30,2026-08-03,"Shoes For Crews Global, LLC | Senior secured 4 | Non-Affiliated Issuer","Shoes For Crews Global, LLC","Shoes For Crews Global, LLC",First Lien,,,,0.0,-22000.0,0.0,,-0.0,,,,,False,,,USD,0.0
GBDC,0001476765,0001476765-26-000048,10-Q,2026-06-30,2026-08-03,Marcone Yellowstone Buyer Inc. | One stop 1 | Non-Affiliated Issuer,Marcone Yellowstone Buyer Inc.,Marcone Yellowstone Buyer Inc.,First Lien,,,,19610000.0,20917000.0,21087000.0,,93.0,7.0,7.58,,3.25,True,,,USD,19610000.0
GBDC,0001476765,0001476765-26-000048,10-Q,2026-06-30,2026-08-03,Marcone Yellowstone Buyer Inc. | One stop 2 | Non-Affiliated Issuer,Marcone Yellowstone Buyer Inc.,Marcone Yellowstone Buyer Inc.,First Lien,,,,20341000.0,21502000.0,21873000.0,,93.0,7.0,7.58,,3.25,True,,,USD,20341000.0
GBDC,0001476765,0001476765-26-000048,10-Q,2026-06-30,2026-08-03,Marcone Yellowstone Buyer Inc. | One stop 3 | Non-Affiliated Issuer,Marcone Yellowstone Buyer Inc.,Marcone Yellowstone Buyer Inc.,First Lien,,,,6070000.0,6367000.0,6492000.0,,93.5,7.25,7.83,,3.25,True,,,USD,6070000.0
GBDC,0001476765,0001476765-26-000048,10-Q,2026-06-30,2026-08-03,Marcone Yellowstone Buyer Inc. | One stop 4 | Non-Affiliated Issuer,Marcone Yellowstone Buyer Inc.,Marcone Yellowstone Buyer Inc.,First Lien,,,,2489000.0,2574000.0,2677000.0,,92.98,7.0,7.58,,3.25,True,,,USD,2489000.0
GBDC,0001476765,0001476765-26-000048,10-Q,2026-06-30,2026-08-03,Marcone Yellowstone Buyer Inc. | One stop 5 | Non-Affiliated Issuer,Marcone Yellowstone Buyer Inc.,Marcone Yellowstone Buyer Inc.,First Lien,,,,6517000.0,6709000.0,7007000.0,,93.01,7.0,7.58,,3.25,True,,,USD,6517000.0
GBDC,0001476765,0001476765-26-000048,10-Q,2026-06-30,2026-08-03,"LDS Intermediate Holdings, LLC | One stop 1 | Non-Affiliated Issuer","LDS Intermediate Holdings, LLC","LDS Intermediate Holdings, LLC",First Lien,,,,-10000.0,-6000.0,0.0,,166.67,,,,,False,,,USD,-10000.0
GBDC,0001476765,0001476765-26-000048,10-Q,2026-06-30,2026-08-03,"LDS Intermediate Holdings, LLC | One stop 2 | Non-Affiliated Issuer","LDS Intermediate Holdings, LLC","LDS Intermediate Holdings, LLC",First Lien,,,,7287000.0,7315000.0,7352000.0,,99.12,5.0,8.64,,,False,,,USD,7287000.0
GBDC,0001476765,0001476765-26-000048,10-Q,2026-06-30,2026-08-03,"LDS Intermediate Holdings, LLC | One stop 3 | Non-Affiliated Issuer","LDS Intermediate Holdings, LLC","LDS Intermediate Holdings, LLC",First Lien,,,,1443000.0,1449000.0,1456000.0,,99.11,5.0,8.64,,,False,,,USD,1443000.0
GBDC,0001476765,0001476765-26-000048,10-Q,2026-06-30,2026-08-03,"LDS Intermediate Holdings, LLC | One stop 4 | Non-Affiliated Issuer","LDS Intermediate Holdings, LLC","LDS Intermediate Holdings, LLC",First Lien,,,,-7000.0,-3000.0,0.0,,233.33,,,,,False,,,USD,-7000.0
GBDC,0001476765,0001476765-26-000048,10-Q,2026-06-30,2026-08-03,"LDS Intermediate Holdings, LLC | One stop 5 | Non-Affiliated Issuer","LDS Intermediate Holdings, LLC","LDS Intermediate Holdings, LLC",First Lien,,,,203000.0,204000.0,205000.0,,99.02,5.0,8.64,,,False,,,USD,203000.0
GBDC,0001476765,0001476765-26-000048,10-Q,2026-06-30,2026-08-03,"S.J. Electro Systems, LLC | Senior secured 1 | Non-Affiliated Issuer","S.J. Electro Systems, LLC","S.J. Electro Systems, LLC",First Lien,,,,23945000.0,23956000.0,24043000.0,,99.59,4.75,8.56,,,False,,,USD,23945000.0
GBDC,0001476765,0001476765-26-000048,10-Q,2026-06-30,2026-08-03,"S.J. Electro Systems, LLC | Senior secured 2 | Non-Affiliated Issuer","S.J. Electro Systems, LLC","S.J. Electro Systems, LLC",First Lien,,,,18362000.0,18401000.0,18438000.0,,99.59,4.75,8.56,,,False,,,USD,18362000.0
GBDC,0001476765,0001476765-26-000048,10-Q,2026-06-30,2026-08-03,"S.J. Electro Systems, LLC | Senior secured 3 | Non-Affiliated Issuer","S.J. Electro Systems, LLC","S.J. Electro Systems, LLC",First Lien,,,,1158000.0,1159000.0,1164000.0,,99.48,4.75,8.56,,,False,,,USD,1158000.0
GBDC,0001476765,0001476765-26-000048,10-Q,2026-06-30,2026-08-03,"S.J. Electro Systems, LLC | Senior secured 4 | Non-Affiliated Issuer","S.J. Electro Systems, LLC","S.J. Electro Systems, LLC",First Lien,,,,392000.0,396000.0,427000.0,,91.8,4.75,8.56,,,False,,,USD,392000.0
GBDC,0001476765,0001476765-26-000048,10-Q,2026-06-30,2026-08-03,"S.J. Electro Systems, LLC | Senior secured 5 | Non-Affiliated Issuer","S.J. Electro Systems, LLC","S.J. Electro Systems, LLC",First Lien,,,,-2000.0,-2000.0,0.0,,100.0,,,,,False,,,USD,-2000.0
GBDC,0001476765,0001476765-26-000048,10-Q,2026-06-30,2026-08-03,"S.J. Electro Systems, LLC | Senior secured 6 | Non-Affiliated Issuer","S.J. Electro Systems, LLC","S.J. Electro Systems, LLC",First Lien,,,,178000.0,178000.0,179000.0,,99.44,4.75,8.56,,,False,,,USD,178000.0
GBDC,0001476765,0001476765-26-000048,10-Q,2026-06-30,2026-08-03,"S.J. Electro Systems, LLC | Senior secured 7 | Non-Affiliated Issuer","S.J. Electro Systems, LLC","S.J. Electro Systems, LLC",First Lien,,,,237000.0,237000.0,238000.0,,99.58,4.75,8.56,,,False,,,USD,237000.0
GBDC,0001476765,0001476765-26-000048,10-Q,2026-06-30,2026-08-03,"S.J. Electro Systems, LLC | One stop 1 | Non-Affiliated Issuer","S.J. Electro Systems, LLC","S.J. Electro Systems, LLC",First Lien,,,,234000.0,234000.0,235000.0,,99.57,4.75,8.56,,,False,,,USD,234000.0
GBDC,0001476765,0001476765-26-000048,10-Q,2026-06-30,2026-08-03,"S.J. Electro Systems, LLC | One stop 2 | Non-Affiliated Issuer","S.J. Electro Systems, LLC","S.J. Electro Systems, LLC",First Lien,,,,-1000.0,-1000.0,0.0,,100.0,,,,,False,,,USD,-1000.0
GBDC,0001476765,0001476765-26-000048,10-Q,2026-06-30,2026-08-03,"S.J. Electro Systems, LLC | Senior secured 8 | Non-Affiliated Issuer","S.J. Electro Systems, LLC","S.J. Electro Systems, LLC",First Lien,,,,102000.0,102000.0,103000.0,,99.03,4.75,8.49,,,False,,,USD,102000.0
GBDC,0001476765,0001476765-26-000048,10-Q,2026-06-30,2026-08-03,"Vessco Midco Holdings, LLC | One stop 1 | Non-Affiliated Issuer","Vessco Midco Holdings, LLC","Vessco Midco Holdings, LLC",First Lien,,,,505000.0,505000.0,507000.0,,99.61,4.5,8.19,,,False,,,USD,505000.0
GBDC,0001476765,0001476765-26-000048,10-Q,2026-06-30,2026-08-03,"Vessco Midco Holdings, LLC | One stop 2 | Non-Affiliated Issuer","Vessco Midco Holdings, LLC","Vessco Midco Holdings, LLC",First Lien,,,,-2000.0,-1000.0,0.0,,200.0,,,,,False,,,USD,-2000.0
GBDC,0001476765,0001476765-26-000048,10-Q,2026-06-30,2026-08-03,"Vessco Midco Holdings, LLC | One stop 3 | Non-Affiliated Issuer","Vessco Midco Holdings, LLC","Vessco Midco Holdings, LLC",First Lien,,,,22399000.0,22337000.0,22500000.0,,99.55,4.5,8.14,,,False,,,USD,22399000.0
GBDC,0001476765,0001476765-26-000048,10-Q,2026-06-30,2026-08-03,"Vessco Midco Holdings, LLC | One stop 4 | Non-Affiliated Issuer","Vessco Midco Holdings, LLC","Vessco Midco Holdings, LLC",First Lien,,,,7341000.0,7348000.0,7375000.0,,99.54,4.5,8.17,,,False,,,USD,7341000.0
GBDC,0001476765,0001476765-26-000048,10-Q,2026-06-30,2026-08-03,"Vessco Midco Holdings, LLC | One stop 5 | Non-Affiliated Issuer","Vessco Midco Holdings, LLC","Vessco Midco Holdings, LLC",First Lien,,,,89000.0,82000.0,100000.0,,89.0,3.5,10.25,,,False,,,USD,89000.0
GBDC,0001476765,0001476765-26-000048,10-Q,2026-06-30,2026-08-03,"PPW Aero Buyer, Inc. | LP interest | Non-Affiliated Issuer","PPW Aero Buyer, Inc.","PPW Aero Buyer, Inc.",LP Interest,,,,911000.0,948000.0,,93000.0,96.1,,,,,False,,,USD,911000.0
GBDC,0001476765,0001476765-26-000048,10-Q,2026-06-30,2026-08-03,"Tronair Parent, Inc. | LLC interest | Non-Affiliated Issuer","Tronair Parent, Inc.","Tronair Parent, Inc.",Common Equity,,,,120000.0,40000.0,,0.0,300.0,,,,,False,,,USD,120000.0
GBDC,0001476765,0001476765-26-000048,10-Q,2026-06-30,2026-08-03,"Arnott, LLC | LP interest | Non-Affiliated Issuer","Arnott, LLC","Arnott, LLC",LP Interest,,,,238000.0,350000.0,,0.0,68.0,,,,,False,,,USD,238000.0
GBDC,0001476765,0001476765-26-000048,10-Q,2026-06-30,2026-08-03,"North Haven Falcon Buyer, LLC | LLC interest 1 | Non-Affiliated Issuer","North Haven Falcon Buyer, LLC","North Haven Falcon Buyer, LLC",Common Equity,,,,568000.0,693000.0,,2704000.0,81.96,,,,,False,,,USD,568000.0
GBDC,0001476765,0001476765-26-000048,10-Q,2026-06-30,2026-08-03,"North Haven Falcon Buyer, LLC | LLC interest 2 | Non-Affiliated Issuer","North Haven Falcon Buyer, LLC","North Haven Falcon Buyer, LLC",Common Equity,,,,10000.0,18000.0,,2080000.0,55.56,,,,,False,,,USD,10000.0
GBDC,0001476765,0001476765-26-000048,10-Q,2026-06-30,2026-08-03,Polk Acquisition Corp. | LP interest | Non-Affiliated Issuer,Polk Acquisition Corp.,Polk Acquisition Corp.,LP Interest,,,,27000.0,314000.0,,5000.0,8.6,,,,,False,,,USD,27000.0
GBDC,0001476765,0001476765-26-000048,10-Q,2026-06-30,2026-08-03,"Bolt Purchaser, LLC | LP interest | Non-Affiliated Issuer","Bolt Purchaser, LLC","Bolt Purchaser, LLC",LP Interest,,,,115000.0,115000.0,,115000.0,100.0,,,,,False,,,USD,115000.0
GBDC,0001476765,0001476765-26-000048,10-Q,2026-06-30,2026-08-03,"CAP-KSI Holdings, LLC | LP interest 1 | Non-Affiliated Issuer","CAP-KSI Holdings, LLC","CAP-KSI Holdings, LLC",LP Interest,,,,540000.0,645000.0,,645000.0,83.72,,,,,False,,,USD,540000.0
GBDC,0001476765,0001476765-26-000048,10-Q,2026-06-30,2026-08-03,"CAP-KSI Holdings, LLC | LP interest 2 | Non-Affiliated Issuer","CAP-KSI Holdings, LLC","CAP-KSI Holdings, LLC",LP Interest,,,,0.0,0.0,,645000.0,,,,,,False,,,USD,0.0
GBDC,0001476765,0001476765-26-000048,10-Q,2026-06-30,2026-08-03,"CG Group Holdings, LLC | LP interest 1 | Non-Affiliated Issuer","CG Group Holdings, LLC","CG Group Holdings, LLC",LP Interest,,,,801000.0,983000.0,,1000.0,81.49,,,,,False,,,USD,801000.0
GBDC,0001476765,0001476765-26-000048,10-Q,2026-06-30,2026-08-03,"CG Group Holdings, LLC | LP interest 2 | Non-Affiliated Issuer","CG Group Holdings, LLC","CG Group Holdings, LLC",LP Interest,,,,86000.0,86000.0,,0.0,100.0,,,,,False,,,USD,86000.0
GBDC,0001476765,0001476765-26-000048,10-Q,2026-06-30,2026-08-03,Go Car Wash Parent Corp. | Preferred stock | Non-Affiliated Issuer,Go Car Wash Parent Corp.,Go Car Wash Parent Corp.,Preferred Equity,,,,4133000.0,4233000.0,,0.0,97.64,,,,12.0,True,,,USD,4133000.0
GBDC,0001476765,0001476765-26-000048,10-Q,2026-06-30,2026-08-03,Go Car Wash Parent Corp. | LP interest | Non-Affiliated Issuer,Go Car Wash Parent Corp.,Go Car Wash Parent Corp.,LP Interest,,,,0.0,553000.0,,0.0,0.0,,,,,False,,,USD,0.0
GBDC,0001476765,0001476765-26-000048,10-Q,2026-06-30,2026-08-03,"MOP GM Holding, LLC | LP interest 1 | Non-Affiliated Issuer","MOP GM Holding, LLC","MOP GM Holding, LLC",LP Interest,,,,298000.0,499000.0,,0.0,59.72,,,,,False,,,USD,298000.0
GBDC,0001476765,0001476765-26-000048,10-Q,2026-06-30,2026-08-03,"MOP GM Holding, LLC | LP interest 2 | Non-Affiliated Issuer","MOP GM Holding, LLC","MOP GM Holding, LLC",LP Interest,,,,68000.0,51000.0,,0.0,133.33,,,,,False,,,USD,68000.0
GBDC,0001476765,0001476765-26-000048,10-Q,2026-06-30,2026-08-03,"MOP GM Holding, LLC | Preferred stock | Non-Affiliated Issuer","MOP GM Holding, LLC","MOP GM Holding, LLC",Preferred Equity,,,,9000.0,8000.0,,0.0,112.5,,,,,False,,,USD,9000.0
GBDC,0001476765,0001476765-26-000048,10-Q,2026-06-30,2026-08-03,"National Express Wash Parent Holdco, LLC | LP interest | Non-Affiliated Issuer","National Express Wash Parent Holdco, LLC","National Express Wash Parent Holdco, LLC",LP Interest,,,,219000.0,103000.0,,1000.0,212.62,,,,,False,,,USD,219000.0
GBDC,0001476765,0001476765-26-000048,10-Q,2026-06-30,2026-08-03,"POY Holdings, LLC | LLC interest 1 | Non-Affiliated Issuer","POY Holdings, LLC","POY Holdings, LLC",Common Equity,,,,363000.0,820000.0,,446000.0,44.27,,,,,False,,,USD,363000.0
GBDC,0001476765,0001476765-26-000048,10-Q,2026-06-30,2026-08-03,"POY Holdings, LLC | LLC interest 2 | Non-Affiliated Issuer","POY Holdings, LLC","POY Holdings, LLC",Common Equity,,,,27000.0,21000.0,,21000.0,128.57,,,,,False,,,USD,27000.0
GBDC,0001476765,0001476765-26-000048,10-Q,2026-06-30,2026-08-03,"Quick Quack Car Wash Holdings, LLC | LP interest | Non-Affiliated Issuer","Quick Quack Car Wash Holdings, LLC","Quick Quack Car Wash Holdings, LLC",LP Interest,,,,1487000.0,1085000.0,,1085000.0,137.05,,,,,False,,,USD,1487000.0
GBDC,0001476765,0001476765-26-000048,10-Q,2026-06-30,2026-08-03,"Quick Quack Car Wash Holdings, LLC | LLC interest | Non-Affiliated Issuer","Quick Quack Car Wash Holdings, LLC","Quick Quack Car Wash Holdings, LLC",Common Equity,,,,294000.0,215000.0,,215000.0,136.74,,,,,False,,,USD,294000.0
GBDC,0001476765,0001476765-26-000048,10-Q,2026-06-30,2026-08-03,"Yorkshire Parent, Inc. | LP interest | Non-Affiliated Issuer","Yorkshire Parent, Inc.","Yorkshire Parent, Inc.",LP Interest,,,,566000.0,544000.0,,0.0,104.04,,,,,False,,,USD,566000.0
GBDC,0001476765,0001476765-26-000048,10-Q,2026-06-30,2026-08-03,"Cobepa BlueSky Aggregator, SCSp | LP interest 1 | Non-Affiliated Issuer","Cobepa BlueSky Aggregator, SCSp","Cobepa BlueSky Aggregator, SCSp",LP Interest,,,,46000.0,40000.0,,4000.0,115.0,,,,,False,,,USD,46000.0
GBDC,0001476765,0001476765-26-000048,10-Q,2026-06-30,2026-08-03,"Cobepa BlueSky Aggregator, SCSp | Preferred stock | Non-Affiliated Issuer","Cobepa BlueSky Aggregator, SCSp","Cobepa BlueSky Aggregator, SCSp",Preferred Equity,,,,35000.0,61000.0,,5000.0,57.38,,,,15.0,True,,,USD,35000.0
GBDC,0001476765,0001476765-26-000048,10-Q,2026-06-30,2026-08-03,"Cobepa BlueSky Aggregator, SCSp | LP interest 2 | Non-Affiliated Issuer","Cobepa BlueSky Aggregator, SCSp","Cobepa BlueSky Aggregator, SCSp",LP Interest,,,,20000.0,1899000.0,,219000.0,1.05,,,,,False,,,USD,20000.0
GBDC,0001476765,0001476765-26-000048,10-Q,2026-06-30,2026-08-03,"BECO Holding Company, Inc. | Preferred stock | Non-Affiliated Issuer","BECO Holding Company, Inc.","BECO Holding Company, Inc.",Preferred Equity,,,,21966000.0,22183000.0,,132000.0,99.02,,,,11.75,True,,,USD,21966000.0
GBDC,0001476765,0001476765-26-000048,10-Q,2026-06-30,2026-08-03,"BECO Holding Company, Inc. | LP interest | Non-Affiliated Issuer","BECO Holding Company, Inc.","BECO Holding Company, Inc.",LP Interest,,,,948000.0,1218000.0,,10000.0,77.83,,,,,False,,,USD,948000.0
GBDC,0001476765,0001476765-26-000048,10-Q,2026-06-30,2026-08-03,"Inhance Parent, Inc. | LP interest 1 | Non-Affiliated Issuer","Inhance Parent, Inc.","Inhance Parent, Inc.",LP Interest,,,,0.0,124000.0,,0.0,0.0,,,,,False,,,USD,0.0
GBDC,0001476765,0001476765-26-000048,10-Q,2026-06-30,2026-08-03,"Inhance Parent, Inc. | LP interest 3 | Non-Affiliated Issuer","Inhance Parent, Inc.","Inhance Parent, Inc.",LP Interest,,,,0.0,7283000.0,,12000.0,0.0,,,,,False,,,USD,0.0
GBDC,0001476765,0001476765-26-000048,10-Q,2026-06-30,2026-08-03,"Inhance Parent, Inc. | LP interest 2 | Non-Affiliated Issuer","Inhance Parent, Inc.","Inhance Parent, Inc.",LP Interest,,,,362000.0,0.0,,12000.0,,,,,,False,,,USD,362000.0
GBDC,0001476765,0001476765-26-000048,10-Q,2026-06-30,2026-08-03,"CHA Vision Holdings, Inc. | LP interest | Non-Affiliated Issuer","CHA Vision Holdings, Inc.","CHA Vision Holdings, Inc.",LP Interest,,,,445000.0,461000.0,,0.0,96.53,,,,,False,,,USD,445000.0
GBDC,0001476765,0001476765-26-000048,10-Q,2026-06-30,2026-08-03,"CI (Quercus) Intermediate Holdings, LLC | LP interest | Non-Affiliated Issuer","CI (Quercus) Intermediate Holdings, LLC","CI (Quercus) Intermediate Holdings, LLC",LP Interest,,,,1073000.0,836000.0,,773000.0,128.35,,,,,False,,,USD,1073000.0
GBDC,0001476765,0001476765-26-000048,10-Q,2026-06-30,2026-08-03,"PT Intermediate Holdings III, LLC | LLC interest | Non-Affiliated Issuer","PT Intermediate Holdings III, LLC","PT Intermediate Holdings III, LLC",Common Equity,,,,2247000.0,1787000.0,,16000.0,125.74,,,,,False,,,USD,2247000.0
GBDC,0001476765,0001476765-26-000048,10-Q,2026-06-30,2026-08-03,"Radwell Parent, LLC | LP interest | Non-Affiliated Issuer","Radwell Parent, LLC","Radwell Parent, LLC",LP Interest,,,,502000.0,477000.0,,4000.0,105.24,,,,,False,,,USD,502000.0
GBDC,0001476765,0001476765-26-000048,10-Q,2026-06-30,2026-08-03,Chase Intermediate | LP interest | Non-Affiliated Issuer,Chase Intermediate,Chase Intermediate,LP Interest,,,,276000.0,209000.0,,217000.0,132.06,,,,,False,,,USD,276000.0
GBDC,0001476765,0001476765-26-000048,10-Q,2026-06-30,2026-08-03,"Packaging Coordinators Midco, Inc. | LP interest | Non-Affiliated Issuer","Packaging Coordinators Midco, Inc.","Packaging Coordinators Midco, Inc.",LP Interest,,,,389000.0,450000.0,,45000.0,86.44,,,,,False,,,USD,389000.0
GBDC,0001476765,0001476765-26-000048,10-Q,2026-06-30,2026-08-03,"Action Termite Control, LLC | Common stock | Non-Affiliated Issuer","Action Termite Control, LLC","Action Termite Control, LLC",Common Equity,,,,19000.0,5000.0,,1000.0,380.0,,,,,False,,,USD,19000.0
GBDC,0001476765,0001476765-26-000048,10-Q,2026-06-30,2026-08-03,"Action Termite Control, LLC | Preferred stock | Non-Affiliated Issuer","Action Termite Control, LLC","Action Termite Control, LLC",Preferred Equity,,,,100000.0,95000.0,,0.0,105.26,,,,,False,,,USD,100000.0
GBDC,0001476765,0001476765-26-000048,10-Q,2026-06-30,2026-08-03,"CHHJ Midco, LLC | LLC interest | Non-Affiliated Issuer","CHHJ Midco, LLC","CHHJ Midco, LLC",Common Equity,,,,455000.0,311000.0,,27000.0,146.3,,,,,False,,,USD,455000.0
GBDC,0001476765,0001476765-26-000048,10-Q,2026-06-30,2026-08-03,"CHVAC Services Investment, LLC | LLC interest | Non-Affiliated Issuer","CHVAC Services Investment, LLC","CHVAC Services Investment, LLC",Common Equity,,,,241000.0,267000.0,,105000.0,90.26,,,,,False,,,USD,241000.0
GBDC,0001476765,0001476765-26-000048,10-Q,2026-06-30,2026-08-03,"DP Flores Holdings, LLC | LLC interest | Non-Affiliated Issuer","DP Flores Holdings, LLC","DP Flores Holdings, LLC",Common Equity,,,,169000.0,98000.0,,106000.0,172.45,,,,,False,,,USD,169000.0
GBDC,0001476765,0001476765-26-000048,10-Q,2026-06-30,2026-08-03,"EMS LINQ, LLC | LP interest | Non-Affiliated Issuer","EMS LINQ, LLC","EMS LINQ, LLC",LP Interest,,,,160000.0,758000.0,,761000.0,21.11,,,,,False,,,USD,160000.0
GBDC,0001476765,0001476765-26-000048,10-Q,2026-06-30,2026-08-03,EWC Growth Partners LLC | LLC interest | Non-Affiliated Issuer,EWC Growth Partners LLC,EWC Growth Partners LLC,Common Equity,,,,0.0,12000.0,,0.0,0.0,,,,,False,,,USD,0.0
GBDC,0001476765,0001476765-26-000048,10-Q,2026-06-30,2026-08-03,"FPG Intermediate Holdco, LLC | LLC interest | Non-Affiliated Issuer","FPG Intermediate Holdco, LLC","FPG Intermediate Holdco, LLC",Common Equity,,,,2774000.0,6655000.0,,18000.0,41.68,,,,,False,,,USD,2774000.0
GBDC,0001476765,0001476765-26-000048,10-Q,2026-06-30,2026-08-03,"HS Spa Holdings, Inc. | LP interest | Non-Affiliated Issuer","HS Spa Holdings, Inc.","HS Spa Holdings, Inc.",LP Interest,,,,503000.0,732000.0,,729000.0,68.72,,,,,False,,,USD,503000.0
GBDC,0001476765,0001476765-26-000048,10-Q,2026-06-30,2026-08-03,"Kodiak Buyer, LLC | Common stock | Non-Affiliated Issuer","Kodiak Buyer, LLC","Kodiak Buyer, LLC",Common Equity,,,,433000.0,373000.0,,4000.0,116.09,,,,,False,,,USD,433000.0
GBDC,0001476765,0001476765-26-000048,10-Q,2026-06-30,2026-08-03,"Liminex, Inc. | Common stock | Non-Affiliated Issuer","Liminex, Inc.","Liminex, Inc.",Common Equity,,,,237000.0,633000.0,,17000.0,37.44,,,,,False,,,USD,237000.0
GBDC,0001476765,0001476765-26-000048,10-Q,2026-06-30,2026-08-03,"NSG Buyer, Inc. | LP interest | Non-Affiliated Issuer","NSG Buyer, Inc.","NSG Buyer, Inc.",LP Interest,,,,4420000.0,2992000.0,,3000.0,147.73,,,,,False,,,USD,4420000.0
GBDC,0001476765,0001476765-26-000048,10-Q,2026-06-30,2026-08-03,"PADI Holdco, Inc. | LLC interest | Non-Affiliated Issuer","PADI Holdco, Inc.","PADI Holdco, Inc.",Common Equity,,,,1381000.0,945000.0,,1000.0,146.14,,,,,False,,,USD,1381000.0
GBDC,0001476765,0001476765-26-000048,10-Q,2026-06-30,2026-08-03,"Project Alpha Intermediate Holdings, Inc. | LP interest | Non-Affiliated Issuer","Project Alpha Intermediate Holdings, Inc.","Project Alpha Intermediate Holdings, Inc.",LP Interest,,,,1090000.0,1359000.0,,327000.0,80.21,,,,,False,,,USD,1090000.0
GBDC,0001476765,0001476765-26-000048,10-Q,2026-06-30,2026-08-03,"SCP CDH Buyer, Inc. | Common stock | Non-Affiliated Issuer","SCP CDH Buyer, Inc.","SCP CDH Buyer, Inc.",Common Equity,,,,20000.0,7000.0,,1000.0,285.71,,,,,False,,,USD,20000.0
GBDC,0001476765,0001476765-26-000048,10-Q,2026-06-30,2026-08-03,"SCP CDH Buyer, Inc. | Preferred stock | Non-Affiliated Issuer","SCP CDH Buyer, Inc.","SCP CDH Buyer, Inc.",Preferred Equity,,,,130000.0,124000.0,,0.0,104.84,,,,,False,,,USD,130000.0
GBDC,0001476765,0001476765-26-000048,10-Q,2026-06-30,2026-08-03,"Virginia Green Acquisition, LLC | LP interest | Non-Affiliated Issuer","Virginia Green Acquisition, LLC","Virginia Green Acquisition, LLC",LP Interest,,,,563000.0,407000.0,,397000.0,138.33,,,,,False,,,USD,563000.0
GBDC,0001476765,0001476765-26-000048,10-Q,2026-06-30,2026-08-03,"GMF Parent, Inc. | LP interest | Non-Affiliated Issuer","GMF Parent, Inc.","GMF Parent, Inc.",LP Interest,,,,88000.0,100000.0,,0.0,88.0,,,,,False,,,USD,88000.0
GBDC,0001476765,0001476765-26-000048,10-Q,2026-06-30,2026-08-03,"Hopdoddy Holdings, LLC | LLC interest 1 | Non-Affiliated Issuer","Hopdoddy Holdings, LLC","Hopdoddy Holdings, LLC",Common Equity,,,,271000.0,217000.0,,44000.0,124.88,,,,,False,,,USD,271000.0
GBDC,0001476765,0001476765-26-000048,10-Q,2026-06-30,2026-08-03,"Hopdoddy Holdings, LLC | LLC interest 2 | Non-Affiliated Issuer","Hopdoddy Holdings, LLC","Hopdoddy Holdings, LLC",Common Equity,,,,60000.0,61000.0,,20000.0,98.36,,,,,False,,,USD,60000.0
GBDC,0001476765,0001476765-26-000048,10-Q,2026-06-30,2026-08-03,"Mendocino Farms, LLC | Common stock | Non-Affiliated Issuer","Mendocino Farms, LLC","Mendocino Farms, LLC",Common Equity,,,,1913000.0,1041000.0,,227000.0,183.77,,,,,False,,,USD,1913000.0
GBDC,0001476765,0001476765-26-000048,10-Q,2026-06-30,2026-08-03,"PDI TA Holdings, Inc. | Preferred stock | Non-Affiliated Issuer","PDI TA Holdings, Inc.","PDI TA Holdings, Inc.",Preferred Equity,,,,6100000.0,4613000.0,,135000.0,132.23,,,,,False,,,USD,6100000.0
GBDC,0001476765,0001476765-26-000048,10-Q,2026-06-30,2026-08-03,"Ruby Slipper Cafe, LLC | LLC interest 1 | Non-Affiliated Issuer","Ruby Slipper Cafe, LLC","Ruby Slipper Cafe, LLC",Common Equity,,,,58000.0,47000.0,,3000.0,123.4,,,,,False,,,USD,58000.0
GBDC,0001476765,0001476765-26-000048,10-Q,2026-06-30,2026-08-03,"Ruby Slipper Cafe, LLC | LLC interest 2 | Non-Affiliated Issuer","Ruby Slipper Cafe, LLC","Ruby Slipper Cafe, LLC",Common Equity,,,,48000.0,423000.0,,38000.0,11.35,,,,,False,,,USD,48000.0
GBDC,0001476765,0001476765-26-000048,10-Q,2026-06-30,2026-08-03,"Ruby Slipper Cafe, LLC | LLC interest 3 | Non-Affiliated Issuer","Ruby Slipper Cafe, LLC","Ruby Slipper Cafe, LLC",Common Equity,,,,61000.0,28000.0,,2000.0,217.86,,,,,False,,,USD,61000.0
GBDC,0001476765,0001476765-26-000048,10-Q,2026-06-30,2026-08-03,"Borrower R365 Holdings, LLC | LP interest 1 | Non-Affiliated Issuer","Borrower R365 Holdings, LLC","Borrower R365 Holdings, LLC",LP Interest,,,,171000.0,195000.0,,107000.0,87.69,,,,,False,,,USD,171000.0
GBDC,0001476765,0001476765-26-000048,10-Q,2026-06-30,2026-08-03,"Borrower R365 Holdings, LLC | LP interest 2 | Non-Affiliated Issuer","Borrower R365 Holdings, LLC","Borrower R365 Holdings, LLC",LP Interest,,,,11000.0,14000.0,,6000.0,78.57,,,,,False,,,USD,11000.0
GBDC,0001476765,0001476765-26-000048,10-Q,2026-06-30,2026-08-03,"Borrower R365 Holdings, LLC | LP interest 3 | Non-Affiliated Issuer","Borrower R365 Holdings, LLC","Borrower R365 Holdings, LLC",LP Interest,,,,7000.0,9000.0,,4000.0,77.78,,,,,False,,,USD,7000.0
GBDC,0001476765,0001476765-26-000048,10-Q,2026-06-30,2026-08-03,"Borrower R365 Holdings, LLC | LP interest 4 | Non-Affiliated Issuer","Borrower R365 Holdings, LLC","Borrower R365 Holdings, LLC",LP Interest,,,,1000.0,3000.0,,1000.0,33.33,,,,,False,,,USD,1000.0
GBDC,0001476765,0001476765-26-000048,10-Q,2026-06-30,2026-08-03,"Borrower R365 Holdings, LLC | LP interest 5 | Non-Affiliated Issuer","Borrower R365 Holdings, LLC","Borrower R365 Holdings, LLC",LP Interest,,,,3000.0,4000.0,,2000.0,75.0,,,,,False,,,USD,3000.0
GBDC,0001476765,0001476765-26-000048,10-Q,2026-06-30,2026-08-03,"Borrower R365 Holdings, LLC | LP interest 6 | Non-Affiliated Issuer","Borrower R365 Holdings, LLC","Borrower R365 Holdings, LLC",LP Interest,,,,3000.0,3000.0,,1000.0,100.0,,,,,False,,,USD,3000.0
GBDC,0001476765,0001476765-26-000048,10-Q,2026-06-30,2026-08-03,"Borrower R365 Holdings, LLC | LP interest 7 | Non-Affiliated Issuer","Borrower R365 Holdings, LLC","Borrower R365 Holdings, LLC",LP Interest,,,,0.0,1000.0,,0.0,0.0,,,,,False,,,USD,0.0
GBDC,0001476765,0001476765-26-000048,10-Q,2026-06-30,2026-08-03,"Borrower R365 Holdings, LLC | LP interest 8 | Non-Affiliated Issuer","Borrower R365 Holdings, LLC","Borrower R365 Holdings, LLC",LP Interest,,,,64000.0,73000.0,,21000.0,87.67,,,,,False,,,USD,64000.0
GBDC,0001476765,0001476765-26-000048,10-Q,2026-06-30,2026-08-03,"Kodiak Cakes, LLC | LP interest | Non-Affiliated Issuer","Kodiak Cakes, LLC","Kodiak Cakes, LLC",LP Interest,,,,1981000.0,557000.0,,0.0,355.66,,,,,False,,,USD,1981000.0
GBDC,0001476765,0001476765-26-000048,10-Q,2026-06-30,2026-08-03,"Louisiana Fish Fry Products, Ltd. | Common stock | Non-Affiliated Issuer","Louisiana Fish Fry Products, Ltd.","Louisiana Fish Fry Products, Ltd.",Common Equity,,,,157000.0,599000.0,,0.0,26.21,,,,,False,,,USD,157000.0
GBDC,0001476765,0001476765-26-000048,10-Q,2026-06-30,2026-08-03,"Louisiana Fish Fry Products, Ltd. | Preferred stock | Non-Affiliated Issuer","Louisiana Fish Fry Products, Ltd.","Louisiana Fish Fry Products, Ltd.",Preferred Equity,,,,36000.0,24000.0,,0.0,150.0,,,,,False,,,USD,36000.0
GBDC,0001476765,0001476765-26-000048,10-Q,2026-06-30,2026-08-03,"P&P Food Safety Holdings, Inc. | Preferred stock | Non-Affiliated Issuer","P&P Food Safety Holdings, Inc.","P&P Food Safety Holdings, Inc.",Preferred Equity,,,,49000.0,31000.0,,0.0,158.06,,,,,False,,,USD,49000.0
GBDC,0001476765,0001476765-26-000048,10-Q,2026-06-30,2026-08-03,"P&P Food Safety Holdings, Inc. | Common stock | Non-Affiliated Issuer","P&P Food Safety Holdings, Inc.","P&P Food Safety Holdings, Inc.",Common Equity,,,,348000.0,434000.0,,5000.0,80.18,,,,,False,,,USD,348000.0
GBDC,0001476765,0001476765-26-000048,10-Q,2026-06-30,2026-08-03,"Purfoods, LLC | LLC interest | Non-Affiliated Issuer","Purfoods, LLC","Purfoods, LLC",Common Equity,,,,5812000.0,945000.0,,0.0,615.03,,,,,False,,,USD,5812000.0
GBDC,0001476765,0001476765-26-000048,10-Q,2026-06-30,2026-08-03,"Zullas, L.C. | Common stock | Non-Affiliated Issuer","Zullas, L.C.","Zullas, L.C.",Common Equity,,,,362000.0,372000.0,,0.0,97.31,,,,,False,,,USD,362000.0
GBDC,0001476765,0001476765-26-000048,10-Q,2026-06-30,2026-08-03,"Aspen Medical Products, LLC | LLC interest | Non-Affiliated Issuer","Aspen Medical Products, LLC","Aspen Medical Products, LLC",Common Equity,,,,90000.0,98000.0,,0.0,91.84,,,,,False,,,USD,90000.0
GBDC,0001476765,0001476765-26-000048,10-Q,2026-06-30,2026-08-03,"Blue River Pet Care, LLC | LLC interest | Non-Affiliated Issuer","Blue River Pet Care, LLC","Blue River Pet Care, LLC",Common Equity,,,,637000.0,734000.0,,0.0,86.78,,,,,False,,,USD,637000.0
GBDC,0001476765,0001476765-26-000048,10-Q,2026-06-30,2026-08-03,"CCSL Holdings, LLC | LP interest | Non-Affiliated Issuer","CCSL Holdings, LLC","CCSL Holdings, LLC",LP Interest,,,,834000.0,500000.0,,0.0,166.8,,,,,False,,,USD,834000.0
GBDC,0001476765,0001476765-26-000048,10-Q,2026-06-30,2026-08-03,"Centegix Intermediate II, LLC | LLC interest | Non-Affiliated Issuer","Centegix Intermediate II, LLC","Centegix Intermediate II, LLC",Common Equity,,,,692000.0,639000.0,,639000.0,108.29,,,,,False,,,USD,692000.0
GBDC,0001476765,0001476765-26-000048,10-Q,2026-06-30,2026-08-03,CMI Parent Inc. | LP interest 1 | Non-Affiliated Issuer,CMI Parent Inc.,CMI Parent Inc.,LP Interest,,,,1465000.0,0.0,,1000.0,,,,,,False,,,USD,1465000.0
GBDC,0001476765,0001476765-26-000048,10-Q,2026-06-30,2026-08-03,CMI Parent Inc. | LP interest 2 | Non-Affiliated Issuer,CMI Parent Inc.,CMI Parent Inc.,LP Interest,,,,25000.0,0.0,,14000.0,,,,,,False,,,USD,25000.0
GBDC,0001476765,0001476765-26-000048,10-Q,2026-06-30,2026-08-03,"Isto Group, Inc. | LP interest | Non-Affiliated Issuer","Isto Group, Inc.","Isto Group, Inc.",LP Interest,,,,408000.0,369000.0,,3000.0,110.57,,,,,False,,,USD,408000.0
GBDC,0001476765,0001476765-26-000048,10-Q,2026-06-30,2026-08-03,"JHC Investment Intermediate Holdings, LLC | LLC interest | Non-Affiliated Issuer","JHC Investment Intermediate Holdings, LLC","JHC Investment Intermediate Holdings, LLC",Common Equity,,,,1037000.0,0.0,,5293000.0,,,,,,False,,,USD,1037000.0
GBDC,0001476765,0001476765-26-000048,10-Q,2026-06-30,2026-08-03,"ZimVie, Inc. | LP interest | Non-Affiliated Issuer","ZimVie, Inc.","ZimVie, Inc.",LP Interest,,,,363000.0,362000.0,,4000.0,100.28,,,,,False,,,USD,363000.0
GBDC,0001476765,0001476765-26-000048,10-Q,2026-06-30,2026-08-03,"Active Day, Inc. | LLC interest | Non-Affiliated Issuer","Active Day, Inc.","Active Day, Inc.",Common Equity,,,,2492000.0,1099000.0,,2000.0,226.75,,,,,False,,,USD,2492000.0
GBDC,0001476765,0001476765-26-000048,10-Q,2026-06-30,2026-08-03,"Acuity Eyecare Holdings, LLC | LLC interest 1 | Non-Affiliated Issuer","Acuity Eyecare Holdings, LLC","Acuity Eyecare Holdings, LLC",Common Equity,,,,5646000.0,2235000.0,,1632000.0,252.62,,,,,False,,,USD,5646000.0
GBDC,0001476765,0001476765-26-000048,10-Q,2026-06-30,2026-08-03,"Acuity Eyecare Holdings, LLC | LLC interest 2 | Non-Affiliated Issuer","Acuity Eyecare Holdings, LLC","Acuity Eyecare Holdings, LLC",Common Equity,,,,3670000.0,1023000.0,,889000.0,358.75,,,,,False,,,USD,3670000.0
GBDC,0001476765,0001476765-26-000048,10-Q,2026-06-30,2026-08-03,"ADCS Clinics Intermediate Holdings, LLC | Preferred stock | Non-Affiliated Issuer","ADCS Clinics Intermediate Holdings, LLC","ADCS Clinics Intermediate Holdings, LLC",Preferred Equity,,,,984000.0,1120000.0,,2000.0,87.86,,,,,False,,,USD,984000.0
GBDC,0001476765,0001476765-26-000048,10-Q,2026-06-30,2026-08-03,"ADCS Clinics Intermediate Holdings, LLC | Common stock | Non-Affiliated Issuer","ADCS Clinics Intermediate Holdings, LLC","ADCS Clinics Intermediate Holdings, LLC",Common Equity,,,,0.0,6000.0,,0.0,0.0,,,,,False,,,USD,0.0
GBDC,0001476765,0001476765-26-000048,10-Q,2026-06-30,2026-08-03,"AVG Intermediate Holdings, LLC | LLC interest | Non-Affiliated Issuer","AVG Intermediate Holdings, LLC","AVG Intermediate Holdings, LLC",Common Equity,,,,190000.0,192000.0,,180000.0,98.96,,,,,False,,,USD,190000.0
GBDC,0001476765,0001476765-26-000048,10-Q,2026-06-30,2026-08-03,"CRH Healthcare Purchaser, Inc. | LP interest | Non-Affiliated Issuer","CRH Healthcare Purchaser, Inc.","CRH Healthcare Purchaser, Inc.",LP Interest,,,,1092000.0,456000.0,,531000.0,239.47,,,,,False,,,USD,1092000.0
GBDC,0001476765,0001476765-26-000048,10-Q,2026-06-30,2026-08-03,"Encorevet Group, LLC | LLC interest | Non-Affiliated Issuer","Encorevet Group, LLC","Encorevet Group, LLC",Common Equity,,,,64000.0,261000.0,,3000.0,24.52,,,,,False,,,USD,64000.0
GBDC,0001476765,0001476765-26-000048,10-Q,2026-06-30,2026-08-03,"ERC Topco Holdings, LLC | LLC interest | Non-Affiliated Issuer","ERC Topco Holdings, LLC","ERC Topco Holdings, LLC",Common Equity,,,,3324000.0,4841000.0,,3000.0,68.66,,,,,False,,,USD,3324000.0
GBDC,0001476765,0001476765-26-000048,10-Q,2026-06-30,2026-08-03,"HP TLE Buyer, Inc. | LP interest | Non-Affiliated Issuer","HP TLE Buyer, Inc.","HP TLE Buyer, Inc.",LP Interest,,,,522000.0,450000.0,,450000.0,116.0,,,,,False,,,USD,522000.0
GBDC,0001476765,0001476765-26-000048,10-Q,2026-06-30,2026-08-03,"Krueger-Gilbert Health Physics, LLC | LLC interest | Non-Affiliated Issuer","Krueger-Gilbert Health Physics, LLC","Krueger-Gilbert Health Physics, LLC",Common Equity,,,,1110000.0,324000.0,,239000.0,342.59,,,,,False,,,USD,1110000.0
GBDC,0001476765,0001476765-26-000048,10-Q,2026-06-30,2026-08-03,"MWD Management, LLC | LLC interest | Non-Affiliated Issuer","MWD Management, LLC","MWD Management, LLC",Common Equity,,,,561000.0,335000.0,,412000.0,167.46,,,,,False,,,USD,561000.0
GBDC,0001476765,0001476765-26-000048,10-Q,2026-06-30,2026-08-03,New Look Corporation | LP interest | Non-Affiliated Issuer,New Look Corporation,New Look Corporation,LP Interest,,,,453000.0,409000.0,,0.0,110.76,,,,,False,,,USD,453000.0
GBDC,0001476765,0001476765-26-000048,10-Q,2026-06-30,2026-08-03,"Pinnacle Treatment Centers, Inc. | LLC interest 1 | Non-Affiliated Issuer","Pinnacle Treatment Centers, Inc.","Pinnacle Treatment Centers, Inc.",Common Equity,,,,115000.0,528000.0,,0.0,21.78,,,,,False,,,USD,115000.0
GBDC,0001476765,0001476765-26-000048,10-Q,2026-06-30,2026-08-03,"Pinnacle Treatment Centers, Inc. | LLC interest 2 | Non-Affiliated Issuer","Pinnacle Treatment Centers, Inc.","Pinnacle Treatment Centers, Inc.",Common Equity,,,,0.0,74000.0,,4000.0,0.0,,,,,False,,,USD,0.0
GBDC,0001476765,0001476765-26-000048,10-Q,2026-06-30,2026-08-03,Pyramid Healthcare Acquisition Corp. | LLC interest | Non-Affiliated Issuer,Pyramid Healthcare Acquisition Corp.,Pyramid Healthcare Acquisition Corp.,Common Equity,,,,363000.0,310000.0,,257000.0,117.1,,,,,False,,,USD,363000.0
GBDC,0001476765,0001476765-26-000048,10-Q,2026-06-30,2026-08-03,"Radiology Partners, Inc. | Preferred stock | Non-Affiliated Issuer","Radiology Partners, Inc.","Radiology Partners, Inc.",Preferred Equity,,,,92000.0,68000.0,,11000.0,135.29,,,,,False,,,USD,92000.0
GBDC,0001476765,0001476765-26-000048,10-Q,2026-06-30,2026-08-03,"Radiology Partners, Inc. | LLC interest | Non-Affiliated Issuer","Radiology Partners, Inc.","Radiology Partners, Inc.",Common Equity,,,,363000.0,55000.0,,43000.0,660.0,,,,,False,,,USD,363000.0
GBDC,0001476765,0001476765-26-000048,10-Q,2026-06-30,2026-08-03,"Signature MD, Inc. | Common stock | Non-Affiliated Issuer","Signature MD, Inc.","Signature MD, Inc.",Common Equity,,,,109000.0,100000.0,,0.0,109.0,,,,,False,,,USD,109000.0
GBDC,0001476765,0001476765-26-000048,10-Q,2026-06-30,2026-08-03,"Southern Veterinary Partners, LLC | Preferred stock 1 | Non-Affiliated Issuer","Southern Veterinary Partners, LLC","Southern Veterinary Partners, LLC",Preferred Equity,,,,5714000.0,1795000.0,,5000.0,318.33,,,,10.0,True,,,USD,5714000.0
GBDC,0001476765,0001476765-26-000048,10-Q,2026-06-30,2026-08-03,"Southern Veterinary Partners, LLC | LLC interest 1 | Non-Affiliated Issuer","Southern Veterinary Partners, LLC","Southern Veterinary Partners, LLC",Common Equity,,,,777000.0,81000.0,,52000.0,959.26,,,,,False,,,USD,777000.0
GBDC,0001476765,0001476765-26-000048,10-Q,2026-06-30,2026-08-03,"Southern Veterinary Partners, LLC | Preferred stock 2 | Non-Affiliated Issuer","Southern Veterinary Partners, LLC","Southern Veterinary Partners, LLC",Preferred Equity,,,,56000.0,18000.0,,0.0,311.11,,,,10.0,True,,,USD,56000.0
GBDC,0001476765,0001476765-26-000048,10-Q,2026-06-30,2026-08-03,"Southern Veterinary Partners, LLC | LLC interest 2 | Non-Affiliated Issuer","Southern Veterinary Partners, LLC","Southern Veterinary Partners, LLC",Common Equity,,,,6000.0,0.0,,1000.0,,,,,,False,,,USD,6000.0
GBDC,0001476765,0001476765-26-000048,10-Q,2026-06-30,2026-08-03,"Southern Veterinary Partners, LLC | Preferred stock 3 | Non-Affiliated Issuer","Southern Veterinary Partners, LLC","Southern Veterinary Partners, LLC",Preferred Equity,,,,475000.0,299000.0,,0.0,158.86,,,,10.0,True,,,USD,475000.0
GBDC,0001476765,0001476765-26-000048,10-Q,2026-06-30,2026-08-03,"Southern Veterinary Partners, LLC | LLC interest 3 | Non-Affiliated Issuer","Southern Veterinary Partners, LLC","Southern Veterinary Partners, LLC",Common Equity,,,,52000.0,15000.0,,4000.0,346.67,,,,,False,,,USD,52000.0
GBDC,0001476765,0001476765-26-000048,10-Q,2026-06-30,2026-08-03,"Southern Veterinary Partners, LLC | Preferred stock 4 | Non-Affiliated Issuer","Southern Veterinary Partners, LLC","Southern Veterinary Partners, LLC",Preferred Equity,,,,5000.0,3000.0,,0.0,166.67,,,,10.0,True,,,USD,5000.0
GBDC,0001476765,0001476765-26-000048,10-Q,2026-06-30,2026-08-03,"Southern Veterinary Partners, LLC | LLC interest 4 | Non-Affiliated Issuer","Southern Veterinary Partners, LLC","Southern Veterinary Partners, LLC",Common Equity,,,,1000.0,0.0,,0.0,,,,,,False,,,USD,1000.0
GBDC,0001476765,0001476765-26-000048,10-Q,2026-06-30,2026-08-03,"Suveto Buyer, LLC | LP interest | Non-Affiliated Issuer","Suveto Buyer, LLC","Suveto Buyer, LLC",LP Interest,,,,617000.0,727000.0,,8000.0,84.87,,,,,False,,,USD,617000.0
GBDC,0001476765,0001476765-26-000048,10-Q,2026-06-30,2026-08-03,Amberfield Acquisition Co. | LLC interest | Non-Affiliated Issuer,Amberfield Acquisition Co.,Amberfield Acquisition Co.,Common Equity,,,,613000.0,449000.0,,446000.0,136.53,,,,,False,,,USD,613000.0
GBDC,0001476765,0001476765-26-000048,10-Q,2026-06-30,2026-08-03,"Connexin Software, Inc. | LLC interest 1 | Non-Affiliated Issuer","Connexin Software, Inc.","Connexin Software, Inc.",Common Equity,,,,271000.0,228000.0,,180000.0,118.86,,,,,False,,,USD,271000.0
GBDC,0001476765,0001476765-26-000048,10-Q,2026-06-30,2026-08-03,"Connexin Software, Inc. | LLC interest 2 | Non-Affiliated Issuer","Connexin Software, Inc.","Connexin Software, Inc.",Common Equity,,,,26000.0,16000.0,,12000.0,162.5,,,,,False,,,USD,26000.0
GBDC,0001476765,0001476765-26-000048,10-Q,2026-06-30,2026-08-03,"HSI Halo Acquisition, Inc. | Preferred stock | Non-Affiliated Issuer","HSI Halo Acquisition, Inc.","HSI Halo Acquisition, Inc.",Preferred Equity,,,,270000.0,148000.0,,0.0,182.43,,,,10.0,True,,,USD,270000.0
GBDC,0001476765,0001476765-26-000048,10-Q,2026-06-30,2026-08-03,"HSI Halo Acquisition, Inc. | LLC interest | Non-Affiliated Issuer","HSI Halo Acquisition, Inc.","HSI Halo Acquisition, Inc.",Common Equity,,,,207000.0,14000.0,,0.0,1478.57,,,,,False,,,USD,207000.0
GBDC,0001476765,0001476765-26-000048,10-Q,2026-06-30,2026-08-03,"Modernizing Medicine, Inc. | Preferred stock | Non-Affiliated Issuer","Modernizing Medicine, Inc.","Modernizing Medicine, Inc.",Preferred Equity,,,,5215000.0,5178000.0,,5000.0,100.71,,,,13.0,True,,,USD,5215000.0
GBDC,0001476765,0001476765-26-000048,10-Q,2026-06-30,2026-08-03,"Symplr Software, Inc. | Preferred stock 1 | Non-Affiliated Issuer","Symplr Software, Inc.","Symplr Software, Inc.",Preferred Equity,,,,17652000.0,22002000.0,,15000.0,80.23,,,,11.0,True,,,USD,17652000.0
GBDC,0001476765,0001476765-26-000048,10-Q,2026-06-30,2026-08-03,"Symplr Software, Inc. | Preferred stock 2 | Non-Affiliated Issuer","Symplr Software, Inc.","Symplr Software, Inc.",Preferred Equity,,,,6537000.0,6886000.0,,3000.0,94.93,,,,14.23,True,,,USD,6537000.0
GBDC,0001476765,0001476765-26-000048,10-Q,2026-06-30,2026-08-03,"Symplr Software, Inc. | Preferred stock 3 | Non-Affiliated Issuer","Symplr Software, Inc.","Symplr Software, Inc.",Preferred Equity,,,,2342000.0,2779000.0,,2000.0,84.27,,,,11.0,True,,,USD,2342000.0
GBDC,0001476765,0001476765-26-000048,10-Q,2026-06-30,2026-08-03,"Symplr Software, Inc. | Preferred stock 4 | Non-Affiliated Issuer","Symplr Software, Inc.","Symplr Software, Inc.",Preferred Equity,,,,1370000.0,1671000.0,,1000.0,81.99,,,,11.0,True,,,USD,1370000.0
GBDC,0001476765,0001476765-26-000048,10-Q,2026-06-30,2026-08-03,"Symplr Software, Inc. | LLC interest | Non-Affiliated Issuer","Symplr Software, Inc.","Symplr Software, Inc.",Common Equity,,,,35000.0,161000.0,,0.0,21.74,,,,,False,,,USD,35000.0
GBDC,0001476765,0001476765-26-000048,10-Q,2026-06-30,2026-08-03,"Symplr Software, Inc. | Common stock | Non-Affiliated Issuer","Symplr Software, Inc.","Symplr Software, Inc.",Common Equity,,,,182000.0,237000.0,,219000.0,76.79,,,,,False,,,USD,182000.0
GBDC,0001476765,0001476765-26-000048,10-Q,2026-06-30,2026-08-03,"Tebra Technologies, Inc. | Warrant 1 | Non-Affiliated Issuer","Tebra Technologies, Inc.","Tebra Technologies, Inc.",Warrant,,,,472000.0,871000.0,,169000.0,54.19,,,,,False,,,USD,472000.0
GBDC,0001476765,0001476765-26-000048,10-Q,2026-06-30,2026-08-03,"Tebra Technologies, Inc. | Warrant 2 | Non-Affiliated Issuer","Tebra Technologies, Inc.","Tebra Technologies, Inc.",Warrant,,,,0.0,162000.0,,53000.0,0.0,,,,,False,,,USD,0.0
GBDC,0001476765,0001476765-26-000048,10-Q,2026-06-30,2026-08-03,"Tebra Technologies, Inc. | Preferred stock | Non-Affiliated Issuer","Tebra Technologies, Inc.","Tebra Technologies, Inc.",Preferred Equity,,,,9000.0,8000.0,,1000.0,112.5,,,,,False,,,USD,9000.0
GBDC,0001476765,0001476765-26-000048,10-Q,2026-06-30,2026-08-03,"Veranex, Inc. | LP interest 1 | Non-Affiliated Issuer","Veranex, Inc.","Veranex, Inc.",LP Interest,,,,0.0,30000.0,,135000.0,0.0,,,,,False,,,USD,0.0
GBDC,0001476765,0001476765-26-000048,10-Q,2026-06-30,2026-08-03,"Cafe Rio Holding, Inc. | Common stock | Non-Affiliated Issuer","Cafe Rio Holding, Inc.","Cafe Rio Holding, Inc.",Common Equity,,,,224000.0,603000.0,,5000.0,37.15,,,,,False,,,USD,224000.0
GBDC,0001476765,0001476765-26-000048,10-Q,2026-06-30,2026-08-03,"Cafe Rio Holding, Inc. | Preferred stock | Non-Affiliated Issuer","Cafe Rio Holding, Inc.","Cafe Rio Holding, Inc.",Preferred Equity,,,,41000.0,41000.0,,0.0,100.0,,,,,False,,,USD,41000.0
GBDC,0001476765,0001476765-26-000048,10-Q,2026-06-30,2026-08-03,Harri US LLC | LLC interest 1 | Non-Affiliated Issuer,Harri US LLC,Harri US LLC,Common Equity,,,,705000.0,892000.0,,119000.0,79.04,,,,,False,,,USD,705000.0
GBDC,0001476765,0001476765-26-000048,10-Q,2026-06-30,2026-08-03,Harri US LLC | LLC interest 2 | Non-Affiliated Issuer,Harri US LLC,Harri US LLC,Common Equity,,,,548000.0,649000.0,,102000.0,84.44,,,,,False,,,USD,548000.0
GBDC,0001476765,0001476765-26-000048,10-Q,2026-06-30,2026-08-03,Harri US LLC | Warrant 1 | Non-Affiliated Issuer,Harri US LLC,Harri US LLC,Warrant,,,,182000.0,171000.0,,34000.0,106.43,,,,,False,,,USD,182000.0
GBDC,0001476765,0001476765-26-000048,10-Q,2026-06-30,2026-08-03,Harri US LLC | Preferred stock | Non-Affiliated Issuer,Harri US LLC,Harri US LLC,Preferred Equity,,,,1645000.0,1141000.0,,96000.0,144.17,,,,,False,,,USD,1645000.0
GBDC,0001476765,0001476765-26-000048,10-Q,2026-06-30,2026-08-03,Harri US LLC | Warrant 2 | Non-Affiliated Issuer,Harri US LLC,Harri US LLC,Warrant,,,,148000.0,69000.0,,9000.0,214.49,,,,,False,,,USD,148000.0
GBDC,0001476765,0001476765-26-000048,10-Q,2026-06-30,2026-08-03,Harri US LLC | Warrant 3 | Non-Affiliated Issuer,Harri US LLC,Harri US LLC,Warrant,,,,0.0,0.0,,10000.0,,,,,,False,,,USD,0.0
GBDC,0001476765,0001476765-26-000048,10-Q,2026-06-30,2026-08-03,Harri US LLC | Warrant 4 | Non-Affiliated Issuer,Harri US LLC,Harri US LLC,Warrant,,,,142000.0,107000.0,,9000.0,132.71,,,,,False,,,USD,142000.0
GBDC,0001476765,0001476765-26-000048,10-Q,2026-06-30,2026-08-03,"LMP TR Holdings, LLC | LLC interest | Non-Affiliated Issuer","LMP TR Holdings, LLC","LMP TR Holdings, LLC",Common Equity,,,,0.0,712000.0,,712000.0,0.0,,,,,False,,,USD,0.0
GBDC,0001476765,0001476765-26-000048,10-Q,2026-06-30,2026-08-03,"Patriot Acquireco, LLC | Common stock | Non-Affiliated Issuer","Patriot Acquireco, LLC","Patriot Acquireco, LLC",Common Equity,,,,464000.0,460000.0,,450000.0,100.87,,,,,False,,,USD,464000.0
GBDC,0001476765,0001476765-26-000048,10-Q,2026-06-30,2026-08-03,"PB Group Holdings, LLC | LP interest | Non-Affiliated Issuer","PB Group Holdings, LLC","PB Group Holdings, LLC",LP Interest,,,,723000.0,886000.0,,383000.0,81.6,,,,,False,,,USD,723000.0
GBDC,0001476765,0001476765-26-000048,10-Q,2026-06-30,2026-08-03,Rooster BidCo Limited | LP interest | Non-Affiliated Issuer,Rooster BidCo Limited,Rooster BidCo Limited,LP Interest,,,,2669000.0,1308000.0,,1258000.0,204.05,,,,,False,,,USD,2669000.0
GBDC,0001476765,0001476765-26-000048,10-Q,2026-06-30,2026-08-03,"Saguaro Buyer, LLC | Common stock | Non-Affiliated Issuer","Saguaro Buyer, LLC","Saguaro Buyer, LLC",Common Equity,,,,360000.0,250000.0,,0.0,144.0,,,,,False,,,USD,360000.0
GBDC,0001476765,0001476765-26-000048,10-Q,2026-06-30,2026-08-03,"SSRG Holdings, LLC | LLC interest | Non-Affiliated Issuer","SSRG Holdings, LLC","SSRG Holdings, LLC",Common Equity,,,,507000.0,439000.0,,46000.0,115.49,,,,,False,,,USD,507000.0
GBDC,0001476765,0001476765-26-000048,10-Q,2026-06-30,2026-08-03,Majesco | Preferred stock | Non-Affiliated Issuer,Majesco,Majesco,Preferred Equity,,,,288000.0,410000.0,,0.0,70.24,,,,9.0,True,,,USD,288000.0
GBDC,0001476765,0001476765-26-000048,10-Q,2026-06-30,2026-08-03,Majesco | LP interest | Non-Affiliated Issuer,Majesco,Majesco,LP Interest,,,,140000.0,94000.0,,97000.0,148.94,,,,,False,,,USD,140000.0
GBDC,0001476765,0001476765-26-000048,10-Q,2026-06-30,2026-08-03,Oakbridge Insurance Agency LLC | LP interest | Non-Affiliated Issuer,Oakbridge Insurance Agency LLC,Oakbridge Insurance Agency LLC,LP Interest,,,,552000.0,404000.0,,20000.0,136.63,,,,,False,,,USD,552000.0
GBDC,0001476765,0001476765-26-000048,10-Q,2026-06-30,2026-08-03,"Revalize, Inc. | Preferred stock 1 | Non-Affiliated Issuer","Revalize, Inc.","Revalize, Inc.",Preferred Equity,,,,22801000.0,26215000.0,,25000.0,86.98,,,,,False,,,USD,22801000.0
GBDC,0001476765,0001476765-26-000048,10-Q,2026-06-30,2026-08-03,"Revalize, Inc. | Preferred stock 2 | Non-Affiliated Issuer","Revalize, Inc.","Revalize, Inc.",Preferred Equity,,,,13686000.0,15735000.0,,15000.0,86.98,,,,,False,,,USD,13686000.0
GBDC,0001476765,0001476765-26-000048,10-Q,2026-06-30,2026-08-03,"Revalize, Inc. | Preferred stock 3 | Non-Affiliated Issuer","Revalize, Inc.","Revalize, Inc.",Preferred Equity,,,,8931000.0,11050000.0,,11000.0,80.82,,,,,False,,,USD,8931000.0
GBDC,0001476765,0001476765-26-000048,10-Q,2026-06-30,2026-08-03,"Revalize, Inc. | Preferred stock 4 | Non-Affiliated Issuer","Revalize, Inc.","Revalize, Inc.",Preferred Equity,,,,3398000.0,4285000.0,,4000.0,79.3,,,,,False,,,USD,3398000.0
GBDC,0001476765,0001476765-26-000048,10-Q,2026-06-30,2026-08-03,"Arctic Wolf Networks, Inc. | Preferred stock 1 | Non-Affiliated Issuer","Arctic Wolf Networks, Inc.","Arctic Wolf Networks, Inc.",Preferred Equity,,,,8890000.0,2398000.0,,804000.0,370.73,,,,,False,,,USD,8890000.0
GBDC,0001476765,0001476765-26-000048,10-Q,2026-06-30,2026-08-03,"Arctic Wolf Networks, Inc. | Preferred stock 2 | Non-Affiliated Issuer","Arctic Wolf Networks, Inc.","Arctic Wolf Networks, Inc.",Preferred Equity,,,,2333000.0,931000.0,,211000.0,250.59,,,,,False,,,USD,2333000.0
GBDC,0001476765,0001476765-26-000048,10-Q,2026-06-30,2026-08-03,"Arctic Wolf Networks, Inc. | Preferred stock 3 | Non-Affiliated Issuer","Arctic Wolf Networks, Inc.","Arctic Wolf Networks, Inc.",Preferred Equity,,,,579000.0,407000.0,,48000.0,142.26,,,,,False,,,USD,579000.0
GBDC,0001476765,0001476765-26-000048,10-Q,2026-06-30,2026-08-03,"Arctic Wolf Networks, Inc. | Warrant | Non-Affiliated Issuer","Arctic Wolf Networks, Inc.","Arctic Wolf Networks, Inc.",Warrant,,,,2860000.0,779000.0,,277000.0,367.14,,,,,False,,,USD,2860000.0
GBDC,0001476765,0001476765-26-000048,10-Q,2026-06-30,2026-08-03,"Critical Start, Inc. | Common stock | Non-Affiliated Issuer","Critical Start, Inc.","Critical Start, Inc.",Common Equity,,,,22000.0,379000.0,,343000.0,5.8,,,,,False,,,USD,22000.0
GBDC,0001476765,0001476765-26-000048,10-Q,2026-06-30,2026-08-03,"Kentik Technologies, Inc. | Preferred stock | Non-Affiliated Issuer","Kentik Technologies, Inc.","Kentik Technologies, Inc.",Preferred Equity,,,,2924000.0,2933000.0,,509000.0,99.69,,,,,False,,,USD,2924000.0
GBDC,0001476765,0001476765-26-000048,10-Q,2026-06-30,2026-08-03,"Kentik Technologies, Inc. | Warrant | Non-Affiliated Issuer","Kentik Technologies, Inc.","Kentik Technologies, Inc.",Warrant,,,,6000.0,5000.0,,1000.0,120.0,,,,,False,,,USD,6000.0
GBDC,0001476765,0001476765-26-000048,10-Q,2026-06-30,2026-08-03,Netwrix Corporation | LLC interest | Non-Affiliated Issuer,Netwrix Corporation,Netwrix Corporation,Common Equity,,,,9000.0,19000.0,,7000.0,47.37,,,,,False,,,USD,9000.0
GBDC,0001476765,0001476765-26-000048,10-Q,2026-06-30,2026-08-03,"Optimizely North America, Inc. | Common stock | Non-Affiliated Issuer","Optimizely North America, Inc.","Optimizely North America, Inc.",Common Equity,,,,782000.0,1016000.0,,92000.0,76.97,,,,,False,,,USD,782000.0
GBDC,0001476765,0001476765-26-000048,10-Q,2026-06-30,2026-08-03,"Saturn Borrower, Inc. | LP interest | Non-Affiliated Issuer","Saturn Borrower, Inc.","Saturn Borrower, Inc.",LP Interest,,,,549000.0,470000.0,,520000.0,116.81,,,,,False,,,USD,549000.0
GBDC,0001476765,0001476765-26-000048,10-Q,2026-06-30,2026-08-03,"Massage Envy, LLC | LLC interest | Non-Affiliated Issuer","Massage Envy, LLC","Massage Envy, LLC",Common Equity,,,,1849000.0,210000.0,,749000.0,880.48,,,,,False,,,USD,1849000.0
GBDC,0001476765,0001476765-26-000048,10-Q,2026-06-30,2026-08-03,"Movement Holdings, LLC | LLC interest | Non-Affiliated Issuer","Movement Holdings, LLC","Movement Holdings, LLC",Common Equity,,,,82000.0,152000.0,,0.0,53.95,,,,,False,,,USD,82000.0
GBDC,0001476765,0001476765-26-000048,10-Q,2026-06-30,2026-08-03,PAS Parent Inc. | LP interest 1 | Non-Affiliated Issuer,PAS Parent Inc.,PAS Parent Inc.,LP Interest,,,,2456000.0,1651000.0,,15000.0,148.76,,,,,False,,,USD,2456000.0
GBDC,0001476765,0001476765-26-000048,10-Q,2026-06-30,2026-08-03,PAS Parent Inc. | LP interest 2 | Non-Affiliated Issuer,PAS Parent Inc.,PAS Parent Inc.,LP Interest,,,,419000.0,267000.0,,2000.0,156.93,,,,,False,,,USD,419000.0
GBDC,0001476765,0001476765-26-000048,10-Q,2026-06-30,2026-08-03,W3 Co. | LLC interest | Non-Affiliated Issuer,W3 Co.,W3 Co.,Common Equity,,,,145000.0,1632000.0,,3000.0,8.88,,,,,False,,,USD,145000.0
GBDC,0001476765,0001476765-26-000048,10-Q,2026-06-30,2026-08-03,W3 Co. | Preferred stock | Non-Affiliated Issuer,W3 Co.,W3 Co.,Preferred Equity,,,,107000.0,224000.0,,0.0,47.77,,,,,False,,,USD,107000.0
GBDC,0001476765,0001476765-26-000048,10-Q,2026-06-30,2026-08-03,"Messenger, LLC | LLC interest 1 | Non-Affiliated Issuer","Messenger, LLC","Messenger, LLC",Common Equity,,,,989000.0,667000.0,,8000.0,148.28,,,,,False,,,USD,989000.0
GBDC,0001476765,0001476765-26-000048,10-Q,2026-06-30,2026-08-03,"Messenger, LLC | LLC interest 2 | Non-Affiliated Issuer","Messenger, LLC","Messenger, LLC",Common Equity,,,,0.0,0.0,,1000.0,,,,,,False,,,USD,0.0
GBDC,0001476765,0001476765-26-000048,10-Q,2026-06-30,2026-08-03,"Amalthea Parent, Inc. | LP interest | Non-Affiliated Issuer","Amalthea Parent, Inc.","Amalthea Parent, Inc.",LP Interest,,,,772000.0,605000.0,,701000.0,127.6,,,,,False,,,USD,772000.0
GBDC,0001476765,0001476765-26-000048,10-Q,2026-06-30,2026-08-03,"Cobalt Buyer Sub, Inc. | Preferred stock 1 | Non-Affiliated Issuer","Cobalt Buyer Sub, Inc.","Cobalt Buyer Sub, Inc.",Preferred Equity,,,,18483000.0,20522000.0,,11000.0,90.06,,,,13.75,True,,,USD,18483000.0
GBDC,0001476765,0001476765-26-000048,10-Q,2026-06-30,2026-08-03,"Cobalt Buyer Sub, Inc. | Preferred stock 2 | Non-Affiliated Issuer","Cobalt Buyer Sub, Inc.","Cobalt Buyer Sub, Inc.",Preferred Equity,,,,6000.0,246000.0,,0.0,2.44,,,,,False,,,USD,6000.0
GBDC,0001476765,0001476765-26-000048,10-Q,2026-06-30,2026-08-03,"Cobalt Buyer Sub, Inc. | LP interest | Non-Affiliated Issuer","Cobalt Buyer Sub, Inc.","Cobalt Buyer Sub, Inc.",LP Interest,,,,0.0,2000.0,,3000.0,0.0,,,,,False,,,USD,0.0
GBDC,0001476765,0001476765-26-000048,10-Q,2026-06-30,2026-08-03,"Creek Parent, Inc. | LP interest | Non-Affiliated Issuer","Creek Parent, Inc.","Creek Parent, Inc.",LP Interest,,,,3544000.0,3372000.0,,3372000.0,105.1,,,,,False,,,USD,3544000.0
GBDC,0001476765,0001476765-26-000048,10-Q,2026-06-30,2026-08-03,"Eclipse Buyer, Inc. | Preferred stock | Non-Affiliated Issuer","Eclipse Buyer, Inc.","Eclipse Buyer, Inc.",Preferred Equity,,,,1402000.0,1391000.0,,0.0,100.79,,,,12.5,True,,,USD,1402000.0
GBDC,0001476765,0001476765-26-000048,10-Q,2026-06-30,2026-08-03,"Enboarder, Inc. | Preferred stock | Non-Affiliated Issuer","Enboarder, Inc.","Enboarder, Inc.",Preferred Equity,,,,782000.0,859000.0,,83000.0,91.04,,,,,False,,,USD,782000.0
GBDC,0001476765,0001476765-26-000048,10-Q,2026-06-30,2026-08-03,"Filevine, Inc. | Preferred stock 1 | Non-Affiliated Issuer","Filevine, Inc.","Filevine, Inc.",Preferred Equity,,,,5912000.0,2867000.0,,362000.0,206.21,,,,,False,,,USD,5912000.0
GBDC,0001476765,0001476765-26-000048,10-Q,2026-06-30,2026-08-03,"Filevine, Inc. | Warrant | Non-Affiliated Issuer","Filevine, Inc.","Filevine, Inc.",Warrant,,,,819000.0,224000.0,,54000.0,365.62,,,,,False,,,USD,819000.0
GBDC,0001476765,0001476765-26-000048,10-Q,2026-06-30,2026-08-03,"Filevine, Inc. | Preferred stock 2 | Non-Affiliated Issuer","Filevine, Inc.","Filevine, Inc.",Preferred Equity,,,,347000.0,176000.0,,21000.0,197.16,,,,,False,,,USD,347000.0
GBDC,0001476765,0001476765-26-000048,10-Q,2026-06-30,2026-08-03,Net Health Acquisition Corp. | LP interest | Non-Affiliated Issuer,Net Health Acquisition Corp.,Net Health Acquisition Corp.,LP Interest,,,,2232000.0,1684000.0,,14000.0,132.54,,,,,False,,,USD,2232000.0
GBDC,0001476765,0001476765-26-000048,10-Q,2026-06-30,2026-08-03,"Procure Acquireco, Inc. | LP interest | Non-Affiliated Issuer","Procure Acquireco, Inc.","Procure Acquireco, Inc.",LP Interest,,,,1299000.0,901000.0,,0.0,144.17,,,,,False,,,USD,1299000.0
GBDC,0001476765,0001476765-26-000048,10-Q,2026-06-30,2026-08-03,Inhabit IQ Inc. | LLC interest | Non-Affiliated Issuer,Inhabit IQ Inc.,Inhabit IQ Inc.,Common Equity,,,,165000.0,528000.0,,2000.0,31.25,,,,,False,,,USD,165000.0
GBDC,0001476765,0001476765-26-000048,10-Q,2026-06-30,2026-08-03,"SC Landco Parent, LLC | Common stock | Non-Affiliated Issuer","SC Landco Parent, LLC","SC Landco Parent, LLC",Common Equity,,,,265000.0,274000.0,,2000.0,96.72,,,,,False,,,USD,265000.0
GBDC,0001476765,0001476765-26-000048,10-Q,2026-06-30,2026-08-03,"Anaplan, Inc. | LP interest | Non-Affiliated Issuer","Anaplan, Inc.","Anaplan, Inc.",LP Interest,,,,1532000.0,1254000.0,,962000.0,122.17,,,,,False,,,USD,1532000.0
GBDC,0001476765,0001476765-26-000048,10-Q,2026-06-30,2026-08-03,Aras Corporation | Preferred stock | Non-Affiliated Issuer,Aras Corporation,Aras Corporation,Preferred Equity,,,,2597000.0,2440000.0,,1000.0,106.43,,,,12.0,True,,,USD,2597000.0
GBDC,0001476765,0001476765-26-000048,10-Q,2026-06-30,2026-08-03,Aras Corporation | LP interest | Non-Affiliated Issuer,Aras Corporation,Aras Corporation,LP Interest,,,,522000.0,446000.0,,427000.0,117.04,,,,,False,,,USD,522000.0
GBDC,0001476765,0001476765-26-000048,10-Q,2026-06-30,2026-08-03,"Astute Holdings, Inc. | LP interest | Non-Affiliated Issuer","Astute Holdings, Inc.","Astute Holdings, Inc.",LP Interest,,,,0.0,520000.0,,0.0,0.0,,,,,False,,,USD,0.0
GBDC,0001476765,0001476765-26-000048,10-Q,2026-06-30,2026-08-03,Auvik Networks Inc. | Preferred stock 1 | Non-Affiliated Issuer,Auvik Networks Inc.,Auvik Networks Inc.,Preferred Equity,,,,578000.0,405000.0,,37000.0,142.72,,,,,False,,,USD,578000.0
GBDC,0001476765,0001476765-26-000048,10-Q,2026-06-30,2026-08-03,Auvik Networks Inc. | Preferred stock 2 | Non-Affiliated Issuer,Auvik Networks Inc.,Auvik Networks Inc.,Preferred Equity,,,,72000.0,46000.0,,4000.0,156.52,,,,,False,,,USD,72000.0
GBDC,0001476765,0001476765-26-000048,10-Q,2026-06-30,2026-08-03,"Bayshore Intermediate #2, L.P. | LP interest | Non-Affiliated Issuer","Bayshore Intermediate #2, L.P.","Bayshore Intermediate #2, L.P.",LP Interest,,,,6151000.0,5890000.0,,5841000.0,104.43,,,,,False,,,USD,6151000.0
GBDC,0001476765,0001476765-26-000048,10-Q,2026-06-30,2026-08-03,"Bridge Growth Partners Seasmoke, LP | LP interest | Non-Affiliated Issuer","Bridge Growth Partners Seasmoke, LP","Bridge Growth Partners Seasmoke, LP",LP Interest,,,,92000.0,93000.0,,1000.0,98.92,,,,,False,,,USD,92000.0
GBDC,0001476765,0001476765-26-000048,10-Q,2026-06-30,2026-08-03,"Calabrio, Inc. | LP interest 1 | Non-Affiliated Issuer","Calabrio, Inc.","Calabrio, Inc.",LP Interest,,,,794000.0,1158000.0,,1000.0,68.57,,,,,False,,,USD,794000.0
GBDC,0001476765,0001476765-26-000048,10-Q,2026-06-30,2026-08-03,"Calabrio, Inc. | LP interest 2 | Non-Affiliated Issuer","Calabrio, Inc.","Calabrio, Inc.",LP Interest,,,,0.0,0.0,,134000.0,,,,,,False,,,USD,0.0
GBDC,0001476765,0001476765-26-000048,10-Q,2026-06-30,2026-08-03,"Claroty, Ltd. | Preferred stock | Non-Affiliated Issuer","Claroty, Ltd.","Claroty, Ltd.",Preferred Equity,,,,104000.0,100000.0,,1000.0,104.0,,,,,False,,,USD,104000.0
GBDC,0001476765,0001476765-26-000048,10-Q,2026-06-30,2026-08-03,"Clearwater Analytics Holdings, Inc. | LP interest | Non-Affiliated Issuer","Clearwater Analytics Holdings, Inc.","Clearwater Analytics Holdings, Inc.",LP Interest,,,,115000.0,115000.0,,115000.0,100.0,,,,,False,,,USD,115000.0
GBDC,0001476765,0001476765-26-000048,10-Q,2026-06-30,2026-08-03,"Cloudbees, Inc. | Preferred stock 1 | Non-Affiliated Issuer","Cloudbees, Inc.","Cloudbees, Inc.",Preferred Equity,,,,2833000.0,2007000.0,,179000.0,141.16,,,,,False,,,USD,2833000.0
GBDC,0001476765,0001476765-26-000048,10-Q,2026-06-30,2026-08-03,"Cloudbees, Inc. | Warrant | Non-Affiliated Issuer","Cloudbees, Inc.","Cloudbees, Inc.",Warrant,,,,715000.0,445000.0,,158000.0,160.67,,,,,False,,,USD,715000.0
GBDC,0001476765,0001476765-26-000048,10-Q,2026-06-30,2026-08-03,"Cloudbees, Inc. | Preferred stock 2 | Non-Affiliated Issuer","Cloudbees, Inc.","Cloudbees, Inc.",Preferred Equity,,,,808000.0,602000.0,,86000.0,134.22,,,,,False,,,USD,808000.0
GBDC,0001476765,0001476765-26-000048,10-Q,2026-06-30,2026-08-03,Cynet Security Ltd. | Preferred stock | Non-Affiliated Issuer,Cynet Security Ltd.,Cynet Security Ltd.,Preferred Equity,,,,860000.0,855000.0,,220000.0,100.58,,,,,False,,,USD,860000.0
GBDC,0001476765,0001476765-26-000048,10-Q,2026-06-30,2026-08-03,Denali Bidco Limited | LP interest | Non-Affiliated Issuer,Denali Bidco Limited,Denali Bidco Limited,LP Interest,,,,917000.0,341000.0,,431000.0,268.91,,,,,False,,,USD,917000.0
GBDC,0001476765,0001476765-26-000048,10-Q,2026-06-30,2026-08-03,Diligent Corporation | Preferred stock 1 | Non-Affiliated Issuer,Diligent Corporation,Diligent Corporation,Preferred Equity,,,,38573000.0,37012000.0,,24000.0,104.22,,,,10.5,True,,,USD,38573000.0
GBDC,0001476765,0001476765-26-000048,10-Q,2026-06-30,2026-08-03,Diligent Corporation | Preferred stock 2 | Non-Affiliated Issuer,Diligent Corporation,Diligent Corporation,Preferred Equity,,,,580000.0,912000.0,,415000.0,63.6,,,,,False,,,USD,580000.0
GBDC,0001476765,0001476765-26-000048,10-Q,2026-06-30,2026-08-03,"Energy Worldnet, LLC | LLC interest | Non-Affiliated Issuer","Energy Worldnet, LLC","Energy Worldnet, LLC",Common Equity,,,,55000.0,51000.0,,50000.0,107.84,,,,,False,,,USD,55000.0
GBDC,0001476765,0001476765-26-000048,10-Q,2026-06-30,2026-08-03,"FirstUp, Inc. | LP interest 1 | Non-Affiliated Issuer","FirstUp, Inc.","FirstUp, Inc.",LP Interest,,,,127000.0,661000.0,,305000.0,19.21,,,,,False,,,USD,127000.0
GBDC,0001476765,0001476765-26-000048,10-Q,2026-06-30,2026-08-03,"FirstUp, Inc. | LP interest 2 | Non-Affiliated Issuer","FirstUp, Inc.","FirstUp, Inc.",LP Interest,,,,33000.0,27000.0,,14000.0,122.22,,,,,False,,,USD,33000.0
GBDC,0001476765,0001476765-26-000048,10-Q,2026-06-30,2026-08-03,"GS Acquisitionco, Inc. | Preferred stock 1 | Non-Affiliated Issuer","GS Acquisitionco, Inc.","GS Acquisitionco, Inc.",Preferred Equity,,,,45719000.0,53678000.0,,35000.0,85.17,,,,11.0,True,,,USD,45719000.0
GBDC,0001476765,0001476765-26-000048,10-Q,2026-06-30,2026-08-03,"GS Acquisitionco, Inc. | Preferred stock 2 | Non-Affiliated Issuer","GS Acquisitionco, Inc.","GS Acquisitionco, Inc.",Preferred Equity,,,,5681000.0,6830000.0,,5000.0,83.18,,,,11.0,True,,,USD,5681000.0
GBDC,0001476765,0001476765-26-000048,10-Q,2026-06-30,2026-08-03,"GS Acquisitionco, Inc. | LP interest | Non-Affiliated Issuer","GS Acquisitionco, Inc.","GS Acquisitionco, Inc.",LP Interest,,,,0.0,363000.0,,1000.0,0.0,,,,,False,,,USD,0.0
GBDC,0001476765,0001476765-26-000048,10-Q,2026-06-30,2026-08-03,"GS Acquisitionco, Inc. | Preferred stock 3 | Non-Affiliated Issuer","GS Acquisitionco, Inc.","GS Acquisitionco, Inc.",Preferred Equity,,,,124000.0,149000.0,,0.0,83.22,10.5,,,14.23,True,,,USD,124000.0
GBDC,0001476765,0001476765-26-000048,10-Q,2026-06-30,2026-08-03,"GTY Technology Holdings, Inc. | LP interest | Non-Affiliated Issuer","GTY Technology Holdings, Inc.","GTY Technology Holdings, Inc.",LP Interest,,,,132000.0,83000.0,,73000.0,159.04,,,,,False,,,USD,132000.0
GBDC,0001476765,0001476765-26-000048,10-Q,2026-06-30,2026-08-03,"Gurobi Optimization, LLC | Common stock | Non-Affiliated Issuer","Gurobi Optimization, LLC","Gurobi Optimization, LLC",Common Equity,,,,663000.0,709000.0,,0.0,93.51,,,,,False,,,USD,663000.0
GBDC,0001476765,0001476765-26-000048,10-Q,2026-06-30,2026-08-03,"Impartner, Inc. | Preferred stock | Non-Affiliated Issuer","Impartner, Inc.","Impartner, Inc.",Preferred Equity,,,,231000.0,307000.0,,39000.0,75.24,,,,,False,,,USD,231000.0
GBDC,0001476765,0001476765-26-000048,10-Q,2026-06-30,2026-08-03,"Insight Borrower, LLC | Preferred stock | Non-Affiliated Issuer","Insight Borrower, LLC","Insight Borrower, LLC",Preferred Equity,,,,3178000.0,2748000.0,,0.0,115.65,,,,,False,,,USD,3178000.0
GBDC,0001476765,0001476765-26-000048,10-Q,2026-06-30,2026-08-03,"Insight Borrower, LLC | Common stock | Non-Affiliated Issuer","Insight Borrower, LLC","Insight Borrower, LLC",Common Equity,,,,193000.0,184000.0,,0.0,104.89,,,,,False,,,USD,193000.0
GBDC,0001476765,0001476765-26-000048,10-Q,2026-06-30,2026-08-03,Kaseya Inc. | Preferred stock | Non-Affiliated Issuer,Kaseya Inc.,Kaseya Inc.,Preferred Equity,,,,2836000.0,3970000.0,,2000.0,71.44,10.75,,,14.6,True,,,USD,2836000.0
GBDC,0001476765,0001476765-26-000048,10-Q,2026-06-30,2026-08-03,Kaseya Inc. | LP interest | Non-Affiliated Issuer,Kaseya Inc.,Kaseya Inc.,LP Interest,,,,145000.0,253000.0,,250000.0,57.31,,,,,False,,,USD,145000.0
GBDC,0001476765,0001476765-26-000048,10-Q,2026-06-30,2026-08-03,"LogicMonitor, Inc. | LP interest | Non-Affiliated Issuer","LogicMonitor, Inc.","LogicMonitor, Inc.",LP Interest,,,,275000.0,250000.0,,250000.0,110.0,,,,,False,,,USD,275000.0
GBDC,0001476765,0001476765-26-000048,10-Q,2026-06-30,2026-08-03,"Menlo Ridgeview Co-Invest, LLC | LLC interest | Non-Affiliated Issuer","Menlo Ridgeview Co-Invest, LLC","Menlo Ridgeview Co-Invest, LLC",Common Equity,,,,982000.0,962000.0,,931000.0,102.08,,,,,False,,,USD,982000.0
GBDC,0001476765,0001476765-26-000048,10-Q,2026-06-30,2026-08-03,"Ministry Brands Holdings, LLC | LP interest | Non-Affiliated Issuer","Ministry Brands Holdings, LLC","Ministry Brands Holdings, LLC",LP Interest,,,,578000.0,774000.0,,799000.0,74.68,,,,,False,,,USD,578000.0
GBDC,0001476765,0001476765-26-000048,10-Q,2026-06-30,2026-08-03,"MS Buyer, Inc. | LLC interest | Non-Affiliated Issuer","MS Buyer, Inc.","MS Buyer, Inc.",Common Equity,,,,581000.0,434000.0,,879000.0,133.87,,,,,False,,,USD,581000.0
GBDC,0001476765,0001476765-26-000048,10-Q,2026-06-30,2026-08-03,"MS Buyer, Inc. | LP interest | Non-Affiliated Issuer","MS Buyer, Inc.","MS Buyer, Inc.",LP Interest,,,,171000.0,258000.0,,258000.0,66.28,,,,,False,,,USD,171000.0
GBDC,0001476765,0001476765-26-000048,10-Q,2026-06-30,2026-08-03,Navex Global Holdings Corporation | LP interest | Non-Affiliated Issuer,Navex Global Holdings Corporation,Navex Global Holdings Corporation,LP Interest,,,,383000.0,450000.0,,0.0,85.11,,,,,False,,,USD,383000.0
GBDC,0001476765,0001476765-26-000048,10-Q,2026-06-30,2026-08-03,"Onapsis, Inc. | Warrant | Non-Affiliated Issuer","Onapsis, Inc.","Onapsis, Inc.",Warrant,,,,11000.0,17000.0,,6000.0,64.71,,,,,False,,,USD,11000.0
GBDC,0001476765,0001476765-26-000048,10-Q,2026-06-30,2026-08-03,"Onit, Inc. | Common stock | Non-Affiliated Issuer","Onit, Inc.","Onit, Inc.",Common Equity,,,,14000.0,14000.0,,0.0,100.0,,,,,False,,,USD,14000.0
GBDC,0001476765,0001476765-26-000048,10-Q,2026-06-30,2026-08-03,"Panzura, LLC | LLC interest | Non-Affiliated Issuer","Panzura, LLC","Panzura, LLC",Common Equity,,,,0.0,6000.0,,2000.0,0.0,,,,,False,,,USD,0.0
GBDC,0001476765,0001476765-26-000048,10-Q,2026-06-30,2026-08-03,"Pluralsight, LLC | LLC interest | Non-Affiliated Issuer","Pluralsight, LLC","Pluralsight, LLC",Common Equity,,,,0.0,3663000.0,,1988000.0,0.0,,,,,False,,,USD,0.0
GBDC,0001476765,0001476765-26-000048,10-Q,2026-06-30,2026-08-03,"QAD, Inc. | Preferred stock | Non-Affiliated Issuer","QAD, Inc.","QAD, Inc.",Preferred Equity,,,,971000.0,1186000.0,,1000.0,81.87,,,,,False,,,USD,971000.0
GBDC,0001476765,0001476765-26-000048,10-Q,2026-06-30,2026-08-03,"QAD, Inc. | Common stock | Non-Affiliated Issuer","QAD, Inc.","QAD, Inc.",Common Equity,,,,92000.0,134000.0,,68000.0,68.66,,,,,False,,,USD,92000.0
GBDC,0001476765,0001476765-26-000048,10-Q,2026-06-30,2026-08-03,"RegEd Aquireco, LLC | LP interest 1 | Non-Affiliated Issuer","RegEd Aquireco, LLC","RegEd Aquireco, LLC",LP Interest,,,,135000.0,358000.0,,0.0,37.71,,,,,False,,,USD,135000.0
GBDC,0001476765,0001476765-26-000048,10-Q,2026-06-30,2026-08-03,"RegEd Aquireco, LLC | LP interest 2 | Non-Affiliated Issuer","RegEd Aquireco, LLC","RegEd Aquireco, LLC",LP Interest,,,,35000.0,29000.0,,0.0,120.69,,,,,False,,,USD,35000.0
GBDC,0001476765,0001476765-26-000048,10-Q,2026-06-30,2026-08-03,"RegEd Aquireco, LLC | LP interest 3 | Non-Affiliated Issuer","RegEd Aquireco, LLC","RegEd Aquireco, LLC",LP Interest,,,,0.0,21000.0,,4000.0,0.0,,,,,False,,,USD,0.0
GBDC,0001476765,0001476765-26-000048,10-Q,2026-06-30,2026-08-03,"Riskonnect Parent, LLC | Preferred stock 1 | Non-Affiliated Issuer","Riskonnect Parent, LLC","Riskonnect Parent, LLC",Preferred Equity,,,,39407000.0,39693000.0,,26000.0,99.28,,,,11.0,True,,,USD,39407000.0
GBDC,0001476765,0001476765-26-000048,10-Q,2026-06-30,2026-08-03,"Riskonnect Parent, LLC | LP interest | Non-Affiliated Issuer","Riskonnect Parent, LLC","Riskonnect Parent, LLC",LP Interest,,,,912000.0,1417000.0,,1382000.0,64.36,,,,,False,,,USD,912000.0
GBDC,0001476765,0001476765-26-000048,10-Q,2026-06-30,2026-08-03,"Riskonnect Parent, LLC | Preferred stock 2 | Non-Affiliated Issuer","Riskonnect Parent, LLC","Riskonnect Parent, LLC",Preferred Equity,,,,1186000.0,1188000.0,,0.0,99.83,10.5,,,14.09,True,,,USD,1186000.0
GBDC,0001476765,0001476765-26-000048,10-Q,2026-06-30,2026-08-03,"Riskonnect Parent, LLC | Preferred stock 3 | Non-Affiliated Issuer","Riskonnect Parent, LLC","Riskonnect Parent, LLC",Preferred Equity,,,,66000.0,62000.0,,0.0,106.45,,,,13.75,True,,,USD,66000.0
GBDC,0001476765,0001476765-26-000048,10-Q,2026-06-30,2026-08-03,"Rokt, Inc. | Common stock | Non-Affiliated Issuer","Rokt, Inc.","Rokt, Inc.",Common Equity,,,,645000.0,683000.0,,20000.0,94.44,,,,,False,,,USD,645000.0
GBDC,0001476765,0001476765-26-000048,10-Q,2026-06-30,2026-08-03,"SnapLogic, Inc. | Preferred stock | Non-Affiliated Issuer","SnapLogic, Inc.","SnapLogic, Inc.",Preferred Equity,,,,1997000.0,1028000.0,,344000.0,194.26,,,,,False,,,USD,1997000.0
GBDC,0001476765,0001476765-26-000048,10-Q,2026-06-30,2026-08-03,"SnapLogic, Inc. | Warrant | Non-Affiliated Issuer","SnapLogic, Inc.","SnapLogic, Inc.",Warrant,,,,522000.0,162000.0,,131000.0,322.22,,,,,False,,,USD,522000.0
GBDC,0001476765,0001476765-26-000048,10-Q,2026-06-30,2026-08-03,Spartan Buyer Acquisition Co. | Common stock | Non-Affiliated Issuer,Spartan Buyer Acquisition Co.,Spartan Buyer Acquisition Co.,Common Equity,,,,504000.0,794000.0,,1000.0,63.48,,,,,False,,,USD,504000.0
GBDC,0001476765,0001476765-26-000048,10-Q,2026-06-30,2026-08-03,Spartan Buyer Acquisition Co. | Preferred stock | Non-Affiliated Issuer,Spartan Buyer Acquisition Co.,Spartan Buyer Acquisition Co.,Preferred Equity,,,,150000.0,110000.0,,0.0,136.36,,,,,False,,,USD,150000.0
GBDC,0001476765,0001476765-26-000048,10-Q,2026-06-30,2026-08-03,"Striim, Inc. | Warrant | Non-Affiliated Issuer","Striim, Inc.","Striim, Inc.",Warrant,,,,15000.0,15000.0,,14000.0,100.0,,,,,False,,,USD,15000.0
GBDC,0001476765,0001476765-26-000048,10-Q,2026-06-30,2026-08-03,"Telesoft Holdings, LLC | LP interest | Non-Affiliated Issuer","Telesoft Holdings, LLC","Telesoft Holdings, LLC",LP Interest,,,,106000.0,129000.0,,137000.0,82.17,,,,,False,,,USD,106000.0
GBDC,0001476765,0001476765-26-000048,10-Q,2026-06-30,2026-08-03,"Templafy APS and Templafy, LLC | Warrant | Non-Affiliated Issuer","Templafy APS and Templafy, LLC","Templafy APS and Templafy, LLC",Warrant,,,,32000.0,82000.0,,0.0,39.02,,,,,False,,,USD,32000.0
GBDC,0001476765,0001476765-26-000048,10-Q,2026-06-30,2026-08-03,"Togetherwork Holdings, LLC | LP interest | Non-Affiliated Issuer","Togetherwork Holdings, LLC","Togetherwork Holdings, LLC",LP Interest,,,,1353000.0,1342000.0,,307000.0,100.82,,,,,False,,,USD,1353000.0
GBDC,0001476765,0001476765-26-000048,10-Q,2026-06-30,2026-08-03,Transform Bidco Limited | LP interest | Non-Affiliated Issuer,Transform Bidco Limited,Transform Bidco Limited,LP Interest,,,,1631000.0,2386000.0,,2350000.0,68.36,,,,,False,,,USD,1631000.0
GBDC,0001476765,0001476765-26-000048,10-Q,2026-06-30,2026-08-03,"Tricentis Operations Holdings, Inc. | LP interest | Non-Affiliated Issuer","Tricentis Operations Holdings, Inc.","Tricentis Operations Holdings, Inc.",LP Interest,,,,39000.0,40000.0,,40000.0,97.5,,,,,False,,,USD,39000.0
GBDC,0001476765,0001476765-26-000048,10-Q,2026-06-30,2026-08-03,"Zendesk, Inc. | Common stock | Non-Affiliated Issuer","Zendesk, Inc.","Zendesk, Inc.",Common Equity,,,,575000.0,708000.0,,63000.0,81.21,,,,,False,,,USD,575000.0
GBDC,0001476765,0001476765-26-000048,10-Q,2026-06-30,2026-08-03,Ave Holdings III Corp. | Preferred stock,Ave Holdings III Corp.,Ave Holdings III Corp.,Preferred Equity,,,,3020000.0,20613000.0,,15000.0,14.65,,,,11.5,True,,,USD,3020000.0
GBDC,0001476765,0001476765-26-000048,10-Q,2026-06-30,2026-08-03,Ave Holdings III Corp. | LP interest,Ave Holdings III Corp.,Ave Holdings III Corp.,LP Interest,,,,0.0,1737000.0,,2000.0,0.0,,,,,False,,,USD,0.0
GBDC,0001476765,0001476765-26-000048,10-Q,2026-06-30,2026-08-03,Batteries Plus Holding Corporation | LP interest,Batteries Plus Holding Corporation,Batteries Plus Holding Corporation,LP Interest,,,,1336000.0,1288000.0,,10000.0,103.73,,,,,False,,,USD,1336000.0
GBDC,0001476765,0001476765-26-000048,10-Q,2026-06-30,2026-08-03,"Cycle Gear, Inc. | LLC interest","Cycle Gear, Inc.","Cycle Gear, Inc.",Common Equity,,,,12000.0,13000.0,,13000.0,92.31,,,,,False,,,USD,12000.0
GBDC,0001476765,0001476765-26-000048,10-Q,2026-06-30,2026-08-03,"Cycle Gear, Inc. | Warrant","Cycle Gear, Inc.","Cycle Gear, Inc.",Warrant,,,,2000.0,0.0,,1000.0,,,,,,False,,,USD,2000.0
GBDC,0001476765,0001476765-26-000048,10-Q,2026-06-30,2026-08-03,"Cycle Gear, Inc. | Common stock","Cycle Gear, Inc.","Cycle Gear, Inc.",Common Equity,,,,238000.0,547000.0,,80000.0,43.51,,,,,False,,,USD,238000.0
GBDC,0001476765,0001476765-26-000048,10-Q,2026-06-30,2026-08-03,"Metal Supermarkets US Buyer, LLC | LLC interest 1","Metal Supermarkets US Buyer, LLC","Metal Supermarkets US Buyer, LLC",Common Equity,,,,57000.0,0.0,,1000.0,,,,,,False,,,USD,57000.0
GBDC,0001476765,0001476765-26-000048,10-Q,2026-06-30,2026-08-03,"Metal Supermarkets US Buyer, LLC | LLC interest 2","Metal Supermarkets US Buyer, LLC","Metal Supermarkets US Buyer, LLC",Common Equity,,,,392000.0,347000.0,,3000.0,112.97,,,,,False,,,USD,392000.0
GBDC,0001476765,0001476765-26-000048,10-Q,2026-06-30,2026-08-03,"Salon Lofts Group, LLC | Common stock","Salon Lofts Group, LLC","Salon Lofts Group, LLC",Common Equity,,,,65000.0,137000.0,,0.0,47.45,,,,,False,,,USD,65000.0
GBDC,0001476765,0001476765-26-000048,10-Q,2026-06-30,2026-08-03,"VSG Acquisition Corp. and Sherrill, Inc. | LP interest","VSG Acquisition Corp. and Sherrill, Inc.","VSG Acquisition Corp. and Sherrill, Inc.",LP Interest,,,,93000.0,57000.0,,0.0,163.16,,,,,False,,,USD,93000.0
GBDC,0001476765,0001476765-26-000048,10-Q,2026-06-30,2026-08-03,"Dollfus Mieg Company, Inc. | Common stock | Non-Affiliated Issuer","Dollfus Mieg Company, Inc.","Dollfus Mieg Company, Inc.",Common Equity,,,,538000.0,561000.0,,0.0,95.9,,,,,False,,,USD,538000.0
GBDC,0001476765,0001476765-26-000048,10-Q,2026-06-30,2026-08-03,"Georgica Pine Clothiers, LLC | LLC interest | Non-Affiliated Issuer","Georgica Pine Clothiers, LLC","Georgica Pine Clothiers, LLC",Common Equity,,,,271000.0,239000.0,,20000.0,113.39,,,,,False,,,USD,271000.0
GBDC,0001476765,0001476765-26-000048,10-Q,2026-06-30,2026-08-03,"Georgica Pine Clothiers, LLC | Common stock | Non-Affiliated Issuer","Georgica Pine Clothiers, LLC","Georgica Pine Clothiers, LLC",Common Equity,,,,2000.0,0.0,,0.0,,,,,,False,,,USD,2000.0
GBDC,0001476765,0001476765-26-000048,10-Q,2026-06-30,2026-08-03,"MakerSights, Inc. | Preferred stock | Non-Affiliated Issuer","MakerSights, Inc.","MakerSights, Inc.",Preferred Equity,,,,74000.0,265000.0,,56000.0,27.92,,,,,False,,,USD,74000.0
GBDC,0001476765,0001476765-26-000048,10-Q,2026-06-30,2026-08-03,"Shoes For Crews Global, LLC | LLC interest | Non-Affiliated Issuer","Shoes For Crews Global, LLC","Shoes For Crews Global, LLC",Common Equity,,,,2017000.0,1087000.0,,2000.0,185.56,,,,,False,,,USD,2017000.0
GBDC,0001476765,0001476765-26-000048,10-Q,2026-06-30,2026-08-03,"Abita Brewing Co., L.L.C. | One stop 1","Abita Brewing Co., L.L.C.","Abita Brewing Co., L.L.C.",First Lien,,,,2045000.0,7071000.0,7867000.0,,25.99,1.0,,,4.73,True,,,USD,2045000.0
GBDC,0001476765,0001476765-26-000048,10-Q,2026-06-30,2026-08-03,"Abita Brewing Co., L.L.C. | Second lien","Abita Brewing Co., L.L.C.","Abita Brewing Co., L.L.C.",Second Lien,,,,0.0,3724000.0,5416000.0,,0.0,1.0,,,4.73,True,,,USD,0.0
GBDC,0001476765,0001476765-26-000048,10-Q,2026-06-30,2026-08-03,"Abita Brewing Co., L.L.C. | One stop 2","Abita Brewing Co., L.L.C.","Abita Brewing Co., L.L.C.",First Lien,,,,3094000.0,3557000.0,3598000.0,,85.99,1.0,,,4.65,True,,,USD,3094000.0
GBDC,0001476765,0001476765-26-000048,10-Q,2026-06-30,2026-08-03,"RW AM Holdco, LLC | One stop 1","RW AM Holdco, LLC","RW AM Holdco, LLC",First Lien,,,,1450000.0,1450000.0,1450000.0,,100.0,5.25,,,8.91,True,,,USD,1450000.0
GBDC,0001476765,0001476765-26-000048,10-Q,2026-06-30,2026-08-03,"RW AM Holdco, LLC | One stop 2","RW AM Holdco, LLC","RW AM Holdco, LLC",First Lien,,,,1363000.0,1380000.0,1747000.0,,78.02,5.25,,,8.91,True,,,USD,1363000.0
GBDC,0001476765,0001476765-26-000048,10-Q,2026-06-30,2026-08-03,"Benetech, Inc. | One stop 1","Benetech, Inc.","Benetech, Inc.",First Lien,,,,2070000.0,3623000.0,5175000.0,,40.0,1.0,,,4.73,True,,,USD,2070000.0
GBDC,0001476765,0001476765-26-000048,10-Q,2026-06-30,2026-08-03,"Benetech, Inc. | One stop 2","Benetech, Inc.","Benetech, Inc.",First Lien,,,,56000.0,679000.0,1094000.0,,5.12,1.0,,,4.73,True,,,USD,56000.0
GBDC,0001476765,0001476765-26-000048,10-Q,2026-06-30,2026-08-03,"G & H Wire Company, Inc. | One stop 1","G & H Wire Company, Inc.","G & H Wire Company, Inc.",First Lien,,,,93000.0,139000.0,139000.0,,66.91,6.0,9.82,,,False,,,USD,93000.0
GBDC,0001476765,0001476765-26-000048,10-Q,2026-06-30,2026-08-03,"G & H Wire Company, Inc. | One stop 2","G & H Wire Company, Inc.","G & H Wire Company, Inc.",First Lien,,,,2730000.0,3033000.0,3033000.0,,90.01,6.0,,,9.82,True,,,USD,2730000.0
GBDC,0001476765,0001476765-26-000048,10-Q,2026-06-30,2026-08-03,"Bayside Opco, LLC | One stop 1","Bayside Opco, LLC","Bayside Opco, LLC",First Lien,,,,12642000.0,12641000.0,12642000.0,,100.0,7.25,11.13,,,False,,,USD,12642000.0
GBDC,0001476765,0001476765-26-000048,10-Q,2026-06-30,2026-08-03,"Bayside Opco, LLC | Subordinated debt","Bayside Opco, LLC","Bayside Opco, LLC",Subordinated,,,,6470000.0,6466000.0,6470000.0,,100.0,10.0,,,13.88,True,,,USD,6470000.0
GBDC,0001476765,0001476765-26-000048,10-Q,2026-06-30,2026-08-03,"Bayside Opco, LLC | One stop 2","Bayside Opco, LLC","Bayside Opco, LLC",First Lien,,,,4472000.0,4471000.0,4472000.0,,100.0,7.25,11.13,,,False,,,USD,4472000.0
GBDC,0001476765,0001476765-26-000048,10-Q,2026-06-30,2026-08-03,"Bayside Opco, LLC | One stop 3","Bayside Opco, LLC","Bayside Opco, LLC",First Lien,,,,324000.0,324000.0,324000.0,,100.0,7.0,10.88,,,False,,,USD,324000.0
GBDC,0001476765,0001476765-26-000048,10-Q,2026-06-30,2026-08-03,Elite Dental Partners LLC | One stop 1,Elite Dental Partners LLC,Elite Dental Partners LLC,First Lien,,,,2365000.0,13029000.0,19706000.0,,12.0,5.25,,,9.13,True,,,USD,2365000.0
GBDC,0001476765,0001476765-26-000048,10-Q,2026-06-30,2026-08-03,Elite Dental Partners LLC | One stop 2,Elite Dental Partners LLC,Elite Dental Partners LLC,First Lien,,,,1942000.0,7225000.0,12946000.0,,15.0,12.0,,,15.88,True,,,USD,1942000.0
GBDC,0001476765,0001476765-26-000048,10-Q,2026-06-30,2026-08-03,Elite Dental Partners LLC | One stop 3,Elite Dental Partners LLC,Elite Dental Partners LLC,First Lien,,,,2124000.0,2124000.0,2124000.0,,100.0,5.25,,,9.13,True,,,USD,2124000.0
GBDC,0001476765,0001476765-26-000048,10-Q,2026-06-30,2026-08-03,Elite Dental Partners LLC | One stop 4,Elite Dental Partners LLC,Elite Dental Partners LLC,First Lien,,,,2008000.0,2008000.0,2008000.0,,100.0,5.25,,,9.13,True,,,USD,2008000.0
GBDC,0001476765,0001476765-26-000048,10-Q,2026-06-30,2026-08-03,Elite Dental Partners LLC | One stop 5,Elite Dental Partners LLC,Elite Dental Partners LLC,First Lien,,,,763000.0,763000.0,763000.0,,100.0,5.25,,,9.08,True,,,USD,763000.0
GBDC,0001476765,0001476765-26-000048,10-Q,2026-06-30,2026-08-03,Elite Dental Partners LLC | One stop 6,Elite Dental Partners LLC,Elite Dental Partners LLC,First Lien,,,,750000.0,750000.0,750000.0,,100.0,5.2,,,9.13,True,,,USD,750000.0
GBDC,0001476765,0001476765-26-000048,10-Q,2026-06-30,2026-08-03,"Opening Day Borrower 111, LLC | One stop","Opening Day Borrower 111, LLC","Opening Day Borrower 111, LLC",First Lien,,,,5810000.0,5810000.0,5810000.0,,100.0,6.25,,,10.06,True,,,USD,5810000.0
GBDC,0001476765,0001476765-26-000048,10-Q,2026-06-30,2026-08-03,"SPF Borrower, LLC | One stop 1","SPF Borrower, LLC","SPF Borrower, LLC",First Lien,,,,16272000.0,16272000.0,16272000.0,,100.0,6.25,8.13,,2.0,True,,,USD,16272000.0
GBDC,0001476765,0001476765-26-000048,10-Q,2026-06-30,2026-08-03,"SPF Borrower, LLC | One stop 2","SPF Borrower, LLC","SPF Borrower, LLC",First Lien,,,,9213000.0,9213000.0,9213000.0,,100.0,9.5,,,13.38,True,,,USD,9213000.0
GBDC,0001476765,0001476765-26-000048,10-Q,2026-06-30,2026-08-03,"SPF Borrower, LLC | One stop 3","SPF Borrower, LLC","SPF Borrower, LLC",First Lien,,,,0.0,0.0,0.0,,,,,,,False,,,USD,0.0
GBDC,0001476765,0001476765-26-000048,10-Q,2026-06-30,2026-08-03,Reaction Biology Corporation | One stop 1,Reaction Biology Corporation,Reaction Biology Corporation,First Lien,,,,1601000.0,1601000.0,1601000.0,,100.0,4.75,,,8.48,True,,,USD,1601000.0
GBDC,0001476765,0001476765-26-000048,10-Q,2026-06-30,2026-08-03,Reaction Biology Corporation | One stop 2,Reaction Biology Corporation,Reaction Biology Corporation,First Lien,,,,2150000.0,3117000.0,3117000.0,,68.98,4.75,,,8.48,True,,,USD,2150000.0
GBDC,0001476765,0001476765-26-000048,10-Q,2026-06-30,2026-08-03,"Fleet Farm Group, LLC | Senior secured","Fleet Farm Group, LLC","Fleet Farm Group, LLC",First Lien,,,,5395000.0,5801000.0,5801000.0,,93.0,5.5,,,9.16,True,,,USD,5395000.0
GBDC,0001476765,0001476765-26-000048,10-Q,2026-06-30,2026-08-03,"Fleet Farm Group, LLC | One stop","Fleet Farm Group, LLC","Fleet Farm Group, LLC",First Lien,,,,3274000.0,3483000.0,3483000.0,,94.0,5.5,,,9.17,True,,,USD,3274000.0
GBDC,0001476765,0001476765-26-000048,10-Q,2026-06-30,2026-08-03,"IMPLUS Footcare, LLC | One stop 1","IMPLUS Footcare, LLC","IMPLUS Footcare, LLC",First Lien,,,,3835000.0,3877000.0,3877000.0,,98.92,6.0,,,9.74,True,,,USD,3835000.0
GBDC,0001476765,0001476765-26-000048,10-Q,2026-06-30,2026-08-03,"IMPLUS Footcare, LLC | One stop 2","IMPLUS Footcare, LLC","IMPLUS Footcare, LLC",First Lien,,,,8351000.0,8661000.0,9077000.0,,92.0,6.0,,,9.74,True,,,USD,8351000.0
GBDC,0001476765,0001476765-26-000048,10-Q,2026-06-30,2026-08-03,"Chestnut Optical Midco, Inc. | One stop 1","Chestnut Optical Midco, Inc.","Chestnut Optical Midco, Inc.",First Lien,,,,41008000.0,42367000.0,45064000.0,,91.0,1.0,4.73,,,False,,,USD,41008000.0
GBDC,0001476765,0001476765-26-000048,10-Q,2026-06-30,2026-08-03,"Chestnut Optical Midco, Inc. | One stop 2","Chestnut Optical Midco, Inc.","Chestnut Optical Midco, Inc.",First Lien,,,,-253000.0,0.0,0.0,,,,,,,False,,,USD,-253000.0
GBDC,0001476765,0001476765-26-000048,10-Q,2026-06-30,2026-08-03,"Chestnut Optical Midco, Inc. | One stop 3","Chestnut Optical Midco, Inc.","Chestnut Optical Midco, Inc.",First Lien,,,,6159000.0,7511000.0,7511000.0,,82.0,1.0,4.73,,,False,,,USD,6159000.0
GBDC,0001476765,0001476765-26-000048,10-Q,2026-06-30,2026-08-03,"RW AM Holdco, LLC | LLC interest 1","RW AM Holdco, LLC","RW AM Holdco, LLC",Common Equity,,,,2640000.0,2834000.0,,138000.0,93.15,,,,,False,,,USD,2640000.0
GBDC,0001476765,0001476765-26-000048,10-Q,2026-06-30,2026-08-03,"RW AM Holdco, LLC | LLC interest 2","RW AM Holdco, LLC","RW AM Holdco, LLC",Common Equity,,,,702000.0,753000.0,,37000.0,93.23,,,,,False,,,USD,702000.0
GBDC,0001476765,0001476765-26-000048,10-Q,2026-06-30,2026-08-03,"Bayside Opco, LLC | LLC interest","Bayside Opco, LLC","Bayside Opco, LLC",Common Equity,,,,10580000.0,2592000.0,,6000.0,408.18,,,,,False,,,USD,10580000.0
GBDC,0001476765,0001476765-26-000048,10-Q,2026-06-30,2026-08-03,Elite Dental Partners LLC | LLC interest 1,Elite Dental Partners LLC,Elite Dental Partners LLC,Common Equity,,,,0.0,2902000.0,,0.0,0.0,,,,,False,,,USD,0.0
GBDC,0001476765,0001476765-26-000048,10-Q,2026-06-30,2026-08-03,Elite Dental Partners LLC | LLC interest 2,Elite Dental Partners LLC,Elite Dental Partners LLC,Common Equity,,,,0.0,1250000.0,,0.0,0.0,,,,,False,,,USD,0.0
GBDC,0001476765,0001476765-26-000048,10-Q,2026-06-30,2026-08-03,Opening Day Borrower 111 LLC | LLC interest 1,Opening Day Borrower 111 LLC,Opening Day Borrower 111 LLC,Common Equity,,,,11312000.0,21172000.0,,181000.0,53.43,,,,,False,,,USD,11312000.0
GBDC,0001476765,0001476765-26-000048,10-Q,2026-06-30,2026-08-03,Opening Day Borrower 111 LLC | LLC interest 2,Opening Day Borrower 111 LLC,Opening Day Borrower 111 LLC,Common Equity,,,,0.0,7837000.0,,181000.0,0.0,,,,,False,,,USD,0.0
GBDC,0001476765,0001476765-26-000048,10-Q,2026-06-30,2026-08-03,SPF Borrower LLC | LLC interest,SPF Borrower LLC,SPF Borrower LLC,Common Equity,,,,9684000.0,9347000.0,,0.0,103.61,,,,,False,,,USD,9684000.0
GBDC,0001476765,0001476765-26-000048,10-Q,2026-06-30,2026-08-03,Switchfly LLC | LLC interest 1,Switchfly LLC,Switchfly LLC,Common Equity,,,,0.0,2321000.0,,98370000.0,0.0,,,,,False,,,USD,0.0
GBDC,0001476765,0001476765-26-000048,10-Q,2026-06-30,2026-08-03,Switchfly LLC | LLC interest 3,Switchfly LLC,Switchfly LLC,Common Equity,,,,0.0,950000.0,,950000.0,0.0,,,,,False,,,USD,0.0
GBDC,0001476765,0001476765-26-000048,10-Q,2026-06-30,2026-08-03,Switchfly LLC | LLC interest 2,Switchfly LLC,Switchfly LLC,Common Equity,,,,3209000.0,5375000.0,,7275000.0,59.7,,,,,False,,,USD,3209000.0
GBDC,0001476765,0001476765-26-000048,10-Q,2026-06-30,2026-08-03,"MMan Acquisition Co., One stop 1",MMan Acquisition Co.,MMan Acquisition Co.,First Lien,,,,2132000.0,2269000.0,2269000.0,,93.96,,,,8.0,True,,,USD,2132000.0
GBDC,0001476765,0001476765-26-000048,10-Q,2026-06-30,2026-08-03,"MMan Acquisition Co., One stop  2",MMan Acquisition Co.,MMan Acquisition Co.,First Lien,,,,1323000.0,1323000.0,1323000.0,,100.0,,,,12.0,True,,,USD,1323000.0
GBDC,0001476765,0001476765-26-000048,10-Q,2026-06-30,2026-08-03,"MMan Acquisition Co., One stop 3",MMan Acquisition Co.,MMan Acquisition Co.,First Lien,,,,1422000.0,1422000.0,1422000.0,,100.0,,,,12.0,True,,,USD,1422000.0
GBDC,0001476765,0001476765-26-000048,10-Q,2026-06-30,2026-08-03,"MMan Acquisition Co., One stop 4",MMan Acquisition Co.,MMan Acquisition Co.,First Lien,,,,411000.0,411000.0,411000.0,,100.0,,,,12.0,True,,,USD,411000.0
GBDC,0001476765,0001476765-26-000048,10-Q,2026-06-30,2026-08-03,Abita Brewing Co. LLC,Abita Brewing Co. LLC,Abita Brewing Co. LLC,,,,,5139000.0,,,,,,,,,False,,,USD,5139000.0
GBDC,0001476765,0001476765-26-000048,10-Q,2026-06-30,2026-08-03,"Chestnut Optical Midco, Inc. — Other (partial rollup excess)","Chestnut Optical Midco, Inc.","Chestnut Optical Midco, Inc.",,,,,60255000.0,,,,,,,,,False,,,USD,60255000.0
GBDC,0001476765,0001476765-26-000048,10-Q,2026-06-30,2026-08-03,Fleet Farm Group LLC,Fleet Farm Group LLC,Fleet Farm Group LLC,,,,,31129000.0,,,,,,,,,False,,,USD,31129000.0
GBDC,0001476765,0001476765-26-000048,10-Q,2026-06-30,2026-08-03,"G & H Wire Company, Inc. — Other (partial rollup excess)","G & H Wire Company, Inc.","G & H Wire Company, Inc.",,,,,1513000.0,,,,,,,,,False,,,USD,1513000.0
GBDC,0001476765,0001476765-26-000048,10-Q,2026-06-30,2026-08-03,"IMPLUS Footcare, LLC — Other (partial rollup excess)","IMPLUS Footcare, LLC","IMPLUS Footcare, LLC",,,,,9449000.0,,,,,,,,,False,,,USD,9449000.0
GBDC,0001476765,0001476765-26-000048,10-Q,2026-06-30,2026-08-03,Opening Day Borrower 111 LLC — Other (partial rollup excess),Opening Day Borrower 111 LLC,Opening Day Borrower 111 LLC,,,,,5810000.0,,,,,,,,,False,,,USD,5810000.0
GBDC,0001476765,0001476765-26-000048,10-Q,2026-06-30,2026-08-03,Reaction Biology Corporation — Other (partial rollup excess),Reaction Biology Corporation,Reaction Biology Corporation,,,,,1534000.0,,,,,,,,,False,,,USD,1534000.0
GBDC,0001476765,0001476765-26-000048,10-Q,2026-06-30,2026-08-03,RW AM Holdco LLC,RW AM Holdco LLC,RW AM Holdco LLC,,,,,6155000.0,,,,,,,,,False,,,USD,6155000.0
GBDC,0001476765,0001476765-26-000048,10-Q,2026-06-30,2026-08-03,SPF Borrower LLC — Other (partial rollup excess),SPF Borrower LLC,SPF Borrower LLC,,,,,25485000.0,,,,,,,,,False,,,USD,25485000.0
GBDC,0001476765,0001476765-26-000048,10-Q,2026-06-30,2026-08-03,Switchfly LLC — Other (partial rollup excess),Switchfly LLC,Switchfly LLC,,,,,2412000.0,,,,,,,,,False,,,USD,2412000.0
GBDC,0001476765,0001476765-26-000048,10-Q,2026-06-30,2026-08-03,MMan Acquisition Co. — Other (partial rollup excess),MMan Acquisition Co.,MMan Acquisition Co.,Other,,,,6682000.0,,,,,,,,,False,,,USD,6682000.0
