bdc,cik,accession,form,period_end,file_date,identifier,entity,company,type,sector,desc,affil,fv,cost,par,shares,mark,spread,rate,base_rate,pik_rate,pik,maturity,acq,ccy,fv_raw
HTGC,0001280784,0001280784-26-000042,10-Q,2026-06-30,2026-07-30,"Debt Investments, Application Software, Alchemer LLC, Senior Secured, May 2028, 1-month SOFR + 8.14%, Floor rate 9.14%",Alchemer LLC,Alchemer LLC,First Lien,,,,19655000.0,19856000.0,20054000.0,,98.01,8.14,,SOFR,,False,,,USD,19655000.0
HTGC,0001280784,0001280784-26-000042,10-Q,2026-06-30,2026-07-30,"Debt Investments, Application Software, AlphaSense, Inc., Senior Secured, June 2029, 3-month SOFR + 6.25%, Floor rate 8.25%","AlphaSense, Inc.","AlphaSense, Inc.",First Lien,,,,20148000.0,19868000.0,20000000.0,,100.74,6.25,,SOFR,,False,,,USD,20148000.0
HTGC,0001280784,0001280784-26-000042,10-Q,2026-06-30,2026-07-30,"Debt Investments, Application Software, Annex Cloud, Senior Secured, June 2028, PIK Interest 3-month SOFR + 9.99%, Floor rate 10.99%",Annex Cloud,Annex Cloud,First Lien,,,,0.0,5642000.0,5642000.0,,0.0,9.99,,SOFR,9.99,True,,,USD,0.0
HTGC,0001280784,0001280784-26-000042,10-Q,2026-06-30,2026-07-30,"Debt Investments, Application Software, Annex Cloud, Senior Secured, June 2028, PIK Interest 3-month SOFR + 5.73%, Floor rate 6.73%",Annex Cloud,Annex Cloud,First Lien,,,,0.0,1717000.0,1716000.0,,0.0,5.73,,SOFR,5.73,True,,,USD,0.0
HTGC,0001280784,0001280784-26-000042,10-Q,2026-06-30,2026-07-30,"Debt Investments, Application Software, Annex Cloud, Senior Secured, December 2025, PIK Interest 3-month SOFR + 9.99%, Floor rate 10.99%",Annex Cloud,Annex Cloud,First Lien,,,,3325000.0,3325000.0,3325000.0,,100.0,9.99,,SOFR,9.99,True,,,USD,3325000.0
HTGC,0001280784,0001280784-26-000042,10-Q,2026-06-30,2026-07-30,"Debt Investments, Application Software, Babel Street, Senior Secured, December 2027, 3-month SOFR + 8.01%, Floor rate 9.01%",Babel Street,Babel Street,First Lien,,,,63322000.0,64150000.0,64845000.0,,97.65,8.01,,SOFR,,False,,,USD,63322000.0
HTGC,0001280784,0001280784-26-000042,10-Q,2026-06-30,2026-07-30,"Debt Investments, Application Software, Brain Corporation, Senior Secured, September 2028, Prime + 1.35%, Floor rate 9.85%, PIK Interest 2.50%, 3.95% Exit Fee",Brain Corporation,Brain Corporation,First Lien,,,,33459000.0,33472000.0,33247000.0,,100.64,1.35,,PRIME,2.5,True,,,USD,33459000.0
HTGC,0001280784,0001280784-26-000042,10-Q,2026-06-30,2026-07-30,"Debt Investments, Application Software, Ceros, Inc., Senior Secured, June 2027, 3-month SOFR + 8.99%, Floor rate 9.89%","Ceros, Inc.","Ceros, Inc.",First Lien,,,,22256000.0,22579000.0,22656000.0,,98.23,8.99,,SOFR,,False,,,USD,22256000.0
HTGC,0001280784,0001280784-26-000042,10-Q,2026-06-30,2026-07-30,"Debt Investments, Application Software, Chainalysis, Inc., Senior Secured, June 2029, Prime + 2.95%, Floor rate 10.45%","Chainalysis, Inc.","Chainalysis, Inc.",First Lien,,,,38715000.0,37976000.0,38379000.0,,100.88,2.95,,PRIME,,False,,,USD,38715000.0
HTGC,0001280784,0001280784-26-000042,10-Q,2026-06-30,2026-07-30,"Debt Investments, Application Software, Dashlane, Inc., Senior Secured, December 2027, Prime + 3.05%, Floor rate 11.55%, PIK Interest 1.10%, 4.95% Exit Fee","Dashlane, Inc.","Dashlane, Inc.",First Lien,,,,46309000.0,46238000.0,44992000.0,,102.93,3.05,,PRIME,1.1,True,,,USD,46309000.0
HTGC,0001280784,0001280784-26-000042,10-Q,2026-06-30,2026-07-30,"Debt Investments, Application Software, DevRev, Inc., Senior Secured, July 2029, Prime + 3.95%, Floor rate 10.70%, Cap rate 14.70%, 4.25% Exit Fee","DevRev, Inc.","DevRev, Inc.",First Lien,,,,18539000.0,18539000.0,18750000.0,,98.87,3.95,,PRIME,,False,,,USD,18539000.0
HTGC,0001280784,0001280784-26-000042,10-Q,2026-06-30,2026-07-30,"Debt Investments, Application Software, Dispatch Technologies, Inc., Senior Secured, April 2028, 3-month SOFR + 7.86%, Floor rate 8.61%","Dispatch Technologies, Inc.","Dispatch Technologies, Inc.",First Lien,,,,8210000.0,8116000.0,8210000.0,,100.0,7.86,,SOFR,,False,,,USD,8210000.0
HTGC,0001280784,0001280784-26-000042,10-Q,2026-06-30,2026-07-30,"Debt Investments, Application Software, Distributed Creation Inc., Senior Secured, April 2029, Prime + 3.00%, Floor rate 10.25%, 4.50% Exit Fee",Distributed Creation Inc.,Distributed Creation Inc.,First Lien,,,,39344000.0,39790000.0,40000000.0,,98.36,3.0,,PRIME,,False,,,USD,39344000.0
HTGC,0001280784,0001280784-26-000042,10-Q,2026-06-30,2026-07-30,"Debt Investments, Application Software, DocPlanner, Senior Secured, January 2030, Prime + 2.75%, Floor rate 9.75%, 4.25% Exit Fee",DocPlanner,DocPlanner,First Lien,,,,77927000.0,70218000.0,68200000.0,,114.26,2.75,,PRIME,,False,,,USD,77927000.0
HTGC,0001280784,0001280784-26-000042,10-Q,2026-06-30,2026-07-30,"Debt Investments, Application Software, Earnix, Inc., Senior Secured, June 2029, Prime - 1.15%, Floor rate 5.35%, PIK Interest 4.45%","Earnix, Inc.","Earnix, Inc.",First Lien,,,,20539000.0,20275000.0,20505000.0,,100.17,1.15,,PRIME,4.45,True,,,USD,20539000.0
HTGC,0001280784,0001280784-26-000042,10-Q,2026-06-30,2026-07-30,"Debt Investments, Application Software, Elation Health, Inc., Senior Secured, April 2029, Prime + 1.75%, Floor rate 9.25%, PIK Interest 1.30%, 3.95% Exit Fee","Elation Health, Inc.","Elation Health, Inc.",First Lien,,,,20897000.0,20906000.0,21186000.0,,98.64,1.75,,PRIME,1.3,True,,,USD,20897000.0
HTGC,0001280784,0001280784-26-000042,10-Q,2026-06-30,2026-07-30,"Debt Investments, Application Software, Funnel Holding AB (publ), Senior Secured, October 2029, Prime + 0.60%, Floor rate 7.10%, Cap rate 8.60%, PIK Interest 3.00%, 2.25% Exit Fee",Funnel Holding AB (publ),Funnel Holding AB (publ),First Lien,,,,21010000.0,21135000.0,21340000.0,,98.45,0.6,,PRIME,3.0,True,,,USD,21010000.0
HTGC,0001280784,0001280784-26-000042,10-Q,2026-06-30,2026-07-30,"Debt Investments, Application Software, Imagen Technologies, Inc., Senior Secured, November 2028, Prime + 1.55%, Floor rate 9.05%, PIK Interest 1.00%, 3.95% Exit Fee","Imagen Technologies, Inc.","Imagen Technologies, Inc.",First Lien,,,,7474000.0,7476000.0,7539000.0,,99.14,1.55,,PRIME,1.0,True,,,USD,7474000.0
HTGC,0001280784,0001280784-26-000042,10-Q,2026-06-30,2026-07-30,"Debt Investments, Application Software, Intercom, Inc., Senior Secured, February 2031, Prime + 2.00%, Floor rate 8.50%, Cap rate 9.25%, PIK Interest 1.00%, 3.95% Exit Fee","Intercom, Inc.","Intercom, Inc.",First Lien,,,,23785000.0,22378000.0,22554000.0,,105.46,2.0,,PRIME,1.0,True,,,USD,23785000.0
HTGC,0001280784,0001280784-26-000042,10-Q,2026-06-30,2026-07-30,"Debt Investments, Application Software, iSpot.tv, Inc., Senior Secured, January 2029, Prime + 2.25%, Floor rate 9.00%, PIK Interest 1.00%, 5.70% Exit Fee","iSpot.tv, Inc.","iSpot.tv, Inc.",First Lien,,,,3271000.0,3326000.0,3299000.0,,99.15,2.25,,PRIME,1.0,True,,,USD,3271000.0
HTGC,0001280784,0001280784-26-000042,10-Q,2026-06-30,2026-07-30,"Debt Investments, Application Software, iSpot.tv, Inc., Senior Secured, January 2029, Prime + 1.40%, Floor rate 8.15%, PIK Interest 0.75%, 4.50% Exit Fee","iSpot.tv, Inc.","iSpot.tv, Inc.",First Lien,,,,39048000.0,39370000.0,39288000.0,,99.39,1.4,,PRIME,0.75,True,,,USD,39048000.0
HTGC,0001280784,0001280784-26-000042,10-Q,2026-06-30,2026-07-30,"Debt Investments, Application Software, Khoros, LLC, Senior Secured, May 2030 , FIXED 10.00%","Khoros, LLC","Khoros, LLC",First Lien,,,,11316000.0,11704000.0,11704000.0,,96.68,,,,,False,,,USD,11316000.0
HTGC,0001280784,0001280784-26-000042,10-Q,2026-06-30,2026-07-30,"Debt Investments, Application Software, LinenMaster, LLC, Senior Secured, August 2029, 1-month SOFR + 8.28%, Floor rate 9.28%","LinenMaster, LLC","LinenMaster, LLC",First Lien,,,,11087000.0,11215000.0,11500000.0,,96.41,8.28,,SOFR,,False,,,USD,11087000.0
HTGC,0001280784,0001280784-26-000042,10-Q,2026-06-30,2026-07-30,"Debt Investments, Application Software, Loftware, Inc., Senior Secured, March 2028, 3-month SOFR + 7.75%, Floor rate 8.75%","Loftware, Inc.","Loftware, Inc.",First Lien,,,,29511000.0,29180000.0,29511000.0,,100.0,7.75,,SOFR,,False,,,USD,29511000.0
HTGC,0001280784,0001280784-26-000042,10-Q,2026-06-30,2026-07-30,"Debt Investments, Application Software, Mango Technologies, Inc., Senior Secured, August 2030, Prime + 2.25%, Floor rate 8.25%, 2.00% Exit Fee","Mango Technologies, Inc.","Mango Technologies, Inc.",First Lien,,,,44490000.0,44678000.0,45250000.0,,98.32,2.25,,PRIME,,False,,,USD,44490000.0
HTGC,0001280784,0001280784-26-000042,10-Q,2026-06-30,2026-07-30,"Debt Investments, Application Software, Marigold Group, Inc., Senior Secured, April 2028, 3-month SOFR + 9.50%, Floor rate 10.50%","Marigold Group, Inc.","Marigold Group, Inc.",First Lien,,,,44139000.0,45248000.0,45739000.0,,96.5,9.5,,SOFR,,False,,,USD,44139000.0
HTGC,0001280784,0001280784-26-000042,10-Q,2026-06-30,2026-07-30,"Debt Investments, Application Software, micro1 Inc., Senior Secured, June 2029, Prime + 3.50%, Floor rate 10.25%, 4.00% Exit Fee",micro1 Inc.,micro1 Inc.,First Lien,,,,10606000.0,10606000.0,10875000.0,,97.53,3.5,,PRIME,,False,,,USD,10606000.0
HTGC,0001280784,0001280784-26-000042,10-Q,2026-06-30,2026-07-30,"Debt Investments, Application Software, Microblink LLC, Senior Secured, August 2027, 3-month SOFR + 7.84%, Floor rate 8.84%",Microblink LLC,Microblink LLC,First Lien,,,,4910000.0,4910000.0,5000000.0,,98.2,7.84,,SOFR,,False,,,USD,4910000.0
HTGC,0001280784,0001280784-26-000042,10-Q,2026-06-30,2026-07-30,"Debt Investments, Application Software, Omeda Holdings, LLC, Senior Secured, July 2027, 3-month SOFR + 8.05%, Floor rate 9.05%","Omeda Holdings, LLC","Omeda Holdings, LLC",First Lien,,,,6954000.0,6920000.0,6985000.0,,99.56,8.05,,SOFR,,False,,,USD,6954000.0
HTGC,0001280784,0001280784-26-000042,10-Q,2026-06-30,2026-07-30,"Debt Investments, Application Software, Pindrop Security, Inc., Senior Secured, June 2029, Prime + 3.50%, Floor rate 10.00%, 2.00% Exit Fee","Pindrop Security, Inc.","Pindrop Security, Inc.",First Lien,,,,31675000.0,30865000.0,31000000.0,,102.18,3.5,,PRIME,,False,,,USD,31675000.0
HTGC,0001280784,0001280784-26-000042,10-Q,2026-06-30,2026-07-30,"Debt Investments, Application Software, Proven Optics, LLC, Senior Secured, December 2030, 3-month SOFR + 7.30%, Floor rate 8.30%","Proven Optics, LLC","Proven Optics, LLC",First Lien,,,,14690000.0,14748000.0,15000000.0,,97.93,7.3,,SOFR,,False,,,USD,14690000.0
HTGC,0001280784,0001280784-26-000042,10-Q,2026-06-30,2026-07-30,"Debt Investments, Application Software, Remodel Health Holdco, LLC, Senior Secured, December 2028, Prime + 2.35%, Floor rate 10.35%, 6.50% Exit Fee","Remodel Health Holdco, LLC","Remodel Health Holdco, LLC",First Lien,,,,25488000.0,25345000.0,25000000.0,,101.95,2.35,,PRIME,,False,,,USD,25488000.0
HTGC,0001280784,0001280784-26-000042,10-Q,2026-06-30,2026-07-30,"Debt Investments, Application Software, Reveleer, Senior Secured, February 2027, Prime + 0.65%, Floor rate 9.15%, PIK Interest 2.00%, 5.05% Exit Fee",Reveleer,Reveleer,First Lien,,,,52309000.0,52309000.0,50561000.0,,103.46,0.65,,PRIME,2.0,True,,,USD,52309000.0
HTGC,0001280784,0001280784-26-000042,10-Q,2026-06-30,2026-07-30,"Debt Investments, Application Software, Simon Data, Inc., Senior Secured, March 2027, Prime + 1.00%, Floor rate 8.75%, PIK Interest 1.95%, 3.59% Exit Fee","Simon Data, Inc.","Simon Data, Inc.",First Lien,,,,2194000.0,5272000.0,5033000.0,,43.59,1.0,,PRIME,1.95,True,,,USD,2194000.0
HTGC,0001280784,0001280784-26-000042,10-Q,2026-06-30,2026-07-30,"Debt Investments, Application Software, Sisense Ltd., Senior Secured, July 2027, Prime + 1.50%, Floor rate 9.50%, PIK Interest 1.95%, 5.95% Exit Fee",Sisense Ltd.,Sisense Ltd.,First Lien,,,,27969000.0,28980000.0,27734000.0,,100.85,1.5,,PRIME,1.95,True,,,USD,27969000.0
HTGC,0001280784,0001280784-26-000042,10-Q,2026-06-30,2026-07-30,"Debt Investments, Application Software, Smartsheet Inc., Senior Secured, January 2031, 3-month SOFR + 5.25%, Floor rate 6.00%",Smartsheet Inc.,Smartsheet Inc.,First Lien,,,,46752000.0,46022000.0,46785000.0,,99.93,5.25,,SOFR,,False,,,USD,46752000.0
HTGC,0001280784,0001280784-26-000042,10-Q,2026-06-30,2026-07-30,"Debt Investments, Application Software, Snappt, Inc., Senior Secured, April 2029, Prime + 2.35%, Floor rate 8.85%, PIK Interest 1.00%, 4.25% Exit Fee","Snappt, Inc.","Snappt, Inc.",First Lien,,,,21489000.0,22028000.0,21993000.0,,97.71,2.35,,PRIME,1.0,True,,,USD,21489000.0
HTGC,0001280784,0001280784-26-000042,10-Q,2026-06-30,2026-07-30,"Debt Investments, Application Software, Streamline Healthcare Solutions, Senior Secured, June 2030, 3-month SOFR + 7.30%, Floor rate 8.30%",Streamline Healthcare Solutions,Streamline Healthcare Solutions,First Lien,,,,21730000.0,21715000.0,22260000.0,,97.62,7.3,,SOFR,,False,,,USD,21730000.0
HTGC,0001280784,0001280784-26-000042,10-Q,2026-06-30,2026-07-30,"Debt Investments, Application Software, Suzy, Inc., Senior Secured, August 2027, Prime + 1.75%, Floor rate 10.00%, PIK Interest 1.95%, 3.45% Exit Fee","Suzy, Inc.","Suzy, Inc.",First Lien,,,,17037000.0,23007000.0,22745000.0,,74.9,1.75,,PRIME,1.95,True,,,USD,17037000.0
HTGC,0001280784,0001280784-26-000042,10-Q,2026-06-30,2026-07-30,"Debt Investments, Application Software, Tipalti Solutions Ltd., Senior Secured, April 2029, Prime + 0.45%, Floor rate 6.45%, PIK Interest 2.30%",Tipalti Solutions Ltd.,Tipalti Solutions Ltd.,First Lien,,,,71487000.0,73032000.0,73335000.0,,97.48,0.45,,PRIME,2.3,True,,,USD,71487000.0
HTGC,0001280784,0001280784-26-000042,10-Q,2026-06-30,2026-07-30,"Debt Investments, Application Software, Tipalti Solutions Ltd., Senior Secured, April 2029, Prime + 0.45%, Floor rate 6.45%, PIK Interest 2.30%, 3.75% Exit Fee",Tipalti Solutions Ltd.,Tipalti Solutions Ltd.,First Lien,,,,43257000.0,43403000.0,43171000.0,,100.2,0.45,,PRIME,2.3,True,,,USD,43257000.0
HTGC,0001280784,0001280784-26-000042,10-Q,2026-06-30,2026-07-30,"Debt Investments, Application Software, Ushur, Inc., Senior Secured, June 2028, Prime + 2.20%, Floor rate 9.20%, 5.95% Exit Fee","Ushur, Inc.","Ushur, Inc.",First Lien,,,,13770000.0,14093000.0,14150000.0,,97.31,2.2,,PRIME,,False,,,USD,13770000.0
HTGC,0001280784,0001280784-26-000042,10-Q,2026-06-30,2026-07-30,"Debt Investments, Application Software, Zappi, Inc., Senior Secured, December 2027, 3-month SOFR + 8.03%, Floor rate 9.03%","Zappi, Inc.","Zappi, Inc.",First Lien,,,,12406000.0,12448000.0,12558000.0,,98.79,8.03,,SOFR,,False,,,USD,12406000.0
HTGC,0001280784,0001280784-26-000042,10-Q,2026-06-30,2026-07-30,"Debt Investments, Application Software, ZeroEyes, Inc., Senior Secured, May 2030, Prime + 2.00%, Floor rate 9.50%, PIK Interest 2.00%, 1.50% Exit Fee","ZeroEyes, Inc.","ZeroEyes, Inc.",First Lien,,,,20539000.0,20795000.0,21081000.0,,97.43,2.0,,PRIME,2.0,True,,,USD,20539000.0
HTGC,0001280784,0001280784-26-000042,10-Q,2026-06-30,2026-07-30,"Debt Investments, Biotechnology Tools, Antheia, Inc., Senior Secured, August 2029, Prime + 2.85%, Floor rate 10.35%, 5.55% Exit Fee","Antheia, Inc.","Antheia, Inc.",First Lien,,,,19873000.0,20099000.0,21250000.0,,93.52,2.85,,PRIME,,False,,,USD,19873000.0
HTGC,0001280784,0001280784-26-000042,10-Q,2026-06-30,2026-07-30,"Debt Investments, Communications & Networking, Aryaka Networks, Inc., Senior Secured, December 2028, Prime + 1.80%, Floor rate 9.30%, PIK Interest 1.25%, 5.68% Exit Fee","Aryaka Networks, Inc.","Aryaka Networks, Inc.",First Lien,,,,23785000.0,28987000.0,28451000.0,,83.6,1.8,,PRIME,1.25,True,,,USD,23785000.0
HTGC,0001280784,0001280784-26-000042,10-Q,2026-06-30,2026-07-30,"Debt Investments, Communications & Networking, Tarana Wireless, Inc., Senior Secured, March 2030, Prime + 4.00%, Floor rate 10.75%, 3.95% Exit Fee","Tarana Wireless, Inc.","Tarana Wireless, Inc.",First Lien,,,,10855000.0,10854000.0,11000000.0,,98.68,4.0,,PRIME,,False,,,USD,10855000.0
HTGC,0001280784,0001280784-26-000042,10-Q,2026-06-30,2026-07-30,"Debt Investments, Consumer & Business Products, Tonal Systems, Inc., Senior Secured, March 2029, Prime + 4.25%, Floor rate 11.00%, 4.25% Exit Fee","Tonal Systems, Inc.","Tonal Systems, Inc.",First Lien,,,,19838000.0,19838000.0,20000000.0,,99.19,4.25,,PRIME,,False,,,USD,19838000.0
HTGC,0001280784,0001280784-26-000042,10-Q,2026-06-30,2026-07-30,"Debt Investments, Consumer & Business Products, Weee! Inc., Senior Secured, April 2028, Prime + 2.25%, Floor rate 9.75%, 2.50% Exit Fee",Weee! Inc.,Weee! Inc.,First Lien,,,,20031000.0,19925000.0,20000000.0,,100.16,2.25,,PRIME,,False,,,USD,20031000.0
HTGC,0001280784,0001280784-26-000042,10-Q,2026-06-30,2026-07-30,"Debt Investments, Consumer & Business Services, Andesa Services, Inc., Senior Secured, March 2031, 1-month SOFR + 7.80%, Floor rate 8.80%","Andesa Services, Inc.","Andesa Services, Inc.",First Lien,,,,10766000.0,10766000.0,11000000.0,,97.87,7.8,,SOFR,,False,,,USD,10766000.0
HTGC,0001280784,0001280784-26-000042,10-Q,2026-06-30,2026-07-30,"Debt Investments, Consumer & Business Services, AppDirect, Inc., Senior Secured, September 2029, Prime + 2.05%, Floor rate 8.55%, PIK Interest 1.00%, 4.70% Exit Fee","AppDirect, Inc.","AppDirect, Inc.",First Lien,,,,64384000.0,65472000.0,65857000.0,,97.76,2.05,,PRIME,1.0,True,,,USD,64384000.0
HTGC,0001280784,0001280784-26-000042,10-Q,2026-06-30,2026-07-30,"Debt Investments, Consumer & Business Services, Carwow LTD, Senior Secured, December 2027, Prime + 4.70%, Floor rate 11.45%, PIK Interest 1.45%, 4.95% Exit Fee",Carwow LTD,Carwow LTD,First Lien,,,,27916000.0,28920000.0,20814000.0,,96.53,4.7,,PRIME,1.45,True,,,USD,27916000.0
HTGC,0001280784,0001280784-26-000042,10-Q,2026-06-30,2026-07-30,"Debt Investments, Consumer & Business Services, CollectiveHealth, Inc., Senior Secured, February 2030, Prime + 3.50%, Floor rate 10.25%, 3.95% Exit Fee","CollectiveHealth, Inc.","CollectiveHealth, Inc.",First Lien,,,,9828000.0,10040000.0,10125000.0,,97.07,3.5,,PRIME,,False,,,USD,9828000.0
HTGC,0001280784,0001280784-26-000042,10-Q,2026-06-30,2026-07-30,"Debt Investments, Consumer & Business Services, Finix Payments, Inc., Senior Secured, December 2029, Prime + 2.50%, Floor rate 9.25%, 4.25% Exit Fee","Finix Payments, Inc.","Finix Payments, Inc.",First Lien,,,,24188000.0,24212000.0,24500000.0,,98.73,2.5,,PRIME,,False,,,USD,24188000.0
HTGC,0001280784,0001280784-26-000042,10-Q,2026-06-30,2026-07-30,"Debt Investments, Consumer & Business Services, GoEuro Travel GmbH, Senior Secured, November 2029, Prime + 3.45%, Floor rate 10.45%, 4.50% Exit Fee",GoEuro Travel GmbH,GoEuro Travel GmbH,First Lien,,,,57996000.0,58196000.0,58036000.0,,99.93,3.45,,PRIME,,False,,,USD,57996000.0
HTGC,0001280784,0001280784-26-000042,10-Q,2026-06-30,2026-07-30,"Debt Investments, Consumer & Business Services, Houzz, Inc., Convertible Debt, May 2028, PIK Interest 12.00%","Houzz, Inc.","Houzz, Inc.",Convertible,,,,29747000.0,30671000.0,30671000.0,,96.99,,,,12.0,True,,,USD,29747000.0
HTGC,0001280784,0001280784-26-000042,10-Q,2026-06-30,2026-07-30,"Debt Investments, Consumer & Business Services, Jobandtalent USA, Inc., Senior Secured, October 2028, 1-month SOFR + 3.50%, Floor rate 4.50%, PIK Interest 3.25%, 10.47% Exit Fee","Jobandtalent USA, Inc.","Jobandtalent USA, Inc.",First Lien,,,,12250000.0,15265000.0,14534000.0,,84.29,3.5,,SOFR,3.25,True,,,USD,12250000.0
HTGC,0001280784,0001280784-26-000042,10-Q,2026-06-30,2026-07-30,"Debt Investments, Consumer & Business Services, Jobandtalent USA, Inc., Senior Secured, October 2028, 1-month SOFR + 1.00%, Floor rate 1.00%, PIK Interest 9.00%","Jobandtalent USA, Inc.","Jobandtalent USA, Inc.",First Lien,,,,1070000.0,1070000.0,1070000.0,,100.0,1.0,,SOFR,9.0,True,,,USD,1070000.0
HTGC,0001280784,0001280784-26-000042,10-Q,2026-06-30,2026-07-30,"Debt Investments, Consumer & Business Services, Nerdy Inc., Senior Secured, November 2029, Prime + 3.50%, Floor rate 10.75%, 7.50% Exit Fee",Nerdy Inc.,Nerdy Inc.,First Lien,,,,14009000.0,14004000.0,14000000.0,,100.06,3.5,,PRIME,,False,,,USD,14009000.0
HTGC,0001280784,0001280784-26-000042,10-Q,2026-06-30,2026-07-30,"Debt Investments, Consumer & Business Services, Peek Travel, Inc., Senior Secured, October 2028, Prime + 1.75%, Floor rate 9.25%, PIK Interest 1.00%, 4.95% Exit Fee","Peek Travel, Inc.","Peek Travel, Inc.",First Lien,,,,19544000.0,19878000.0,19983000.0,,97.8,1.75,,PRIME,1.0,True,,,USD,19544000.0
HTGC,0001280784,0001280784-26-000042,10-Q,2026-06-30,2026-07-30,"Debt Investments, Consumer & Business Services, Perk International Holdings Ltd, Senior Secured, May 2031, 3-month SOFR + 7.00%, Floor rate 9.50%",Perk International Holdings Ltd,Perk International Holdings Ltd,First Lien,,,,15629000.0,15629000.0,15938000.0,,98.06,7.0,,SOFR,,False,,,USD,15629000.0
HTGC,0001280784,0001280784-26-000042,10-Q,2026-06-30,2026-07-30,"Debt Investments, Consumer & Business Services, Plentific Ltd, Senior Secured, October 2026, Prime + 2.55%, Floor rate 11.05%, 2.95% Exit Fee",Plentific Ltd,Plentific Ltd,First Lien,,,,3163000.0,3111000.0,3035000.0,,104.22,2.55,,PRIME,,False,,,USD,3163000.0
HTGC,0001280784,0001280784-26-000042,10-Q,2026-06-30,2026-07-30,"Debt Investments, Consumer & Business Services, Provi, Senior Secured, December 2027, Prime + 4.40%, Floor rate 10.65%, 3.00% Exit Fee",Provi,Provi,First Lien,,,,14135000.0,14217000.0,14160000.0,,99.82,4.4,,PRIME,,False,,,USD,14135000.0
HTGC,0001280784,0001280784-26-000042,10-Q,2026-06-30,2026-07-30,"Debt Investments, Consumer & Business Services, Riviera Partners LLC, Senior Secured, March 2028, 3-month SOFR + 8.28%, Floor rate 9.28%",Riviera Partners LLC,Riviera Partners LLC,First Lien,,,,35461000.0,35722000.0,35942000.0,,98.66,8.28,,SOFR,,False,,,USD,35461000.0
HTGC,0001280784,0001280784-26-000042,10-Q,2026-06-30,2026-07-30,"Debt Investments, Consumer & Business Services, RVShare, LLC, Senior Secured, December 2026, 3-month SOFR + 9.50%, Floor rate 10.50%","RVShare, LLC","RVShare, LLC",First Lien,,,,25778000.0,25778000.0,25809000.0,,99.88,9.5,,SOFR,,False,,,USD,25778000.0
HTGC,0001280784,0001280784-26-000042,10-Q,2026-06-30,2026-07-30,"Debt Investments, Consumer & Business Services, Skyword, Inc., Senior Secured, November 2027, Prime + 2.75%, Floor rate 9.25%, PIK Interest 1.75%, 5.50% Exit Fee","Skyword, Inc.","Skyword, Inc.",First Lien,,,,6861000.0,7053000.0,6764000.0,,101.43,2.75,,PRIME,1.75,True,,,USD,6861000.0
HTGC,0001280784,0001280784-26-000042,10-Q,2026-06-30,2026-07-30,"Debt Investments, Consumer & Business Services, Tectura Corporation, Senior Secured, January 2027, FIXED 8.25%",Tectura Corporation,Tectura Corporation,First Lien,,,,8250000.0,8250000.0,8250000.0,,100.0,,,,,False,,,USD,8250000.0
HTGC,0001280784,0001280784-26-000042,10-Q,2026-06-30,2026-07-30,"Debt Investments, Defense Technologies, Hermeus Corporation, Senior Secured, March 2030, Prime + 2.75%, Floor rate 10.00%, PIK Interest 1.00%, 4.50% Exit Fee",Hermeus Corporation,Hermeus Corporation,First Lien,,,,13884000.0,13884000.0,14345000.0,,96.79,2.75,,PRIME,1.0,True,,,USD,13884000.0
HTGC,0001280784,0001280784-26-000042,10-Q,2026-06-30,2026-07-30,"Debt Investments, Defense Technologies, Saronic Technologies, Inc., Senior Secured, June 2030, Prime + 2.50%, Floor rate 9.00%, 2.00% Exit Fee","Saronic Technologies, Inc.","Saronic Technologies, Inc.",First Lien,,,,76603000.0,73296000.0,74414000.0,,102.94,2.5,,PRIME,,False,,,USD,76603000.0
HTGC,0001280784,0001280784-26-000042,10-Q,2026-06-30,2026-07-30,"Debt Investments, Defense Technologies, Shield AI, Inc., Senior Secured, February 2029, Prime + 0.85%, Floor rate 6.85%, Cap rate 9.60%, PIK Interest 2.50%, 2.50% Exit Fee","Shield AI, Inc.","Shield AI, Inc.",First Lien,,,,150226000.0,148169000.0,148179000.0,,101.38,0.85,,PRIME,2.5,True,,,USD,150226000.0
HTGC,0001280784,0001280784-26-000042,10-Q,2026-06-30,2026-07-30,"Debt Investments, Diversified Financial Services, Gibraltar Acquisition LLC, Unsecured, July 2029, FIXED 11.50%",Gibraltar Acquisition LLC,Gibraltar Acquisition LLC,Unsecured,,,,28462000.0,28462000.0,28805000.0,,98.81,,,,,False,,,USD,28462000.0
HTGC,0001280784,0001280784-26-000042,10-Q,2026-06-30,2026-07-30,"Debt Investments, Diversified Financial Services, Gibraltar Acquisition LLC, Unsecured, July 2029, FIXED 11.95%",Gibraltar Acquisition LLC,Gibraltar Acquisition LLC,Unsecured,,,,9861000.0,9861000.0,10000000.0,,98.61,,,,,False,,,USD,9861000.0
HTGC,0001280784,0001280784-26-000042,10-Q,2026-06-30,2026-07-30,"Debt Investments, Diversified Financial Services, Hercules Adviser LLC, Unsecured, March 2027, FIXED 6.75%",Hercules Adviser LLC,Hercules Adviser LLC,Unsecured,,,,8000000.0,8000000.0,8000000.0,,100.0,,,,,False,,,USD,8000000.0
HTGC,0001280784,0001280784-26-000042,10-Q,2026-06-30,2026-07-30,"Debt Investments, Drug Discovery & Development, 4D Molecular Therapeutics, Inc., Senior Secured, June 2031, Prime + 2.00%, Floor rate 8.75%, Cap rate 9.50%, 6.50% Exit Fee","4D Molecular Therapeutics, Inc.","4D Molecular Therapeutics, Inc.",First Lien,,,,15047000.0,15047000.0,15200000.0,,98.99,2.0,,PRIME,,False,,,USD,15047000.0
HTGC,0001280784,0001280784-26-000042,10-Q,2026-06-30,2026-07-30,"Debt Investments, Drug Discovery & Development, Alector, Inc., Senior Secured, December 2028, Prime + 1.05%, Floor rate 8.05%, 4.75% Exit Fee","Alector, Inc.","Alector, Inc.",First Lien,,,,7277000.0,7106000.0,7000000.0,,103.96,1.05,,PRIME,,False,,,USD,7277000.0
HTGC,0001280784,0001280784-26-000042,10-Q,2026-06-30,2026-07-30,"Debt Investments, Drug Discovery & Development, Altimmune, Inc., Senior Secured, June 2029, Prime + 2.45%, Floor rate 9.70%, 6.25% Exit Fee","Altimmune, Inc.","Altimmune, Inc.",First Lien,,,,17625000.0,17609000.0,17500000.0,,100.71,2.45,,PRIME,,False,,,USD,17625000.0
HTGC,0001280784,0001280784-26-000042,10-Q,2026-06-30,2026-07-30,"Debt Investments, Drug Discovery & Development, Arcus Biosciences, Inc., Senior Secured, September 2030, Prime - 0.05%, Floor rate 8.45%, PIK Interest 2.20%, 9.00% Exit Fee","Arcus Biosciences, Inc.","Arcus Biosciences, Inc.",First Lien,,,,81145000.0,77596000.0,76550000.0,,106.0,0.05,,PRIME,2.2,True,,,USD,81145000.0
HTGC,0001280784,0001280784-26-000042,10-Q,2026-06-30,2026-07-30,"Debt Investments, Drug Discovery & Development, Beren Therapeutics P.B.C., Senior Secured, October 2029, Prime + 2.45%, Floor rate 9.95%, 5.25% Exit Fee",Beren Therapeutics P.B.C.,Beren Therapeutics P.B.C.,First Lien,,,,16802000.0,16976000.0,17250000.0,,97.4,2.45,,PRIME,,False,,,USD,16802000.0
HTGC,0001280784,0001280784-26-000042,10-Q,2026-06-30,2026-07-30,"Debt Investments, Drug Discovery & Development, Braeburn, Inc., Senior Secured, October 2028, Prime + 3.00%, Floor rate 10.50%, PIK Interest 0.25%, 5.45% Exit Fee","Braeburn, Inc.","Braeburn, Inc.",First Lien,,,,56241000.0,54891000.0,53701000.0,,104.73,3.0,,PRIME,0.25,True,,,USD,56241000.0
HTGC,0001280784,0001280784-26-000042,10-Q,2026-06-30,2026-07-30,"Debt Investments, Drug Discovery & Development, COMPASS Pathways plc, Senior Secured, January 2031, Prime + 2.75%, Floor rate 9.75%, 7.75% Exit Fee",COMPASS Pathways plc,COMPASS Pathways plc,First Lien,,,,43369000.0,42592000.0,42500000.0,,102.04,2.75,,PRIME,,False,,,USD,43369000.0
HTGC,0001280784,0001280784-26-000042,10-Q,2026-06-30,2026-07-30,"Debt Investments, Drug Discovery & Development, Disc Medicine, Inc., Senior Secured, December 2029, Prime + 1.75%, Floor rate 8.25%, 6.75% Exit Fee","Disc Medicine, Inc.","Disc Medicine, Inc.",First Lien,,,,36465000.0,35224000.0,35000000.0,,104.19,1.75,,PRIME,,False,,,USD,36465000.0
HTGC,0001280784,0001280784-26-000042,10-Q,2026-06-30,2026-07-30,"Debt Investments, Drug Discovery & Development, Dyne Therapeutics, Inc., Senior Secured, July 2030, Prime + 2.45%, Floor rate 9.95%, 5.50% Exit Fee","Dyne Therapeutics, Inc.","Dyne Therapeutics, Inc.",First Lien,,,,143787000.0,141577000.0,142000000.0,,101.26,2.45,,PRIME,,False,,,USD,143787000.0
HTGC,0001280784,0001280784-26-000042,10-Q,2026-06-30,2026-07-30,"Debt Investments, Drug Discovery & Development, enGene Therapeutics Inc. (p.k.a. enGene, Inc.), Senior Secured, January 2030, Prime + 2.25%, Floor rate 9.25%, Cap rate 10.25%, 5.95% Exit Fee",Inc.),Inc.),First Lien,,,,17949000.0,17919000.0,17500000.0,,102.57,2.25,,PRIME,,False,,,USD,17949000.0
HTGC,0001280784,0001280784-26-000042,10-Q,2026-06-30,2026-07-30,"Debt Investments, Drug Discovery & Development, Heron Therapeutics, Inc., Senior Secured, September 2030, Prime + 1.95%, Floor rate 9.45%, PIK Interest 1.00%, 6.50% Exit Fee","Heron Therapeutics, Inc.","Heron Therapeutics, Inc.",First Lien,,,,78512000.0,80754000.0,80775000.0,,97.2,1.95,,PRIME,1.0,True,,,USD,78512000.0
HTGC,0001280784,0001280784-26-000042,10-Q,2026-06-30,2026-07-30,"Debt Investments, Drug Discovery & Development, Kura Oncology, Inc., Senior Secured, November 2027, Prime + 2.40%, Floor rate 8.65%, 6.05% Exit Fee","Kura Oncology, Inc.","Kura Oncology, Inc.",First Lien,,,,5838000.0,5745000.0,5500000.0,,106.15,2.4,,PRIME,,False,,,USD,5838000.0
HTGC,0001280784,0001280784-26-000042,10-Q,2026-06-30,2026-07-30,"Debt Investments, Drug Discovery & Development, Lexicon Pharmaceuticals, Inc., Senior Secured, May 2030, Prime + 3.10%, Floor rate 9.85%, 6.25% Exit Fee","Lexicon Pharmaceuticals, Inc.","Lexicon Pharmaceuticals, Inc.",First Lien,,,,39146000.0,39146000.0,39875000.0,,98.17,3.1,,PRIME,,False,,,USD,39146000.0
HTGC,0001280784,0001280784-26-000042,10-Q,2026-06-30,2026-07-30,"Debt Investments, Drug Discovery & Development, Maze Therapeutics, Inc., Senior Secured, February 2031, Prime + 0.95%, Floor rate 7.95%, 6.45% Exit Fee","Maze Therapeutics, Inc.","Maze Therapeutics, Inc.",First Lien,,,,28273000.0,27857000.0,28000000.0,,100.97,0.95,,PRIME,,False,,,USD,28273000.0
HTGC,0001280784,0001280784-26-000042,10-Q,2026-06-30,2026-07-30,"Debt Investments, Drug Discovery & Development, MoonLake Immunotherapeutics, Senior Secured, April 2030, Prime + 1.45%, Floor rate 8.45%, 6.95% Exit Fee",MoonLake Immunotherapeutics,MoonLake Immunotherapeutics,First Lien,,,,46872000.0,46215000.0,46000000.0,,101.9,1.45,,PRIME,,False,,,USD,46872000.0
HTGC,0001280784,0001280784-26-000042,10-Q,2026-06-30,2026-07-30,"Debt Investments, Drug Discovery & Development, NorthSea Therapeutics, Convertible Debt, June 2027, FIXED 6.00%",NorthSea Therapeutics,NorthSea Therapeutics,Convertible,,,,473000.0,473000.0,473000.0,,100.0,,,,,False,,,USD,473000.0
HTGC,0001280784,0001280784-26-000042,10-Q,2026-06-30,2026-07-30,"Debt Investments, Drug Discovery & Development, Phathom Pharmaceuticals, Inc., Senior Secured, February 2029, Prime + 3.10%, Floor rate 9.85%, 2.00% Exit Fee","Phathom Pharmaceuticals, Inc.","Phathom Pharmaceuticals, Inc.",First Lien,,,,133232000.0,132172000.0,132994000.0,,100.18,3.1,,PRIME,,False,,,USD,133232000.0
HTGC,0001280784,0001280784-26-000042,10-Q,2026-06-30,2026-07-30,"Debt Investments, Drug Discovery & Development, Replimune Group, Inc., Senior Secured, October 2027, Prime + 1.75%, Floor rate 8.50%, Cap rate 9.00%, PIK Interest 1.50%, 4.95% Exit Fee","Replimune Group, Inc.","Replimune Group, Inc.",First Lien,,,,58327000.0,58450000.0,57250000.0,,101.88,1.75,,PRIME,1.5,True,,,USD,58327000.0
HTGC,0001280784,0001280784-26-000042,10-Q,2026-06-30,2026-07-30,"Debt Investments, Drug Discovery & Development, Savara, Inc., Senior Secured, April 2030, Prime + 1.45%, Floor rate 7.45%, 6.95% Exit Fee","Savara, Inc.","Savara, Inc.",First Lien,,,,21910000.0,21728000.0,21450000.0,,102.14,1.45,,PRIME,,False,,,USD,21910000.0
HTGC,0001280784,0001280784-26-000042,10-Q,2026-06-30,2026-07-30,"Debt Investments, Drug Discovery & Development, SynOx Therapeutics Limited, Senior Secured, May 2028, Prime + 1.40%, Floor rate 9.90%, 7.25% Exit Fee",SynOx Therapeutics Limited,SynOx Therapeutics Limited,First Lien,,,,10608000.0,10548000.0,10500000.0,,101.03,1.4,,PRIME,,False,,,USD,10608000.0
HTGC,0001280784,0001280784-26-000042,10-Q,2026-06-30,2026-07-30,"Debt Investments, Drug Discovery & Development, Tenpoint Therapeutics Limited, Senior Secured, October 2029, Prime + 2.90%, Floor rate 10.40%, 6.65% Exit Fee",Tenpoint Therapeutics Limited,Tenpoint Therapeutics Limited,First Lien,,,,18277000.0,18723000.0,18750000.0,,97.48,2.9,,PRIME,,False,,,USD,18277000.0
HTGC,0001280784,0001280784-26-000042,10-Q,2026-06-30,2026-07-30,"Debt Investments, Drug Discovery & Development, uniQure B.V., Senior Secured, October 2030, Prime + 2.45%, Floor rate 9.45%, 5.50% Exit Fee",uniQure B.V.,uniQure B.V.,First Lien,,,,28486000.0,27618000.0,27500000.0,,103.59,2.45,,PRIME,,False,,,USD,28486000.0
HTGC,0001280784,0001280784-26-000042,10-Q,2026-06-30,2026-07-30,"Debt Investments, Drug Discovery & Development, X4 Pharmaceuticals, Inc., Senior Secured, July 2027, Prime + 3.15%, Floor rate 10.15%, 3.72% Exit Fee","X4 Pharmaceuticals, Inc.","X4 Pharmaceuticals, Inc.",First Lien,,,,77171000.0,76973000.0,75000000.0,,102.89,3.15,,PRIME,,False,,,USD,77171000.0
HTGC,0001280784,0001280784-26-000042,10-Q,2026-06-30,2026-07-30,"Debt Investments, Electronics & Computer Hardware, Locus Robotics Corp., Senior Secured, December 2028, Prime + 3.00%, Floor rate 9.50%, 4.00% Exit Fee",Locus Robotics Corp.,Locus Robotics Corp.,First Lien,,,,64766000.0,65518000.0,65000000.0,,99.64,3.0,,PRIME,,False,,,USD,64766000.0
HTGC,0001280784,0001280784-26-000042,10-Q,2026-06-30,2026-07-30,"Debt Investments, Healthcare Services, Other, Belong Health, Inc., Senior Secured, November 2029, Prime + 2.25%, Floor rate 9.75%, 5.45% Exit Fee","Belong Health, Inc.","Belong Health, Inc.",First Lien,,,,10871000.0,11046000.0,11250000.0,,96.63,2.25,,PRIME,,False,,,USD,10871000.0
HTGC,0001280784,0001280784-26-000042,10-Q,2026-06-30,2026-07-30,"Debt Investments, Healthcare Services, Other, Blue Sprig Pediatrics, Inc., Senior Secured, November 2026, 1-month SOFR + 5.11%, Floor rate 6.00%, PIK Interest 4.45%","Blue Sprig Pediatrics, Inc.","Blue Sprig Pediatrics, Inc.",First Lien,,,,76333000.0,77132000.0,77263000.0,,98.8,5.11,,SOFR,4.45,True,,,USD,76333000.0
HTGC,0001280784,0001280784-26-000042,10-Q,2026-06-30,2026-07-30,"Debt Investments, Healthcare Services, Other, ChenMed, LLC, Senior Secured, May 2030, Prime + 2.45%, Floor rate 9.45%, 3.75% Exit Fee","ChenMed, LLC","ChenMed, LLC",First Lien,,,,128588000.0,128727000.0,130000000.0,,98.91,2.45,,PRIME,,False,,,USD,128588000.0
HTGC,0001280784,0001280784-26-000042,10-Q,2026-06-30,2026-07-30,"Debt Investments, Healthcare Services, Other, Connections Health Holdings, LLC, Senior Secured, May 2030, Prime + 1.20%, Floor rate 7.95%, PIK Interest 1.00%, 6.95% Exit Fee","Connections Health Holdings, LLC","Connections Health Holdings, LLC",First Lien,,,,8325000.0,8325000.0,8501000.0,,97.93,1.2,,PRIME,1.0,True,,,USD,8325000.0
HTGC,0001280784,0001280784-26-000042,10-Q,2026-06-30,2026-07-30,"Debt Investments, Healthcare Services, Other, Consensus Intermediate Holdco, LLC, Senior Secured, June 2030, Prime + 3.20%, Floor rate 9.95%, 3.95% Exit Fee","Consensus Intermediate Holdco, LLC","Consensus Intermediate Holdco, LLC",First Lien,,,,14832000.0,14832000.0,15000000.0,,98.88,3.2,,PRIME,,False,,,USD,14832000.0
HTGC,0001280784,0001280784-26-000042,10-Q,2026-06-30,2026-07-30,"Debt Investments, Healthcare Services, Other, Curana Health Holdings, LLC, Senior Secured, October 2029, Prime + 1.45%, Floor rate 9.20%, 7.45% Exit Fee","Curana Health Holdings, LLC","Curana Health Holdings, LLC",First Lien,,,,61807000.0,61562000.0,60750000.0,,101.74,1.45,,PRIME,,False,,,USD,61807000.0
HTGC,0001280784,0001280784-26-000042,10-Q,2026-06-30,2026-07-30,"Debt Investments, Healthcare Services, Other, Ennoble Care LLC, Senior Secured, February 2030, Prime + 2.60%, Floor rate 10.35%, 7.95% Exit Fee",Ennoble Care LLC,Ennoble Care LLC,First Lien,,,,45097000.0,44863000.0,45000000.0,,100.22,2.6,,PRIME,,False,,,USD,45097000.0
HTGC,0001280784,0001280784-26-000042,10-Q,2026-06-30,2026-07-30,"Debt Investments, Healthcare Services, Other, Equality Health, LLC, Senior Secured, February 2028, Prime + 5.85%, Floor rate 9.50%, PIK Interest 1.95%","Equality Health, LLC","Equality Health, LLC",First Lien,,,,71505000.0,72263000.0,72655000.0,,98.42,5.85,,PRIME,1.95,True,,,USD,71505000.0
HTGC,0001280784,0001280784-26-000042,10-Q,2026-06-30,2026-07-30,"Debt Investments, Healthcare Services, Other, Main Street Rural, Inc., Senior Secured, July 2027, Prime + 1.95%, Floor rate 9.95%, 6.85% Exit Fee","Main Street Rural, Inc.","Main Street Rural, Inc.",First Lien,,,,76373000.0,76099000.0,73500000.0,,103.91,1.95,,PRIME,,False,,,USD,76373000.0
HTGC,0001280784,0001280784-26-000042,10-Q,2026-06-30,2026-07-30,"Debt Investments, Healthcare Services, Other, Marathon Health, LLC, Senior Secured, February 2029, Prime + 0.25%, Floor rate 8.25%, PIK Interest 2.25%, 3.00% Exit Fee","Marathon Health, LLC","Marathon Health, LLC",First Lien,,,,184780000.0,185759000.0,184924000.0,,99.92,0.25,,PRIME,2.25,True,,,USD,184780000.0
HTGC,0001280784,0001280784-26-000042,10-Q,2026-06-30,2026-07-30,"Debt Investments, Healthcare Services, Other, Modern Life, Inc., Senior Secured, February 2029, Prime + 2.75%, Floor rate 10.25%, 5.00% Exit Fee","Modern Life, Inc.","Modern Life, Inc.",First Lien,,,,19054000.0,19234000.0,19032000.0,,100.12,2.75,,PRIME,,False,,,USD,19054000.0
HTGC,0001280784,0001280784-26-000042,10-Q,2026-06-30,2026-07-30,"Debt Investments, Healthcare Services, Other, NeueHealth, Inc., Senior Secured, June 2028, Prime + 3.65%, Floor rate 12.15%, 2.50% Exit Fee","NeueHealth, Inc.","NeueHealth, Inc.",First Lien,,,,53607000.0,53936000.0,55288000.0,,96.96,3.65,,PRIME,,False,,,USD,53607000.0
HTGC,0001280784,0001280784-26-000042,10-Q,2026-06-30,2026-07-30,"Debt Investments, Healthcare Services, Other, Octave Health Group, Inc., Senior Secured, October 2029, Prime + 2.70%, Floor rate 9.95%, 5.35% Exit Fee","Octave Health Group, Inc.","Octave Health Group, Inc.",First Lien,,,,12171000.0,12302000.0,12500000.0,,97.37,2.7,,PRIME,,False,,,USD,12171000.0
HTGC,0001280784,0001280784-26-000042,10-Q,2026-06-30,2026-07-30,"Debt Investments, Healthcare Services, Other, Strive Health Holdings, LLC, Senior Secured, August 2029, Prime + 1.05%, Floor rate 9.55%, 5.95% Exit Fee","Strive Health Holdings, LLC","Strive Health Holdings, LLC",First Lien,,,,36418000.0,36118000.0,36000000.0,,101.16,1.05,,PRIME,,False,,,USD,36418000.0
HTGC,0001280784,0001280784-26-000042,10-Q,2026-06-30,2026-07-30,"Debt Investments, Healthcare Services, Other, The Good Health Group, LLC, Senior Secured, June 2030, Prime + 3.45%, Floor rate 10.20%, 5.95% Exit Fee","The Good Health Group, LLC","The Good Health Group, LLC",First Lien,,,,18913000.0,18913000.0,19125000.0,,98.89,3.45,,PRIME,,False,,,USD,18913000.0
HTGC,0001280784,0001280784-26-000042,10-Q,2026-06-30,2026-07-30,"Debt Investments, Healthcare Services, Other, Tungsten Health Holdings, LLC, Senior Secured, December 2029, Prime + 1.00%, Floor rate 8.50%, Cap rate 9.00%, PIK Interest 1.25%, 8.35% Exit Fee","Tungsten Health Holdings, LLC","Tungsten Health Holdings, LLC",First Lien,,,,10171000.0,10180000.0,10179000.0,,99.92,1.0,,PRIME,1.25,True,,,USD,10171000.0
HTGC,0001280784,0001280784-26-000042,10-Q,2026-06-30,2026-07-30,"Debt Investments, Healthcare Services, Other, WellBe Senior Medical, LLC, Senior Secured, May 2029, Prime + 0.75%, Floor rate 7.75%, PIK Interest 2.65%, 6.75% Exit Fee","WellBe Senior Medical, LLC","WellBe Senior Medical, LLC",First Lien,,,,33578000.0,33922000.0,33495000.0,,100.25,0.75,,PRIME,2.65,True,,,USD,33578000.0
HTGC,0001280784,0001280784-26-000042,10-Q,2026-06-30,2026-07-30,"Debt Investments, Information Services, Saama Technologies, LLC, Senior Secured, July 2027, Prime + 0.70%, Floor rate 8.95%, PIK Interest 2.00%, 3.45% Exit Fee","Saama Technologies, LLC","Saama Technologies, LLC",First Lien,,,,24791000.0,24615000.0,24285000.0,,102.08,0.7,,PRIME,2.0,True,,,USD,24791000.0
HTGC,0001280784,0001280784-26-000042,10-Q,2026-06-30,2026-07-30,"Debt Investments, Manufacturing Technology, VulcanForms Inc., Senior Secured, January 2028, Prime + 4.25%, Floor rate 11.25%, 4.25% Exit Fee",VulcanForms Inc.,VulcanForms Inc.,First Lien,,,,20113000.0,20222000.0,20000000.0,,100.56,4.25,,PRIME,,False,,,USD,20113000.0
HTGC,0001280784,0001280784-26-000042,10-Q,2026-06-30,2026-07-30,"Debt Investments, Medical Devices & Equipment, Cognito Therapeutics Group, Inc., Senior Secured, January 2030, Prime + 2.70%, Floor rate 9.95%, 5.75% Exit Fee","Cognito Therapeutics Group, Inc.","Cognito Therapeutics Group, Inc.",First Lien,,,,4360000.0,4360000.0,4500000.0,,96.89,2.7,,PRIME,,False,,,USD,4360000.0
HTGC,0001280784,0001280784-26-000042,10-Q,2026-06-30,2026-07-30,"Debt Investments, Medical Devices & Equipment, Orchestra BioMed Holdings, Inc., Senior Secured, November 2028, Prime + 2.00%, Floor rate 9.50%, 6.35% Exit Fee","Orchestra BioMed Holdings, Inc.","Orchestra BioMed Holdings, Inc.",First Lien,,,,15304000.0,15196000.0,15000000.0,,102.03,2.0,,PRIME,,False,,,USD,15304000.0
HTGC,0001280784,0001280784-26-000042,10-Q,2026-06-30,2026-07-30,"Debt Investments, Medical Devices & Equipment, Senseonics Holdings, Inc., Senior Secured, August 2029, Prime + 2.40%, Floor rate 9.90%, 13.40% Exit Fee","Senseonics Holdings, Inc.","Senseonics Holdings, Inc.",First Lien,,,,32218000.0,31939000.0,30625000.0,,105.2,2.4,,PRIME,,False,,,USD,32218000.0
HTGC,0001280784,0001280784-26-000042,10-Q,2026-06-30,2026-07-30,"Debt Investments, Medical Devices & Equipment, Senseonics Holdings, Inc., Senior Secured, August 2029, Prime + 2.40%, Floor rate 9.90%, 6.45% Exit Fee","Senseonics Holdings, Inc.","Senseonics Holdings, Inc.",First Lien,,,,15383000.0,15289000.0,15500000.0,,99.25,2.4,,PRIME,,False,,,USD,15383000.0
HTGC,0001280784,0001280784-26-000042,10-Q,2026-06-30,2026-07-30,"Debt Investments, Medical Devices & Equipment, Sight Sciences, Inc., Senior Secured, July 2028, Prime + 2.35%, Floor rate 10.35%, 5.95% Exit Fee","Sight Sciences, Inc.","Sight Sciences, Inc.",First Lien,,,,28732000.0,28684000.0,28000000.0,,102.61,2.35,,PRIME,,False,,,USD,28732000.0
HTGC,0001280784,0001280784-26-000042,10-Q,2026-06-30,2026-07-30,"Debt Investments, Space Technologies, LeoLabs, Inc., Senior Secured, April 2030, Prime + 2.90%, Floor rate 9.65%, PIK Interest 0.95%, 3.50% Exit Fee","LeoLabs, Inc.","LeoLabs, Inc.",First Lien,,,,6526000.0,6526000.0,6609000.0,,98.74,2.9,,PRIME,0.95,True,,,USD,6526000.0
HTGC,0001280784,0001280784-26-000042,10-Q,2026-06-30,2026-07-30,"Debt Investments, Space Technologies, Loft Orbital Solutions Inc., Senior Secured, December 2029, Prime + 1.75%, Floor rate 8.75%, PIK Interest 1.00%, 3.45% Exit Fee",Loft Orbital Solutions Inc.,Loft Orbital Solutions Inc.,First Lien,,,,8695000.0,8679000.0,8864000.0,,98.09,1.75,,PRIME,1.0,True,,,USD,8695000.0
HTGC,0001280784,0001280784-26-000042,10-Q,2026-06-30,2026-07-30,"Debt Investments, Space Technologies, Stoke Space Technologies, Inc., Senior Secured, May 2029, Prime + 1.00%, Floor rate 7.50%, PIK Interest 2.00%, 5.25% Exit Fee","Stoke Space Technologies, Inc.","Stoke Space Technologies, Inc.",First Lien,,,,28202000.0,28140000.0,28573000.0,,98.7,1.0,,PRIME,2.0,True,,,USD,28202000.0
HTGC,0001280784,0001280784-26-000042,10-Q,2026-06-30,2026-07-30,"Debt Investments, Sustainable and Renewable Technology, Electric Hydrogen Co., Senior Secured, May 2028, Prime + 2.25%, Floor rate 10.75%, PIK Interest 1.25%, 5.75% Exit Fee",Electric Hydrogen Co.,Electric Hydrogen Co.,First Lien,,,,12791000.0,12950000.0,12850000.0,,99.54,2.25,,PRIME,1.25,True,,,USD,12791000.0
HTGC,0001280784,0001280784-26-000042,10-Q,2026-06-30,2026-07-30,"Debt Investments, Sustainable and Renewable Technology, Electric Hydrogen Co., Senior Secured, May 2028, Prime + 2.25%, Floor rate 10.75%, PIK Interest 1.25%, 7.45% Exit Fee",Electric Hydrogen Co.,Electric Hydrogen Co.,First Lien,,,,17735000.0,17956000.0,17720000.0,,100.08,2.25,,PRIME,1.25,True,,,USD,17735000.0
HTGC,0001280784,0001280784-26-000042,10-Q,2026-06-30,2026-07-30,"Debt Investments, Sustainable and Renewable Technology, Renew Home, LLC, Senior Secured, March 2030, Prime + 3.00%, Floor rate 9.25%, 5.00% Exit Fee","Renew Home, LLC","Renew Home, LLC",First Lien,,,,4995000.0,4995000.0,5000000.0,,99.9,3.0,,PRIME,,False,,,USD,4995000.0
HTGC,0001280784,0001280784-26-000042,10-Q,2026-06-30,2026-07-30,"Debt Investments, Sustainable and Renewable Technology, Tidal Vision Products, Inc., Senior Secured, October 2028, Prime + 2.45%, Floor rate 9.70%, 3.45% Exit Fee","Tidal Vision Products, Inc.","Tidal Vision Products, Inc.",First Lien,,,,4803000.0,4803000.0,5000000.0,,96.06,2.45,,PRIME,,False,,,USD,4803000.0
HTGC,0001280784,0001280784-26-000042,10-Q,2026-06-30,2026-07-30,"Debt Investments, System Software, Akeyless Security Ltd., Senior Secured, August 2028, Prime + 4.00%, Floor rate 11.00%, 2.95% Exit Fee",Akeyless Security Ltd.,Akeyless Security Ltd.,First Lien,,,,13203000.0,13266000.0,13400000.0,,98.53,4.0,,PRIME,,False,,,USD,13203000.0
HTGC,0001280784,0001280784-26-000042,10-Q,2026-06-30,2026-07-30,"Debt Investments, System Software, ControlUp, Inc., Senior Secured, January 2031, Prime + 0.25%, Floor rate 6.75%, PIK Interest 2.00%, 3.00% Exit Fee","ControlUp, Inc.","ControlUp, Inc.",First Lien,,,,10001000.0,10001000.0,10084000.0,,99.18,0.25,,PRIME,2.0,True,,,USD,10001000.0
HTGC,0001280784,0001280784-26-000042,10-Q,2026-06-30,2026-07-30,"Debt Investments, System Software, CoreView USA, Inc., Senior Secured, January 2029, Prime + 2.75%, Floor rate 9.25%, 4.95% Exit Fee","CoreView USA, Inc.","CoreView USA, Inc.",First Lien,,,,25243000.0,25216000.0,25000000.0,,100.97,2.75,,PRIME,,False,,,USD,25243000.0
HTGC,0001280784,0001280784-26-000042,10-Q,2026-06-30,2026-07-30,"Debt Investments, System Software, Coronet Cyber Security Ltd., Senior Secured, October 2028, Prime - 2.95%, Floor rate 3.55%, PIK Interest 5.85%",Coronet Cyber Security Ltd.,Coronet Cyber Security Ltd.,First Lien,,,,7077000.0,7351000.0,7427000.0,,95.29,2.95,,PRIME,5.85,True,,,USD,7077000.0
HTGC,0001280784,0001280784-26-000042,10-Q,2026-06-30,2026-07-30,"Debt Investments, System Software, DNSFilter, Inc., Senior Secured, October 2028, Prime + 2.15%, Floor rate 8.65%, PIK Interest 0.75%, 4.95% Exit Fee","DNSFilter, Inc.","DNSFilter, Inc.",First Lien,,,,5013000.0,5031000.0,5028000.0,,99.7,2.15,,PRIME,0.75,True,,,USD,5013000.0
HTGC,0001280784,0001280784-26-000042,10-Q,2026-06-30,2026-07-30,"Debt Investments, System Software, Expel, Inc., Senior Secured, April 2029, Prime + 3.90%, Floor rate 10.65%, 2.00% Exit Fee","Expel, Inc.","Expel, Inc.",First Lien,,,,11718000.0,11901000.0,12000000.0,,97.65,3.9,,PRIME,,False,,,USD,11718000.0
HTGC,0001280784,0001280784-26-000042,10-Q,2026-06-30,2026-07-30,"Debt Investments, System Software, Harness, Inc., Senior Secured, March 2029, Prime - 2.25%, Floor rate 5.25%, Cap rate 6.50%, PIK Interest 6.25%, 1.00% Exit Fee","Harness, Inc.","Harness, Inc.",First Lien,,,,60308000.0,59360000.0,59760000.0,,100.92,2.25,,PRIME,6.25,True,,,USD,60308000.0
HTGC,0001280784,0001280784-26-000042,10-Q,2026-06-30,2026-07-30,"Debt Investments, System Software, LogRhythm, Inc., Senior Secured, July 2029, 1-month SOFR + 7.50%, Floor rate 8.50%","LogRhythm, Inc.","LogRhythm, Inc.",First Lien,,,,22741000.0,24704000.0,25209000.0,,90.21,7.5,,SOFR,,False,,,USD,22741000.0
HTGC,0001280784,0001280784-26-000042,10-Q,2026-06-30,2026-07-30,"Debt Investments, System Software, Morphisec Information Security 2014 Ltd., Senior Secured, October 2027, Prime + 3.45%, Floor rate 11.70%, 5.95% Exit Fee",Morphisec Information Security 2014 Ltd.,Morphisec Information Security 2014 Ltd.,First Lien,,,,11607000.0,11758000.0,11435000.0,,101.5,3.45,,PRIME,,False,,,USD,11607000.0
HTGC,0001280784,0001280784-26-000042,10-Q,2026-06-30,2026-07-30,"Debt Investments, System Software, Neo4j, Inc., Senior Secured, April 2030, Prime + 2.60%, Floor rate 9.10%, 3.50% Exit Fee","Neo4j, Inc.","Neo4j, Inc.",First Lien,,,,9878000.0,9878000.0,10000000.0,,98.78,2.6,,PRIME,,False,,,USD,9878000.0
HTGC,0001280784,0001280784-26-000042,10-Q,2026-06-30,2026-07-30,"Debt Investments, System Software, New Relic, Inc., Senior Secured, November 2030, 3-month SOFR + 6.75%, Floor rate 7.75%","New Relic, Inc.","New Relic, Inc.",First Lien,,,,21343000.0,21499000.0,21890000.0,,97.5,6.75,,SOFR,,False,,,USD,21343000.0
HTGC,0001280784,0001280784-26-000042,10-Q,2026-06-30,2026-07-30,"Debt Investments, System Software, PayIt, LLC, Senior Secured, December 2028, Prime + 1.45%, Floor rate 7.95%, PIK Interest 1.50%, 5.00% Exit Fee","PayIt, LLC","PayIt, LLC",First Lien,,,,26252000.0,26588000.0,26467000.0,,99.19,1.45,,PRIME,1.5,True,,,USD,26252000.0
HTGC,0001280784,0001280784-26-000042,10-Q,2026-06-30,2026-07-30,"Debt Investments, System Software, PayIt, LLC, Senior Secured, December 2028, Prime + 3.00%, Floor rate 10.25%, PIK Interest 1.50%, 5.00% Exit Fee","PayIt, LLC","PayIt, LLC",First Lien,,,,2788000.0,2776000.0,2802000.0,,99.5,3.0,,PRIME,1.5,True,,,USD,2788000.0
HTGC,0001280784,0001280784-26-000042,10-Q,2026-06-30,2026-07-30,"Debt Investments, System Software, Scylla DB Ltd., Senior Secured, July 2029, Prime + 3.00%, Floor rate 10.50%, 0.75% Exit Fee",Scylla DB Ltd.,Scylla DB Ltd.,First Lien,,,,14553000.0,14836000.0,15000000.0,,97.02,3.0,,PRIME,,False,,,USD,14553000.0
HTGC,0001280784,0001280784-26-000042,10-Q,2026-06-30,2026-07-30,"Debt Investments, System Software, Semperis Technologies Inc., Senior Secured, April 2029, Prime - 1.75%, Floor rate 6.75%, PIK Interest 3.25%",Semperis Technologies Inc.,Semperis Technologies Inc.,First Lien,,,,23700000.0,23727000.0,23900000.0,,99.16,1.75,,PRIME,3.25,True,,,USD,23700000.0
HTGC,0001280784,0001280784-26-000042,10-Q,2026-06-30,2026-07-30,"Debt Investments, System Software, Semperis Technologies Inc., Senior Secured, April 2029, Prime - 0.50%, Floor rate 8.00%, PIK Interest 3.85%",Semperis Technologies Inc.,Semperis Technologies Inc.,First Lien,,,,34042000.0,34067000.0,34478000.0,,98.74,0.5,,PRIME,3.85,True,,,USD,34042000.0
HTGC,0001280784,0001280784-26-000042,10-Q,2026-06-30,2026-07-30,"Debt Investments, System Software, Semperis Technologies Inc., Senior Secured, April 2029, Prime + 2.50%, Floor rate 9.00%, PIK Interest 1.50%",Semperis Technologies Inc.,Semperis Technologies Inc.,First Lien,,,,24572000.0,24557000.0,24807000.0,,99.05,2.5,,PRIME,1.5,True,,,USD,24572000.0
HTGC,0001280784,0001280784-26-000042,10-Q,2026-06-30,2026-07-30,"Debt Investments, System Software, Sumo Logic, Inc., Senior Secured, May 2030, 3-month SOFR + 6.50%, Floor rate 7.50%","Sumo Logic, Inc.","Sumo Logic, Inc.",First Lien,,,,22663000.0,23171000.0,23543000.0,,96.26,6.5,,SOFR,,False,,,USD,22663000.0
HTGC,0001280784,0001280784-26-000042,10-Q,2026-06-30,2026-07-30,"Debt Investments, System Software, Zimperium, Inc., Senior Secured, May 2027, 3-month SOFR + 8.10%, Floor rate 9.10%","Zimperium, Inc.","Zimperium, Inc.",First Lien,,,,17647000.0,17647000.0,17734000.0,,99.51,8.1,,SOFR,,False,,,USD,17647000.0
HTGC,0001280784,0001280784-26-000042,10-Q,2026-06-30,2026-07-30,"Debt Investments, System Software, Zimperium, Inc., Senior Secured, May 2027, 3-month SOFR + 5.39%, Floor rate 6.39%","Zimperium, Inc.","Zimperium, Inc.",First Lien,,,,1775000.0,1775000.0,1789000.0,,99.22,5.39,,SOFR,,False,,,USD,1775000.0
HTGC,0001280784,0001280784-26-000042,10-Q,2026-06-30,2026-07-30,"Equity Investments, Application Software, Black Crow AI, Inc. affiliates, Equity, 3/24/2021, Preferred Note",3/24/2021,3/24/2021,Preferred Equity,,,,2985000.0,2985000.0,,3.0,100.0,,,,,False,,,USD,2985000.0
HTGC,0001280784,0001280784-26-000042,10-Q,2026-06-30,2026-07-30,"Equity Investments, Application Software, CapLinked, Inc., Equity, 10/26/2012, Preferred Series A-3",10/26/2012,10/26/2012,Preferred Equity,,,,0.0,51000.0,,53614.0,0.0,,,,,False,,,USD,0.0
HTGC,0001280784,0001280784-26-000042,10-Q,2026-06-30,2026-07-30,"Equity Investments, Application Software, DNAnexus, Inc., Equity, 3/21/2014, Preferred Series C",3/21/2014,3/21/2014,Preferred Equity,,,,12000.0,97000.0,,51948.0,12.37,,,,,False,,,USD,12000.0
HTGC,0001280784,0001280784-26-000042,10-Q,2026-06-30,2026-07-30,"Equity Investments, Application Software, Hypercore Inc., Equity, 1/22/2026, Preferred Series A-II",1/22/2026,1/22/2026,Preferred Equity,,,,400000.0,400000.0,,231938.0,100.0,,,,,False,,,USD,400000.0
HTGC,0001280784,0001280784-26-000042,10-Q,2026-06-30,2026-07-30,"Equity Investments, Application Software, Khoros, LLC, Equity, 5/23/2025, Earnout Interest",Equity,Equity,Common Equity,,,,611000.0,5242000.0,,,11.66,,,,,False,,,USD,611000.0
HTGC,0001280784,0001280784-26-000042,10-Q,2026-06-30,2026-07-30,"Equity Investments, Application Software, Leapwork ApS, Equity, 8/25/2023, Preferred Series B2",8/25/2023,8/25/2023,Preferred Equity,,,,70000.0,250000.0,,183073.0,28.0,,,,,False,,,USD,70000.0
HTGC,0001280784,0001280784-26-000042,10-Q,2026-06-30,2026-07-30,"Equity Investments, Application Software, micro1 Inc., Equity, 6/26/2026, SAFE",Equity,Equity,Common Equity,,,,1813000.0,1813000.0,,,100.0,,,,,False,,,USD,1813000.0
HTGC,0001280784,0001280784-26-000042,10-Q,2026-06-30,2026-07-30,"Equity Investments, Application Software, Nextdoor.com, Inc., Equity, 8/1/2018, Common Stock",8/1/2018,8/1/2018,Common Equity,,,,2314000.0,4854000.0,,1019255.0,47.67,,,,,False,,,USD,2314000.0
HTGC,0001280784,0001280784-26-000042,10-Q,2026-06-30,2026-07-30,"Equity Investments, Application Software, Verana Health, Inc., Equity, 7/8/2021, Common Stock",7/8/2021,7/8/2021,Common Equity,,,,0.0,2000000.0,,23814.0,0.0,,,,,False,,,USD,0.0
HTGC,0001280784,0001280784-26-000042,10-Q,2026-06-30,2026-07-30,"Equity Investments, Biotechnology Tools, Alamar Biosciences, Inc., Equity, 2/21/2024, Common Stock",2/21/2024,2/21/2024,Common Equity,,,,5644000.0,1500000.0,,208344.0,376.27,,,,,False,,,USD,5644000.0
HTGC,0001280784,0001280784-26-000042,10-Q,2026-06-30,2026-07-30,"Equity Investments, Consumer & Business Products, Fabletics, Inc., Equity, 4/30/2010, Common Stock",4/30/2010,4/30/2010,Common Equity,,,,35000.0,128000.0,,42989.0,27.34,,,,,False,,,USD,35000.0
HTGC,0001280784,0001280784-26-000042,10-Q,2026-06-30,2026-07-30,"Equity Investments, Consumer & Business Products, Fabletics, Inc., Equity, 7/16/2013, Preferred Series B",7/16/2013,7/16/2013,Preferred Equity,,,,255000.0,1101000.0,,130191.0,23.16,,,,,False,,,USD,255000.0
HTGC,0001280784,0001280784-26-000042,10-Q,2026-06-30,2026-07-30,"Equity Investments, Consumer & Business Products, Grove Collaborative, Inc., Equity, 4/30/2021, Common Stock",4/30/2021,4/30/2021,Common Equity,,,,15000.0,433000.0,,12260.0,3.46,,,,,False,,,USD,15000.0
HTGC,0001280784,0001280784-26-000042,10-Q,2026-06-30,2026-07-30,"Equity Investments, Consumer & Business Products, Savage X Holding, LLC, Equity, 4/30/2010, Class A Units",Equity,Equity,Common Equity,,,,190000.0,13000.0,,172328.0,1461.54,,,,,False,,,USD,190000.0
HTGC,0001280784,0001280784-26-000042,10-Q,2026-06-30,2026-07-30,"Equity Investments, Consumer & Business Services, Carwow LTD, Equity, 12/15/2021, Preferred Series D-4",12/15/2021,12/15/2021,Preferred Equity,,,,948000.0,1151000.0,,216073.0,82.36,,,,,False,,,USD,948000.0
HTGC,0001280784,0001280784-26-000042,10-Q,2026-06-30,2026-07-30,"Equity Investments, Consumer & Business Services, Jobandtalent USA, Inc., Equity, 2/11/2025, Preferred Series F",2/11/2025,2/11/2025,Preferred Equity,,,,0.0,563000.0,,47754.0,0.0,,,,,False,,,USD,0.0
HTGC,0001280784,0001280784-26-000042,10-Q,2026-06-30,2026-07-30,"Equity Investments, Consumer & Business Services, Lyft, Inc., Equity, 12/26/2018, Common Stock",12/26/2018,12/26/2018,Common Equity,,,,1472000.0,5263000.0,,100738.0,27.97,,,,,False,,,USD,1472000.0
HTGC,0001280784,0001280784-26-000042,10-Q,2026-06-30,2026-07-30,"Equity Investments, Consumer & Business Services, Nerdy Inc., Equity, 9/17/2021, Common Stock",9/17/2021,9/17/2021,Common Equity,,,,92000.0,1000000.0,,100000.0,9.2,,,,,False,,,USD,92000.0
HTGC,0001280784,0001280784-26-000042,10-Q,2026-06-30,2026-07-30,"Equity Investments, Consumer & Business Services, OfferUp, Inc., Equity, 10/25/2016, Preferred Series A",10/25/2016,10/25/2016,Preferred Equity,,,,346000.0,1663000.0,,286080.0,20.81,,,,,False,,,USD,346000.0
HTGC,0001280784,0001280784-26-000042,10-Q,2026-06-30,2026-07-30,"Equity Investments, Consumer & Business Services, OfferUp, Inc., Equity, 10/25/2016, Preferred Series A-1",10/25/2016,10/25/2016,Preferred Equity,,,,131000.0,632000.0,,108710.0,20.73,,,,,False,,,USD,131000.0
HTGC,0001280784,0001280784-26-000042,10-Q,2026-06-30,2026-07-30,"Equity Investments, Consumer & Business Services, Oportun, Equity, 6/28/2013, Common Stock",6/28/2013,6/28/2013,Common Equity,,,,276000.0,577000.0,,48365.0,47.83,,,,,False,,,USD,276000.0
HTGC,0001280784,0001280784-26-000042,10-Q,2026-06-30,2026-07-30,"Equity Investments, Consumer & Business Services, Reischling Press, Inc., Equity, 7/31/2020, Common Stock",7/31/2020,7/31/2020,Common Equity,,,,0.0,39000.0,,3095.0,0.0,,,,,False,,,USD,0.0
HTGC,0001280784,0001280784-26-000042,10-Q,2026-06-30,2026-07-30,"Equity Investments, Consumer & Business Services, Rhino Labs, Inc., Equity, 1/24/2022, Common Stock",1/24/2022,1/24/2022,Common Equity,,,,0.0,1000000.0,,7063.0,0.0,,,,,False,,,USD,0.0
HTGC,0001280784,0001280784-26-000042,10-Q,2026-06-30,2026-07-30,"Equity Investments, Consumer & Business Services, Tectura Corporation, Equity, 5/23/2018, Common Stock",5/23/2018,5/23/2018,Common Equity,,,,0.0,900000.0,,414994863.0,0.0,,,,,False,,,USD,0.0
HTGC,0001280784,0001280784-26-000042,10-Q,2026-06-30,2026-07-30,"Equity Investments, Consumer & Business Services, Tectura Corporation, Equity, 6/6/2016, Preferred Series BB",6/6/2016,6/6/2016,Preferred Equity,,,,0.0,0.0,,1000000.0,,,,,,False,,,USD,0.0
HTGC,0001280784,0001280784-26-000042,10-Q,2026-06-30,2026-07-30,"Equity Investments, Consumer & Business Services, Tectura Corporation, Equity, 12/29/2023, Preferred Series C",12/29/2023,12/29/2023,Preferred Equity,,,,782000.0,13263000.0,,3235298.0,5.9,,,,,False,,,USD,782000.0
HTGC,0001280784,0001280784-26-000042,10-Q,2026-06-30,2026-07-30,"Equity Investments, Consumer & Business Services, Worldremit Group Limited, Equity, 6/24/2024, Preferred Series X",6/24/2024,6/24/2024,Preferred Equity,,,,394000.0,922000.0,,9737.0,42.73,,,,,False,,,USD,394000.0
HTGC,0001280784,0001280784-26-000042,10-Q,2026-06-30,2026-07-30,"Equity Investments, Defense Technologies, Saronic Technologies, Inc., Equity, 3/27/2026, Preferred Series D",3/27/2026,3/27/2026,Preferred Equity,,,,5078000.0,4250000.0,,154854.0,119.48,,,,,False,,,USD,5078000.0
HTGC,0001280784,0001280784-26-000042,10-Q,2026-06-30,2026-07-30,"Equity Investments, Defense Technologies, Shield AI, Inc., Equity, 2/7/2025, Preferred Series F1",2/7/2025,2/7/2025,Preferred Equity,,,,3681000.0,2250000.0,,28900.0,163.6,,,,,False,,,USD,3681000.0
HTGC,0001280784,0001280784-26-000042,10-Q,2026-06-30,2026-07-30,"Equity Investments, Diversified Financial Services, Gibraltar Acquisition LLC, Equity, 3/1/2018, Member Units",Equity,Equity,Common Equity,,,,24421000.0,31856000.0,,1.0,76.66,,,,,False,,,USD,24421000.0
HTGC,0001280784,0001280784-26-000042,10-Q,2026-06-30,2026-07-30,"Equity Investments, Diversified Financial Services, Hercules Adviser LLC, Equity, 3/26/2021, Member Units",Equity,Equity,Common Equity,,,,40535000.0,12035000.0,,1.0,336.81,,,,,False,,,USD,40535000.0
HTGC,0001280784,0001280784-26-000042,10-Q,2026-06-30,2026-07-30,"Equity Investments, Drug Delivery, Aytu BioScience, Inc., Equity, 3/28/2014, Common Stock",3/28/2014,3/28/2014,Common Equity,,,,2000.0,1500000.0,,680.0,0.13,,,,,False,,,USD,2000.0
HTGC,0001280784,0001280784-26-000042,10-Q,2026-06-30,2026-07-30,"Equity Investments, Drug Delivery, BioQ Pharma Incorporated, Equity, 12/8/2015, Preferred Series D",12/8/2015,12/8/2015,Preferred Equity,,,,0.0,500000.0,,165000.0,0.0,,,,,False,,,USD,0.0
HTGC,0001280784,0001280784-26-000042,10-Q,2026-06-30,2026-07-30,"Equity Investments, Drug Delivery, PDS Biotechnology Corporation, Equity, 4/6/2015, Common Stock",4/6/2015,4/6/2015,Common Equity,,,,2000.0,309000.0,,2498.0,0.65,,,,,False,,,USD,2000.0
HTGC,0001280784,0001280784-26-000042,10-Q,2026-06-30,2026-07-30,"Equity Investments, Drug Delivery, Talphera, Inc., Equity, 12/10/2018, Common Stock",12/10/2018,12/10/2018,Common Equity,,,,9000.0,1329000.0,,8836.0,0.68,,,,,False,,,USD,9000.0
HTGC,0001280784,0001280784-26-000042,10-Q,2026-06-30,2026-07-30,"Equity Investments, Drug Discovery & Development, Arcus Biosciences, Inc., Equity, 2/19/2025, Common Stock",2/19/2025,2/19/2025,Common Equity,,,,6306000.0,2250000.0,,204545.0,280.27,,,,,False,,,USD,6306000.0
HTGC,0001280784,0001280784-26-000042,10-Q,2026-06-30,2026-07-30,"Equity Investments, Drug Discovery & Development, Avalo Therapeutics, Inc., Equity, 8/19/2014, Common Stock",8/19/2014,8/19/2014,Common Equity,,,,1000.0,1000000.0,,42.0,0.1,,,,,False,,,USD,1000.0
HTGC,0001280784,0001280784-26-000042,10-Q,2026-06-30,2026-07-30,"Equity Investments, Drug Discovery & Development, Bicycle Therapeutics PLC, Equity, 10/5/2020, Common Stock",10/5/2020,10/5/2020,Common Equity,,,,416000.0,1871000.0,,98100.0,22.23,,,,,False,,,USD,416000.0
HTGC,0001280784,0001280784-26-000042,10-Q,2026-06-30,2026-07-30,"Equity Investments, Drug Discovery & Development, Daré Bioscience, Inc., Equity, 1/8/2015, Common Stock",1/8/2015,1/8/2015,Common Equity,,,,2000.0,1000000.0,,1129.0,0.2,,,,,False,,,USD,2000.0
HTGC,0001280784,0001280784-26-000042,10-Q,2026-06-30,2026-07-30,"Equity Investments, Drug Discovery & Development, Dyne Therapeutics, Inc., Equity, 7/2/2025, Common Stock",7/2/2025,7/2/2025,Common Equity,,,,3769000.0,1400000.0,,169697.0,269.21,,,,,False,,,USD,3769000.0
HTGC,0001280784,0001280784-26-000042,10-Q,2026-06-30,2026-07-30,"Equity Investments, Drug Discovery & Development, Heron Therapeutics, Inc., Equity, 7/25/2023, Common Stock",7/25/2023,7/25/2023,Common Equity,,,,156000.0,500000.0,,364963.0,31.2,,,,,False,,,USD,156000.0
HTGC,0001280784,0001280784-26-000042,10-Q,2026-06-30,2026-07-30,"Equity Investments, Drug Discovery & Development, Hibercell, Inc., Equity, 5/7/2021, Preferred Series B",5/7/2021,5/7/2021,Preferred Equity,,,,239000.0,4250000.0,,3466840.0,5.62,,,,,False,,,USD,239000.0
HTGC,0001280784,0001280784-26-000042,10-Q,2026-06-30,2026-07-30,"Equity Investments, Drug Discovery & Development, Kura Oncology, Inc., Equity, 6/16/2023, Common Stock",6/16/2023,6/16/2023,Common Equity,,,,525000.0,550000.0,,47826.0,95.45,,,,,False,,,USD,525000.0
HTGC,0001280784,0001280784-26-000042,10-Q,2026-06-30,2026-07-30,"Equity Investments, Drug Discovery & Development, Maze Therapeutics, Inc., Equity, 4/23/2026, Common Stock",4/23/2026,4/23/2026,Common Equity,,,,2611000.0,2056000.0,,87500.0,126.99,,,,,False,,,USD,2611000.0
HTGC,0001280784,0001280784-26-000042,10-Q,2026-06-30,2026-07-30,"Equity Investments, Drug Discovery & Development, MoonLake Immunotherapeutics, Equity, 11/6/2025, Common Stock",11/6/2025,11/6/2025,Common Equity,,,,1859000.0,1002000.0,,95500.0,185.53,,,,,False,,,USD,1859000.0
HTGC,0001280784,0001280784-26-000042,10-Q,2026-06-30,2026-07-30,"Equity Investments, Drug Discovery & Development, NorthSea Therapeutics, Equity, 12/15/2021, Preferred Series C",12/15/2021,12/15/2021,Preferred Equity,,,,623000.0,2000000.0,,983.0,31.15,,,,,False,,,USD,623000.0
HTGC,0001280784,0001280784-26-000042,10-Q,2026-06-30,2026-07-30,"Equity Investments, Drug Discovery & Development, Phathom Pharmaceuticals, Inc., Equity, 6/9/2023, Common Stock",6/9/2023,6/9/2023,Common Equity,,,,1597000.0,1730000.0,,147233.0,92.31,,,,,False,,,USD,1597000.0
HTGC,0001280784,0001280784-26-000042,10-Q,2026-06-30,2026-07-30,"Equity Investments, Drug Discovery & Development, Rafael Holdings, Inc., Equity, 4/6/2021, Common Stock",4/6/2021,4/6/2021,Common Equity,,,,0.0,42000.0,,48.0,0.0,,,,,False,,,USD,0.0
HTGC,0001280784,0001280784-26-000042,10-Q,2026-06-30,2026-07-30,"Equity Investments, Drug Discovery & Development, Rocket Pharmaceuticals, Ltd., Equity, 8/22/2007, Common Stock",8/22/2007,8/22/2007,Common Equity,,,,3000.0,1500000.0,,944.0,0.2,,,,,False,,,USD,3000.0
HTGC,0001280784,0001280784-26-000042,10-Q,2026-06-30,2026-07-30,"Equity Investments, Drug Discovery & Development, Savara, Inc., Equity, 8/11/2015, Common Stock",8/11/2015,8/11/2015,Common Equity,,,,68000.0,203000.0,,11119.0,33.5,,,,,False,,,USD,68000.0
HTGC,0001280784,0001280784-26-000042,10-Q,2026-06-30,2026-07-30,"Equity Investments, Drug Discovery & Development, uniQure B.V., Equity, 1/31/2019, Common Stock",1/31/2019,1/31/2019,Common Equity,,,,1576000.0,1107000.0,,34208.0,142.37,,,,,False,,,USD,1576000.0
HTGC,0001280784,0001280784-26-000042,10-Q,2026-06-30,2026-07-30,"Equity Investments, Drug Discovery & Development, Valo Health, LLC, Equity, 12/11/2020, Preferred Series B",12/11/2020,12/11/2020,Preferred Equity,,,,1660000.0,3000000.0,,510308.0,55.33,,,,,False,,,USD,1660000.0
HTGC,0001280784,0001280784-26-000042,10-Q,2026-06-30,2026-07-30,"Equity Investments, Drug Discovery & Development, Valo Health, LLC, Equity, 10/31/2022, Preferred Series C",10/31/2022,10/31/2022,Preferred Equity,,,,899000.0,1000000.0,,170102.0,89.9,,,,,False,,,USD,899000.0
HTGC,0001280784,0001280784-26-000042,10-Q,2026-06-30,2026-07-30,"Equity Investments, Drug Discovery & Development, Verge Analytics, Inc., Equity, 9/6/2023, Preferred Series C",9/6/2023,9/6/2023,Preferred Equity,,,,1268000.0,1500000.0,,208588.0,84.53,,,,,False,,,USD,1268000.0
HTGC,0001280784,0001280784-26-000042,10-Q,2026-06-30,2026-07-30,"Equity Investments, Drug Discovery & Development, Verge Analytics, Inc., Equity, 7/2/2025, SAFE",Equity,Equity,Common Equity,,,,103000.0,103000.0,,,100.0,,,,,False,,,USD,103000.0
HTGC,0001280784,0001280784-26-000042,10-Q,2026-06-30,2026-07-30,"Equity Investments, Drug Discovery & Development, Viridian Therapeutics, Inc., Equity, 11/6/2023, Common Stock",11/6/2023,11/6/2023,Common Equity,,,,594000.0,400000.0,,32310.0,148.5,,,,,False,,,USD,594000.0
HTGC,0001280784,0001280784-26-000042,10-Q,2026-06-30,2026-07-30,"Equity Investments, Drug Discovery & Development, X4 Pharmaceuticals, Inc., Equity, 11/26/2019, Common Stock",11/26/2019,11/26/2019,Common Equity,,,,244000.0,2945000.0,,52202.0,8.29,,,,,False,,,USD,244000.0
HTGC,0001280784,0001280784-26-000042,10-Q,2026-06-30,2026-07-30,"Equity Investments, Electronics & Computer Hardware, Locus Robotics Corp., Equity, 11/17/2022, Preferred Series F",11/17/2022,11/17/2022,Preferred Equity,,,,379000.0,650000.0,,15116.0,58.31,,,,,False,,,USD,379000.0
HTGC,0001280784,0001280784-26-000042,10-Q,2026-06-30,2026-07-30,"Equity Investments, Electronics & Computer Hardware, Skydio, Inc., Equity, 3/8/2022, Preferred Series E",3/8/2022,3/8/2022,Preferred Equity,,,,784000.0,1500000.0,,248900.0,52.27,,,,,False,,,USD,784000.0
HTGC,0001280784,0001280784-26-000042,10-Q,2026-06-30,2026-07-30,"Equity Investments, Healthcare Services, Other, Click Therapeutics, Inc., Equity, 5/20/2024, Common Stock",5/20/2024,5/20/2024,Common Equity,,,,2178000.0,1662000.0,,560000.0,131.05,,,,,False,,,USD,2178000.0
HTGC,0001280784,0001280784-26-000042,10-Q,2026-06-30,2026-07-30,"Equity Investments, Healthcare Services, Other, Curana Health Holdings, LLC, Equity, 5/13/2024, Class B Voting Common Units",Equity,Equity,Common Equity,,,,3732000.0,2500000.0,,1114380.0,149.28,,,,,False,,,USD,3732000.0
HTGC,0001280784,0001280784-26-000042,10-Q,2026-06-30,2026-07-30,"Equity Investments, Healthcare Services, Other, Curana Health Holdings, LLC, Equity, 3/26/2026, Class C Non Voting Common Units",Equity,Equity,Common Equity,,,,261000.0,197000.0,,59697.0,132.49,,,,,False,,,USD,261000.0
HTGC,0001280784,0001280784-26-000042,10-Q,2026-06-30,2026-07-30,"Equity Investments, Healthcare Services, Other, Main Street Rural, Inc., Equity, 10/28/2024, Preferred Series D",10/28/2024,10/28/2024,Preferred Equity,,,,1578000.0,874000.0,,496.0,180.55,,,,,False,,,USD,1578000.0
HTGC,0001280784,0001280784-26-000042,10-Q,2026-06-30,2026-07-30,"Equity Investments, Healthcare Services, Other, NH Holdings 2025 SPV, L.P., Equity, 6/21/2024, Common Units",6/21/2024,6/21/2024,Common Equity,,,,2245000.0,2234000.0,,401681.0,100.49,,,,,False,,,USD,2245000.0
HTGC,0001280784,0001280784-26-000042,10-Q,2026-06-30,2026-07-30,"Equity Investments, Healthcare Services, Other, Strive Health Holdings, LLC, Equity, 6/27/2025, Common Units",6/27/2025,6/27/2025,Common Equity,,,,988000.0,599000.0,,82043.0,164.94,,,,,False,,,USD,988000.0
HTGC,0001280784,0001280784-26-000042,10-Q,2026-06-30,2026-07-30,"Equity Investments, Healthcare Services, Other, WellBe Senior Medical, LLC, Equity, 6/10/2024, Common Units",6/10/2024,6/10/2024,Common Equity,,,,3316000.0,1600000.0,,181163.0,207.25,,,,,False,,,USD,3316000.0
HTGC,0001280784,0001280784-26-000042,10-Q,2026-06-30,2026-07-30,"Equity Investments, Information Services, Yipit, LLC, Equity, 12/30/2021, Preferred Series E",12/30/2021,12/30/2021,Preferred Equity,,,,2630000.0,3825000.0,,41021.0,68.76,,,,,False,,,USD,2630000.0
HTGC,0001280784,0001280784-26-000042,10-Q,2026-06-30,2026-07-30,"Equity Investments, Medical Devices & Equipment, Coronado Aesthetics, LLC, Equity, 10/15/2021, Common Units",10/15/2021,10/15/2021,Common Equity,,,,0.0,0.0,,180000.0,,,,,,False,,,USD,0.0
HTGC,0001280784,0001280784-26-000042,10-Q,2026-06-30,2026-07-30,"Equity Investments, Medical Devices & Equipment, Coronado Aesthetics, LLC, Equity, 10/15/2021, Preferred Series A-2",10/15/2021,10/15/2021,Preferred Equity,,,,222000.0,250000.0,,5000000.0,88.8,,,,,False,,,USD,222000.0
HTGC,0001280784,0001280784-26-000042,10-Q,2026-06-30,2026-07-30,"Equity Investments, Medical Devices & Equipment, Orchestra BioMed Holdings, Inc., Equity, 8/4/2025, Common Stock",8/4/2025,8/4/2025,Common Equity,,,,1569000.0,1000000.0,,363636.0,156.9,,,,,False,,,USD,1569000.0
HTGC,0001280784,0001280784-26-000042,10-Q,2026-06-30,2026-07-30,"Equity Investments, Semiconductors, Achronix Semiconductor Corporation, Equity, 7/1/2011, Preferred Series C",7/1/2011,7/1/2011,Preferred Equity,,,,17000.0,160000.0,,277995.0,10.62,,,,,False,,,USD,17000.0
HTGC,0001280784,0001280784-26-000042,10-Q,2026-06-30,2026-07-30,"Equity Investments, Semiconductors, Achronix Semiconductor Corporation, Equity, 6/26/2015, Preferred Series D-2",6/26/2015,6/26/2015,Preferred Equity,,,,122000.0,7000.0,,497767.0,1742.86,,,,,False,,,USD,122000.0
HTGC,0001280784,0001280784-26-000042,10-Q,2026-06-30,2026-07-30,"Equity Investments, Space Technologies, Planet Labs PBC, Equity, 1/13/2026, Common Stock",1/13/2026,1/13/2026,Common Equity,,,,2004000.0,1527000.0,,60496.0,131.24,,,,,False,,,USD,2004000.0
HTGC,0001280784,0001280784-26-000042,10-Q,2026-06-30,2026-07-30,"Equity Investments, Space Technologies, Stoke Space Technologies, Inc., Equity, 9/23/2025, Preferred Series D",9/23/2025,9/23/2025,Preferred Equity,,,,2350000.0,1406000.0,,43867.0,167.14,,,,,False,,,USD,2350000.0
HTGC,0001280784,0001280784-26-000042,10-Q,2026-06-30,2026-07-30,"Equity Investments, Space Technologies, Stoke Space Technologies, Inc., Equity, 2/6/2026, Preferred Series D-2",2/6/2026,2/6/2026,Preferred Equity,,,,1666000.0,1407000.0,,28168.0,118.41,,,,,False,,,USD,1666000.0
HTGC,0001280784,0001280784-26-000042,10-Q,2026-06-30,2026-07-30,"Equity Investments, Sustainable and Renewable Technology, Impossible Foods, Inc., Equity, 5/10/2019, Preferred Series E-1",5/10/2019,5/10/2019,Preferred Equity,,,,91000.0,2000000.0,,188611.0,4.55,,,,,False,,,USD,91000.0
HTGC,0001280784,0001280784-26-000042,10-Q,2026-06-30,2026-07-30,"Equity Investments, Sustainable and Renewable Technology, Modumetal, Inc., Equity, 6/1/2015, Common Stock",6/1/2015,6/1/2015,Common Equity,,,,0.0,500000.0,,1035.0,0.0,,,,,False,,,USD,0.0
HTGC,0001280784,0001280784-26-000042,10-Q,2026-06-30,2026-07-30,"Equity Investments, Sustainable and Renewable Technology, Pivot Bio, Inc., Equity, 6/28/2021, Preferred Series D",6/28/2021,6/28/2021,Preferred Equity,,,,405000.0,4500000.0,,593080.0,9.0,,,,,False,,,USD,405000.0
HTGC,0001280784,0001280784-26-000042,10-Q,2026-06-30,2026-07-30,"Equity Investments, Sustainable and Renewable Technology, SUNation Energy, Inc., Equity, 12/10/2020, Common Stock",12/10/2020,12/10/2020,Common Equity,,,,0.0,3153000.0,,3.0,0.0,,,,,False,,,USD,0.0
HTGC,0001280784,0001280784-26-000042,10-Q,2026-06-30,2026-07-30,"Equity Investments, System Software, Contentful Global, Inc., Equity, 12/22/2020, Preferred Series C",12/22/2020,12/22/2020,Preferred Equity,,,,488000.0,138000.0,,41000.0,353.62,,,,,False,,,USD,488000.0
HTGC,0001280784,0001280784-26-000042,10-Q,2026-06-30,2026-07-30,"Equity Investments, System Software, Contentful Global, Inc., Equity, 11/20/2018, Preferred Series D",11/20/2018,11/20/2018,Preferred Equity,,,,1291000.0,500000.0,,108500.0,258.2,,,,,False,,,USD,1291000.0
HTGC,0001280784,0001280784-26-000042,10-Q,2026-06-30,2026-07-30,"Equity Investments, System Software, Docker, Inc., Equity, 11/29/2018, Common Stock",11/29/2018,11/29/2018,Common Equity,,,,165000.0,4284000.0,,20000.0,3.85,,,,,False,,,USD,165000.0
HTGC,0001280784,0001280784-26-000042,10-Q,2026-06-30,2026-07-30,"Equity Investments, System Software, Druva Holdings, Inc., Equity, 10/22/2015, Preferred Series 2",10/22/2015,10/22/2015,Preferred Equity,,,,3128000.0,1000000.0,,458841.0,312.8,,,,,False,,,USD,3128000.0
HTGC,0001280784,0001280784-26-000042,10-Q,2026-06-30,2026-07-30,"Equity Investments, System Software, Druva Holdings, Inc., Equity, 8/24/2017, Preferred Series 3",8/24/2017,8/24/2017,Preferred Equity,,,,661000.0,300000.0,,93620.0,220.33,,,,,False,,,USD,661000.0
HTGC,0001280784,0001280784-26-000042,10-Q,2026-06-30,2026-07-30,"Equity Investments, System Software, Lightbend, Inc., Equity, 12/4/2020, Common Stock",12/4/2020,12/4/2020,Common Equity,,,,0.0,265000.0,,38461.0,0.0,,,,,False,,,USD,0.0
HTGC,0001280784,0001280784-26-000042,10-Q,2026-06-30,2026-07-30,"Warrant Investments, Application Software, Annex Cloud, Warrant, 6/5/2025, Common Units",Annex Cloud,Annex Cloud,Warrant,,,,0.0,0.0,,50000.0,,,,,,False,,,USD,0.0
HTGC,0001280784,0001280784-26-000042,10-Q,2026-06-30,2026-07-30,"Warrant Investments, Application Software, Automation Anywhere, Inc., Warrant, 9/23/2022, Common Stock","Automation Anywhere, Inc.","Automation Anywhere, Inc.",Warrant,,,,97000.0,448000.0,,254778.0,21.65,,,,,False,,,USD,97000.0
HTGC,0001280784,0001280784-26-000042,10-Q,2026-06-30,2026-07-30,"Warrant Investments, Application Software, Bitsight Technologies, Inc., Warrant, 11/18/2020, Common Stock","Bitsight Technologies, Inc.","Bitsight Technologies, Inc.",Warrant,,,,286000.0,284000.0,,29691.0,100.7,,,,,False,,,USD,286000.0
HTGC,0001280784,0001280784-26-000042,10-Q,2026-06-30,2026-07-30,"Warrant Investments, Application Software, Brain Corporation, Warrant, 10/4/2021, Common Stock",Brain Corporation,Brain Corporation,Warrant,,,,67000.0,215000.0,,435396.0,31.16,,,,,False,,,USD,67000.0
HTGC,0001280784,0001280784-26-000042,10-Q,2026-06-30,2026-07-30,"Warrant Investments, Application Software, Cloudpay, Inc., Warrant, 4/10/2018, Preferred Series B","Cloudpay, Inc.","Cloudpay, Inc.",Warrant,,,,494000.0,54000.0,,6763.0,914.81,,,,,False,,,USD,494000.0
HTGC,0001280784,0001280784-26-000042,10-Q,2026-06-30,2026-07-30,"Warrant Investments, Application Software, Cutover, Inc., Warrant, 9/21/2022, Common Stock","Cutover, Inc.","Cutover, Inc.",Warrant,,,,32000.0,26000.0,,102898.0,123.08,,,,,False,,,USD,32000.0
HTGC,0001280784,0001280784-26-000042,10-Q,2026-06-30,2026-07-30,"Warrant Investments, Application Software, Dashlane, Inc., Warrant, 3/11/2019, Common Stock","Dashlane, Inc.","Dashlane, Inc.",Warrant,,,,932000.0,461000.0,,770838.0,202.17,,,,,False,,,USD,932000.0
HTGC,0001280784,0001280784-26-000042,10-Q,2026-06-30,2026-07-30,"Warrant Investments, Application Software, Demandbase, Inc., Warrant, 8/2/2021, Common Stock","Demandbase, Inc.","Demandbase, Inc.",Warrant,,,,21000.0,545000.0,,727047.0,3.85,,,,,False,,,USD,21000.0
HTGC,0001280784,0001280784-26-000042,10-Q,2026-06-30,2026-07-30,"Warrant Investments, Application Software, DevRev, Inc., Warrant, 6/8/2026, Preferred Series A","DevRev, Inc.","DevRev, Inc.",Warrant,,,,24000.0,26000.0,,157413.0,92.31,,,,,False,,,USD,24000.0
HTGC,0001280784,0001280784-26-000042,10-Q,2026-06-30,2026-07-30,"Warrant Investments, Application Software, Distributed Creation Inc., Warrant, 4/21/2025, Common Stock",Distributed Creation Inc.,Distributed Creation Inc.,Warrant,,,,280000.0,180000.0,,104622.0,155.56,,,,,False,,,USD,280000.0
HTGC,0001280784,0001280784-26-000042,10-Q,2026-06-30,2026-07-30,"Warrant Investments, Application Software, DroneDeploy, Inc., Warrant, 6/30/2022, Common Stock","DroneDeploy, Inc.","DroneDeploy, Inc.",Warrant,,,,210000.0,278000.0,,95911.0,75.54,,,,,False,,,USD,210000.0
HTGC,0001280784,0001280784-26-000042,10-Q,2026-06-30,2026-07-30,"Warrant Investments, Application Software, Earnix, Inc., Warrant, 6/6/2024, Common Stock","Earnix, Inc.","Earnix, Inc.",Warrant,,,,267000.0,220000.0,,20762.0,121.36,,,,,False,,,USD,267000.0
HTGC,0001280784,0001280784-26-000042,10-Q,2026-06-30,2026-07-30,"Warrant Investments, Application Software, Elation Health, Inc., Warrant, 9/12/2022, Common Stock","Elation Health, Inc.","Elation Health, Inc.",Warrant,,,,131000.0,739000.0,,612166.0,17.73,,,,,False,,,USD,131000.0
HTGC,0001280784,0001280784-26-000042,10-Q,2026-06-30,2026-07-30,"Warrant Investments, Application Software, First Insight, Inc., Warrant, 5/10/2018, Preferred Series B","First Insight, Inc.","First Insight, Inc.",Warrant,,,,0.0,96000.0,,75917.0,0.0,,,,,False,,,USD,0.0
HTGC,0001280784,0001280784-26-000042,10-Q,2026-06-30,2026-07-30,"Warrant Investments, Application Software, Fulfil Solutions, Inc., Warrant, 7/29/2022, Common Stock","Fulfil Solutions, Inc.","Fulfil Solutions, Inc.",Warrant,,,,113000.0,325000.0,,84995.0,34.77,,,,,False,,,USD,113000.0
HTGC,0001280784,0001280784-26-000042,10-Q,2026-06-30,2026-07-30,"Warrant Investments, Application Software, Funnel Holding AB (publ), Warrant, 10/24/2025, Common Stock",Funnel Holding AB (publ),Funnel Holding AB (publ),Warrant,,,,44000.0,51000.0,,554725.0,86.27,,,,,False,,,USD,44000.0
HTGC,0001280784,0001280784-26-000042,10-Q,2026-06-30,2026-07-30,"Warrant Investments, Application Software, Imagen Technologies, Inc., Warrant, 11/26/2025, Preferred Series C-3-VI","Imagen Technologies, Inc.","Imagen Technologies, Inc.",Warrant,,,,225000.0,110000.0,,311570.0,204.55,,,,,False,,,USD,225000.0
HTGC,0001280784,0001280784-26-000042,10-Q,2026-06-30,2026-07-30,"Warrant Investments, Application Software, Kore.ai, Inc., Warrant, 3/31/2023, Preferred Series C","Kore.ai, Inc.","Kore.ai, Inc.",Warrant,,,,35000.0,208000.0,,64293.0,16.83,,,,,False,,,USD,35000.0
HTGC,0001280784,0001280784-26-000042,10-Q,2026-06-30,2026-07-30,"Warrant Investments, Application Software, Leapwork ApS, Warrant, 1/23/2023, Common Stock",Leapwork ApS,Leapwork ApS,Warrant,,,,11000.0,39000.0,,93211.0,28.21,,,,,False,,,USD,11000.0
HTGC,0001280784,0001280784-26-000042,10-Q,2026-06-30,2026-07-30,"Warrant Investments, Application Software, Mango Technologies, Inc., Warrant, 8/15/2025, Common Stock","Mango Technologies, Inc.","Mango Technologies, Inc.",Warrant,,,,188000.0,377000.0,,71298.0,49.87,,,,,False,,,USD,188000.0
HTGC,0001280784,0001280784-26-000042,10-Q,2026-06-30,2026-07-30,"Warrant Investments, Application Software, micro1 Inc., Warrant, 5/20/2026, Common Stock",micro1 Inc.,micro1 Inc.,Warrant,,,,147000.0,165000.0,,18650.0,89.09,,,,,False,,,USD,147000.0
HTGC,0001280784,0001280784-26-000042,10-Q,2026-06-30,2026-07-30,"Warrant Investments, Application Software, Mixpanel, Inc., Warrant, 9/30/2020, Common Stock","Mixpanel, Inc.","Mixpanel, Inc.",Warrant,,,,303000.0,252000.0,,82362.0,120.24,,,,,False,,,USD,303000.0
HTGC,0001280784,0001280784-26-000042,10-Q,2026-06-30,2026-07-30,"Warrant Investments, Application Software, Pindrop Security, Inc., Warrant, 6/26/2024, Common Stock","Pindrop Security, Inc.","Pindrop Security, Inc.",Warrant,,,,431000.0,494000.0,,134542.0,87.25,,,,,False,,,USD,431000.0
HTGC,0001280784,0001280784-26-000042,10-Q,2026-06-30,2026-07-30,"Warrant Investments, Application Software, Simon Data, Inc., Warrant, 3/22/2023, Common Stock","Simon Data, Inc.","Simon Data, Inc.",Warrant,,,,0.0,96000.0,,77934.0,0.0,,,,,False,,,USD,0.0
HTGC,0001280784,0001280784-26-000042,10-Q,2026-06-30,2026-07-30,"Warrant Investments, Application Software, Sisense Ltd., Warrant, 6/8/2023, Ordinary Shares",Sisense Ltd.,Sisense Ltd.,Warrant,,,,4000.0,174000.0,,321956.0,2.3,,,,,False,,,USD,4000.0
HTGC,0001280784,0001280784-26-000042,10-Q,2026-06-30,2026-07-30,"Warrant Investments, Application Software, Suzy, Inc., Warrant, 8/24/2023, Common Stock","Suzy, Inc.","Suzy, Inc.",Warrant,,,,0.0,367000.0,,292936.0,0.0,,,,,False,,,USD,0.0
HTGC,0001280784,0001280784-26-000042,10-Q,2026-06-30,2026-07-30,"Warrant Investments, Application Software, Tipalti Solutions Ltd., Warrant, 3/22/2023, Ordinary Shares",Tipalti Solutions Ltd.,Tipalti Solutions Ltd.,Warrant,,,,193000.0,360000.0,,509753.0,53.61,,,,,False,,,USD,193000.0
HTGC,0001280784,0001280784-26-000042,10-Q,2026-06-30,2026-07-30,"Warrant Investments, Application Software, Tipalti Solutions Ltd., Warrant, 3/27/2025, Ordinary Shares",Tipalti Solutions Ltd.,Tipalti Solutions Ltd.,Warrant,,,,38000.0,136000.0,,473266.0,27.94,,,,,False,,,USD,38000.0
HTGC,0001280784,0001280784-26-000042,10-Q,2026-06-30,2026-07-30,"Warrant Investments, Application Software, Ushur, Inc., Warrant, 6/5/2025, Common Stock","Ushur, Inc.","Ushur, Inc.",Warrant,,,,56000.0,265000.0,,1603911.0,21.13,,,,,False,,,USD,56000.0
HTGC,0001280784,0001280784-26-000042,10-Q,2026-06-30,2026-07-30,"Warrant Investments, Application Software, VideoAmp, Inc., Warrant, 1/21/2022, Common Stock","VideoAmp, Inc.","VideoAmp, Inc.",Warrant,,,,0.0,1275000.0,,152048.0,0.0,,,,,False,,,USD,0.0
HTGC,0001280784,0001280784-26-000042,10-Q,2026-06-30,2026-07-30,"Warrant Investments, Application Software, ZeroEyes, Inc., Warrant, 5/6/2025, Common Stock","ZeroEyes, Inc.","ZeroEyes, Inc.",Warrant,,,,38000.0,140000.0,,33750.0,27.14,,,,,False,,,USD,38000.0
HTGC,0001280784,0001280784-26-000042,10-Q,2026-06-30,2026-07-30,"Warrant Investments, Biotechnology Tools, Alamar Biosciences, Inc., Warrant, 6/21/2022, Common Stock","Alamar Biosciences, Inc.","Alamar Biosciences, Inc.",Warrant,,,,474000.0,36000.0,,31251.0,1316.67,,,,,False,,,USD,474000.0
HTGC,0001280784,0001280784-26-000042,10-Q,2026-06-30,2026-07-30,"Warrant Investments, Biotechnology Tools, Antheia, Inc., Warrant, 8/29/2025, Common Stock","Antheia, Inc.","Antheia, Inc.",Warrant,,,,3791000.0,1601000.0,,2023810.0,236.79,,,,,False,,,USD,3791000.0
HTGC,0001280784,0001280784-26-000042,10-Q,2026-06-30,2026-07-30,"Warrant Investments, Biotechnology Tools, PathAI, Inc., Warrant, 12/23/2022, Common Stock","PathAI, Inc.","PathAI, Inc.",Warrant,,,,227000.0,461000.0,,53418.0,49.24,,,,,False,,,USD,227000.0
HTGC,0001280784,0001280784-26-000042,10-Q,2026-06-30,2026-07-30,"Warrant Investments, Communications & Networking, Aryaka Networks, Inc., Warrant, 6/28/2022, Common Stock","Aryaka Networks, Inc.","Aryaka Networks, Inc.",Warrant,,,,0.0,242000.0,,486097.0,0.0,,,,,False,,,USD,0.0
HTGC,0001280784,0001280784-26-000042,10-Q,2026-06-30,2026-07-30,"Warrant Investments, Communications & Networking, Tarana Wireless, Inc.., Warrant, 3/20/2026, Common Stock","Tarana Wireless, Inc..","Tarana Wireless, Inc..",Warrant,,,,37000.0,43000.0,,827622.0,86.05,,,,,False,,,USD,37000.0
HTGC,0001280784,0001280784-26-000042,10-Q,2026-06-30,2026-07-30,"Warrant Investments, Consumer & Business Products, Gadget Guard, LLC, Warrant, 6/3/2014, Common Stock","Gadget Guard, LLC","Gadget Guard, LLC",Warrant,,,,0.0,228000.0,,1662441.0,0.0,,,,,False,,,USD,0.0
HTGC,0001280784,0001280784-26-000042,10-Q,2026-06-30,2026-07-30,"Warrant Investments, Consumer & Business Products, Whoop, Inc., Warrant, 6/27/2018, Preferred Series C","Whoop, Inc.","Whoop, Inc.",Warrant,,,,1967000.0,17000.0,,686270.0,11570.59,,,,,False,,,USD,1967000.0
HTGC,0001280784,0001280784-26-000042,10-Q,2026-06-30,2026-07-30,"Warrant Investments, Consumer & Business Services, Altumint, Inc., Warrant, 10/31/2024, Common Stock","Altumint, Inc.","Altumint, Inc.",Warrant,,,,53000.0,126000.0,,1701.0,42.06,,,,,False,,,USD,53000.0
HTGC,0001280784,0001280784-26-000042,10-Q,2026-06-30,2026-07-30,"Warrant Investments, Consumer & Business Services, AppDirect, Inc., Warrant, 9/22/2025, Common Stock","AppDirect, Inc.","AppDirect, Inc.",Warrant,,,,79000.0,254000.0,,104173.0,31.1,,,,,False,,,USD,79000.0
HTGC,0001280784,0001280784-26-000042,10-Q,2026-06-30,2026-07-30,"Warrant Investments, Consumer & Business Services, Carwow LTD, Warrant, 12/14/2021, Common Stock",Carwow LTD,Carwow LTD,Warrant,,,,136000.0,164000.0,,174163.0,82.93,,,,,False,,,USD,136000.0
HTGC,0001280784,0001280784-26-000042,10-Q,2026-06-30,2026-07-30,"Warrant Investments, Consumer & Business Services, Carwow LTD, Warrant, 2/13/2024, Preferred Series D-4",Carwow LTD,Carwow LTD,Warrant,,,,27000.0,20000.0,,109257.0,135.0,,,,,False,,,USD,27000.0
HTGC,0001280784,0001280784-26-000042,10-Q,2026-06-30,2026-07-30,"Warrant Investments, Consumer & Business Services, CollectiveHealth, Inc., Warrant, 1/26/2026, Common Stock","CollectiveHealth, Inc.","CollectiveHealth, Inc.",Warrant,,,,13000.0,21000.0,,577252.0,61.9,,,,,False,,,USD,13000.0
HTGC,0001280784,0001280784-26-000042,10-Q,2026-06-30,2026-07-30,"Warrant Investments, Consumer & Business Services, Finix Payments, Inc., Warrant, 12/17/2025, Preferred Series C","Finix Payments, Inc.","Finix Payments, Inc.",Warrant,,,,136000.0,122000.0,,1839547.0,111.48,,,,,False,,,USD,136000.0
HTGC,0001280784,0001280784-26-000042,10-Q,2026-06-30,2026-07-30,"Warrant Investments, Consumer & Business Services, Houzz, Inc., Warrant, 10/29/2019, Common Stock","Houzz, Inc.","Houzz, Inc.",Warrant,,,,3000.0,20000.0,,529661.0,15.0,,,,,False,,,USD,3000.0
HTGC,0001280784,0001280784-26-000042,10-Q,2026-06-30,2026-07-30,"Warrant Investments, Consumer & Business Services, Landing Holdings Inc., Warrant, 3/12/2021, Common Stock",Landing Holdings Inc.,Landing Holdings Inc.,Warrant,,,,3000.0,116000.0,,11806.0,2.59,,,,,False,,,USD,3000.0
HTGC,0001280784,0001280784-26-000042,10-Q,2026-06-30,2026-07-30,"Warrant Investments, Consumer & Business Services, Lendio, Inc., Warrant, 3/29/2019, Preferred Series D","Lendio, Inc.","Lendio, Inc.",Warrant,,,,3000.0,39000.0,,127032.0,7.69,,,,,False,,,USD,3000.0
HTGC,0001280784,0001280784-26-000042,10-Q,2026-06-30,2026-07-30,"Warrant Investments, Consumer & Business Services, Peek Travel, Inc., Warrant, 10/28/2025, Common Stock","Peek Travel, Inc.","Peek Travel, Inc.",Warrant,,,,74000.0,157000.0,,60169.0,47.13,,,,,False,,,USD,74000.0
HTGC,0001280784,0001280784-26-000042,10-Q,2026-06-30,2026-07-30,"Warrant Investments, Consumer & Business Services, Perk Group Inc., Warrant, 5/13/2026, Common Stock",Perk Group Inc.,Perk Group Inc.,Warrant,,,,188000.0,207000.0,,17372.0,90.82,,,,,False,,,USD,188000.0
HTGC,0001280784,0001280784-26-000042,10-Q,2026-06-30,2026-07-30,"Warrant Investments, Consumer & Business Services, Plentific Ltd, Warrant, 10/3/2023, Ordinary Shares",Plentific Ltd,Plentific Ltd,Warrant,,,,41000.0,60000.0,,27298.0,68.33,,,,,False,,,USD,41000.0
HTGC,0001280784,0001280784-26-000042,10-Q,2026-06-30,2026-07-30,"Warrant Investments, Consumer & Business Services, Provi, Warrant, 12/22/2022, Common Stock",Provi,Provi,Warrant,,,,0.0,166000.0,,117042.0,0.0,,,,,False,,,USD,0.0
HTGC,0001280784,0001280784-26-000042,10-Q,2026-06-30,2026-07-30,"Warrant Investments, Consumer & Business Services, Rhino Labs, Inc., Warrant, 3/12/2021, Common Stock","Rhino Labs, Inc.","Rhino Labs, Inc.",Warrant,,,,0.0,470000.0,,13106.0,0.0,,,,,False,,,USD,0.0
HTGC,0001280784,0001280784-26-000042,10-Q,2026-06-30,2026-07-30,"Warrant Investments, Consumer & Business Services, SeatGeek, Inc., Warrant, 6/12/2019, Common Stock","SeatGeek, Inc.","SeatGeek, Inc.",Warrant,,,,6487000.0,1242000.0,,1604724.0,522.3,,,,,False,,,USD,6487000.0
HTGC,0001280784,0001280784-26-000042,10-Q,2026-06-30,2026-07-30,"Warrant Investments, Consumer & Business Services, Skyword, Inc., Warrant, 11/14/2022, Common Stock","Skyword, Inc.","Skyword, Inc.",Warrant,,,,4000.0,57000.0,,1607143.0,7.02,,,,,False,,,USD,4000.0
HTGC,0001280784,0001280784-26-000042,10-Q,2026-06-30,2026-07-30,"Warrant Investments, Consumer & Business Services, Skyword, Inc., Warrant, 8/23/2019, Preferred Series B","Skyword, Inc.","Skyword, Inc.",Warrant,,,,0.0,83000.0,,444444.0,0.0,,,,,False,,,USD,0.0
HTGC,0001280784,0001280784-26-000042,10-Q,2026-06-30,2026-07-30,"Warrant Investments, Consumer & Business Services, Snagajob.com, Inc., Warrant, 4/20/2020, Common Stock","Snagajob.com, Inc.","Snagajob.com, Inc.",Warrant,,,,0.0,16000.0,,600000.0,0.0,,,,,False,,,USD,0.0
HTGC,0001280784,0001280784-26-000042,10-Q,2026-06-30,2026-07-30,"Warrant Investments, Consumer & Business Services, Snagajob.com, Inc., Warrant, 8/1/2018, Preferred Series B","Snagajob.com, Inc.","Snagajob.com, Inc.",Warrant,,,,0.0,62000.0,,1211537.0,0.0,,,,,False,,,USD,0.0
HTGC,0001280784,0001280784-26-000042,10-Q,2026-06-30,2026-07-30,"Warrant Investments, Consumer & Business Services, Thumbtack, Inc., Warrant, 5/1/2018, Common Stock","Thumbtack, Inc.","Thumbtack, Inc.",Warrant,,,,827000.0,985000.0,,343497.0,83.96,,,,,False,,,USD,827000.0
HTGC,0001280784,0001280784-26-000042,10-Q,2026-06-30,2026-07-30,"Warrant Investments, Consumer & Business Services, Veem, Inc., Warrant, 3/31/2022, Common Stock","Veem, Inc.","Veem, Inc.",Warrant,,,,2000.0,126000.0,,98428.0,1.59,,,,,False,,,USD,2000.0
HTGC,0001280784,0001280784-26-000042,10-Q,2026-06-30,2026-07-30,"Warrant Investments, Consumer & Business Services, Worldremit Group Limited, Warrant, 2/11/2021, Preferred Series D",Worldremit Group Limited,Worldremit Group Limited,Warrant,,,,6000.0,129000.0,,77215.0,4.65,,,,,False,,,USD,6000.0
HTGC,0001280784,0001280784-26-000042,10-Q,2026-06-30,2026-07-30,"Warrant Investments, Consumer & Business Services, Worldremit Group Limited, Warrant, 8/27/2021, Preferred Series E",Worldremit Group Limited,Worldremit Group Limited,Warrant,,,,0.0,26000.0,,1868.0,0.0,,,,,False,,,USD,0.0
HTGC,0001280784,0001280784-26-000042,10-Q,2026-06-30,2026-07-30,"Warrant Investments, Defense Technologies, Hermeus Corporation, Warrant, 3/20/2026, Common Stock",Hermeus Corporation,Hermeus Corporation,Warrant,,,,692000.0,577000.0,,55973.0,119.93,,,,,False,,,USD,692000.0
HTGC,0001280784,0001280784-26-000042,10-Q,2026-06-30,2026-07-30,"Warrant Investments, Defense Technologies, Saronic Technologies, Inc., Warrant, 6/9/2025, Preferred Series C","Saronic Technologies, Inc.","Saronic Technologies, Inc.",Warrant,,,,2201000.0,726000.0,,109757.0,303.17,,,,,False,,,USD,2201000.0
HTGC,0001280784,0001280784-26-000042,10-Q,2026-06-30,2026-07-30,"Warrant Investments, Defense Technologies, Saronic Technologies, Inc., Warrant, 6/15/2026, Preferred Series D","Saronic Technologies, Inc.","Saronic Technologies, Inc.",Warrant,,,,1239000.0,1283000.0,,70546.0,96.57,,,,,False,,,USD,1239000.0
HTGC,0001280784,0001280784-26-000042,10-Q,2026-06-30,2026-07-30,"Warrant Investments, Drug Discovery & Development, Axsome Therapeutics, Inc., Warrant, 1/9/2023, Common Stock","Axsome Therapeutics, Inc.","Axsome Therapeutics, Inc.",Warrant,,,,2673000.0,410000.0,,20608.0,651.95,,,,,False,,,USD,2673000.0
HTGC,0001280784,0001280784-26-000042,10-Q,2026-06-30,2026-07-30,"Warrant Investments, Drug Discovery & Development, Beren Therapeutics P.B.C., Warrant, 10/8/2025, Preferred Series A",Beren Therapeutics P.B.C.,Beren Therapeutics P.B.C.,Warrant,,,,383000.0,246000.0,,135847.0,155.69,,,,,False,,,USD,383000.0
HTGC,0001280784,0001280784-26-000042,10-Q,2026-06-30,2026-07-30,"Warrant Investments, Drug Discovery & Development, Cellarity, LLC (p.k.a. Cellarity, Inc.), Warrant, 12/8/2021, Preferred Series B Units",Inc.),Inc.),Warrant,,,,83000.0,287000.0,,100000.0,28.92,,,,,False,,,USD,83000.0
HTGC,0001280784,0001280784-26-000042,10-Q,2026-06-30,2026-07-30,"Warrant Investments, Drug Discovery & Development, Century Therapeutics, Inc., Warrant, 9/14/2020, Common Stock","Century Therapeutics, Inc.","Century Therapeutics, Inc.",Warrant,,,,1000.0,37000.0,,16112.0,2.7,,,,,False,,,USD,1000.0
HTGC,0001280784,0001280784-26-000042,10-Q,2026-06-30,2026-07-30,"Warrant Investments, Drug Discovery & Development, COMPASS Pathways plc, Warrant, 6/30/2023, Ordinary Shares",COMPASS Pathways plc,COMPASS Pathways plc,Warrant,,,,429000.0,278000.0,,75376.0,154.32,,,,,False,,,USD,429000.0
HTGC,0001280784,0001280784-26-000042,10-Q,2026-06-30,2026-07-30,"Warrant Investments, Drug Discovery & Development, Curevo, Inc., Warrant, 6/9/2023, Common Stock","Curevo, Inc.","Curevo, Inc.",Warrant,,,,697000.0,233000.0,,95221.0,299.14,,,,,False,,,USD,697000.0
HTGC,0001280784,0001280784-26-000042,10-Q,2026-06-30,2026-07-30,"Warrant Investments, Drug Discovery & Development, enGene Therapeutics Inc. (p.k.a. enGene, Inc.), Warrant, 12/22/2023, Common Stock",Inc.),Inc.),Warrant,,,,29000.0,218000.0,,72284.0,13.3,,,,,False,,,USD,29000.0
HTGC,0001280784,0001280784-26-000042,10-Q,2026-06-30,2026-07-30,"Warrant Investments, Drug Discovery & Development, Heron Therapeutics, Inc., Warrant, 8/9/2023, Common Stock","Heron Therapeutics, Inc.","Heron Therapeutics, Inc.",Warrant,,,,4000.0,228000.0,,238095.0,1.75,,,,,False,,,USD,4000.0
HTGC,0001280784,0001280784-26-000042,10-Q,2026-06-30,2026-07-30,"Warrant Investments, Drug Discovery & Development, Kura Oncology, Inc., Warrant, 11/2/2022, Common Stock","Kura Oncology, Inc.","Kura Oncology, Inc.",Warrant,,,,19000.0,88000.0,,14342.0,21.59,,,,,False,,,USD,19000.0
HTGC,0001280784,0001280784-26-000042,10-Q,2026-06-30,2026-07-30,"Warrant Investments, Drug Discovery & Development, Lexicon Pharmaceuticals, Inc., Warrant, 5/4/2026, Common Stock","Lexicon Pharmaceuticals, Inc.","Lexicon Pharmaceuticals, Inc.",Warrant,,,,725000.0,447000.0,,501571.0,162.19,,,,,False,,,USD,725000.0
HTGC,0001280784,0001280784-26-000042,10-Q,2026-06-30,2026-07-30,"Warrant Investments, Drug Discovery & Development, Madrigal Pharmaceuticals, Inc., Warrant, 5/9/2022, Common Stock","Madrigal Pharmaceuticals, Inc.","Madrigal Pharmaceuticals, Inc.",Warrant,,,,4222000.0,570000.0,,13229.0,740.7,,,,,False,,,USD,4222000.0
HTGC,0001280784,0001280784-26-000042,10-Q,2026-06-30,2026-07-30,"Warrant Investments, Drug Discovery & Development, Phathom Pharmaceuticals, Inc., Warrant, 9/17/2021, Common Stock","Phathom Pharmaceuticals, Inc.","Phathom Pharmaceuticals, Inc.",Warrant,,,,63000.0,848000.0,,64687.0,7.43,,,,,False,,,USD,63000.0
HTGC,0001280784,0001280784-26-000042,10-Q,2026-06-30,2026-07-30,"Warrant Investments, Drug Discovery & Development, Redshift Bioanalytics, Inc., Warrant, 3/23/2022, Preferred Series E","Redshift Bioanalytics, Inc.","Redshift Bioanalytics, Inc.",Warrant,,,,16000.0,20000.0,,475510.0,80.0,,,,,False,,,USD,16000.0
HTGC,0001280784,0001280784-26-000042,10-Q,2026-06-30,2026-07-30,"Warrant Investments, Drug Discovery & Development, Scynexis, Inc., Warrant, 5/14/2021, Common Stock","Scynexis, Inc.","Scynexis, Inc.",Warrant,,,,0.0,296000.0,,13253.0,0.0,,,,,False,,,USD,0.0
HTGC,0001280784,0001280784-26-000042,10-Q,2026-06-30,2026-07-30,"Warrant Investments, Drug Discovery & Development, SynOx Therapeutics Limited, Warrant, 4/18/2024, Preferred Series B",SynOx Therapeutics Limited,SynOx Therapeutics Limited,Warrant,,,,156000.0,199000.0,,558230.0,78.39,,,,,False,,,USD,156000.0
HTGC,0001280784,0001280784-26-000042,10-Q,2026-06-30,2026-07-30,"Warrant Investments, Drug Discovery & Development, TG Therapeutics, Inc., Warrant, 12/30/2021, Common Stock","TG Therapeutics, Inc.","TG Therapeutics, Inc.",Warrant,,,,3396000.0,721000.0,,117168.0,471.01,,,,,False,,,USD,3396000.0
HTGC,0001280784,0001280784-26-000042,10-Q,2026-06-30,2026-07-30,"Warrant Investments, Drug Discovery & Development, Valo Health, LLC, Warrant, 6/15/2020, Common Units","Valo Health, LLC","Valo Health, LLC",Warrant,,,,84000.0,256000.0,,102216.0,32.81,,,,,False,,,USD,84000.0
HTGC,0001280784,0001280784-26-000042,10-Q,2026-06-30,2026-07-30,"Warrant Investments, Drug Discovery & Development, X4 Pharmaceuticals, Inc., Warrant, 3/18/2019, Common Stock","X4 Pharmaceuticals, Inc.","X4 Pharmaceuticals, Inc.",Warrant,,,,8000.0,510000.0,,46424.0,1.57,,,,,False,,,USD,8000.0
HTGC,0001280784,0001280784-26-000042,10-Q,2026-06-30,2026-07-30,"Warrant Investments, Electronics & Computer Hardware, 908 Devices, Inc., Warrant, 3/15/2017, Common Stock","908 Devices, Inc.","908 Devices, Inc.",Warrant,,,,101000.0,101000.0,,49078.0,100.0,,,,,False,,,USD,101000.0
HTGC,0001280784,0001280784-26-000042,10-Q,2026-06-30,2026-07-30,"Warrant Investments, Electronics & Computer Hardware, Locus Robotics Corp., Warrant, 6/21/2022, Common Stock",Locus Robotics Corp.,Locus Robotics Corp.,Warrant,,,,81000.0,34000.0,,8503.0,238.24,,,,,False,,,USD,81000.0
HTGC,0001280784,0001280784-26-000042,10-Q,2026-06-30,2026-07-30,"Warrant Investments, Electronics & Computer Hardware, Skydio, Inc., Warrant, 11/8/2021, Common Stock","Skydio, Inc.","Skydio, Inc.",Warrant,,,,655000.0,557000.0,,622255.0,117.59,,,,,False,,,USD,655000.0
HTGC,0001280784,0001280784-26-000042,10-Q,2026-06-30,2026-07-30,"Warrant Investments, Healthcare Services, Other, Belong Health, Inc., Warrant, 11/13/2025, Common Stock","Belong Health, Inc.","Belong Health, Inc.",Warrant,,,,387000.0,400000.0,,1933102.0,96.75,,,,,False,,,USD,387000.0
HTGC,0001280784,0001280784-26-000042,10-Q,2026-06-30,2026-07-30,"Warrant Investments, Healthcare Services, Other, Connections Health Holdings, LLC, Warrant, 5/27/2026, Class B Preferred Units","Connections Health Holdings, LLC","Connections Health Holdings, LLC",Warrant,,,,99000.0,94000.0,,68029.0,105.32,,,,,False,,,USD,99000.0
HTGC,0001280784,0001280784-26-000042,10-Q,2026-06-30,2026-07-30,"Warrant Investments, Healthcare Services, Other, Curana Health Holdings, LLC, Warrant, 1/4/2024, Common Units","Curana Health Holdings, LLC","Curana Health Holdings, LLC",Warrant,,,,790000.0,156000.0,,447410.0,506.41,,,,,False,,,USD,790000.0
HTGC,0001280784,0001280784-26-000042,10-Q,2026-06-30,2026-07-30,"Warrant Investments, Healthcare Services, Other, Modern Life, Inc., Warrant, 3/30/2023, Common Stock","Modern Life, Inc.","Modern Life, Inc.",Warrant,,,,90000.0,229000.0,,63202.0,39.3,,,,,False,,,USD,90000.0
HTGC,0001280784,0001280784-26-000042,10-Q,2026-06-30,2026-07-30,"Warrant Investments, Healthcare Services, Other, Octave Health Group, Inc. , Warrant, 11/28/2025, Common Stock","Octave Health Group, Inc.","Octave Health Group, Inc.",Warrant,,,,263000.0,168000.0,,225310.0,156.55,,,,,False,,,USD,263000.0
HTGC,0001280784,0001280784-26-000042,10-Q,2026-06-30,2026-07-30,"Warrant Investments, Healthcare Services, Other, Strive Health Holdings, LLC, Warrant, 9/28/2023, Common Units","Strive Health Holdings, LLC","Strive Health Holdings, LLC",Warrant,,,,809000.0,278000.0,,129400.0,291.01,,,,,False,,,USD,809000.0
HTGC,0001280784,0001280784-26-000042,10-Q,2026-06-30,2026-07-30,"Warrant Investments, Healthcare Services, Other, The Recovery Company, Inc. (p.k.a. Recover Together, Inc.), Warrant, 7/3/2023, Common Stock",Inc.),Inc.),Warrant,,,,80000.0,382000.0,,194830.0,20.94,,,,,False,,,USD,80000.0
HTGC,0001280784,0001280784-26-000042,10-Q,2026-06-30,2026-07-30,"Warrant Investments, Healthcare Services, Other, Vida Health, Inc., Warrant, 3/28/2022,  Preferred Series E","Vida Health, Inc.","Vida Health, Inc.",Warrant,,,,77000.0,121000.0,,192431.0,63.64,,,,,False,,,USD,77000.0
HTGC,0001280784,0001280784-26-000042,10-Q,2026-06-30,2026-07-30,"Warrant Investments, Information Services, NetBase Quid, Inc., Warrant, 8/22/2017, Preferred Series 1","NetBase Quid, Inc.","NetBase Quid, Inc.",Warrant,,,,0.0,356000.0,,60000.0,0.0,,,,,False,,,USD,0.0
HTGC,0001280784,0001280784-26-000042,10-Q,2026-06-30,2026-07-30,"Warrant Investments, Manufacturing Technology, Bright Machines, Inc., Warrant, 3/31/2022, Common Stock","Bright Machines, Inc.","Bright Machines, Inc.",Warrant,,,,247000.0,537000.0,,392308.0,46.0,,,,,False,,,USD,247000.0
HTGC,0001280784,0001280784-26-000042,10-Q,2026-06-30,2026-07-30,"Warrant Investments, Manufacturing Technology, MacroFab, Inc., Warrant, 3/23/2022, Common Stock","MacroFab, Inc.","MacroFab, Inc.",Warrant,,,,0.0,528000.0,,1111111.0,0.0,,,,,False,,,USD,0.0
HTGC,0001280784,0001280784-26-000042,10-Q,2026-06-30,2026-07-30,"Warrant Investments, Manufacturing Technology, VulcanForms Inc., Warrant, 1/30/2025, Common Stock",VulcanForms Inc.,VulcanForms Inc.,Warrant,,,,506000.0,74000.0,,99923.0,683.78,,,,,False,,,USD,506000.0
HTGC,0001280784,0001280784-26-000042,10-Q,2026-06-30,2026-07-30,"Warrant Investments, Media/Content/Info, Fever Labs, Inc., Warrant, 12/30/2022, Preferred Series E-1","Fever Labs, Inc.","Fever Labs, Inc.",Warrant,,,,50000.0,67000.0,,369370.0,74.63,,,,,False,,,USD,50000.0
HTGC,0001280784,0001280784-26-000042,10-Q,2026-06-30,2026-07-30,"Warrant Investments, Medical Devices & Equipment, Cognito Therapeutics Group, Inc., Warrant, 1/23/2026, Common Stock","Cognito Therapeutics Group, Inc.","Cognito Therapeutics Group, Inc.",Warrant,,,,210000.0,149000.0,,76529.0,140.94,,,,,False,,,USD,210000.0
HTGC,0001280784,0001280784-26-000042,10-Q,2026-06-30,2026-07-30,"Warrant Investments, Medical Devices & Equipment, Orchestra BioMed Holdings, Inc., Warrant, 11/6/2024, Common Stock","Orchestra BioMed Holdings, Inc.","Orchestra BioMed Holdings, Inc.",Warrant,,,,281000.0,216000.0,,167831.0,130.09,,,,,False,,,USD,281000.0
HTGC,0001280784,0001280784-26-000042,10-Q,2026-06-30,2026-07-30,"Warrant Investments, Medical Devices & Equipment, Senseonics Holdings, Inc., Warrant, 9/8/2023, Common Stock","Senseonics Holdings, Inc.","Senseonics Holdings, Inc.",Warrant,,,,65000.0,276000.0,,51635.0,23.55,,,,,False,,,USD,65000.0
HTGC,0001280784,0001280784-26-000042,10-Q,2026-06-30,2026-07-30,"Warrant Investments, Medical Devices & Equipment, Senseonics Holdings, Inc., Warrant, 5/6/2026, Common Stock","Senseonics Holdings, Inc.","Senseonics Holdings, Inc.",Warrant,,,,122000.0,110000.0,,61793.0,110.91,,,,,False,,,USD,122000.0
HTGC,0001280784,0001280784-26-000042,10-Q,2026-06-30,2026-07-30,"Warrant Investments, Medical Devices & Equipment, Sight Sciences, Inc., Warrant, 1/22/2024, Common Stock","Sight Sciences, Inc.","Sight Sciences, Inc.",Warrant,,,,200000.0,363000.0,,113247.0,55.1,,,,,False,,,USD,200000.0
HTGC,0001280784,0001280784-26-000042,10-Q,2026-06-30,2026-07-30,"Warrant Investments, Medical Devices & Equipment, Tela Bio, Inc., Warrant, 3/31/2017, Common Stock","Tela Bio, Inc.","Tela Bio, Inc.",Warrant,,,,0.0,61000.0,,15712.0,0.0,,,,,False,,,USD,0.0
HTGC,0001280784,0001280784-26-000042,10-Q,2026-06-30,2026-07-30,"Warrant Investments, Semiconductors, Achronix Semiconductor Corporation, Warrant, 1/11/2017, Preferred Series D-2",Achronix Semiconductor Corporation,Achronix Semiconductor Corporation,Warrant,,,,59000.0,92000.0,,250000.0,64.13,,,,,False,,,USD,59000.0
HTGC,0001280784,0001280784-26-000042,10-Q,2026-06-30,2026-07-30,"Warrant Investments, Space Technologies, HawkEye 360, Inc., Warrant, 12/18/2025, Common Stock","HawkEye 360, Inc.","HawkEye 360, Inc.",Warrant,,,,365000.0,227000.0,,40912.0,160.79,,,,,False,,,USD,365000.0
HTGC,0001280784,0001280784-26-000042,10-Q,2026-06-30,2026-07-30,"Warrant Investments, Space Technologies, LeoLabs, Inc., Warrant, 4/8/2026, Common Stock","LeoLabs, Inc.","LeoLabs, Inc.",Warrant,,,,150000.0,118000.0,,106289.0,127.12,,,,,False,,,USD,150000.0
HTGC,0001280784,0001280784-26-000042,10-Q,2026-06-30,2026-07-30,"Warrant Investments, Space Technologies, Loft Orbital Solutions Inc.., Warrant, 9/10/2025, Common Stock",Loft Orbital Solutions Inc..,Loft Orbital Solutions Inc..,Warrant,,,,240000.0,185000.0,,22688.0,129.73,,,,,False,,,USD,240000.0
HTGC,0001280784,0001280784-26-000042,10-Q,2026-06-30,2026-07-30,"Warrant Investments, Space Technologies, Stoke Space Technologies, Inc., Warrant, 6/16/2025, Common Stock","Stoke Space Technologies, Inc.","Stoke Space Technologies, Inc.",Warrant,,,,4370000.0,990000.0,,99497.0,441.41,,,,,False,,,USD,4370000.0
HTGC,0001280784,0001280784-26-000042,10-Q,2026-06-30,2026-07-30,"Warrant Investments, Sustainable and Renewable Technology, Ampion, PBC, Warrant, 4/15/2022, Common Stock",PBC,PBC,Warrant,,,,20000.0,52000.0,,18472.0,38.46,,,,,False,,,USD,20000.0
HTGC,0001280784,0001280784-26-000042,10-Q,2026-06-30,2026-07-30,"Warrant Investments, Sustainable and Renewable Technology, Electric Hydrogen Co., Warrant, 3/27/2024, Common Stock",Electric Hydrogen Co.,Electric Hydrogen Co.,Warrant,,,,219000.0,507000.0,,246618.0,43.2,,,,,False,,,USD,219000.0
HTGC,0001280784,0001280784-26-000042,10-Q,2026-06-30,2026-07-30,"Warrant Investments, Sustainable and Renewable Technology, Tidal Vision Products, Inc., Warrant, 10/10/2025, Common Stock","Tidal Vision Products, Inc.","Tidal Vision Products, Inc.",Warrant,,,,195000.0,232000.0,,48491.0,84.05,,,,,False,,,USD,195000.0
HTGC,0001280784,0001280784-26-000042,10-Q,2026-06-30,2026-07-30,"Warrant Investments, System Software, Akeyless Security Ltd., Warrant, 8/4/2025, Ordinary Shares",Akeyless Security Ltd.,Akeyless Security Ltd.,Warrant,,,,105000.0,94000.0,,117809.0,111.7,,,,,False,,,USD,105000.0
HTGC,0001280784,0001280784-26-000042,10-Q,2026-06-30,2026-07-30,"Warrant Investments, System Software, CloudBolt Software, Inc., Warrant, 9/30/2020, Common Stock","CloudBolt Software, Inc.","CloudBolt Software, Inc.",Warrant,,,,0.0,117000.0,,211342.0,0.0,,,,,False,,,USD,0.0
HTGC,0001280784,0001280784-26-000042,10-Q,2026-06-30,2026-07-30,"Warrant Investments, System Software, Cloudian, Inc., Warrant, 11/6/2018, Common Stock","Cloudian, Inc.","Cloudian, Inc.",Warrant,,,,0.0,71000.0,,477454.0,0.0,,,,,False,,,USD,0.0
HTGC,0001280784,0001280784-26-000042,10-Q,2026-06-30,2026-07-30,"Warrant Investments, System Software, ControlUp Technologies Ltd., Warrant, 1/2/2026, Common Stock",ControlUp Technologies Ltd.,ControlUp Technologies Ltd.,Warrant,,,,32000.0,33000.0,,62045.0,96.97,,,,,False,,,USD,32000.0
HTGC,0001280784,0001280784-26-000042,10-Q,2026-06-30,2026-07-30,"Warrant Investments, System Software, Coronet Cyber Security Ltd., Warrant, 9/26/2024, Ordinary Shares",Coronet Cyber Security Ltd.,Coronet Cyber Security Ltd.,Warrant,,,,1000.0,254000.0,,39183.0,0.39,,,,,False,,,USD,1000.0
HTGC,0001280784,0001280784-26-000042,10-Q,2026-06-30,2026-07-30,"Warrant Investments, System Software, Dragos, Inc., Warrant, 6/28/2023, Common Stock","Dragos, Inc.","Dragos, Inc.",Warrant,,,,2749000.0,1575000.0,,57528.0,174.54,,,,,False,,,USD,2749000.0
HTGC,0001280784,0001280784-26-000042,10-Q,2026-06-30,2026-07-30,"Warrant Investments, System Software, Harness, Inc., Warrant, 3/12/2024, Common Stock","Harness, Inc.","Harness, Inc.",Warrant,,,,527000.0,534000.0,,193618.0,98.69,,,,,False,,,USD,527000.0
HTGC,0001280784,0001280784-26-000042,10-Q,2026-06-30,2026-07-30,"Warrant Investments, System Software, Lightbend, Inc., Warrant, 2/14/2018, Preferred Series LB-2","Lightbend, Inc.","Lightbend, Inc.",Warrant,,,,0.0,131000.0,,86984.0,0.0,,,,,False,,,USD,0.0
HTGC,0001280784,0001280784-26-000042,10-Q,2026-06-30,2026-07-30,"Warrant Investments, System Software, Morphisec Information Security 2014 Ltd., Warrant, 10/1/2024, Ordinary Shares",Morphisec Information Security 2014 Ltd.,Morphisec Information Security 2014 Ltd.,Warrant,,,,63000.0,104000.0,,200115.0,60.58,,,,,False,,,USD,63000.0
HTGC,0001280784,0001280784-26-000042,10-Q,2026-06-30,2026-07-30,"Warrant Investments, System Software, Neo4j, Inc., Warrant, 3/31/2026, Common Stock","Neo4j, Inc.","Neo4j, Inc.",Warrant,,,,62000.0,42000.0,,18395.0,147.62,,,,,False,,,USD,62000.0
HTGC,0001280784,0001280784-26-000042,10-Q,2026-06-30,2026-07-30,"Warrant Investments, System Software, Scylla DB Ltd., Warrant, 7/24/2025, Ordinary Shares",Scylla DB Ltd.,Scylla DB Ltd.,Warrant,,,,33000.0,52000.0,,159684.0,63.46,,,,,False,,,USD,33000.0
HTGC,0001280784,0001280784-26-000042,10-Q,2026-06-30,2026-07-30,"Warrant Investments, System Software, Semperis Technologies Inc., Warrant, 4/23/2024, Common Stock",Semperis Technologies Inc.,Semperis Technologies Inc.,Warrant,,,,627000.0,446000.0,,193264.0,140.58,,,,,False,,,USD,627000.0
HTGC,0001280784,0001280784-26-000042,10-Q,2026-06-30,2026-07-30,"Investment Funds & Vehicles Investments, Drug Discovery & Development, Forbion Growth Opportunities Fund I C.V., Investment Funds & Vehicles, 11/16/2020",Investment Funds & Vehicles,Investment Funds & Vehicles,First Lien,,,,5168000.0,3070000.0,,,168.34,,,,,False,,,USD,5168000.0
HTGC,0001280784,0001280784-26-000042,10-Q,2026-06-30,2026-07-30,"Investment Funds & Vehicles Investments, Drug Discovery & Development, Forbion Growth Opportunities Fund II C.V., Investment Funds & Vehicles, 6/23/2022",Investment Funds & Vehicles,Investment Funds & Vehicles,First Lien,,,,1510000.0,1565000.0,,,96.49,,,,,False,,,USD,1510000.0
HTGC,0001280784,0001280784-26-000042,10-Q,2026-06-30,2026-07-30,"Investment Funds & Vehicles Investments, System Software, Liberty Zim Co-Invest L.P., Investment Funds & Vehicles, 7/21/2022",Investment Funds & Vehicles,Investment Funds & Vehicles,First Lien,,,,371000.0,385000.0,,,96.36,,,,,False,,,USD,371000.0
HTGC,0001280784,0001280784-26-000042,10-Q,2026-06-30,2026-07-30,"Investment Fund, Cash & Cash Equivalent, GS Financial Square Government Fund,  FGTXX/38141W273",GS Financial Square Government Fund,GS Financial Square Government Fund,First Lien,,,,22300000.0,22300000.0,,,100.0,,,,,False,,,USD,22300000.0
HTGC,0001280784,0001280784-26-000042,10-Q,2026-06-30,2026-07-30,"Equity Investments, Application Software, Khoros, LLC., Equity, 5/23/2025, Earnout Interest",Equity,Equity,Common Equity,,,,600000.0,5200000.0,,,11.54,,,,,False,,,USD,600000.0
HTGC,0001280784,0001280784-26-000042,10-Q,2026-06-30,2026-07-30,"Equity Investments, Equity, SAFE",SAFE,SAFE,Common Equity,,,,1900000.0,1900000.0,,,100.0,,,,,False,,,USD,1900000.0
