bdc,cik,accession,form,period_end,file_date,identifier,entity,company,type,sector,desc,affil,fv,cost,par,shares,mark,spread,rate,base_rate,pik_rate,pik,maturity,acq,ccy,fv_raw
OBDC,0001655888,0001655888-26-000056,10-Q,2026-06-30,2026-08-05,"IRI Group Holdings, Inc. (f/k/a Circana Group, L.P. (f/k/a The NPD Group, L.P.)) | First lien senior secured loan | Non-Affiliated","IRI Group Holdings, Inc. (f/k/a Circana Group, L.P. (f/k/a The NPD Group, L.P.))","IRI Group Holdings, Inc. (f/k/a Circana Group, L.P. (f/k/a The NPD Group, L.P.))",First Lien,,,,42086000.0,42098000.0,42404000.0,,99.25,4.25,,,,False,,,USD,42086000.0
OBDC,0001655888,0001655888-26-000056,10-Q,2026-06-30,2026-08-05,Monotype Imaging Holdings Inc. | First lien senior secured loan | Non-Affiliated,Monotype Imaging Holdings Inc.,Monotype Imaging Holdings Inc.,First Lien,,,,141476000.0,142403000.0,143630000.0,,98.5,5.25,,,,False,,,USD,141476000.0
OBDC,0001655888,0001655888-26-000056,10-Q,2026-06-30,2026-08-05,"Applied Composites Holdings, LLC (fka AC&A Enterprises Holdings, LLC) | First lien senior secured loan | Non-Affiliated","Applied Composites Holdings, LLC (fka AC&A Enterprises Holdings, LLC)","Applied Composites Holdings, LLC (fka AC&A Enterprises Holdings, LLC)",First Lien,,,,24277000.0,37498000.0,43352000.0,,56.0,2.69,,,3.61,True,,,USD,24277000.0
OBDC,0001655888,0001655888-26-000056,10-Q,2026-06-30,2026-08-05,"Horizon Avionics Buyer, LLC (dba Acron Aviation) | First lien senior secured loan | Non-Affiliated","Horizon Avionics Buyer, LLC (dba Acron Aviation)","Horizon Avionics Buyer, LLC (dba Acron Aviation)",First Lien,,,,19440000.0,19451000.0,19555000.0,,99.41,4.75,,,,False,,,USD,19440000.0
OBDC,0001655888,0001655888-26-000056,10-Q,2026-06-30,2026-08-05,Peraton Corp.(3)(9) | Second lien senior secured loan | Non-Affiliated,Peraton Corp.(3)(9),Peraton Corp.(3)(9),Second Lien,,,,40463000.0,57957000.0,60393000.0,,67.0,7.75,,,,False,,,USD,40463000.0
OBDC,0001655888,0001655888-26-000056,10-Q,2026-06-30,2026-08-05,"STS PARENT, LLC (dba STS Aviation Group) | First lien senior secured loan | Non-Affiliated","STS PARENT, LLC (dba STS Aviation Group)","STS PARENT, LLC (dba STS Aviation Group)",First Lien,,,,109490000.0,109934000.0,110876000.0,,98.75,5.0,,,,False,,,USD,109490000.0
OBDC,0001655888,0001655888-26-000056,10-Q,2026-06-30,2026-08-05,"STS PARENT, LLC (dba STS Aviation Group) | First lien senior secured revolving loan | Non-Affiliated","STS PARENT, LLC (dba STS Aviation Group)","STS PARENT, LLC (dba STS Aviation Group)",First Lien,,,,9669000.0,9742000.0,9824000.0,,98.42,5.0,,,,False,,,USD,9669000.0
OBDC,0001655888,0001655888-26-000056,10-Q,2026-06-30,2026-08-05,Hg Genesis 8 Sumoco Limited | Unsecured facility | Non-Affiliated,Hg Genesis 8 Sumoco Limited,Hg Genesis 8 Sumoco Limited,,,,,5265000.0,5039000.0,3967000.0,,104.49,6.0,,,,False,,,USD,5265000.0
OBDC,0001655888,0001655888-26-000056,10-Q,2026-06-30,2026-08-05,Hg Genesis 9 SumoCo Limited | Unsecured facility | Non-Affiliated,Hg Genesis 9 SumoCo Limited,Hg Genesis 9 SumoCo Limited,,,,,42876000.0,40048000.0,37502000.0,,114.33,,,,6.25,True,,,USD,42876000.0
OBDC,0001655888,0001655888-26-000056,10-Q,2026-06-30,2026-08-05,Hg Saturn Luchaco Limited | Unsecured facility | Non-Affiliated,Hg Saturn Luchaco Limited,Hg Saturn Luchaco Limited,,,,,71588000.0,68128000.0,53937000.0,,105.08,,,,8.25,True,,,USD,71588000.0
OBDC,0001655888,0001655888-26-000056,10-Q,2026-06-30,2026-08-05,MAJCO LLC (dba Big Brand Tire & Service) | First lien senior secured loan | Non-Affiliated,MAJCO LLC (dba Big Brand Tire & Service),MAJCO LLC (dba Big Brand Tire & Service),First Lien,,,,85481000.0,86453000.0,86967000.0,,98.29,4.5,,,,False,,,USD,85481000.0
OBDC,0001655888,0001655888-26-000056,10-Q,2026-06-30,2026-08-05,"Spotless Brands, LLC | First lien senior secured loan | Non-Affiliated","Spotless Brands, LLC","Spotless Brands, LLC",First Lien,,,,93562000.0,92545000.0,93562000.0,,100.0,5.75,,,,False,,,USD,93562000.0
OBDC,0001655888,0001655888-26-000056,10-Q,2026-06-30,2026-08-05,"Spotless Brands, LLC | First lien senior secured delayed draw term loan | Non-Affiliated","Spotless Brands, LLC","Spotless Brands, LLC",First Lien,,,,10968000.0,11002000.0,11120000.0,,98.63,5.0,,,,False,,,USD,10968000.0
OBDC,0001655888,0001655888-26-000056,10-Q,2026-06-30,2026-08-05,"Associations Finance, Inc. | Unsecured notes | Non-Affiliated","Associations Finance, Inc.","Associations Finance, Inc.",,,,,211390000.0,210115000.0,211390000.0,,100.0,,,,14.25,True,,,USD,211390000.0
OBDC,0001655888,0001655888-26-000056,10-Q,2026-06-30,2026-08-05,"Associations, Inc. | First lien senior secured loan | Non-Affiliated","Associations, Inc.","Associations, Inc.",First Lien,,,,318408000.0,316965000.0,318408000.0,,100.0,6.5,,,,False,,,USD,318408000.0
OBDC,0001655888,0001655888-26-000056,10-Q,2026-06-30,2026-08-05,Wrench Group LLC | First lien senior secured loan | Non-Affiliated,Wrench Group LLC,Wrench Group LLC,First Lien,,,,92568000.0,93017000.0,93503000.0,,99.0,4.75,,,,False,,,USD,92568000.0
OBDC,0001655888,0001655888-26-000056,10-Q,2026-06-30,2026-08-05,Aurelia Netherlands B.V. | First lien senior secured EUR term loan | Non-Affiliated,Aurelia Netherlands B.V.,Aurelia Netherlands B.V.,First Lien,,,,73327000.0,72487000.0,64136000.0,,114.33,4.75,,,,False,,,USD,73327000.0
OBDC,0001655888,0001655888-26-000056,10-Q,2026-06-30,2026-08-05,"CMG HoldCo, LLC (dba Crete United) | First lien senior secured loan | Non-Affiliated","CMG HoldCo, LLC (dba Crete United)","CMG HoldCo, LLC (dba Crete United)",First Lien,,,,1413000.0,1466000.0,1490000.0,,94.83,5.0,,,,False,,,USD,1413000.0
OBDC,0001655888,0001655888-26-000056,10-Q,2026-06-30,2026-08-05,"CoolSys, Inc. | First lien senior secured loan | Non-Affiliated","CoolSys, Inc.","CoolSys, Inc.",First Lien,,,,9215000.0,11915000.0,12065000.0,,76.38,3.5,,,2.5,True,,,USD,9215000.0
OBDC,0001655888,0001655888-26-000056,10-Q,2026-06-30,2026-08-05,DuraServ LLC | First lien senior secured loan | Non-Affiliated,DuraServ LLC,DuraServ LLC,First Lien,,,,126039000.0,126986000.0,127959000.0,,98.5,5.0,,,,False,,,USD,126039000.0
OBDC,0001655888,0001655888-26-000056,10-Q,2026-06-30,2026-08-05,DuraServ LLC | First lien senior secured revolving loan | Non-Affiliated,DuraServ LLC,DuraServ LLC,First Lien,,,,6070000.0,6275000.0,6334000.0,,95.83,5.0,,,,False,,,USD,6070000.0
OBDC,0001655888,0001655888-26-000056,10-Q,2026-06-30,2026-08-05,"Gainsight, Inc. | First lien senior secured loan | Non-Affiliated","Gainsight, Inc.","Gainsight, Inc.",First Lien,,,,29747000.0,29999000.0,30123000.0,,98.75,5.5,,,,False,,,USD,29747000.0
OBDC,0001655888,0001655888-26-000056,10-Q,2026-06-30,2026-08-05,"Hercules Borrower, LLC (dba The Vincit Group) | First lien senior secured loan | Non-Affiliated","Hercules Borrower, LLC (dba The Vincit Group)","Hercules Borrower, LLC (dba The Vincit Group)",First Lien,,,,119306000.0,118999000.0,119306000.0,,100.0,4.75,,,,False,,,USD,119306000.0
OBDC,0001655888,0001655888-26-000056,10-Q,2026-06-30,2026-08-05,"Hercules Buyer, LLC (dba The Vincit Group) | Unsecured notes | Non-Affiliated","Hercules Buyer, LLC (dba The Vincit Group)","Hercules Buyer, LLC (dba The Vincit Group)",,,,,9582000.0,6462000.0,6316000.0,,148.28,,,,0.48,True,,,USD,9582000.0
OBDC,0001655888,0001655888-26-000056,10-Q,2026-06-30,2026-08-05,"KPSKY Acquisition, Inc. (dba BluSky) | First lien senior secured loan | Non-Affiliated","KPSKY Acquisition, Inc. (dba BluSky)","KPSKY Acquisition, Inc. (dba BluSky)",First Lien,,,,38051000.0,40167000.0,42874000.0,,88.75,5.5,,,,False,,,USD,38051000.0
OBDC,0001655888,0001655888-26-000056,10-Q,2026-06-30,2026-08-05,"KPSKY Acquisition, Inc. (dba BluSky) | First lien senior secured delayed draw term loan | Non-Affiliated","KPSKY Acquisition, Inc. (dba BluSky)","KPSKY Acquisition, Inc. (dba BluSky)",First Lien,,,,27000.0,30000.0,31000.0,,87.1,5.75,,,,False,,,USD,27000.0
OBDC,0001655888,0001655888-26-000056,10-Q,2026-06-30,2026-08-05,"Advancion Holdings, LLC (fka Aruba Investments Holdings, LLC) | Second lien senior secured loan | Non-Affiliated","Advancion Holdings, LLC (fka Aruba Investments Holdings, LLC)","Advancion Holdings, LLC (fka Aruba Investments Holdings, LLC)",Second Lien,,,,15098000.0,16245000.0,16500000.0,,91.5,7.75,,,,False,,,USD,15098000.0
OBDC,0001655888,0001655888-26-000056,10-Q,2026-06-30,2026-08-05,DCG ACQUISITION CORP. (dba DuBois Chemical) | First lien senior secured loan | Non-Affiliated,DCG ACQUISITION CORP. (dba DuBois Chemical),DCG ACQUISITION CORP. (dba DuBois Chemical),First Lien,,,,77863000.0,78255000.0,79048000.0,,98.5,5.0,,,,False,,,USD,77863000.0
OBDC,0001655888,0001655888-26-000056,10-Q,2026-06-30,2026-08-05,"Gaylord Chemical Company, L.L.C. | First lien senior secured loan | Non-Affiliated","Gaylord Chemical Company, L.L.C.","Gaylord Chemical Company, L.L.C.",First Lien,,,,180166000.0,179924000.0,180640000.0,,99.74,5.75,,,,False,,,USD,180166000.0
OBDC,0001655888,0001655888-26-000056,10-Q,2026-06-30,2026-08-05,"Rocket BidCo, Inc. (dba Recochem) | First lien senior secured revolving loan | Non-Affiliated","Rocket BidCo, Inc. (dba Recochem)","Rocket BidCo, Inc. (dba Recochem)",First Lien,,,,248978000.0,246043000.0,250229000.0,,99.5,4.75,,,,False,,,USD,248978000.0
OBDC,0001655888,0001655888-26-000056,10-Q,2026-06-30,2026-08-05,Conair Holdings LLC | First lien senior secured loan | Non-Affiliated,Conair Holdings LLC,Conair Holdings LLC,First Lien,,,,10599000.0,11519000.0,12344000.0,,85.86,3.75,,,,False,,,USD,10599000.0
OBDC,0001655888,0001655888-26-000056,10-Q,2026-06-30,2026-08-05,Conair Holdings LLC | Second lien senior secured loan | Non-Affiliated,Conair Holdings LLC,Conair Holdings LLC,Second Lien,,,,103276000.0,125520000.0,127896000.0,,80.75,7.5,,,,False,,,USD,103276000.0
OBDC,0001655888,0001655888-26-000056,10-Q,2026-06-30,2026-08-05,"Feradyne Outdoors, LLC | First lien senior secured loan | Non-Affiliated","Feradyne Outdoors, LLC","Feradyne Outdoors, LLC",First Lien,,,,34688000.0,78196000.0,85124000.0,,40.75,,,,6.75,True,,,USD,34688000.0
OBDC,0001655888,0001655888-26-000056,10-Q,2026-06-30,2026-08-05,"Foundation Consumer Brands, LLC | First lien senior secured loan | Non-Affiliated","Foundation Consumer Brands, LLC","Foundation Consumer Brands, LLC",First Lien,,,,15281000.0,15161000.0,15281000.0,,100.0,5.0,,,,False,,,USD,15281000.0
OBDC,0001655888,0001655888-26-000056,10-Q,2026-06-30,2026-08-05,Lignetics Investment Corp. | First lien senior secured loan | Non-Affiliated,Lignetics Investment Corp.,Lignetics Investment Corp.,First Lien,,,,114820000.0,114696000.0,114820000.0,,100.0,5.5,,,,False,,,USD,114820000.0
OBDC,0001655888,0001655888-26-000056,10-Q,2026-06-30,2026-08-05,"SWK BUYER, Inc. (dba Stonewall Kitchen) | First lien senior secured loan | Non-Affiliated","SWK BUYER, Inc. (dba Stonewall Kitchen)","SWK BUYER, Inc. (dba Stonewall Kitchen)",First Lien,,,,1322000.0,1417000.0,1448000.0,,91.3,5.25,,,,False,,,USD,1322000.0
OBDC,0001655888,0001655888-26-000056,10-Q,2026-06-30,2026-08-05,"SWK BUYER, Inc. (dba Stonewall Kitchen) | First lien senior secured revolving loan | Non-Affiliated","SWK BUYER, Inc. (dba Stonewall Kitchen)","SWK BUYER, Inc. (dba Stonewall Kitchen)",First Lien,,,,65000.0,75000.0,77000.0,,84.42,5.25,,,,False,,,USD,65000.0
OBDC,0001655888,0001655888-26-000056,10-Q,2026-06-30,2026-08-05,"WU Holdco, Inc. (dba PurposeBuilt Brands) | First lien senior secured loan | Non-Affiliated","WU Holdco, Inc. (dba PurposeBuilt Brands)","WU Holdco, Inc. (dba PurposeBuilt Brands)",First Lien,,,,92658000.0,92922000.0,93123000.0,,99.5,4.75,,,,False,,,USD,92658000.0
OBDC,0001655888,0001655888-26-000056,10-Q,2026-06-30,2026-08-05,"Arctic Holdco, LLC (dba Novvia Group) | First lien senior secured loan | Non-Affiliated","Arctic Holdco, LLC (dba Novvia Group)","Arctic Holdco, LLC (dba Novvia Group)",First Lien,,,,102071000.0,102459000.0,102842000.0,,99.25,5.25,,,,False,,,USD,102071000.0
OBDC,0001655888,0001655888-26-000056,10-Q,2026-06-30,2026-08-05,"Arctic Holdco, LLC (dba Novvia Group) | First lien senior secured revolving loan | Non-Affiliated","Arctic Holdco, LLC (dba Novvia Group)","Arctic Holdco, LLC (dba Novvia Group)",First Lien,,,,1934000.0,1960000.0,1987000.0,,97.33,5.25,,,,False,,,USD,1934000.0
OBDC,0001655888,0001655888-26-000056,10-Q,2026-06-30,2026-08-05,"Ascend Buyer, LLC (dba PPC Flexible Packaging) | First lien senior secured loan | Non-Affiliated","Ascend Buyer, LLC (dba PPC Flexible Packaging)","Ascend Buyer, LLC (dba PPC Flexible Packaging)",First Lien,,,,70650000.0,70598000.0,71434000.0,,98.9,5.25,,,,False,,,USD,70650000.0
OBDC,0001655888,0001655888-26-000056,10-Q,2026-06-30,2026-08-05,"Fortis Solutions Group, LLC | First lien senior secured loan | Non-Affiliated","Fortis Solutions Group, LLC","Fortis Solutions Group, LLC",First Lien,,,,36229000.0,36155000.0,36904000.0,,98.17,5.5,,,,False,,,USD,36229000.0
OBDC,0001655888,0001655888-26-000056,10-Q,2026-06-30,2026-08-05,"Indigo Buyer, Inc. (dba Inovar Packaging Group) | First lien senior secured loan | Non-Affiliated","Indigo Buyer, Inc. (dba Inovar Packaging Group)","Indigo Buyer, Inc. (dba Inovar Packaging Group)",First Lien,,,,14074000.0,13960000.0,14074000.0,,100.0,5.25,,,,False,,,USD,14074000.0
OBDC,0001655888,0001655888-26-000056,10-Q,2026-06-30,2026-08-05,Pregis Topco LLC | Second lien senior secured loan 1 | Non-Affiliated,Pregis Topco LLC,Pregis Topco LLC,Second Lien,,,,25720000.0,25474000.0,25720000.0,,100.0,7.75,,,,False,,,USD,25720000.0
OBDC,0001655888,0001655888-26-000056,10-Q,2026-06-30,2026-08-05,Pregis Topco LLC | Second lien senior secured loan 2 | Non-Affiliated,Pregis Topco LLC,Pregis Topco LLC,Second Lien,,,,150056000.0,148701000.0,150056000.0,,100.0,6.75,,,,False,,,USD,150056000.0
OBDC,0001655888,0001655888-26-000056,10-Q,2026-06-30,2026-08-05,ABB/Con-cise Optical Group LLC | First lien senior secured loan | Non-Affiliated,ABB/Con-cise Optical Group LLC,ABB/Con-cise Optical Group LLC,First Lien,,,,64467000.0,64284000.0,64629000.0,,99.75,7.5,,,,False,,,USD,64467000.0
OBDC,0001655888,0001655888-26-000056,10-Q,2026-06-30,2026-08-05,"Endries Acquisition, Inc. | First lien senior secured loan | Non-Affiliated","Endries Acquisition, Inc.","Endries Acquisition, Inc.",First Lien,,,,116785000.0,117792000.0,118563000.0,,98.5,5.5,,,,False,,,USD,116785000.0
OBDC,0001655888,0001655888-26-000056,10-Q,2026-06-30,2026-08-05,"Offen, Inc. | First lien senior secured loan | Non-Affiliated","Offen, Inc.","Offen, Inc.",First Lien,,,,14495000.0,14556000.0,14679000.0,,98.75,5.0,,,,False,,,USD,14495000.0
OBDC,0001655888,0001655888-26-000056,10-Q,2026-06-30,2026-08-05,"Severin Acquisition, LLC (dba PowerSchool) | First lien senior secured loan | Non-Affiliated","Severin Acquisition, LLC (dba PowerSchool)","Severin Acquisition, LLC (dba PowerSchool)",First Lien,,,,1538000.0,1590000.0,1615000.0,,95.23,2.75,,,2.25,True,,,USD,1538000.0
OBDC,0001655888,0001655888-26-000056,10-Q,2026-06-30,2026-08-05,"Severin Acquisition, LLC (dba PowerSchool) | First lien senior secured revolving loan | Non-Affiliated","Severin Acquisition, LLC (dba PowerSchool)","Severin Acquisition, LLC (dba PowerSchool)",First Lien,,,,86000.0,93000.0,94000.0,,91.49,4.75,,,,False,,,USD,86000.0
OBDC,0001655888,0001655888-26-000056,10-Q,2026-06-30,2026-08-05,"Dresser Utility Solutions, LLC | First lien senior secured loan | Non-Affiliated","Dresser Utility Solutions, LLC","Dresser Utility Solutions, LLC",First Lien,,,,74054000.0,73453000.0,74054000.0,,100.0,5.25,,,,False,,,USD,74054000.0
OBDC,0001655888,0001655888-26-000056,10-Q,2026-06-30,2026-08-05,"Baker Tilly Advisory Group, LP | First lien senior secured loan | Non-Affiliated","Baker Tilly Advisory Group, LP","Baker Tilly Advisory Group, LP",First Lien,,,,81172000.0,80094000.0,81172000.0,,100.0,4.75,,,,False,,,USD,81172000.0
OBDC,0001655888,0001655888-26-000056,10-Q,2026-06-30,2026-08-05,"CCM Midco, LLC (f/k/a Cresset Capital Management, LLC) | First lien senior secured loan | Non-Affiliated","CCM Midco, LLC (f/k/a Cresset Capital Management, LLC)","CCM Midco, LLC (f/k/a Cresset Capital Management, LLC)",First Lien,,,,39459000.0,38965000.0,39459000.0,,100.0,4.5,,,,False,,,USD,39459000.0
OBDC,0001655888,0001655888-26-000056,10-Q,2026-06-30,2026-08-05,"Continental Finance Company, LLC | First lien senior secured loan | Non-Affiliated","Continental Finance Company, LLC","Continental Finance Company, LLC",First Lien,,,,7444000.0,7446000.0,7500000.0,,99.25,8.0,,,,False,,,USD,7444000.0
OBDC,0001655888,0001655888-26-000056,10-Q,2026-06-30,2026-08-05,Deerfield Dakota Holdings | First lien senior secured loan | Non-Affiliated,Deerfield Dakota Holdings,Deerfield Dakota Holdings,First Lien,,,,116208000.0,116273000.0,116792000.0,,99.5,3.0,,,2.75,True,,,USD,116208000.0
OBDC,0001655888,0001655888-26-000056,10-Q,2026-06-30,2026-08-05,Deerfield Dakota Holdings | First lien senior secured revolving loan | Non-Affiliated,Deerfield Dakota Holdings,Deerfield Dakota Holdings,First Lien,,,,3894000.0,3900000.0,3947000.0,,98.66,5.25,,,,False,,,USD,3894000.0
OBDC,0001655888,0001655888-26-000056,10-Q,2026-06-30,2026-08-05,Klarna Holding AB | Subordinated Floating Rate Notes | Non-Affiliated,Klarna Holding AB,Klarna Holding AB,Subordinated,,,,1000000.0,1000000.0,1000000.0,,100.0,7.0,,,,False,,,USD,1000000.0
OBDC,0001655888,0001655888-26-000056,10-Q,2026-06-30,2026-08-05,KRIV Acquisition Inc. (dba Riveron) | First lien senior secured loan | Non-Affiliated,KRIV Acquisition Inc. (dba Riveron),KRIV Acquisition Inc. (dba Riveron),First Lien,,,,8108000.0,7956000.0,8108000.0,,100.0,4.75,,,,False,,,USD,8108000.0
OBDC,0001655888,0001655888-26-000056,10-Q,2026-06-30,2026-08-05,"Minotaur Acquisition, Inc. (dba Inspira Financial) | First lien senior secured loan | Non-Affiliated","Minotaur Acquisition, Inc. (dba Inspira Financial)","Minotaur Acquisition, Inc. (dba Inspira Financial)",First Lien,,,,219247000.0,217397000.0,219796000.0,,99.75,5.0,,,,False,,,USD,219247000.0
OBDC,0001655888,0001655888-26-000056,10-Q,2026-06-30,2026-08-05,"NMI Acquisitionco, Inc. (dba Network Merchants) | First lien senior secured loan | Non-Affiliated","NMI Acquisitionco, Inc. (dba Network Merchants)","NMI Acquisitionco, Inc. (dba Network Merchants)",First Lien,,,,45934000.0,46274000.0,46402000.0,,98.99,4.5,,,,False,,,USD,45934000.0
OBDC,0001655888,0001655888-26-000056,10-Q,2026-06-30,2026-08-05,Smarsh Inc. | First lien senior secured loan | Non-Affiliated,Smarsh Inc.,Smarsh Inc.,First Lien,,,,1939000.0,2014000.0,2031000.0,,95.47,4.75,,,,False,,,USD,1939000.0
OBDC,0001655888,0001655888-26-000056,10-Q,2026-06-30,2026-08-05,Smarsh Inc. | First lien senior secured revolving loan | Non-Affiliated,Smarsh Inc.,Smarsh Inc.,First Lien,,,,105000.0,113000.0,114000.0,,92.11,4.75,,,,False,,,USD,105000.0
OBDC,0001655888,0001655888-26-000056,10-Q,2026-06-30,2026-08-05,Wipfli Advisory LLC | First lien senior secured loan | Non-Affiliated,Wipfli Advisory LLC,Wipfli Advisory LLC,First Lien,,,,26105000.0,26270000.0,26341000.0,,99.1,4.25,,,,False,,,USD,26105000.0
OBDC,0001655888,0001655888-26-000056,10-Q,2026-06-30,2026-08-05,"Balrog Acquisition, Inc. (dba Bakemark) | Second lien senior secured loan | Non-Affiliated","Balrog Acquisition, Inc. (dba Bakemark)","Balrog Acquisition, Inc. (dba Bakemark)",Second Lien,,,,18760000.0,27822000.0,28000000.0,,67.0,7.0,,,,False,,,USD,18760000.0
OBDC,0001655888,0001655888-26-000056,10-Q,2026-06-30,2026-08-05,Blast Bidco Inc. (dba Bazooka Candy Brands) | First lien senior secured loan | Non-Affiliated,Blast Bidco Inc. (dba Bazooka Candy Brands),Blast Bidco Inc. (dba Bazooka Candy Brands),First Lien,,,,37017000.0,36572000.0,37203000.0,,99.5,6.0,,,,False,,,USD,37017000.0
OBDC,0001655888,0001655888-26-000056,10-Q,2026-06-30,2026-08-05,"BP Veraison Buyer, LLC (dba Sun World) | First lien senior secured loan | Non-Affiliated","BP Veraison Buyer, LLC (dba Sun World)","BP Veraison Buyer, LLC (dba Sun World)",First Lien,,,,136645000.0,135571000.0,136645000.0,,100.0,5.25,,,,False,,,USD,136645000.0
OBDC,0001655888,0001655888-26-000056,10-Q,2026-06-30,2026-08-05,Eagle Family Foods Group LLC | First lien senior secured loan | Non-Affiliated,Eagle Family Foods Group LLC,Eagle Family Foods Group LLC,First Lien,,,,1699000.0,1688000.0,1703000.0,,99.77,4.75,,,,False,,,USD,1699000.0
OBDC,0001655888,0001655888-26-000056,10-Q,2026-06-30,2026-08-05,"Fiesta Purchaser, Inc. (dba Shearer's Foods) | First lien senior secured revolving loan | Non-Affiliated","Fiesta Purchaser, Inc. (dba Shearer's Foods)","Fiesta Purchaser, Inc. (dba Shearer's Foods)",First Lien,,,,1708000.0,1831000.0,1831000.0,,93.28,2.75,,,,False,,,USD,1708000.0
OBDC,0001655888,0001655888-26-000056,10-Q,2026-06-30,2026-08-05,"Gehl Foods, LLC | First lien senior secured loan | Non-Affiliated","Gehl Foods, LLC","Gehl Foods, LLC",First Lien,,,,97846000.0,96825000.0,97846000.0,,100.0,6.25,,,,False,,,USD,97846000.0
OBDC,0001655888,0001655888-26-000056,10-Q,2026-06-30,2026-08-05,"Hissho Parent, LLC | First lien senior secured loan | Non-Affiliated","Hissho Parent, LLC","Hissho Parent, LLC",First Lien,,,,16422000.0,16318000.0,16422000.0,,100.0,4.75,,,,False,,,USD,16422000.0
OBDC,0001655888,0001655888-26-000056,10-Q,2026-06-30,2026-08-05,"Innovation Ventures HoldCo, LLC (dba 5 Hour Energy) | First lien senior secured loan | Non-Affiliated","Innovation Ventures HoldCo, LLC (dba 5 Hour Energy)","Innovation Ventures HoldCo, LLC (dba 5 Hour Energy)",First Lien,,,,27682000.0,27375000.0,27682000.0,,100.0,6.25,,,,False,,,USD,27682000.0
OBDC,0001655888,0001655888-26-000056,10-Q,2026-06-30,2026-08-05,"KBP Brands, LLC | First lien senior secured loan | Non-Affiliated","KBP Brands, LLC","KBP Brands, LLC",First Lien,,,,1034000.0,1035000.0,1050000.0,,98.48,5.25,,,,False,,,USD,1034000.0
OBDC,0001655888,0001655888-26-000056,10-Q,2026-06-30,2026-08-05,"Ole Smoky Distillery, LLC | First lien senior secured loan | Non-Affiliated","Ole Smoky Distillery, LLC","Ole Smoky Distillery, LLC",First Lien,,,,776000.0,840000.0,846000.0,,91.73,5.5,,,,False,,,USD,776000.0
OBDC,0001655888,0001655888-26-000056,10-Q,2026-06-30,2026-08-05,Rushmore Investment III LLC (dba Winland Foods) | First lien senior secured loan | Non-Affiliated,Rushmore Investment III LLC (dba Winland Foods),Rushmore Investment III LLC (dba Winland Foods),First Lien,,,,329682000.0,327419000.0,330508000.0,,99.75,5.25,,,,False,,,USD,329682000.0
OBDC,0001655888,0001655888-26-000056,10-Q,2026-06-30,2026-08-05,"Sara Lee Frozen Bakery, LLC (fka KSLB Holdings, LLC) | First lien senior secured loan | Non-Affiliated","Sara Lee Frozen Bakery, LLC (fka KSLB Holdings, LLC)","Sara Lee Frozen Bakery, LLC (fka KSLB Holdings, LLC)",First Lien,,,,52314000.0,53825000.0,53851000.0,,97.15,5.0,,,,False,,,USD,52314000.0
OBDC,0001655888,0001655888-26-000056,10-Q,2026-06-30,2026-08-05,Vital Bidco AB (dba Vitamin Well) | First lien senior secured loan | Non-Affiliated,Vital Bidco AB (dba Vitamin Well),Vital Bidco AB (dba Vitamin Well),First Lien,,,,61263000.0,60335000.0,61263000.0,,100.0,4.25,,,,False,,,USD,61263000.0
OBDC,0001655888,0001655888-26-000056,10-Q,2026-06-30,2026-08-05,"Arctic US Bidco, Inc. (dba ThermoSafe) | First lien senior secured loan | Non-Affiliated","Arctic US Bidco, Inc. (dba ThermoSafe)","Arctic US Bidco, Inc. (dba ThermoSafe)",First Lien,,,,34462000.0,34475000.0,34635000.0,,99.5,4.52,,,,False,,,USD,34462000.0
OBDC,0001655888,0001655888-26-000056,10-Q,2026-06-30,2026-08-05,"Arctic US Bidco, Inc. (dba ThermoSafe) | First lien senior secured delayed draw term loan | Non-Affiliated","Arctic US Bidco, Inc. (dba ThermoSafe)","Arctic US Bidco, Inc. (dba ThermoSafe)",First Lien,,,,2049000.0,2052000.0,2083000.0,,98.37,4.5,,,,False,,,USD,2049000.0
OBDC,0001655888,0001655888-26-000056,10-Q,2026-06-30,2026-08-05,Bamboo US BidCo LLC | First lien senior secured loan | Non-Affiliated,Bamboo US BidCo LLC,Bamboo US BidCo LLC,First Lien,,,,10642000.0,10582000.0,10642000.0,,100.0,5.25,,,,False,,,USD,10642000.0
OBDC,0001655888,0001655888-26-000056,10-Q,2026-06-30,2026-08-05,Bamboo US BidCo LLC | First lien senior secured EUR term loan | Non-Affiliated,Bamboo US BidCo LLC,Bamboo US BidCo LLC,First Lien,,,,5304000.0,4814000.0,4639000.0,,114.33,5.25,,,,False,,,USD,5304000.0
OBDC,0001655888,0001655888-26-000056,10-Q,2026-06-30,2026-08-05,Bamboo US BidCo LLC | First lien senior secured revolving loan | Non-Affiliated,Bamboo US BidCo LLC,Bamboo US BidCo LLC,First Lien,,,,538000.0,538000.0,538000.0,,100.0,5.25,,,,False,,,USD,538000.0
OBDC,0001655888,0001655888-26-000056,10-Q,2026-06-30,2026-08-05,Cambrex Corporation | First lien senior secured term loan | Non-Affiliated,Cambrex Corporation,Cambrex Corporation,First Lien,,,,916000.0,912000.0,920000.0,,99.57,4.75,,,,False,,,USD,916000.0
OBDC,0001655888,0001655888-26-000056,10-Q,2026-06-30,2026-08-05,"Caris Life Sciences, Inc. | First lien senior secured loan | Non-Affiliated","Caris Life Sciences, Inc.","Caris Life Sciences, Inc.",First Lien,,,,19616000.0,19620000.0,19714000.0,,99.5,5.0,,,,False,,,USD,19616000.0
OBDC,0001655888,0001655888-26-000056,10-Q,2026-06-30,2026-08-05,"Creek Parent, Inc. (dba Catalent) | First lien senior secured loan | Non-Affiliated","Creek Parent, Inc. (dba Catalent)","Creek Parent, Inc. (dba Catalent)",First Lien,,,,111951000.0,110701000.0,112797000.0,,99.25,5.0,,,,False,,,USD,111951000.0
OBDC,0001655888,0001655888-26-000056,10-Q,2026-06-30,2026-08-05,CSC MKG Topco LLC (dba Medical Knowledge Group) | First lien senior secured loan | Non-Affiliated,CSC MKG Topco LLC (dba Medical Knowledge Group),CSC MKG Topco LLC (dba Medical Knowledge Group),First Lien,,,,4594000.0,4517000.0,4594000.0,,100.0,5.5,,,,False,,,USD,4594000.0
OBDC,0001655888,0001655888-26-000056,10-Q,2026-06-30,2026-08-05,Nelipak Holding Company | First lien senior secured loan | Non-Affiliated,Nelipak Holding Company,Nelipak Holding Company,First Lien,,,,29195000.0,29104000.0,29564000.0,,98.75,5.5,,,,False,,,USD,29195000.0
OBDC,0001655888,0001655888-26-000056,10-Q,2026-06-30,2026-08-05,NELIPAK EUROPEAN HOLDINGS COÖPERATIEF U.A. | First lien senior secured EUR revolving loan | Non-Affiliated,NELIPAK EUROPEAN HOLDINGS COÖPERATIEF U.A.,NELIPAK EUROPEAN HOLDINGS COÖPERATIEF U.A.,First Lien,,,,49795000.0,46358000.0,44105000.0,,112.9,5.5,,,,False,,,USD,49795000.0
OBDC,0001655888,0001655888-26-000056,10-Q,2026-06-30,2026-08-05,"Packaging Coordinators Midco, Inc. | First lien senior secured loan | Non-Affiliated","Packaging Coordinators Midco, Inc.","Packaging Coordinators Midco, Inc.",First Lien,,,,158131000.0,158034000.0,159730000.0,,99.0,5.0,,,,False,,,USD,158131000.0
OBDC,0001655888,0001655888-26-000056,10-Q,2026-06-30,2026-08-05,"Packaging Coordinators Midco, Inc. | First lien senior secured delayed draw term loan | Non-Affiliated","Packaging Coordinators Midco, Inc.","Packaging Coordinators Midco, Inc.",First Lien,,,,18887000.0,18905000.0,14373000.0,,99.9,5.0,,,,False,,,USD,18887000.0
OBDC,0001655888,0001655888-26-000056,10-Q,2026-06-30,2026-08-05,"Patriot Acquisition TopCo S.À R.L. (dba Corza Health, Inc.) | First lien senior secured loan | Non-Affiliated","Patriot Acquisition TopCo S.À R.L. (dba Corza Health, Inc.)","Patriot Acquisition TopCo S.À R.L. (dba Corza Health, Inc.)",First Lien,,,,143232000.0,142456000.0,143232000.0,,100.0,4.75,,,,False,,,USD,143232000.0
OBDC,0001655888,0001655888-26-000056,10-Q,2026-06-30,2026-08-05,PerkinElmer U.S. LLC | First lien senior secured loan | Non-Affiliated,PerkinElmer U.S. LLC,PerkinElmer U.S. LLC,First Lien,,,,25592000.0,25682000.0,25721000.0,,99.5,4.5,,,,False,,,USD,25592000.0
OBDC,0001655888,0001655888-26-000056,10-Q,2026-06-30,2026-08-05,"Rhea Parent, Inc | First lien senior secured loan | Non-Affiliated","Rhea Parent, Inc","Rhea Parent, Inc",First Lien,,,,39763000.0,39806000.0,40164000.0,,99.0,5.0,,,,False,,,USD,39763000.0
OBDC,0001655888,0001655888-26-000056,10-Q,2026-06-30,2026-08-05,"TBRS, Inc. (dba TEAM Technologies) | First lien senior secured loan | Non-Affiliated","TBRS, Inc. (dba TEAM Technologies)","TBRS, Inc. (dba TEAM Technologies)",First Lien,,,,40721000.0,40615000.0,40925000.0,,99.5,4.75,,,,False,,,USD,40721000.0
OBDC,0001655888,0001655888-26-000056,10-Q,2026-06-30,2026-08-05,"TBRS, Inc. (dba TEAM Technologies) 2 | First lien senior secured loan | Non-Affiliated","TBRS, Inc. (dba TEAM Technologies) 2","TBRS, Inc. (dba TEAM Technologies) 2",First Lien,,,,415000.0,421000.0,442000.0,,93.89,4.75,,,,False,,,USD,415000.0
OBDC,0001655888,0001655888-26-000056,10-Q,2026-06-30,2026-08-05,Allied Benefit Systems Intermediate LLC | First lien senior secured loan | Non-Affiliated,Allied Benefit Systems Intermediate LLC,Allied Benefit Systems Intermediate LLC,First Lien,,,,5180000.0,5206000.0,5206000.0,,99.5,5.0,,,,False,,,USD,5180000.0
OBDC,0001655888,0001655888-26-000056,10-Q,2026-06-30,2026-08-05,"Belmont Buyer, Inc. (dba Valenz) | First lien senior secured loan 1 | Non-Affiliated","Belmont Buyer, Inc. (dba Valenz)","Belmont Buyer, Inc. (dba Valenz)",First Lien,,,,4547000.0,4484000.0,4547000.0,,100.0,6.5,,,,False,,,USD,4547000.0
OBDC,0001655888,0001655888-26-000056,10-Q,2026-06-30,2026-08-05,"Belmont Buyer, Inc. (dba Valenz) | First lien senior secured loan 2 | Non-Affiliated","Belmont Buyer, Inc. (dba Valenz)","Belmont Buyer, Inc. (dba Valenz)",First Lien,,,,3089000.0,3059000.0,3112000.0,,99.26,5.25,,,,False,,,USD,3089000.0
OBDC,0001655888,0001655888-26-000056,10-Q,2026-06-30,2026-08-05,Bristol Hospice L.L.C. | First lien senior secured loan | Non-Affiliated,Bristol Hospice L.L.C.,Bristol Hospice L.L.C.,First Lien,,,,41783000.0,41593000.0,41783000.0,,100.0,5.25,,,,False,,,USD,41783000.0
OBDC,0001655888,0001655888-26-000056,10-Q,2026-06-30,2026-08-05,"Commander Buyer, Inc. (dba CenExel) | First lien senior secured loan | Non-Affiliated","Commander Buyer, Inc. (dba CenExel)","Commander Buyer, Inc. (dba CenExel)",First Lien,,,,55542000.0,55550000.0,55821000.0,,99.5,4.5,,,,False,,,USD,55542000.0
OBDC,0001655888,0001655888-26-000056,10-Q,2026-06-30,2026-08-05,"Confluent Health, LLC | First lien senior secured loan | Non-Affiliated","Confluent Health, LLC","Confluent Health, LLC",First Lien,,,,4374000.0,4785000.0,4888000.0,,89.48,5.0,,,,False,,,USD,4374000.0
OBDC,0001655888,0001655888-26-000056,10-Q,2026-06-30,2026-08-05,"Covetrus, Inc. | Second lien senior secured loan | Non-Affiliated","Covetrus, Inc.","Covetrus, Inc.",Second Lien,,,,30000000.0,28987000.0,30000000.0,,100.0,9.25,,,,False,,,USD,30000000.0
OBDC,0001655888,0001655888-26-000056,10-Q,2026-06-30,2026-08-05,dentalcorp Health Services Ltd. (fka Aryeh Bidco Investment Ltd.) | First lien senior secured loan | Non-Affiliated,dentalcorp Health Services Ltd. (fka Aryeh Bidco Investment Ltd.),dentalcorp Health Services Ltd. (fka Aryeh Bidco Investment Ltd.),First Lien,,,,81515000.0,83305000.0,116296000.0,,70.09,5.0,,,,False,,,USD,81515000.0
OBDC,0001655888,0001655888-26-000056,10-Q,2026-06-30,2026-08-05,Engage Debtco Limited | First lien senior secured loan | Non-Affiliated,Engage Debtco Limited,Engage Debtco Limited,First Lien,,,,1956000.0,2111000.0,2155000.0,,90.77,3.08,,,2.75,True,,,USD,1956000.0
OBDC,0001655888,0001655888-26-000056,10-Q,2026-06-30,2026-08-05,"KWOL Acquisition, Inc. (dba Worldwide Clinical Trials) | First lien senior secured loan | Non-Affiliated","KWOL Acquisition, Inc. (dba Worldwide Clinical Trials)","KWOL Acquisition, Inc. (dba Worldwide Clinical Trials)",First Lien,,,,117840000.0,117239000.0,118433000.0,,99.5,5.0,,,,False,,,USD,117840000.0
OBDC,0001655888,0001655888-26-000056,10-Q,2026-06-30,2026-08-05,Lakefield Acquisition Corp. (dba Lakefield Veterinary Group) | First lien senior secured loan | Non-Affiliated,Lakefield Acquisition Corp. (dba Lakefield Veterinary Group),Lakefield Acquisition Corp. (dba Lakefield Veterinary Group),First Lien,,,,693000.0,693000.0,695000.0,,99.71,4.0,,,,False,,,USD,693000.0
OBDC,0001655888,0001655888-26-000056,10-Q,2026-06-30,2026-08-05,"Maple Acquisition, LLC (dba Medicus) | First lien senior secured loan | Non-Affiliated","Maple Acquisition, LLC (dba Medicus)","Maple Acquisition, LLC (dba Medicus)",First Lien,,,,77844000.0,77176000.0,77844000.0,,100.0,4.75,,,,False,,,USD,77844000.0
OBDC,0001655888,0001655888-26-000056,10-Q,2026-06-30,2026-08-05,National Dentex Labs LLC (fka Barracuda Dental LLC) | First lien senior secured loan | Non-Affiliated,National Dentex Labs LLC (fka Barracuda Dental LLC),National Dentex Labs LLC (fka Barracuda Dental LLC),First Lien,,,,64962000.0,142633000.0,169568000.0,,38.31,,,,10.0,True,,,USD,64962000.0
OBDC,0001655888,0001655888-26-000056,10-Q,2026-06-30,2026-08-05,National Dentex Labs LLC (fka Barracuda Dental LLC) | First lien senior secured delayed draw term loan | Non-Affiliated,National Dentex Labs LLC (fka Barracuda Dental LLC),National Dentex Labs LLC (fka Barracuda Dental LLC),First Lien,,,,7916000.0,14248000.0,23987000.0,,33.0,,,,12.0,True,,,USD,7916000.0
OBDC,0001655888,0001655888-26-000056,10-Q,2026-06-30,2026-08-05,National Dentex Labs LLC (fka Barracuda Dental LLC) | First lien senior secured revolving loan | Non-Affiliated,National Dentex Labs LLC (fka Barracuda Dental LLC),National Dentex Labs LLC (fka Barracuda Dental LLC),First Lien,,,,3998000.0,10147000.0,12335000.0,,32.41,,,,9.0,True,,,USD,3998000.0
OBDC,0001655888,0001655888-26-000056,10-Q,2026-06-30,2026-08-05,"Natural Partners, LLC | First lien senior secured loan | Non-Affiliated","Natural Partners, LLC","Natural Partners, LLC",First Lien,,,,6426000.0,6341000.0,6426000.0,,100.0,4.5,,,,False,,,USD,6426000.0
OBDC,0001655888,0001655888-26-000056,10-Q,2026-06-30,2026-08-05,"Nova Women's Health, Inc. | First lien senior secured loan | Non-Affiliated","Nova Women's Health, Inc.","Nova Women's Health, Inc.",First Lien,,,,14608000.0,14567000.0,14682000.0,,99.5,5.25,,,,False,,,USD,14608000.0
OBDC,0001655888,0001655888-26-000056,10-Q,2026-06-30,2026-08-05,"OB Hospitalist Group, Inc. | First lien senior secured loan | Non-Affiliated","OB Hospitalist Group, Inc.","OB Hospitalist Group, Inc.",First Lien,,,,120286000.0,119560000.0,120286000.0,,100.0,5.5,,,,False,,,USD,120286000.0
OBDC,0001655888,0001655888-26-000056,10-Q,2026-06-30,2026-08-05,Pacific BidCo Inc. | First lien senior secured loan | Non-Affiliated,Pacific BidCo Inc.,Pacific BidCo Inc.,First Lien,,,,47745000.0,47898000.0,48719000.0,,98.0,5.75,,,,False,,,USD,47745000.0
OBDC,0001655888,0001655888-26-000056,10-Q,2026-06-30,2026-08-05,"PetVet Care Centers, LLC | First lien senior secured loan | Non-Affiliated","PetVet Care Centers, LLC","PetVet Care Centers, LLC",First Lien,,,,113393000.0,128375000.0,130337000.0,,87.0,6.0,,,,False,,,USD,113393000.0
OBDC,0001655888,0001655888-26-000056,10-Q,2026-06-30,2026-08-05,"PetVet Care Centers, LLC | First lien senior secured revolving loan | Non-Affiliated","PetVet Care Centers, LLC","PetVet Care Centers, LLC",First Lien,,,,3111000.0,5325000.0,5490000.0,,56.67,6.0,,,,False,,,USD,3111000.0
OBDC,0001655888,0001655888-26-000056,10-Q,2026-06-30,2026-08-05,"Physician Partners, LLC | First lien senior secured loan 1 | Non-Affiliated","Physician Partners, LLC","Physician Partners, LLC",First Lien,,,,11230000.0,10824000.0,11315000.0,,99.25,6.0,,,,False,,,USD,11230000.0
OBDC,0001655888,0001655888-26-000056,10-Q,2026-06-30,2026-08-05,"Physician Partners, LLC | First lien senior secured loan 2 | Non-Affiliated","Physician Partners, LLC","Physician Partners, LLC",First Lien,,,,5931000.0,4589000.0,6596000.0,,89.92,1.5,,,2.5,True,,,USD,5931000.0
OBDC,0001655888,0001655888-26-000056,10-Q,2026-06-30,2026-08-05,Plasma Buyer LLC (dba PathGroup) | First lien senior secured loan | Non-Affiliated,Plasma Buyer LLC (dba PathGroup),Plasma Buyer LLC (dba PathGroup),First Lien,,,,809000.0,1347000.0,1512000.0,,53.51,,,,5.75,True,,,USD,809000.0
OBDC,0001655888,0001655888-26-000056,10-Q,2026-06-30,2026-08-05,Plasma Buyer LLC (dba PathGroup) | First lien senior secured delayed draw term loan | Non-Affiliated,Plasma Buyer LLC (dba PathGroup),Plasma Buyer LLC (dba PathGroup),First Lien,,,,31000.0,29000.0,31000.0,,100.0,,,,6.25,True,,,USD,31000.0
OBDC,0001655888,0001655888-26-000056,10-Q,2026-06-30,2026-08-05,Plasma Buyer LLC (dba PathGroup) | First lien senior secured revolving loan | Non-Affiliated,Plasma Buyer LLC (dba PathGroup),Plasma Buyer LLC (dba PathGroup),First Lien,,,,87000.0,149000.0,163000.0,,53.37,,,,5.75,True,,,USD,87000.0
OBDC,0001655888,0001655888-26-000056,10-Q,2026-06-30,2026-08-05,"PPV Intermediate Holdings, LLC | First lien senior secured loan | Non-Affiliated","PPV Intermediate Holdings, LLC","PPV Intermediate Holdings, LLC",First Lien,,,,28232000.0,28667000.0,29068000.0,,97.12,5.75,,,,False,,,USD,28232000.0
OBDC,0001655888,0001655888-26-000056,10-Q,2026-06-30,2026-08-05,"PPV Intermediate Holdings, LLC | First lien senior secured delayed draw term loan | Non-Affiliated","PPV Intermediate Holdings, LLC","PPV Intermediate Holdings, LLC",First Lien,,,,1711000.0,1727000.0,1751000.0,,97.72,6.0,,,,False,,,USD,1711000.0
OBDC,0001655888,0001655888-26-000056,10-Q,2026-06-30,2026-08-05,"Premier Imaging, LLC (dba LucidHealth) | First lien senior secured loan | Non-Affiliated","Premier Imaging, LLC (dba LucidHealth)","Premier Imaging, LLC (dba LucidHealth)",First Lien,,,,37965000.0,46824000.0,46872000.0,,81.0,6.0,,,,False,,,USD,37965000.0
OBDC,0001655888,0001655888-26-000056,10-Q,2026-06-30,2026-08-05,Premise Health Holding Corp. | First lien senior secured loan | Non-Affiliated,Premise Health Holding Corp.,Premise Health Holding Corp.,First Lien,,,,87148000.0,88076000.0,88501000.0,,98.47,4.75,,,,False,,,USD,87148000.0
OBDC,0001655888,0001655888-26-000056,10-Q,2026-06-30,2026-08-05,"Quva Pharma, Inc. | First lien senior secured loan | Non-Affiliated","Quva Pharma, Inc.","Quva Pharma, Inc.",First Lien,,,,66591000.0,67423000.0,68299000.0,,97.5,2.75,,,3.0,True,,,USD,66591000.0
OBDC,0001655888,0001655888-26-000056,10-Q,2026-06-30,2026-08-05,"SimonMed, Inc. | First lien senior secured loan | Non-Affiliated","SimonMed, Inc.","SimonMed, Inc.",First Lien,,,,529000.0,529000.0,532000.0,,99.44,4.75,,,,False,,,USD,529000.0
OBDC,0001655888,0001655888-26-000056,10-Q,2026-06-30,2026-08-05,"SimonMed, Inc. | First lien senior secured revolving loan | Non-Affiliated","SimonMed, Inc.","SimonMed, Inc.",First Lien,,,,33000.0,33000.0,33000.0,,100.0,4.75,,,,False,,,USD,33000.0
OBDC,0001655888,0001655888-26-000056,10-Q,2026-06-30,2026-08-05,"Soleo Holdings, Inc. | First lien senior secured loan | Non-Affiliated","Soleo Holdings, Inc.","Soleo Holdings, Inc.",First Lien,,,,71423000.0,71114000.0,71423000.0,,100.0,4.5,,,,False,,,USD,71423000.0
OBDC,0001655888,0001655888-26-000056,10-Q,2026-06-30,2026-08-05,"Soleo Holdings, Inc. | First lien senior secured delayed draw term loan | Non-Affiliated","Soleo Holdings, Inc.","Soleo Holdings, Inc.",First Lien,,,,8573000.0,8514000.0,8573000.0,,100.0,4.5,,,,False,,,USD,8573000.0
OBDC,0001655888,0001655888-26-000056,10-Q,2026-06-30,2026-08-05,"Tivity Health, Inc. | First lien senior secured loan | Non-Affiliated","Tivity Health, Inc.","Tivity Health, Inc.",First Lien,,,,139000.0,139000.0,139000.0,,100.0,5.0,,,,False,,,USD,139000.0
OBDC,0001655888,0001655888-26-000056,10-Q,2026-06-30,2026-08-05,"Unified Women's Healthcare, LP | First lien senior secured loan | Non-Affiliated","Unified Women's Healthcare, LP","Unified Women's Healthcare, LP",First Lien,,,,56738000.0,56545000.0,57023000.0,,99.5,5.0,,,,False,,,USD,56738000.0
OBDC,0001655888,0001655888-26-000056,10-Q,2026-06-30,2026-08-05,"Valeris, Inc. (fka Phantom Purchaser, Inc.) | First lien senior secured loan | Non-Affiliated","Valeris, Inc. (fka Phantom Purchaser, Inc.)","Valeris, Inc. (fka Phantom Purchaser, Inc.)",First Lien,,,,41918000.0,41394000.0,41918000.0,,100.0,5.0,,,,False,,,USD,41918000.0
OBDC,0001655888,0001655888-26-000056,10-Q,2026-06-30,2026-08-05,Vermont Aus Pty Ltd | First lien senior secured AUD term loan | Non-Affiliated,Vermont Aus Pty Ltd,Vermont Aus Pty Ltd,First Lien,,,,1429000.0,1365000.0,2067000.0,,69.13,4.5,,,,False,,,USD,1429000.0
OBDC,0001655888,0001655888-26-000056,10-Q,2026-06-30,2026-08-05,"BCPE Osprey Buyer, Inc. (dba PartsSource) | First lien senior secured loan | Non-Affiliated","BCPE Osprey Buyer, Inc. (dba PartsSource)","BCPE Osprey Buyer, Inc. (dba PartsSource)",First Lien,,,,176796000.0,175899000.0,177685000.0,,99.5,5.75,,,,False,,,USD,176796000.0
OBDC,0001655888,0001655888-26-000056,10-Q,2026-06-30,2026-08-05,"BCPE Osprey Buyer, Inc. (dba PartsSource) | First lien senior secured delayed draw term loan | Non-Affiliated","BCPE Osprey Buyer, Inc. (dba PartsSource)","BCPE Osprey Buyer, Inc. (dba PartsSource)",First Lien,,,,49345000.0,49071000.0,49617000.0,,99.45,5.75,,,,False,,,USD,49345000.0
OBDC,0001655888,0001655888-26-000056,10-Q,2026-06-30,2026-08-05,"CT Technologies Intermediate Holdings, Inc. (& Smart Holdings Corp.) (dba Datavant) | First lien senior secured loan 1 | Non-Affiliated","CT Technologies Intermediate Holdings, Inc. (& Smart Holdings Corp.) (dba Datavant)","CT Technologies Intermediate Holdings, Inc. (& Smart Holdings Corp.) (dba Datavant)",First Lien,,,,87491000.0,86493000.0,87491000.0,,100.0,5.0,,,,False,,,USD,87491000.0
OBDC,0001655888,0001655888-26-000056,10-Q,2026-06-30,2026-08-05,"CT Technologies Intermediate Holdings, Inc. (& Smart Holdings Corp.) (dba Datavant) | First lien senior secured loan 2 | Non-Affiliated","CT Technologies Intermediate Holdings, Inc. (& Smart Holdings Corp.) (dba Datavant)","CT Technologies Intermediate Holdings, Inc. (& Smart Holdings Corp.) (dba Datavant)",First Lien,,,,12631000.0,12638000.0,12694000.0,,99.5,4.75,,,,False,,,USD,12631000.0
OBDC,0001655888,0001655888-26-000056,10-Q,2026-06-30,2026-08-05,"GI Ranger Intermediate, LLC (dba Rectangle Health) (dba Datavant) | First lien senior secured loan | Non-Affiliated","GI Ranger Intermediate, LLC (dba Rectangle Health) (dba Datavant)","GI Ranger Intermediate, LLC (dba Rectangle Health) (dba Datavant)",First Lien,,,,22237000.0,23987000.0,24504000.0,,90.75,6.0,,,,False,,,USD,22237000.0
OBDC,0001655888,0001655888-26-000056,10-Q,2026-06-30,2026-08-05,"GI Ranger Intermediate, LLC (dba Rectangle Health) (dba Datavant) | First lien senior secured revolving loan | Non-Affiliated","GI Ranger Intermediate, LLC (dba Rectangle Health) (dba Datavant)","GI Ranger Intermediate, LLC (dba Rectangle Health) (dba Datavant)",First Lien,,,,1002000.0,1176000.0,1191000.0,,84.13,6.0,,,,False,,,USD,1002000.0
OBDC,0001655888,0001655888-26-000056,10-Q,2026-06-30,2026-08-05,"Indikami Bidco, LLC (dba IntegriChain) | First lien senior secured loan | Non-Affiliated","Indikami Bidco, LLC (dba IntegriChain)","Indikami Bidco, LLC (dba IntegriChain)",First Lien,,,,21452000.0,21760000.0,22116000.0,,97.0,4.0,,,2.5,True,,,USD,21452000.0
OBDC,0001655888,0001655888-26-000056,10-Q,2026-06-30,2026-08-05,"Indikami Bidco, LLC (dba IntegriChain) | First lien senior secured delayed draw term loan | Non-Affiliated","Indikami Bidco, LLC (dba IntegriChain)","Indikami Bidco, LLC (dba IntegriChain)",First Lien,,,,324000.0,334000.0,334000.0,,97.01,6.0,,,,False,,,USD,324000.0
OBDC,0001655888,0001655888-26-000056,10-Q,2026-06-30,2026-08-05,"Indikami Bidco, LLC (dba IntegriChain) | First lien senior secured revolving loan | Non-Affiliated","Indikami Bidco, LLC (dba IntegriChain)","Indikami Bidco, LLC (dba IntegriChain)",First Lien,,,,1691000.0,1727000.0,1753000.0,,96.46,6.0,,,,False,,,USD,1691000.0
OBDC,0001655888,0001655888-26-000056,10-Q,2026-06-30,2026-08-05,"Inovalon Holdings, Inc.| First lien senior secured loan | Non-Affiliated","Inovalon Holdings, Inc.","Inovalon Holdings, Inc.",First Lien,,,,148100000.0,155299000.0,155485000.0,,95.25,2.75,,,2.75,True,,,USD,148100000.0
OBDC,0001655888,0001655888-26-000056,10-Q,2026-06-30,2026-08-05,"Inovalon Holdings, Inc. | Second lien senior secured loan | Non-Affiliated","Inovalon Holdings, Inc.","Inovalon Holdings, Inc.",Second Lien,,,,56585000.0,67363000.0,67363000.0,,84.0,,,,8.5,True,,,USD,56585000.0
OBDC,0001655888,0001655888-26-000056,10-Q,2026-06-30,2026-08-05,"Interoperability Bidco, Inc. (dba Lyniate) | First lien senior secured loan | Non-Affiliated","Interoperability Bidco, Inc. (dba Lyniate)","Interoperability Bidco, Inc. (dba Lyniate)",First Lien,,,,70861000.0,71201000.0,71397000.0,,99.25,5.25,,,,False,,,USD,70861000.0
OBDC,0001655888,0001655888-26-000056,10-Q,2026-06-30,2026-08-05,Klick Inc. | First lien senior secured loan | Non-Affiliated,Klick Inc.,Klick Inc.,First Lien,,,,67146000.0,67170000.0,67484000.0,,99.5,5.0,,,,False,,,USD,67146000.0
OBDC,0001655888,0001655888-26-000056,10-Q,2026-06-30,2026-08-05,Klick Inc. | First lien senior secured delayed draw term loan | Non-Affiliated,Klick Inc.,Klick Inc.,First Lien,,,,7180000.0,7182000.0,7216000.0,,99.5,5.0,,,,False,,,USD,7180000.0
OBDC,0001655888,0001655888-26-000056,10-Q,2026-06-30,2026-08-05,"Modernizing Medicine, Inc. (dba ModMed) | First lien senior secured loan | Non-Affiliated","Modernizing Medicine, Inc. (dba ModMed)","Modernizing Medicine, Inc. (dba ModMed)",First Lien,,,,781000.0,774000.0,781000.0,,100.0,2.5,,,2.25,True,,,USD,781000.0
OBDC,0001655888,0001655888-26-000056,10-Q,2026-06-30,2026-08-05,"RL Datix Holdings (USA), Inc. | First lien senior secured loan | Non-Affiliated","RL Datix Holdings (USA), Inc.","RL Datix Holdings (USA), Inc.",First Lien,,,,54737000.0,55713000.0,55712000.0,,98.25,5.0,,,,False,,,USD,54737000.0
OBDC,0001655888,0001655888-26-000056,10-Q,2026-06-30,2026-08-05,"RL Datix Holdings (USA), Inc. | First lien senior secured GBP term loan | Non-Affiliated","RL Datix Holdings (USA), Inc.","RL Datix Holdings (USA), Inc.",First Lien,,,,33755000.0,34933000.0,25885000.0,,96.63,5.0,,,,False,,,USD,33755000.0
OBDC,0001655888,0001655888-26-000056,10-Q,2026-06-30,2026-08-05,Salinger Bidco Inc. (dba Surgical Information Systems) | First lien senior secured loan | Non-Affiliated,Salinger Bidco Inc. (dba Surgical Information Systems),Salinger Bidco Inc. (dba Surgical Information Systems),First Lien,,,,40704000.0,40161000.0,40704000.0,,100.0,5.75,,,,False,,,USD,40704000.0
OBDC,0001655888,0001655888-26-000056,10-Q,2026-06-30,2026-08-05,"HGH Purchaser, Inc. (dba Horizon Services) | First lien senior secured loan | Non-Affiliated","HGH Purchaser, Inc. (dba Horizon Services)","HGH Purchaser, Inc. (dba Horizon Services)",First Lien,,,,182761000.0,196971000.0,197580000.0,,92.5,3.25,,,3.75,True,,,USD,182761000.0
OBDC,0001655888,0001655888-26-000056,10-Q,2026-06-30,2026-08-05,"HGH Purchaser, Inc. (dba Horizon Services) | First lien senior secured revolving loan | Non-Affiliated","HGH Purchaser, Inc. (dba Horizon Services)","HGH Purchaser, Inc. (dba Horizon Services)",First Lien,,,,12206000.0,13392000.0,13454000.0,,90.72,6.5,,,,False,,,USD,12206000.0
OBDC,0001655888,0001655888-26-000056,10-Q,2026-06-30,2026-08-05,"Mario Midco Holdings, Inc. (dba Len the Plumber) | Unsecured facility | Non-Affiliated","Mario Midco Holdings, Inc. (dba Len the Plumber)","Mario Midco Holdings, Inc. (dba Len the Plumber)",,,,,8184000.0,9354000.0,9544000.0,,85.75,,,,10.75,True,,,USD,8184000.0
OBDC,0001655888,0001655888-26-000056,10-Q,2026-06-30,2026-08-05,"Mario Purchaser, LLC (dba Len the Plumber) | First lien senior secured revolving loan | Non-Affiliated","Mario Purchaser, LLC (dba Len the Plumber)","Mario Purchaser, LLC (dba Len the Plumber)",First Lien,,,,606000.0,742000.0,761000.0,,79.63,5.75,,,,False,,,USD,606000.0
OBDC,0001655888,0001655888-26-000056,10-Q,2026-06-30,2026-08-05,"Mario Purchaser, LLC (dba Len the Plumber) | First lien senior secured loan | Non-Affiliated","Mario Purchaser, LLC (dba Len the Plumber)","Mario Purchaser, LLC (dba Len the Plumber)",First Lien,,,,25743000.0,27541000.0,27981000.0,,92.0,4.0,,,2.0,True,,,USD,25743000.0
OBDC,0001655888,0001655888-26-000056,10-Q,2026-06-30,2026-08-05,Sentinel Buyer Corp. (dba SimpliSafe) | First lien senior secured loan | Non-Affiliated,Sentinel Buyer Corp. (dba SimpliSafe),Sentinel Buyer Corp. (dba SimpliSafe),First Lien,,,,39809000.0,39938000.0,40313000.0,,98.75,5.0,,,,False,,,USD,39809000.0
OBDC,0001655888,0001655888-26-000056,10-Q,2026-06-30,2026-08-05,"Cornerstone OnDemand, Inc. | Second lien senior secured loan | Non-Affiliated","Cornerstone OnDemand, Inc.","Cornerstone OnDemand, Inc.",Second Lien,,,,92240000.0,154594000.0,160417000.0,,57.5,6.5,,,,False,,,USD,92240000.0
OBDC,0001655888,0001655888-26-000056,10-Q,2026-06-30,2026-08-05,"IG Investments Holdings, LLC (dba Insight Global) | First lien senior secured loan | Non-Affiliated","IG Investments Holdings, LLC (dba Insight Global)","IG Investments Holdings, LLC (dba Insight Global)",First Lien,,,,111668000.0,110830000.0,111668000.0,,100.0,5.0,,,,False,,,USD,111668000.0
OBDC,0001655888,0001655888-26-000056,10-Q,2026-06-30,2026-08-05,"CHA Vision Holdings, Inc. (fka FR Vision Holdings, Inc.) | First lien senior secured loan | Non-Affiliated","CHA Vision Holdings, Inc. (fka FR Vision Holdings, Inc.)","CHA Vision Holdings, Inc. (fka FR Vision Holdings, Inc.)",First Lien,,,,51169000.0,50659000.0,51169000.0,,100.0,5.0,,,,False,,,USD,51169000.0
OBDC,0001655888,0001655888-26-000056,10-Q,2026-06-30,2026-08-05,"CHA Vision Holdings, Inc. (fka FR Vision Holdings, Inc.) | First lien senior secured revolving loan | Non-Affiliated","CHA Vision Holdings, Inc. (fka FR Vision Holdings, Inc.)","CHA Vision Holdings, Inc. (fka FR Vision Holdings, Inc.)",First Lien,,,,288000.0,277000.0,288000.0,,100.0,5.0,,,,False,,,USD,288000.0
OBDC,0001655888,0001655888-26-000056,10-Q,2026-06-30,2026-08-05,GI Apple Midco LLC (dba Atlas Technical Consultants) | First lien senior secured loan | Non-Affiliated,GI Apple Midco LLC (dba Atlas Technical Consultants),GI Apple Midco LLC (dba Atlas Technical Consultants),First Lien,,,,897000.0,913000.0,922000.0,,97.29,6.75,,,,False,,,USD,897000.0
OBDC,0001655888,0001655888-26-000056,10-Q,2026-06-30,2026-08-05,GI Apple Midco LLC (dba Atlas Technical Consultants) | First lien senior secured revolving loan | Non-Affiliated,GI Apple Midco LLC (dba Atlas Technical Consultants),GI Apple Midco LLC (dba Atlas Technical Consultants),First Lien,,,,71000.0,73000.0,74000.0,,95.95,6.75,,,,False,,,USD,71000.0
OBDC,0001655888,0001655888-26-000056,10-Q,2026-06-30,2026-08-05,"Peachtree Buyer, Inc. (dba Pond & Company) | First lien senior secured loan | Non-Affiliated","Peachtree Buyer, Inc. (dba Pond & Company)","Peachtree Buyer, Inc. (dba Pond & Company)",First Lien,,,,37682000.0,37689000.0,38062000.0,,99.0,5.0,,,,False,,,USD,37682000.0
OBDC,0001655888,0001655888-26-000056,10-Q,2026-06-30,2026-08-05,"Peachtree Buyer, Inc. (dba Pond & Company) | First lien senior secured revolving loan | Non-Affiliated","Peachtree Buyer, Inc. (dba Pond & Company)","Peachtree Buyer, Inc. (dba Pond & Company)",First Lien,,,,244000.0,258000.0,276000.0,,88.41,4.5,,,,False,,,USD,244000.0
OBDC,0001655888,0001655888-26-000056,10-Q,2026-06-30,2026-08-05,"Tamarack Intermediate, L.L.C. (dba Verisk 3E) | First lien senior secured loan | Non-Affiliated","Tamarack Intermediate, L.L.C. (dba Verisk 3E)","Tamarack Intermediate, L.L.C. (dba Verisk 3E)",First Lien,,,,1190000.0,1201000.0,1214000.0,,98.02,4.95,,,,False,,,USD,1190000.0
OBDC,0001655888,0001655888-26-000056,10-Q,2026-06-30,2026-08-05,"Tamarack Intermediate, L.L.C. (dba Verisk 3E) | First lien senior secured delayed draw term loan 1 | Non-Affiliated","Tamarack Intermediate, L.L.C. (dba Verisk 3E)","Tamarack Intermediate, L.L.C. (dba Verisk 3E)",First Lien,,,,225000.0,230000.0,233000.0,,96.57,5.0,,,,False,,,USD,225000.0
OBDC,0001655888,0001655888-26-000056,10-Q,2026-06-30,2026-08-05,"Tamarack Intermediate, L.L.C. (dba Verisk 3E) | First lien senior secured delayed draw term loan 2 | Non-Affiliated","Tamarack Intermediate, L.L.C. (dba Verisk 3E)","Tamarack Intermediate, L.L.C. (dba Verisk 3E)",First Lien,,,,132000.0,133000.0,135000.0,,97.78,4.81,,,,False,,,USD,132000.0
OBDC,0001655888,0001655888-26-000056,10-Q,2026-06-30,2026-08-05,VCI Asset Holdings LLC | First lien senior secured loan | Non-Affiliated,VCI Asset Holdings LLC,VCI Asset Holdings LLC,First Lien,,,,86701000.0,80675000.0,81409000.0,,106.5,10.0,,,,False,,,USD,86701000.0
OBDC,0001655888,0001655888-26-000056,10-Q,2026-06-30,2026-08-05,"Vessco Midco Holdings, LLC | First lien senior secured loan 1 | Non-Affiliated","Vessco Midco Holdings, LLC","Vessco Midco Holdings, LLC",First Lien,,,,45722000.0,45218000.0,45722000.0,,100.0,4.5,,,,False,,,USD,45722000.0
OBDC,0001655888,0001655888-26-000056,10-Q,2026-06-30,2026-08-05,"Vessco Midco Holdings, LLC | First lien senior secured loan 2 | Non-Affiliated","Vessco Midco Holdings, LLC","Vessco Midco Holdings, LLC",First Lien,,,,29530000.0,29344000.0,29530000.0,,100.0,4.5,,,,False,,,USD,29530000.0
OBDC,0001655888,0001655888-26-000056,10-Q,2026-06-30,2026-08-05,AmeriLife Holdings LLC | First lien senior secured loan | Non-Affiliated,AmeriLife Holdings LLC,AmeriLife Holdings LLC,First Lien,,,,13174000.0,13062000.0,13273000.0,,99.25,5.0,,,,False,,,USD,13174000.0
OBDC,0001655888,0001655888-26-000056,10-Q,2026-06-30,2026-08-05,AmeriLife Holdings LLC | First lien senior secured revolving loan | Non-Affiliated,AmeriLife Holdings LLC,AmeriLife Holdings LLC,First Lien,,,,243000.0,247000.0,250000.0,,97.2,5.0,,,,False,,,USD,243000.0
OBDC,0001655888,0001655888-26-000056,10-Q,2026-06-30,2026-08-05,"Brightway Holdings, LLC | First lien senior secured loan | Non-Affiliated","Brightway Holdings, LLC","Brightway Holdings, LLC",First Lien,,,,51782000.0,51652000.0,51782000.0,,100.0,5.0,,,,False,,,USD,51782000.0
OBDC,0001655888,0001655888-26-000056,10-Q,2026-06-30,2026-08-05,Diamond Mezzanine 24 LLC (dba United Risk) | First lien senior secured loan | Non-Affiliated,Diamond Mezzanine 24 LLC (dba United Risk),Diamond Mezzanine 24 LLC (dba United Risk),First Lien,,,,25038000.0,24825000.0,25038000.0,,100.0,4.5,,,,False,,,USD,25038000.0
OBDC,0001655888,0001655888-26-000056,10-Q,2026-06-30,2026-08-05,"Evolution BuyerCo, Inc. (dba SIAA) | First lien senior secured loan | Non-Affiliated","Evolution BuyerCo, Inc. (dba SIAA)","Evolution BuyerCo, Inc. (dba SIAA)",First Lien,,,,414000.0,409000.0,414000.0,,100.0,4.75,,,,False,,,USD,414000.0
OBDC,0001655888,0001655888-26-000056,10-Q,2026-06-30,2026-08-05,"Integrity Marketing Acquisition, LLC | First lien senior secured loan | Non-Affiliated","Integrity Marketing Acquisition, LLC","Integrity Marketing Acquisition, LLC",First Lien,,,,96938000.0,96179000.0,96938000.0,,100.0,5.0,,,,False,,,USD,96938000.0
OBDC,0001655888,0001655888-26-000056,10-Q,2026-06-30,2026-08-05,"KUSRP Intermediate, Inc. (dba U.S. Retirement and Benefits Partners) | First lien senior secured loan | Non-Affiliated","KUSRP Intermediate, Inc. (dba U.S. Retirement and Benefits Partners)","KUSRP Intermediate, Inc. (dba U.S. Retirement and Benefits Partners)",First Lien,,,,72349000.0,71799000.0,72349000.0,,100.0,,,,10.5,True,,,USD,72349000.0
OBDC,0001655888,0001655888-26-000056,10-Q,2026-06-30,2026-08-05,"Norvax, LLC (dba GoHealth) | First lien senior secured loan | Non-Affiliated","Norvax, LLC (dba GoHealth)","Norvax, LLC (dba GoHealth)",First Lien,,,,410000.0,2259000.0,2483000.0,,16.51,,,,6.5,True,,,USD,410000.0
OBDC,0001655888,0001655888-26-000056,10-Q,2026-06-30,2026-08-05,"Norvax, LLC (dba GoHealth) | First lien senior secured revolving loan | Non-Affiliated","Norvax, LLC (dba GoHealth)","Norvax, LLC (dba GoHealth)",First Lien,,,,0.0,1577000.0,4184000.0,,0.0,,,,8.25,True,,,USD,0.0
OBDC,0001655888,0001655888-26-000056,10-Q,2026-06-30,2026-08-05,"Simplicity Financial Marketing Group Holdings, Inc. | First lien senior secured loan | Non-Affiliated","Simplicity Financial Marketing Group Holdings, Inc.","Simplicity Financial Marketing Group Holdings, Inc.",First Lien,,,,49977000.0,50028000.0,50615000.0,,98.74,5.0,,,,False,,,USD,49977000.0
OBDC,0001655888,0001655888-26-000056,10-Q,2026-06-30,2026-08-05,"THG Acquisition, LLC (dba Hilb) | First lien senior secured loan | Non-Affiliated","THG Acquisition, LLC (dba Hilb)","THG Acquisition, LLC (dba Hilb)",First Lien,,,,42563000.0,42692000.0,43157000.0,,98.62,4.75,,,,False,,,USD,42563000.0
OBDC,0001655888,0001655888-26-000056,10-Q,2026-06-30,2026-08-05,"Trucordia Insurance Holdings, LLC | Second lien senior secured loan | Non-Affiliated","Trucordia Insurance Holdings, LLC","Trucordia Insurance Holdings, LLC",Second Lien,,,,135375000.0,148639000.0,150000000.0,,90.25,5.75,,,,False,,,USD,135375000.0
OBDC,0001655888,0001655888-26-000056,10-Q,2026-06-30,2026-08-05,"Truist Insurance Holdings, LLC | First lien senior secured revolving loan | Non-Affiliated","Truist Insurance Holdings, LLC","Truist Insurance Holdings, LLC",First Lien,,,,24000.0,51000.0,51000.0,,47.06,3.25,,,,False,,,USD,24000.0
OBDC,0001655888,0001655888-26-000056,10-Q,2026-06-30,2026-08-05,"USRP Holdings, Inc. (dba U.S. Retirement and Benefits Partners) | First lien senior secured loan | Non-Affiliated","USRP Holdings, Inc. (dba U.S. Retirement and Benefits Partners)","USRP Holdings, Inc. (dba U.S. Retirement and Benefits Partners)",First Lien,,,,51040000.0,50708000.0,51040000.0,,100.0,4.75,,,,False,,,USD,51040000.0
OBDC,0001655888,0001655888-26-000056,10-Q,2026-06-30,2026-08-05,"AI Titan Parent, Inc. (dba Prometheus Group) | First lien senior secured loan | Non-Affiliated","AI Titan Parent, Inc. (dba Prometheus Group)","AI Titan Parent, Inc. (dba Prometheus Group)",First Lien,,,,7666000.0,7711000.0,7887000.0,,97.2,4.5,,,,False,,,USD,7666000.0
OBDC,0001655888,0001655888-26-000056,10-Q,2026-06-30,2026-08-05,"AlphaSense, Inc. | First lien senior secured loan | Non-Affiliated","AlphaSense, Inc.","AlphaSense, Inc.",First Lien,,,,703000.0,702000.0,707000.0,,99.43,6.25,,,,False,,,USD,703000.0
OBDC,0001655888,0001655888-26-000056,10-Q,2026-06-30,2026-08-05,"Anaplan, Inc. | First lien senior secured loan | Non-Affiliated","Anaplan, Inc.","Anaplan, Inc.",First Lien,,,,62325000.0,63435000.0,63435000.0,,98.25,4.5,,,,False,,,USD,62325000.0
OBDC,0001655888,0001655888-26-000056,10-Q,2026-06-30,2026-08-05,"Aptean Acquiror, Inc. (dba Aptean) | First lien senior secured loan | Non-Affiliated","Aptean Acquiror, Inc. (dba Aptean)","Aptean Acquiror, Inc. (dba Aptean)",First Lien,,,,18910000.0,19158000.0,19480000.0,,97.07,4.75,,,,False,,,USD,18910000.0
OBDC,0001655888,0001655888-26-000056,10-Q,2026-06-30,2026-08-05,"Auctane, Inc. (f/k/a Stamps.com Inc.) | First lien senior secured loan | Non-Affiliated","Auctane, Inc. (f/k/a Stamps.com Inc.)","Auctane, Inc. (f/k/a Stamps.com Inc.)",First Lien,,,,24256000.0,24259000.0,24625000.0,,98.5,5.75,,,,False,,,USD,24256000.0
OBDC,0001655888,0001655888-26-000056,10-Q,2026-06-30,2026-08-05,Armstrong Bidco Limited | First lien senior secured GBP term loan | Non-Affiliated,Armstrong Bidco Limited,Armstrong Bidco Limited,First Lien,,,,2376000.0,2243000.0,1846000.0,,128.71,5.25,,,,False,,,USD,2376000.0
OBDC,0001655888,0001655888-26-000056,10-Q,2026-06-30,2026-08-05,"Artifact Bidco, Inc. (dba Avetta) | First lien senior secured loan | Non-Affiliated","Artifact Bidco, Inc. (dba Avetta)","Artifact Bidco, Inc. (dba Avetta)",First Lien,,,,11981000.0,11918000.0,12011000.0,,99.75,4.15,,,,False,,,USD,11981000.0
OBDC,0001655888,0001655888-26-000056,10-Q,2026-06-30,2026-08-05,"Azurite Intermediate Holdings, Inc. (dba Alteryx, Inc.) | First lien senior secured loan | Non-Affiliated","Azurite Intermediate Holdings, Inc. (dba Alteryx, Inc.)","Azurite Intermediate Holdings, Inc. (dba Alteryx, Inc.)",First Lien,,,,15502000.0,15568000.0,15778000.0,,98.25,6.0,,,,False,,,USD,15502000.0
OBDC,0001655888,0001655888-26-000056,10-Q,2026-06-30,2026-08-05,"Barracuda Parent, LLC | First lien senior secured loan | Non-Affiliated","Barracuda Parent, LLC","Barracuda Parent, LLC",First Lien,,,,8511000.0,11986000.0,12601000.0,,67.54,4.5,,,,False,,,USD,8511000.0
OBDC,0001655888,0001655888-26-000056,10-Q,2026-06-30,2026-08-05,"Bayshore Intermediate #2, L.P. (dba Boomi) | First lien senior secured loan | Non-Affiliated","Bayshore Intermediate #2, L.P. (dba Boomi)","Bayshore Intermediate #2, L.P. (dba Boomi)",First Lien,,,,88662000.0,90055000.0,90241000.0,,98.25,2.5,,,3.0,True,,,USD,88662000.0
OBDC,0001655888,0001655888-26-000056,10-Q,2026-06-30,2026-08-05,"Bayshore Intermediate #2, L.P. (dba Boomi) | First lien senior secured revolving loan | Non-Affiliated","Bayshore Intermediate #2, L.P. (dba Boomi)","Bayshore Intermediate #2, L.P. (dba Boomi)",First Lien,,,,3475000.0,3594000.0,3605000.0,,96.39,5.0,,,,False,,,USD,3475000.0
OBDC,0001655888,0001655888-26-000056,10-Q,2026-06-30,2026-08-05,"BCTO WIW Holdings, Inc. (dba When I Work) | Senior convertible notes | Non-Affiliated","BCTO WIW Holdings, Inc. (dba When I Work)","BCTO WIW Holdings, Inc. (dba When I Work)",,,,,4694000.0,4694000.0,0.0,4871573.0,100.0,,,,5.5,True,,,USD,4694000.0
OBDC,0001655888,0001655888-26-000056,10-Q,2026-06-30,2026-08-05,By Light Professional IT Services LLC | First lien senior secured loan | Non-Affiliated,By Light Professional IT Services LLC,By Light Professional IT Services LLC,First Lien,,,,43970000.0,44992000.0,45622000.0,,96.38,5.5,,,,False,,,USD,43970000.0
OBDC,0001655888,0001655888-26-000056,10-Q,2026-06-30,2026-08-05,"Catalis Intermediate, Inc. (fka GovBrands Intermediate, Inc.) | First lien senior secured loan | Non-Affiliated","Catalis Intermediate, Inc. (fka GovBrands Intermediate, Inc.)","Catalis Intermediate, Inc. (fka GovBrands Intermediate, Inc.)",First Lien,,,,21229000.0,21957000.0,22230000.0,,95.5,5.25,,,,False,,,USD,21229000.0
OBDC,0001655888,0001655888-26-000056,10-Q,2026-06-30,2026-08-05,"CivicPlus, LLC | First lien senior secured loan | Non-Affiliated","CivicPlus, LLC","CivicPlus, LLC",First Lien,,,,78145000.0,79481000.0,79806000.0,,97.92,3.25,,,2.75,True,,,USD,78145000.0
OBDC,0001655888,0001655888-26-000056,10-Q,2026-06-30,2026-08-05,"Clearwater Analytics Holdings, Inc. | First lien senior secured loan | Non-Affiliated","Clearwater Analytics Holdings, Inc.","Clearwater Analytics Holdings, Inc.",First Lien,,,,38210000.0,38210000.0,38402000.0,,99.5,4.5,,,,False,,,USD,38210000.0
OBDC,0001655888,0001655888-26-000056,10-Q,2026-06-30,2026-08-05,"Coupa Holdings, LLC | First lien senior secured loan | Non-Affiliated","Coupa Holdings, LLC","Coupa Holdings, LLC",First Lien,,,,1616000.0,1667000.0,1679000.0,,96.25,5.25,,,,False,,,USD,1616000.0
OBDC,0001655888,0001655888-26-000056,10-Q,2026-06-30,2026-08-05,"Coupa Holdings, LLC | First lien senior secured revolving loan | Non-Affiliated","Coupa Holdings, LLC","Coupa Holdings, LLC",First Lien,,,,68000.0,72000.0,72000.0,,94.44,5.25,,,,False,,,USD,68000.0
OBDC,0001655888,0001655888-26-000056,10-Q,2026-06-30,2026-08-05,"CP PIK DEBT ISSUER, LLC (dba CivicPlus, LLC) | Unsecured notes | Non-Affiliated","CP PIK DEBT ISSUER, LLC (dba CivicPlus, LLC)","CP PIK DEBT ISSUER, LLC (dba CivicPlus, LLC)",,,,,22645000.0,22849000.0,23049000.0,,98.25,,,,11.75,True,,,USD,22645000.0
OBDC,0001655888,0001655888-26-000056,10-Q,2026-06-30,2026-08-05,"Crewline Buyer, Inc. (dba New Relic) | First lien senior secured loan | Non-Affiliated","Crewline Buyer, Inc. (dba New Relic)","Crewline Buyer, Inc. (dba New Relic)",First Lien,,,,143509000.0,144686000.0,146812000.0,,97.75,6.75,,,,False,,,USD,143509000.0
OBDC,0001655888,0001655888-26-000056,10-Q,2026-06-30,2026-08-05,"Denali Intermediate Holdings, Inc. (dba Dun & Bradstreet) | First lien senior secured loan | Non-Affiliated","Denali Intermediate Holdings, Inc. (dba Dun & Bradstreet)","Denali Intermediate Holdings, Inc. (dba Dun & Bradstreet)",First Lien,,,,72016000.0,77224000.0,78370000.0,,91.89,5.5,,,,False,,,USD,72016000.0
OBDC,0001655888,0001655888-26-000056,10-Q,2026-06-30,2026-08-05,"EET Buyer, Inc. (dba e-Emphasys) | First lien senior secured loan | Non-Affiliated","EET Buyer, Inc. (dba e-Emphasys)","EET Buyer, Inc. (dba e-Emphasys)",First Lien,,,,14814000.0,14920000.0,15039000.0,,98.5,5.5,,,,False,,,USD,14814000.0
OBDC,0001655888,0001655888-26-000056,10-Q,2026-06-30,2026-08-05,"Einstein Parent, Inc. (dba Smartsheet) | First lien senior secured loan | Non-Affiliated","Einstein Parent, Inc. (dba Smartsheet)","Einstein Parent, Inc. (dba Smartsheet)",First Lien,,,,42627000.0,43008000.0,43387000.0,,98.25,5.25,,,,False,,,USD,42627000.0
OBDC,0001655888,0001655888-26-000056,10-Q,2026-06-30,2026-08-05,Flexera Software LLC | First lien senior secured EUR term loan | Non-Affiliated,Flexera Software LLC,Flexera Software LLC,First Lien,,,,5908000.0,6194000.0,5300000.0,,111.47,4.5,,,,False,,,USD,5908000.0
OBDC,0001655888,0001655888-26-000056,10-Q,2026-06-30,2026-08-05,Flexera Software LLC | First lien senior secured loan | Non-Affiliated,Flexera Software LLC,Flexera Software LLC,First Lien,,,,17124000.0,17524000.0,17563000.0,,97.5,4.5,,,,False,,,USD,17124000.0
OBDC,0001655888,0001655888-26-000056,10-Q,2026-06-30,2026-08-05,"Granicus, Inc. | First lien senior secured loan | Non-Affiliated","Granicus, Inc.","Granicus, Inc.",First Lien,,,,17743000.0,17762000.0,17968000.0,,98.75,3.5,,,2.25,True,,,USD,17743000.0
OBDC,0001655888,0001655888-26-000056,10-Q,2026-06-30,2026-08-05,"Granicus, Inc. | First lien senior secured delayed draw term loan | Non-Affiliated","Granicus, Inc.","Granicus, Inc.",First Lien,,,,2601000.0,2628000.0,2668000.0,,97.49,3.0,,,2.25,True,,,USD,2601000.0
OBDC,0001655888,0001655888-26-000056,10-Q,2026-06-30,2026-08-05,"Granicus, Inc. | First lien senior secured revolving loan | Non-Affiliated","Granicus, Inc.","Granicus, Inc.",First Lien,,,,167000.0,190000.0,197000.0,,84.77,4.25,,,,False,,,USD,167000.0
OBDC,0001655888,0001655888-26-000056,10-Q,2026-06-30,2026-08-05,"GS Acquisitionco, Inc. (dba insightsoftware) I First lien senior secured loan | Non-Affiliated","GS Acquisitionco, Inc. (dba insightsoftware)","GS Acquisitionco, Inc. (dba insightsoftware)",First Lien,,,,9275000.0,9535000.0,9686000.0,,95.76,5.25,,,,False,,,USD,9275000.0
OBDC,0001655888,0001655888-26-000056,10-Q,2026-06-30,2026-08-05,H&F Opportunities LUX III S.À R.L (dba Checkmarx) | First lien senior secured loan | Non-Affiliated,H&F Opportunities LUX III S.À R.L (dba Checkmarx),H&F Opportunities LUX III S.À R.L (dba Checkmarx),First Lien,,,,16122000.0,16233000.0,16367000.0,,98.5,6.5,,,,False,,,USD,16122000.0
OBDC,0001655888,0001655888-26-000056,10-Q,2026-06-30,2026-08-05,"Hyland Software, Inc | First lien senior secured loan | Non-Affiliated","Hyland Software, Inc","Hyland Software, Inc",First Lien,,,,63822000.0,65796000.0,65796000.0,,97.0,4.75,,,,False,,,USD,63822000.0
OBDC,0001655888,0001655888-26-000056,10-Q,2026-06-30,2026-08-05,"Icefall Parent, Inc. (dba EngageSmart) | First lien senior secured loan | Non-Affiliated","Icefall Parent, Inc. (dba EngageSmart)","Icefall Parent, Inc. (dba EngageSmart)",First Lien,,,,4166000.0,4197000.0,4197000.0,,99.26,4.5,,,,False,,,USD,4166000.0
OBDC,0001655888,0001655888-26-000056,10-Q,2026-06-30,2026-08-05,"Jawbreaker Parent, Inc. | First lien senior secured loan | Non-Affiliated","Jawbreaker Parent, Inc.","Jawbreaker Parent, Inc.",First Lien,,,,60544000.0,61139000.0,61466000.0,,98.5,4.75,,,,False,,,USD,60544000.0
OBDC,0001655888,0001655888-26-000056,10-Q,2026-06-30,2026-08-05,"JS Parent, Inc. (dba Jama Software) | First lien senior secured loan | Non-Affiliated","JS Parent, Inc. (dba Jama Software)","JS Parent, Inc. (dba Jama Software)",First Lien,,,,896000.0,892000.0,896000.0,,100.0,4.75,,,,False,,,USD,896000.0
OBDC,0001655888,0001655888-26-000056,10-Q,2026-06-30,2026-08-05,Litera Bidco LLC | First lien senior secured loan | Non-Affiliated,Litera Bidco LLC,Litera Bidco LLC,First Lien,,,,147760000.0,149981000.0,150434000.0,,98.22,5.0,,,,False,,,USD,147760000.0
OBDC,0001655888,0001655888-26-000056,10-Q,2026-06-30,2026-08-05,"Matterhorn Finco, Inc. (dba Nexthink) | First lien senior secured loan | Non-Affiliated","Matterhorn Finco, Inc. (dba Nexthink)","Matterhorn Finco, Inc. (dba Nexthink)",First Lien,,,,34293000.0,34299000.0,34466000.0,,99.5,5.5,,,,False,,,USD,34293000.0
OBDC,0001655888,0001655888-26-000056,10-Q,2026-06-30,2026-08-05,"Ministry Brands Holdings, LLC | First lien senior secured loan | Non-Affiliated","Ministry Brands Holdings, LLC","Ministry Brands Holdings, LLC",First Lien,,,,11525000.0,11614000.0,11821000.0,,97.5,5.5,,,,False,,,USD,11525000.0
OBDC,0001655888,0001655888-26-000056,10-Q,2026-06-30,2026-08-05,NSCALE SERVICES UK LTD | First lien senior secured delayed draw term loan | Non-Affiliated,NSCALE SERVICES UK LTD,NSCALE SERVICES UK LTD,First Lien,,,,900000.0,831000.0,1397000.0,,64.42,5.0,,,,False,,,USD,900000.0
OBDC,0001655888,0001655888-26-000056,10-Q,2026-06-30,2026-08-05,"Onward Acquireco, Inc. (dba OneStream) | First lien senior secured loan | Non-Affiliated","Onward Acquireco, Inc. (dba OneStream)","Onward Acquireco, Inc. (dba OneStream)",First Lien,,,,59902000.0,59910000.0,60128000.0,,99.62,2.38,,,2.68,True,,,USD,59902000.0
OBDC,0001655888,0001655888-26-000056,10-Q,2026-06-30,2026-08-05,"PDI TA Holdings, Inc. | First lien senior secured loan | Non-Affiliated","PDI TA Holdings, Inc.","PDI TA Holdings, Inc.",First Lien,,,,20834000.0,21416000.0,21815000.0,,95.5,3.5,,,2.5,True,,,USD,20834000.0
OBDC,0001655888,0001655888-26-000056,10-Q,2026-06-30,2026-08-05,"PDI TA Holdings, Inc. | First lien senior secured revolving loan | Non-Affiliated","PDI TA Holdings, Inc.","PDI TA Holdings, Inc.",First Lien,,,,1742000.0,1811000.0,1824000.0,,95.5,5.5,,,,False,,,USD,1742000.0
OBDC,0001655888,0001655888-26-000056,10-Q,2026-06-30,2026-08-05,"QAD, Inc. | First lien senior secured loan | Non-Affiliated","QAD, Inc.","QAD, Inc.",First Lien,,,,68573000.0,68785000.0,69265000.0,,99.0,4.75,,,,False,,,USD,68573000.0
OBDC,0001655888,0001655888-26-000056,10-Q,2026-06-30,2026-08-05,"Securonix, Inc. | First lien senior secured loan | Non-Affiliated","Securonix, Inc.","Securonix, Inc.",First Lien,,,,1399000.0,1699000.0,1794000.0,,77.98,4.0,,,3.75,True,,,USD,1399000.0
OBDC,0001655888,0001655888-26-000056,10-Q,2026-06-30,2026-08-05,"Securonix, Inc. | First lien senior secured revolving loan | Non-Affiliated","Securonix, Inc.","Securonix, Inc.",First Lien,,,,35000.0,90000.0,102000.0,,34.31,7.0,,,,False,,,USD,35000.0
OBDC,0001655888,0001655888-26-000056,10-Q,2026-06-30,2026-08-05,Sitecore Holding III A/S | First lien senior secured loan | Non-Affiliated,Sitecore Holding III A/S,Sitecore Holding III A/S,First Lien,,,,4448000.0,4557000.0,4574000.0,,97.25,6.0,,,,False,,,USD,4448000.0
OBDC,0001655888,0001655888-26-000056,10-Q,2026-06-30,2026-08-05,Sitecore Holding III A/S | First lien senior secured EUR term loan | Non-Affiliated,Sitecore Holding III A/S,Sitecore Holding III A/S,First Lien,,,,29333000.0,27823000.0,26382000.0,,111.19,6.0,,,,False,,,USD,29333000.0
OBDC,0001655888,0001655888-26-000056,10-Q,2026-06-30,2026-08-05,"Sitecore USA, Inc. | First lien senior secured loan | Non-Affiliated","Sitecore USA, Inc.","Sitecore USA, Inc.",First Lien,,,,26818000.0,27472000.0,27576000.0,,97.25,6.0,,,,False,,,USD,26818000.0
OBDC,0001655888,0001655888-26-000056,10-Q,2026-06-30,2026-08-05,"Spaceship Purchaser, Inc. (dba Squarespace) | First lien senior secured loan | Non-Affiliated","Spaceship Purchaser, Inc. (dba Squarespace)","Spaceship Purchaser, Inc. (dba Squarespace)",First Lien,,,,12660000.0,12788000.0,12788000.0,,99.0,3.75,,,,False,,,USD,12660000.0
OBDC,0001655888,0001655888-26-000056,10-Q,2026-06-30,2026-08-05,Themis Solutions Inc. (dba Clio) | First lien senior secured loan | Non-Affiliated,Themis Solutions Inc. (dba Clio),Themis Solutions Inc. (dba Clio),First Lien,,,,8795000.0,8894000.0,8975000.0,,97.99,1.75,,,3.75,True,,,USD,8795000.0
OBDC,0001655888,0001655888-26-000056,10-Q,2026-06-30,2026-08-05,"Thunder Purchaser, Inc. (dba Vector Solutions) | First lien senior secured loan | Non-Affiliated","Thunder Purchaser, Inc. (dba Vector Solutions)","Thunder Purchaser, Inc. (dba Vector Solutions)",First Lien,,,,95007000.0,96071000.0,96699000.0,,98.25,5.25,,,,False,,,USD,95007000.0
OBDC,0001655888,0001655888-26-000056,10-Q,2026-06-30,2026-08-05,"Zendesk, Inc. | First lien senior secured loan | Non-Affiliated","Zendesk, Inc.","Zendesk, Inc.",First Lien,,,,112859000.0,115298000.0,116650000.0,,96.75,5.0,,,,False,,,USD,112859000.0
OBDC,0001655888,0001655888-26-000056,10-Q,2026-06-30,2026-08-05,Aerosmith Bidco 1 Limited (dba Audiotonix) | First lien senior secured loan | Non-Affiliated,Aerosmith Bidco 1 Limited (dba Audiotonix),Aerosmith Bidco 1 Limited (dba Audiotonix),First Lien,,,,174694000.0,172429000.0,174694000.0,,100.0,5.25,,,,False,,,USD,174694000.0
OBDC,0001655888,0001655888-26-000056,10-Q,2026-06-30,2026-08-05,Aerosmith Bidco 1 Limited (dba Audiotonix) | First lien senior secured delayed draw term loan | Non-Affiliated,Aerosmith Bidco 1 Limited (dba Audiotonix),Aerosmith Bidco 1 Limited (dba Audiotonix),First Lien,,,,43934000.0,43451000.0,43934000.0,,100.0,5.25,,,,False,,,USD,43934000.0
OBDC,0001655888,0001655888-26-000056,10-Q,2026-06-30,2026-08-05,"Eternal Buyer, LLC (dba Wedgewood Weddings) | First lien senior secured loan | Non-Affiliated","Eternal Buyer, LLC (dba Wedgewood Weddings)","Eternal Buyer, LLC (dba Wedgewood Weddings)",First Lien,,,,34564000.0,34584000.0,34738000.0,,99.5,4.25,,,,False,,,USD,34564000.0
OBDC,0001655888,0001655888-26-000056,10-Q,2026-06-30,2026-08-05,"Troon Golf, L.L.C. | First lien senior secured loan | Non-Affiliated","Troon Golf, L.L.C.","Troon Golf, L.L.C.",First Lien,,,,85785000.0,85247000.0,85785000.0,,100.0,4.5,,,,False,,,USD,85785000.0
OBDC,0001655888,0001655888-26-000056,10-Q,2026-06-30,2026-08-05,Loparex Midco B.V. | First lien senior secured loan | Non-Affiliated,Loparex Midco B.V.,Loparex Midco B.V.,First Lien,,,,802000.0,782000.0,782000.0,,102.56,6.0,,,,False,,,USD,802000.0
OBDC,0001655888,0001655888-26-000056,10-Q,2026-06-30,2026-08-05,Loparex Midco B.V. 1 | First lien senior secured loan | Non-Affiliated,Loparex Midco B.V. 1,Loparex Midco B.V. 1,First Lien,,,,886000.0,3934000.0,4122000.0,,21.49,4.5,,,,False,,,USD,886000.0
OBDC,0001655888,0001655888-26-000056,10-Q,2026-06-30,2026-08-05,Loparex Midco B.V. | Second lien senior secured loan | Non-Affiliated,Loparex Midco B.V.,Loparex Midco B.V.,Second Lien,,,,5600000.0,110162000.0,112000000.0,,5.0,8.75,,,,False,,,USD,5600000.0
OBDC,0001655888,0001655888-26-000056,10-Q,2026-06-30,2026-08-05,Loparex Midco B.V. 1 | Second lien senior secured loan | Non-Affiliated,Loparex Midco B.V. 1,Loparex Midco B.V. 1,Second Lien,,,,1050000.0,20459000.0,21000000.0,,5.0,8.5,,,,False,,,USD,1050000.0
OBDC,0001655888,0001655888-26-000056,10-Q,2026-06-30,2026-08-05,"MHE Intermediate Holdings, LLC (dba OnPoint Group) | First lien senior secured loan | Non-Affiliated","MHE Intermediate Holdings, LLC (dba OnPoint Group)","MHE Intermediate Holdings, LLC (dba OnPoint Group)",First Lien,,,,105994000.0,109445000.0,109812000.0,,96.52,6.0,,,,False,,,USD,105994000.0
OBDC,0001655888,0001655888-26-000056,10-Q,2026-06-30,2026-08-05,"MHE Intermediate Holdings, LLC (dba OnPoint Group) 1 | First lien senior secured loan | Non-Affiliated","MHE Intermediate Holdings, LLC (dba OnPoint Group) 1","MHE Intermediate Holdings, LLC (dba OnPoint Group) 1",First Lien,,,,2413000.0,2466000.0,2488000.0,,96.99,6.25,,,,False,,,USD,2413000.0
OBDC,0001655888,0001655888-26-000056,10-Q,2026-06-30,2026-08-05,"Sonny's Enterprises, LLC | First lien senior secured loan | Non-Affiliated","Sonny's Enterprises, LLC","Sonny's Enterprises, LLC",First Lien,,,,267241000.0,268090000.0,269940000.0,,99.0,5.5,,,,False,,,USD,267241000.0
OBDC,0001655888,0001655888-26-000056,10-Q,2026-06-30,2026-08-05,"Sonny's Enterprises, LLC | First lien senior secured delayed draw term loan | Non-Affiliated","Sonny's Enterprises, LLC","Sonny's Enterprises, LLC",First Lien,,,,17476000.0,17347000.0,17476000.0,,100.0,6.5,,,,False,,,USD,17476000.0
OBDC,0001655888,0001655888-26-000056,10-Q,2026-06-30,2026-08-05,"Sonny's Enterprises, LLC | First lien senior secured revolving loan | Non-Affiliated","Sonny's Enterprises, LLC","Sonny's Enterprises, LLC",First Lien,,,,17554000.0,17718000.0,17776000.0,,98.75,5.5,,,,False,,,USD,17554000.0
OBDC,0001655888,0001655888-26-000056,10-Q,2026-06-30,2026-08-05,"Puma Buyer, LLC (dba PANTHERx) | First lien senior secured loan | Non-Affiliated","Puma Buyer, LLC (dba PANTHERx)","Puma Buyer, LLC (dba PANTHERx)",First Lien,,,,1206000.0,1199000.0,1206000.0,,100.0,4.25,,,,False,,,USD,1206000.0
OBDC,0001655888,0001655888-26-000056,10-Q,2026-06-30,2026-08-05,"Senderra RX Acquisition, LLC | First lien senior secured loan | Non-Affiliated","Senderra RX Acquisition, LLC","Senderra RX Acquisition, LLC",First Lien,,,,25546000.0,25558000.0,25847000.0,,98.84,4.75,,,,False,,,USD,25546000.0
OBDC,0001655888,0001655888-26-000056,10-Q,2026-06-30,2026-08-05,Essential Services Holding Corporation (dba Turnpoint) | First lien senior secured loan | Non-Affiliated,Essential Services Holding Corporation (dba Turnpoint),Essential Services Holding Corporation (dba Turnpoint),First Lien,,,,24447000.0,25038000.0,25334000.0,,96.5,2.88,,,2.75,True,,,USD,24447000.0
OBDC,0001655888,0001655888-26-000056,10-Q,2026-06-30,2026-08-05,Essential Services Holding Corporation (dba Turnpoint) | First lien senior secured revolving loan | Non-Affiliated,Essential Services Holding Corporation (dba Turnpoint),Essential Services Holding Corporation (dba Turnpoint),First Lien,,,,1252000.0,1339000.0,1360000.0,,92.06,5.25,,,,False,,,USD,1252000.0
OBDC,0001655888,0001655888-26-000056,10-Q,2026-06-30,2026-08-05,"Gerson Lehrman Group, Inc. | First lien senior secured loan | Non-Affiliated","Gerson Lehrman Group, Inc.","Gerson Lehrman Group, Inc.",First Lien,,,,147423000.0,148720000.0,149668000.0,,98.5,5.0,,,,False,,,USD,147423000.0
OBDC,0001655888,0001655888-26-000056,10-Q,2026-06-30,2026-08-05,Guidehouse Inc. | First lien senior secured loan | Non-Affiliated,Guidehouse Inc.,Guidehouse Inc.,First Lien,,,,46988000.0,48399000.0,49202000.0,,95.5,4.75,,,,False,,,USD,46988000.0
OBDC,0001655888,0001655888-26-000056,10-Q,2026-06-30,2026-08-05,"Paris US Holdco, Inc. (dba Precinmac) | First lien senior secured loan | Non-Affiliated","Paris US Holdco, Inc. (dba Precinmac)","Paris US Holdco, Inc. (dba Precinmac)",First Lien,,,,35721000.0,35282000.0,35721000.0,,100.0,4.75,,,,False,,,USD,35721000.0
OBDC,0001655888,0001655888-26-000056,10-Q,2026-06-30,2026-08-05,"Sensor Technology Topco, Inc. (dba Humanetics) | First lien senior secured loan | Non-Affiliated","Sensor Technology Topco, Inc. (dba Humanetics)","Sensor Technology Topco, Inc. (dba Humanetics)",First Lien,,,,89047000.0,89131000.0,89494000.0,,99.5,6.5,,,,False,,,USD,89047000.0
OBDC,0001655888,0001655888-26-000056,10-Q,2026-06-30,2026-08-05,"Sensor Technology Topco, Inc. (dba Humanetics) | First lien senior secured EUR term loan | Non-Affiliated","Sensor Technology Topco, Inc. (dba Humanetics)","Sensor Technology Topco, Inc. (dba Humanetics)",First Lien,,,,17448000.0,16388000.0,15338000.0,,113.76,6.75,,,,False,,,USD,17448000.0
OBDC,0001655888,0001655888-26-000056,10-Q,2026-06-30,2026-08-05,"Sensor Technology Topco, Inc. (dba Humanetics) | First lien senior secured revolving loan | Non-Affiliated","Sensor Technology Topco, Inc. (dba Humanetics)","Sensor Technology Topco, Inc. (dba Humanetics)",First Lien,,,,933000.0,944000.0,969000.0,,96.28,6.5,,,,False,,,USD,933000.0
OBDC,0001655888,0001655888-26-000056,10-Q,2026-06-30,2026-08-05,"Vensure Employer Services, Inc. | First lien senior secured loan | Non-Affiliated","Vensure Employer Services, Inc.","Vensure Employer Services, Inc.",First Lien,,,,2353000.0,2338000.0,2379000.0,,98.91,5.0,,,,False,,,USD,2353000.0
OBDC,0001655888,0001655888-26-000056,10-Q,2026-06-30,2026-08-05,"Galls, LLC | First lien senior secured loan | Non-Affiliated","Galls, LLC","Galls, LLC",First Lien,,,,156395000.0,154697000.0,156395000.0,,100.0,5.5,,,,False,,,USD,156395000.0
OBDC,0001655888,0001655888-26-000056,10-Q,2026-06-30,2026-08-05,Milan Laser Holdings LLC | First lien senior secured loan | Non-Affiliated,Milan Laser Holdings LLC,Milan Laser Holdings LLC,First Lien,,,,62441000.0,62267000.0,62598000.0,,99.75,5.0,,,,False,,,USD,62441000.0
OBDC,0001655888,0001655888-26-000056,10-Q,2026-06-30,2026-08-05,"The Shade Store, LLC | First lien senior secured loan | Non-Affiliated","The Shade Store, LLC","The Shade Store, LLC",First Lien,,,,14610000.0,19064000.0,23469000.0,,62.25,,,,6.0,True,,,USD,14610000.0
OBDC,0001655888,0001655888-26-000056,10-Q,2026-06-30,2026-08-05,EOS Finco S.A.R.L (dba Netceed) | First lien senior secured loan | Non-Affiliated,EOS Finco S.A.R.L (dba Netceed),EOS Finco S.A.R.L (dba Netceed),First Lien,,,,6218000.0,6264000.0,7537000.0,,82.5,5.0,,,,False,,,USD,6218000.0
OBDC,0001655888,0001655888-26-000056,10-Q,2026-06-30,2026-08-05,EOS Finco S.A.R.L (dba Netceed) | First lien senior secured delayed draw term loan | Non-Affiliated,EOS Finco S.A.R.L (dba Netceed),EOS Finco S.A.R.L (dba Netceed),First Lien,,,,624000.0,650000.0,603000.0,,103.48,6.25,,,,False,,,USD,624000.0
OBDC,0001655888,0001655888-26-000056,10-Q,2026-06-30,2026-08-05,Reinstated NewCo S.À R.L. (dba Netceed) | First lien senior secured loan | Non-Affiliated,Reinstated NewCo S.À R.L. (dba Netceed),Reinstated NewCo S.À R.L. (dba Netceed),First Lien,,,,3188000.0,3383000.0,4490000.0,,71.0,,,,9.0,True,,,USD,3188000.0
OBDC,0001655888,0001655888-26-000056,10-Q,2026-06-30,2026-08-05,"Lightbeam Bidco, Inc. (dba Lazer Spot) | First lien senior secured loan | Non-Affiliated","Lightbeam Bidco, Inc. (dba Lazer Spot)","Lightbeam Bidco, Inc. (dba Lazer Spot)",First Lien,,,,4987000.0,5010000.0,5012000.0,,99.5,4.8,,,,False,,,USD,4987000.0
OBDC,0001655888,0001655888-26-000056,10-Q,2026-06-30,2026-08-05,"Lytx, Inc. | First lien senior secured loan | Non-Affiliated","Lytx, Inc.","Lytx, Inc.",First Lien,,,,61543000.0,61543000.0,61543000.0,,100.0,5.0,,,,False,,,USD,61543000.0
OBDC,0001655888,0001655888-26-000056,10-Q,2026-06-30,2026-08-05,Space Exploration Technologies Corp. | Class A Common Stock | Non-Affiliated,Space Exploration Technologies Corp.,Space Exploration Technologies Corp.,Common Equity,,,,23906000.0,1754000.0,,139915.0,1362.94,,,,,False,,,USD,23906000.0
OBDC,0001655888,0001655888-26-000056,10-Q,2026-06-30,2026-08-05,"Amergin Asset Management, LLC | Specialty finance equity investment | Non-Affiliated","Amergin Asset Management, LLC","Amergin Asset Management, LLC",Equity,,,,2061000.0,382000.0,,50000000.0,539.53,,,,,False,,,USD,2061000.0
OBDC,0001655888,0001655888-26-000056,10-Q,2026-06-30,2026-08-05,"CD&R Value Building Partners I, L.P. (dba Belron) | LP Interest | Non-Affiliated","CD&R Value Building Partners I, L.P. (dba Belron)","CD&R Value Building Partners I, L.P. (dba Belron)",LP Interest,,,,109354000.0,77227000.0,73986000.0,,141.6,,,,,False,,,USD,109354000.0
OBDC,0001655888,0001655888-26-000056,10-Q,2026-06-30,2026-08-05,Percheron Horsepower-A LP (dba Big Brand Tire & Service) | LP Interest | Non-Affiliated,Percheron Horsepower-A LP (dba Big Brand Tire & Service),Percheron Horsepower-A LP (dba Big Brand Tire & Service),LP Interest,,,,15840000.0,12246000.0,,1509355.0,129.35,,,,,False,,,USD,15840000.0
OBDC,0001655888,0001655888-26-000056,10-Q,2026-06-30,2026-08-05,"Hercules Buyer, LLC (dba The Vincit Group) | Common Units | Non-Affiliated","Hercules Buyer, LLC (dba The Vincit Group)","Hercules Buyer, LLC (dba The Vincit Group)",Common Equity,,,,4004000.0,2728000.0,,2640000.0,146.77,,,,,False,,,USD,4004000.0
OBDC,0001655888,0001655888-26-000056,10-Q,2026-06-30,2026-08-05,Knockout Intermediate Holdings I Inc. (dba Kaseya Inc.) | Perpetual Preferred Stock | Non-Affiliated,Knockout Intermediate Holdings I Inc. (dba Kaseya Inc.),Knockout Intermediate Holdings I Inc. (dba Kaseya Inc.),Preferred Equity,,,,10834000.0,18659000.0,,12600.0,58.06,,,,10.75,True,,,USD,10834000.0
OBDC,0001655888,0001655888-26-000056,10-Q,2026-06-30,2026-08-05,ASP Conair Holdings LP | Class A Units | Non-Affiliated,ASP Conair Holdings LP,ASP Conair Holdings LP,Common Equity,,,,1075000.0,6057000.0,,59712.0,17.75,,,,,False,,,USD,1075000.0
OBDC,0001655888,0001655888-26-000056,10-Q,2026-06-30,2026-08-05,TCB Holdings I LLC (dba TricorBraun) | Class A Preferred Units | Non-Affiliated,TCB Holdings,TCB Holdings,Preferred Equity,,,,47042000.0,51441000.0,,43500.0,91.45,,,,14.0,True,,,USD,47042000.0
OBDC,0001655888,0001655888-26-000056,10-Q,2026-06-30,2026-08-05,"Blend Labs, Inc. | Warrants | Non-Affiliated","Blend Labs, Inc.","Blend Labs, Inc.",Warrant,,,,2000.0,975000.0,,179529.0,0.21,,,,,False,,,USD,2000.0
OBDC,0001655888,0001655888-26-000056,10-Q,2026-06-30,2026-08-05,Capital Integration Systems LLC (dba CAIS) | Class D Common Units | Non-Affiliated,Capital Integration Systems LLC (dba CAIS),Capital Integration Systems LLC (dba CAIS),Common Equity,,,,5000000.0,5000000.0,,6372.0,100.0,,,,,False,,,USD,5000000.0
OBDC,0001655888,0001655888-26-000056,10-Q,2026-06-30,2026-08-05,Snowbird Manager LP | LP Interest | Non-Affiliated,Snowbird Manager LP,Snowbird Manager LP,LP Interest,,,,4345000.0,4225000.0,,786491.0,102.84,,,,,False,,,USD,4345000.0
OBDC,0001655888,0001655888-26-000056,10-Q,2026-06-30,2026-08-05,"Hissho Sushi Holdings, LLC | Class A Units | Non-Affiliated","Hissho Sushi Holdings, LLC","Hissho Sushi Holdings, LLC",Common Equity,,,,213000.0,129000.0,,15004.0,165.12,,,,,False,,,USD,213000.0
OBDC,0001655888,0001655888-26-000056,10-Q,2026-06-30,2026-08-05,"KPCI Co-Invest 2, L.P. | Class A Units | Non-Affiliated","KPCI Co-Invest 2, L.P.","KPCI Co-Invest 2, L.P.",Common Equity,,,,8104000.0,8516000.0,,851604.0,95.16,,,,,False,,,USD,8104000.0
OBDC,0001655888,0001655888-26-000056,10-Q,2026-06-30,2026-08-05,"Maia Aggregator, LP | Class A-2 Units | Non-Affiliated","Maia Aggregator, LP","Maia Aggregator, LP",Common Equity,,,,333000.0,268000.0,,280899.0,124.25,,,,,False,,,USD,333000.0
OBDC,0001655888,0001655888-26-000056,10-Q,2026-06-30,2026-08-05,"Patriot Holdings SCSp (dba Corza Health, Inc.) | Class A Units | Non-Affiliated","Patriot Holdings SCSp (dba Corza Health, Inc.)","Patriot Holdings SCSp (dba Corza Health, Inc.)",Common Equity,,,,14618000.0,14595000.0,,9739.0,100.16,,,,8.0,True,,,USD,14618000.0
OBDC,0001655888,0001655888-26-000056,10-Q,2026-06-30,2026-08-05,"Patriot Holdings SCSp (dba Corza Health, Inc.) | Class B Units | Non-Affiliated","Patriot Holdings SCSp (dba Corza Health, Inc.)","Patriot Holdings SCSp (dba Corza Health, Inc.)",Common Equity,,,,1158000.0,266000.0,,134107.0,435.34,,,,,False,,,USD,1158000.0
OBDC,0001655888,0001655888-26-000056,10-Q,2026-06-30,2026-08-05,"Rhea Acquisition Holdings, LP | Series A-2 Units | Non-Affiliated","Rhea Acquisition Holdings, LP","Rhea Acquisition Holdings, LP",Common Equity,,,,228000.0,260000.0,,260435.0,87.69,,,,,False,,,USD,228000.0
OBDC,0001655888,0001655888-26-000056,10-Q,2026-06-30,2026-08-05,"Baypine Commander Co-Invest, LP | LP Interest | Non-Affiliated","Baypine Commander Co-Invest, LP","Baypine Commander Co-Invest, LP",LP Interest,,,,3214000.0,3086000.0,3068000.0,,104.76,,,,,False,,,USD,3214000.0
OBDC,0001655888,0001655888-26-000056,10-Q,2026-06-30,2026-08-05,"KOBHG Holdings, L.P. (dba OB Hospitalist) | Class A Interests | Non-Affiliated","KOBHG Holdings, L.P. (dba OB Hospitalist)","KOBHG Holdings, L.P. (dba OB Hospitalist)",Common Equity,,,,13359000.0,9376000.0,,9687.0,142.48,,,,,False,,,USD,13359000.0
OBDC,0001655888,0001655888-26-000056,10-Q,2026-06-30,2026-08-05,"KWOL Acquisition, Inc. (dba Worldwide Clinical Trials) | Class A Interest | Non-Affiliated","KWOL Acquisition, Inc. (dba Worldwide Clinical Trials)","KWOL Acquisition, Inc. (dba Worldwide Clinical Trials)",Equity,,,,7147000.0,5522000.0,,542.0,129.43,,,,,False,,,USD,7147000.0
OBDC,0001655888,0001655888-26-000056,10-Q,2026-06-30,2026-08-05,"Nova Women’s Health Partners Holdings, LP | Class A Units | Non-Affiliated","Nova Women’s Health Partners Holdings, LP","Nova Women’s Health Partners Holdings, LP",Common Equity,,,,1545000.0,1545000.0,,1188811.0,100.0,,,,,False,,,USD,1545000.0
OBDC,0001655888,0001655888-26-000056,10-Q,2026-06-30,2026-08-05,Polar Investors LP (dba Dentalcorp) | Common equity | Non-Affiliated,Polar Investors LP (dba Dentalcorp),Polar Investors LP (dba Dentalcorp),Common Equity,,,,3409000.0,3409000.0,3409000.0,,100.0,,,,,False,,,USD,3409000.0
OBDC,0001655888,0001655888-26-000056,10-Q,2026-06-30,2026-08-05,Romulus Intermediate Holdings 1 Inc. (dba PetVet Care Centers) | Series A  Preferred Stock | Non-Affiliated,Romulus Intermediate Holdings 1 Inc. (dba PetVet Care Centers),Romulus Intermediate Holdings 1 Inc. (dba PetVet Care Centers),Preferred Equity,,,,17073000.0,21402000.0,,17918.0,79.77,,,,15.0,True,,,USD,17073000.0
OBDC,0001655888,0001655888-26-000056,10-Q,2026-06-30,2026-08-05,XOMA Corporation | Warrants | Non-Affiliated,XOMA Corporation,XOMA Corporation,Warrant,,,,692000.0,269000.0,,36000.0,257.25,,,,,False,,,USD,692000.0
OBDC,0001655888,0001655888-26-000056,10-Q,2026-06-30,2026-08-05,"BEHP Co-Investor II, L.P. | LP Interest | Non-Affiliated","BEHP Co-Investor II, L.P.","BEHP Co-Investor II, L.P.",LP Interest,,,,2543000.0,157000.0,1270000.0,,1619.75,,,,,False,,,USD,2543000.0
OBDC,0001655888,0001655888-26-000056,10-Q,2026-06-30,2026-08-05,"Minerva Holdco, Inc. | Senior A Preferred Stock | Non-Affiliated","Minerva Holdco, Inc.","Minerva Holdco, Inc.",Preferred Equity,,,,13904000.0,14228000.0,,9000.0,97.72,,,,10.75,True,,,USD,13904000.0
OBDC,0001655888,0001655888-26-000056,10-Q,2026-06-30,2026-08-05,"ModMed Software Midco Holdings, Inc. (dba ModMed) | Series A Preferred Units | Non-Affiliated","ModMed Software Midco Holdings, Inc. (dba ModMed)","ModMed Software Midco Holdings, Inc. (dba ModMed)",Preferred Equity,,,,196000.0,192000.0,,170.0,102.08,,,,13.0,True,,,USD,196000.0
OBDC,0001655888,0001655888-26-000056,10-Q,2026-06-30,2026-08-05,"WP Irving Co-Invest, L.P. | Partnership Units | Non-Affiliated","WP Irving Co-Invest, L.P.","WP Irving Co-Invest, L.P.",LP Interest,,,,2503000.0,719000.0,,1250000.0,348.12,,,,,False,,,USD,2503000.0
OBDC,0001655888,0001655888-26-000056,10-Q,2026-06-30,2026-08-05,"Rome Topco Holdings, LLC (dba SimpliSafe) | Class A Units | Non-Affiliated","Rome Topco Holdings, LLC (dba SimpliSafe)","Rome Topco Holdings, LLC (dba SimpliSafe)",Common Equity,,,,2028000.0,1955000.0,,1955.0,103.73,,,,,False,,,USD,2028000.0
OBDC,0001655888,0001655888-26-000056,10-Q,2026-06-30,2026-08-05,"Rome Topco Holdings, LLC (dba SimpliSafe) | Class B Units | Non-Affiliated","Rome Topco Holdings, LLC (dba SimpliSafe)","Rome Topco Holdings, LLC (dba SimpliSafe)",Common Equity,,,,169000.0,0.0,,1954656.0,,,,,,False,,,USD,169000.0
OBDC,0001655888,0001655888-26-000056,10-Q,2026-06-30,2026-08-05,"Sunshine Software Holdings, Inc. (dba Cornerstone OnDemand, Inc.) | Series A Preferred Stock | Non-Affiliated","Sunshine Software Holdings, Inc. (dba Cornerstone OnDemand, Inc.)","Sunshine Software Holdings, Inc. (dba Cornerstone OnDemand, Inc.)",Preferred Equity,,,,39846000.0,79645000.0,,51250.0,50.03,,,,10.5,True,,,USD,39846000.0
OBDC,0001655888,0001655888-26-000056,10-Q,2026-06-30,2026-08-05,Valor Cl Blocker Feeder LP | LP Interest | Non-Affiliated,Valor Cl Blocker Feeder LP,Valor Cl Blocker Feeder LP,LP Interest,,,,4366000.0,4069000.0,4184000.0,,104.35,,,,,False,,,USD,4366000.0
OBDC,0001655888,0001655888-26-000056,10-Q,2026-06-30,2026-08-05,VCI Intermediate TopCo 1 LLC | Class B Units | Non-Affiliated,VCI Intermediate TopCo 1 LLC,VCI Intermediate TopCo 1 LLC,Common Equity,,,,4613000.0,4382000.0,4523000.0,,101.99,,,,,False,,,USD,4613000.0
OBDC,0001655888,0001655888-26-000056,10-Q,2026-06-30,2026-08-05,"Accelerate Topco Holdings, LLC | Common Units | Non-Affiliated","Accelerate Topco Holdings, LLC","Accelerate Topco Holdings, LLC",Common Equity,,,,255000.0,254000.0,,5641.0,100.39,,,,,False,,,USD,255000.0
OBDC,0001655888,0001655888-26-000056,10-Q,2026-06-30,2026-08-05,"Evolution Parent, LP (dba SIAA) | LP Interest | Non-Affiliated","Evolution Parent, LP (dba SIAA)","Evolution Parent, LP (dba SIAA)",LP Interest,,,,8900000.0,5279000.0,,51757.0,168.59,,,,,False,,,USD,8900000.0
OBDC,0001655888,0001655888-26-000056,10-Q,2026-06-30,2026-08-05,"GoHealth, Inc. | Common stock | Non-Affiliated","GoHealth, Inc.","GoHealth, Inc.",Common Equity,,,,,186000.0,,33357.0,,,,,,False,,,USD,
OBDC,0001655888,0001655888-26-000056,10-Q,2026-06-30,2026-08-05,GrowthCurve Capital Sunrise Co-Invest LP (dba Brightway) | LP Interest | Non-Affiliated,GrowthCurve Capital Sunrise Co-Invest LP (dba Brightway),GrowthCurve Capital Sunrise Co-Invest LP (dba Brightway),LP Interest,,,,1412000.0,1014000.0,,124940.0,139.25,,,,,False,,,USD,1412000.0
OBDC,0001655888,0001655888-26-000056,10-Q,2026-06-30,2026-08-05,"Hockey Parent Holdings, L.P. | Class A Common Units | Non-Affiliated","Hockey Parent Holdings, L.P.","Hockey Parent Holdings, L.P.",Common Equity,,,,22914000.0,18225000.0,,17500.0,125.73,,,,,False,,,USD,22914000.0
OBDC,0001655888,0001655888-26-000056,10-Q,2026-06-30,2026-08-05,"PCF Holdco, LLC (dba Trucordia) | Warrants | Non-Affiliated","PCF Holdco, LLC (dba Trucordia)","PCF Holdco, LLC (dba Trucordia)",Warrant,,,,4474000.0,5437000.0,,1624016.0,82.29,,,,,False,,,USD,4474000.0
OBDC,0001655888,0001655888-26-000056,10-Q,2026-06-30,2026-08-05,"PCF Holdco, LLC (dba Trucordia) | Preferred equity | Non-Affiliated","PCF Holdco, LLC (dba Trucordia)","PCF Holdco, LLC (dba Trucordia)",Preferred Equity,,,,30759000.0,26590000.0,,20983.0,115.68,,,,14.0,True,,,USD,30759000.0
OBDC,0001655888,0001655888-26-000056,10-Q,2026-06-30,2026-08-05,"AlphaSense, LLC | Series E Preferred Shares | Non-Affiliated","AlphaSense, LLC","AlphaSense, LLC",Preferred Equity,,,,258000.0,153000.0,,16929.0,168.63,,,,,False,,,USD,258000.0
OBDC,0001655888,0001655888-26-000056,10-Q,2026-06-30,2026-08-05,Bird Holding B.V. (fka MessageBird Holding B.V.) | Extended Series C Warrants | Non-Affiliated,Bird Holding B.V. (fka MessageBird Holding B.V.),Bird Holding B.V. (fka MessageBird Holding B.V.),Warrant,,,,168000.0,790000.0,,148430.0,21.27,,,,,False,,,USD,168000.0
OBDC,0001655888,0001655888-26-000056,10-Q,2026-06-30,2026-08-05,"Brooklyn Lender Co-Invest 2, L.P. (dba Boomi) | Common Units | Non-Affiliated","Brooklyn Lender Co-Invest 2, L.P. (dba Boomi)","Brooklyn Lender Co-Invest 2, L.P. (dba Boomi)",Common Equity,,,,14303000.0,10049000.0,,9233282.0,142.33,,,,,False,,,USD,14303000.0
OBDC,0001655888,0001655888-26-000056,10-Q,2026-06-30,2026-08-05,Elliott Alto Co-Investor Aggregator L.P. | LP Interest | Non-Affiliated,Elliott Alto Co-Investor Aggregator L.P.,Elliott Alto Co-Investor Aggregator L.P.,LP Interest,,,,13742000.0,7542000.0,6007000.0,,182.21,,,,,False,,,USD,13742000.0
OBDC,0001655888,0001655888-26-000056,10-Q,2026-06-30,2026-08-05,GT Silver Co-Invest SCSp | LP Interest | Non-Affiliated,GT Silver Co-Invest SCSp,GT Silver Co-Invest SCSp,LP Interest,,,,1182000.0,1182000.0,1182000.0,,100.0,,,,,False,,,USD,1182000.0
OBDC,0001655888,0001655888-26-000056,10-Q,2026-06-30,2026-08-05,"Insight CP (Blocker) Holdings, L.P. (dba CivicPlus, LLC) | LP Interest | Non-Affiliated","Insight CP (Blocker) Holdings, L.P. (dba CivicPlus, LLC)","Insight CP (Blocker) Holdings, L.P. (dba CivicPlus, LLC)",LP Interest,,,,2065000.0,1817000.0,1709000.0,,120.83,,,,,False,,,USD,2065000.0
OBDC,0001655888,0001655888-26-000056,10-Q,2026-06-30,2026-08-05,Nscale Global Holdings Limited | Preferred equity | Non-Affiliated,Nscale Global Holdings Limited,Nscale Global Holdings Limited,Preferred Equity,,,,6701000.0,5502000.0,,299760.0,121.79,,,,,False,,,USD,6701000.0
OBDC,0001655888,0001655888-26-000056,10-Q,2026-06-30,2026-08-05,Nscale Global Holdings Limited | Series B Preferred Shares | Non-Affiliated,Nscale Global Holdings Limited,Nscale Global Holdings Limited,Preferred Equity,,,,9299000.0,3669000.0,,579420.0,253.45,,,,,False,,,USD,9299000.0
OBDC,0001655888,0001655888-26-000056,10-Q,2026-06-30,2026-08-05,"Project Alpine Co-Invest Fund, LP | LP Interest | Non-Affiliated","Project Alpine Co-Invest Fund, LP","Project Alpine Co-Invest Fund, LP",LP Interest,,,,13732000.0,12582000.0,12000000.0,,114.43,,,,,False,,,USD,13732000.0
OBDC,0001655888,0001655888-26-000056,10-Q,2026-06-30,2026-08-05,"Project Hotel California Co-Invest Fund, L.P. | LP Interest | Non-Affiliated","Project Hotel California Co-Invest Fund, L.P.","Project Hotel California Co-Invest Fund, L.P.",LP Interest,,,,4320000.0,4182000.0,4027000.0,,107.28,,,,,False,,,USD,4320000.0
OBDC,0001655888,0001655888-26-000056,10-Q,2026-06-30,2026-08-05,Thunder Topco L.P. (dba Vector Solutions) | Common Units | Non-Affiliated,Thunder Topco L.P. (dba Vector Solutions),Thunder Topco L.P. (dba Vector Solutions),Common Equity,,,,6273000.0,6324000.0,,5968267.0,99.19,,,,,False,,,USD,6273000.0
OBDC,0001655888,0001655888-26-000056,10-Q,2026-06-30,2026-08-05,"VEPF VIII Co-Invest 8-A, L.P. | LP Interest | Non-Affiliated","VEPF VIII Co-Invest 8-A, L.P.","VEPF VIII Co-Invest 8-A, L.P.",LP Interest,,,,982000.0,982000.0,982000.0,,100.0,,,,,False,,,USD,982000.0
OBDC,0001655888,0001655888-26-000056,10-Q,2026-06-30,2026-08-05,"WMC Bidco, Inc. (dba West Monroe) | Senior Preferred Stock | Non-Affiliated","WMC Bidco, Inc. (dba West Monroe)","WMC Bidco, Inc. (dba West Monroe)",Preferred Equity,,,,81920000.0,82293000.0,,50077.0,99.55,,,,11.25,True,,,USD,81920000.0
OBDC,0001655888,0001655888-26-000056,10-Q,2026-06-30,2026-08-05,"WP Silver Co-Invest, L.P. | LP Interest | Non-Affiliated","WP Silver Co-Invest, L.P.","WP Silver Co-Invest, L.P.",LP Interest,,,,1182000.0,1182000.0,1182000.0,,100.0,,,,,False,,,USD,1182000.0
OBDC,0001655888,0001655888-26-000056,10-Q,2026-06-30,2026-08-05,"Zoro TopCo, L.P. | Class A Common Units | Non-Affiliated","Zoro TopCo, L.P.","Zoro TopCo, L.P.",Common Equity,,,,8595000.0,10830000.0,,1064900.0,79.36,,,,,False,,,USD,8595000.0
OBDC,0001655888,0001655888-26-000056,10-Q,2026-06-30,2026-08-05,"Zoro TopCo, Inc. | Series A Preferred Equity | Non-Affiliated","Zoro TopCo, Inc.","Zoro TopCo, Inc.",Preferred Equity,,,,4704000.0,4770000.0,,3076.0,98.62,,,,9.5,True,,,USD,4704000.0
OBDC,0001655888,0001655888-26-000056,10-Q,2026-06-30,2026-08-05,"Gloves Holdings, LP (dba Protective Industrial Products) | LP Interest | Non-Affiliated","Gloves Holdings, LP (dba Protective Industrial Products)","Gloves Holdings, LP (dba Protective Industrial Products)",LP Interest,,,,7433000.0,5395000.0,,48099.0,137.78,,,,,False,,,USD,7433000.0
OBDC,0001655888,0001655888-26-000056,10-Q,2026-06-30,2026-08-05,Windows Entities | LLC Units | Non-Affiliated,Windows Entities,Windows Entities,Equity,,,,138629000.0,60319000.0,,31844.0,229.83,,,,,False,,,USD,138629000.0
OBDC,0001655888,0001655888-26-000056,10-Q,2026-06-30,2026-08-05,Equity NewCo S.A. (dba Netceed) | Common equity | Non-Affiliated,Equity NewCo S.A. (dba Netceed),Equity NewCo S.A. (dba Netceed),Common Equity,,,,107000.0,158000.0,,24178147.0,67.72,,,,,False,,,USD,107000.0
OBDC,0001655888,0001655888-26-000056,10-Q,2026-06-30,2026-08-05,"Pluralsight, LLC | First lien senior secured loan 1 | Non-Affiliated","Pluralsight, LLC","Pluralsight, LLC",First Lien,,,,20836000.0,23203000.0,23280000.0,,89.5,3.0,,,1.5,True,,,USD,20836000.0
OBDC,0001655888,0001655888-26-000056,10-Q,2026-06-30,2026-08-05,"Pluralsight, LLC | First lien senior secured loan 2 | Non-Affiliated","Pluralsight, LLC","Pluralsight, LLC",First Lien,,,,2274000.0,25749000.0,28428000.0,,8.0,,,,7.5,True,,,USD,2274000.0
OBDC,0001655888,0001655888-26-000056,10-Q,2026-06-30,2026-08-05,Blue Owl Cross-Strategy Opportunities LLC | Specialty finance equity investment | Affiliated,Blue Owl Cross-Strategy Opportunities LLC,Blue Owl Cross-Strategy Opportunities LLC,Equity,,,,115840000.0,116143000.0,116143000.0,,99.74,,,,,False,,,USD,115840000.0
OBDC,0001655888,0001655888-26-000056,10-Q,2026-06-30,2026-08-05,Paradigmatic Holdco LLC (dba Pluralsight) | Common stock | Affiliated,Paradigmatic Holdco LLC (dba Pluralsight),Paradigmatic Holdco LLC (dba Pluralsight),Common Equity,,,,,20149000.0,,7619079.0,,,,,,False,,,USD,
OBDC,0001655888,0001655888-26-000056,10-Q,2026-06-30,2026-08-05,LSI Financing 1 DAC | Specialty finance equity investment | Affiliated,LSI Financing 1 DAC,LSI Financing 1 DAC,Equity,,,,5196000.0,5299000.0,5261000.0,,98.76,,,,,False,,,USD,5196000.0
OBDC,0001655888,0001655888-26-000056,10-Q,2026-06-30,2026-08-05,Swipe Acquisition Corporation (dba PLI) | First lien senior secured loan 1 | Affiliated,Swipe Acquisition Corporation (dba PLI),Swipe Acquisition Corporation (dba PLI),First Lien,,,,72529000.0,72363000.0,72529000.0,,100.0,8.0,,,,False,,,USD,72529000.0
OBDC,0001655888,0001655888-26-000056,10-Q,2026-06-30,2026-08-05,Swipe Acquisition Corporation (dba PLI) | First lien senior secured loan 2 | Affiliated,Swipe Acquisition Corporation (dba PLI),Swipe Acquisition Corporation (dba PLI),First Lien,,,,47828000.0,47654000.0,47828000.0,,100.0,5.0,,,,False,,,USD,47828000.0
OBDC,0001655888,0001655888-26-000056,10-Q,2026-06-30,2026-08-05,"AAM Series 1.1 Rail and Domestic Intermodal Feeder, LLC | Specialty finance debt investment | Affiliated","AAM Series 1.1 Rail and Domestic Intermodal Feeder, LLC","AAM Series 1.1 Rail and Domestic Intermodal Feeder, LLC",,,,,69510000.0,69391000.0,69510000.0,,100.0,,,,12.0,True,,,USD,69510000.0
OBDC,0001655888,0001655888-26-000056,10-Q,2026-06-30,2026-08-05,"AAM Series 2.1 Aviation Feeder, LLC | Specialty finance debt investment | Affiliated","AAM Series 2.1 Aviation Feeder, LLC","AAM Series 2.1 Aviation Feeder, LLC",,,,,101744000.0,101593000.0,101744000.0,,100.0,,,,12.0,True,,,USD,101744000.0
OBDC,0001655888,0001655888-26-000056,10-Q,2026-06-30,2026-08-05,"PS Operating Company LLC (fka QC Supply, LLC) | First lien senior secured loan | Non-Affiliated","PS Operating Company LLC (fka QC Supply, LLC)","PS Operating Company LLC (fka QC Supply, LLC)",First Lien,,,,2895000.0,17045000.0,22166000.0,,13.06,6.0,,,,False,,,USD,2895000.0
OBDC,0001655888,0001655888-26-000056,10-Q,2026-06-30,2026-08-05,"Eagle Infrastructure Services, LLC | First lien senior secured loan | Non-Affiliated","Eagle Infrastructure Services, LLC","Eagle Infrastructure Services, LLC",First Lien,,,,87138000.0,86420000.0,87138000.0,,100.0,7.5,,,,False,,,USD,87138000.0
OBDC,0001655888,0001655888-26-000056,10-Q,2026-06-30,2026-08-05,Notorious Holdings LLC (dba Beauty Industry Group) | First lien senior secured loan | Affiliated,Notorious Holdings LLC (dba Beauty Industry Group),Notorious Holdings LLC (dba Beauty Industry Group),First Lien,,,,21425000.0,21894000.0,22088000.0,,97.0,,,,9.0,True,,,USD,21425000.0
OBDC,0001655888,0001655888-26-000056,10-Q,2026-06-30,2026-08-05,"Notorious Topco, LLC (dba Beauty Industry Group) | First lien senior secured loan | Affiliated","Notorious Topco, LLC (dba Beauty Industry Group)","Notorious Topco, LLC (dba Beauty Industry Group)",First Lien,,,,45030000.0,45427000.0,45600000.0,,98.75,,,,7.25,True,,,USD,45030000.0
OBDC,0001655888,0001655888-26-000056,10-Q,2026-06-30,2026-08-05,"New PLI Holdings, LLC (dba PLI) | Class A Common Units | Affiliated","New PLI Holdings, LLC (dba PLI)","New PLI Holdings, LLC (dba PLI)",Common Equity,,,,87890000.0,48007000.0,,86745.0,183.08,,,,,False,,,USD,87890000.0
OBDC,0001655888,0001655888-26-000056,10-Q,2026-06-30,2026-08-05,"AAM Series 1.1 Rail and Domestic Intermodal Feeder, LLC | Specialty finance equity investment | Affiliated","AAM Series 1.1 Rail and Domestic Intermodal Feeder, LLC","AAM Series 1.1 Rail and Domestic Intermodal Feeder, LLC",Equity,,,,39597000.0,32417000.0,31923000.0,,124.04,,,,,False,,,USD,39597000.0
OBDC,0001655888,0001655888-26-000056,10-Q,2026-06-30,2026-08-05,"AAM Series 2.1 Aviation Feeder, LLC | Specialty finance equity investment | Affiliated","AAM Series 2.1 Aviation Feeder, LLC","AAM Series 2.1 Aviation Feeder, LLC",Equity,,,,55378000.0,37066000.0,36050000.0,,149.4,,,,,False,,,USD,55378000.0
OBDC,0001655888,0001655888-26-000056,10-Q,2026-06-30,2026-08-05,Wingspire Capital Holdings LLC | Specialty finance equity investment | Affiliated,Wingspire Capital Holdings LLC,Wingspire Capital Holdings LLC,Equity,,,,607054000.0,504552000.0,,89576091.0,120.32,,,,,False,,,USD,607054000.0
OBDC,0001655888,0001655888-26-000056,10-Q,2026-06-30,2026-08-05,OWL-HP FINANCE LLC | Specialty finance equity investment | Affiliated,OWL-HP FINANCE LLC,OWL-HP FINANCE LLC,Equity,,,,40871000.0,40924000.0,40923000.0,,99.87,,,,,False,,,USD,40871000.0
OBDC,0001655888,0001655888-26-000056,10-Q,2026-06-30,2026-08-05,"PS Op Holdings LLC (fka QC Supply, LLC) | Class A Common Units | Affiliated","PS Op Holdings LLC (fka QC Supply, LLC)","PS Op Holdings LLC (fka QC Supply, LLC)",Common Equity,,,,0.0,4300000.0,,248271.0,0.0,,,,,False,,,USD,0.0
OBDC,0001655888,0001655888-26-000056,10-Q,2026-06-30,2026-08-05,"Eagle Infrastructure Services, LLC | Common Units | Affiliated","Eagle Infrastructure Services, LLC","Eagle Infrastructure Services, LLC",Common Equity,,,,101676000.0,24058000.0,,576276.0,422.63,,,,,False,,,USD,101676000.0
OBDC,0001655888,0001655888-26-000056,10-Q,2026-06-30,2026-08-05,Fifth Season Investments LLC | Specialty finance equity investment | Affiliated,Fifth Season Investments LLC,Fifth Season Investments LLC,Equity,,,,302656000.0,264925000.0,,27.0,114.24,,,,,False,,,USD,302656000.0
OBDC,0001655888,0001655888-26-000056,10-Q,2026-06-30,2026-08-05,Blue Owl Credit SLF LLC | LLC interest | Affiliated,Blue Owl Credit SLF LLC,Blue Owl Credit SLF LLC,LLC Interest,,,,389815000.0,431933000.0,427085000.0,,91.27,,,,,False,,,USD,389815000.0
OBDC,0001655888,0001655888-26-000056,10-Q,2026-06-30,2026-08-05,Blue Owl Leasing LLC | LLC Interest | Affiliated,Blue Owl Leasing LLC,Blue Owl Leasing LLC,LLC Interest,,,,865000.0,860000.0,860000.0,,100.58,,,,,False,,,USD,865000.0
OBDC,0001655888,0001655888-26-000056,10-Q,2026-06-30,2026-08-05,LSI Financing LLC | Specialty finance equity investment | Affiliated,LSI Financing LLC,LSI Financing LLC,Equity,,,,257937000.0,236777000.0,237107000.0,,108.79,,,,,False,,,USD,257937000.0
OBDC,0001655888,0001655888-26-000056,10-Q,2026-06-30,2026-08-05,"Notorious Purchaser II, Inc. (dba Beauty Industry Group) | Class B Common Stock | Affiliated","Notorious Purchaser II, Inc. (dba Beauty Industry Group)","Notorious Purchaser II, Inc. (dba Beauty Industry Group)",Common Equity,,,,40691000.0,41971000.0,,3440.0,96.95,,,,,False,,,USD,40691000.0
OBDC,0001655888,0001655888-26-000056,10-Q,2026-06-30,2026-08-05,Aerosmith Bidco 1 Limited (dba Audiotonix) | First lien senior secured delayed draw term loan,Aerosmith Bidco 1 Limited (dba Audiotonix),Aerosmith Bidco 1 Limited (dba Audiotonix),First Lien,,,,0.0,,,,,,,,,False,,,USD,0.0
OBDC,0001655888,0001655888-26-000056,10-Q,2026-06-30,2026-08-05,Aerosmith Bidco 1 Limited (dba Audiotonix) | First lien senior secured revolving loan,Aerosmith Bidco 1 Limited (dba Audiotonix),Aerosmith Bidco 1 Limited (dba Audiotonix),First Lien,,,,0.0,,,,,,,,,False,,,USD,0.0
OBDC,0001655888,0001655888-26-000056,10-Q,2026-06-30,2026-08-05,"AI Titan Parent, Inc. (dba Prometheus Group) | First lien senior secured delayed draw term loan","AI Titan Parent, Inc. (dba Prometheus Group)","AI Titan Parent, Inc. (dba Prometheus Group)",First Lien,,,,0.0,,,,,,,,,False,,,USD,0.0
OBDC,0001655888,0001655888-26-000056,10-Q,2026-06-30,2026-08-05,"AlphaSense, Inc. | First lien senior secured delayed draw term loan","AlphaSense, Inc.","AlphaSense, Inc.",First Lien,,,,-1000.0,,,,,,,,,False,,,USD,-1000.0
OBDC,0001655888,0001655888-26-000056,10-Q,2026-06-30,2026-08-05,"Arctic US Bidco, Inc. (dba ThermoSafe) | First lien senior secured delayed draw term loan","Arctic US Bidco, Inc. (dba ThermoSafe)","Arctic US Bidco, Inc. (dba ThermoSafe)",First Lien,,,,0.0,,,,,,,,,False,,,USD,0.0
OBDC,0001655888,0001655888-26-000056,10-Q,2026-06-30,2026-08-05,"Arctic US Bidco, Inc. (dba ThermoSafe) | First lien senior secured multi-currency revolving loan","Arctic US Bidco, Inc. (dba ThermoSafe)","Arctic US Bidco, Inc. (dba ThermoSafe)",First Lien,,,,0.0,,,,,,,,,False,,,USD,0.0
OBDC,0001655888,0001655888-26-000056,10-Q,2026-06-30,2026-08-05,"Artifact Bidco, Inc. (dba Avetta) | First lien senior secured delayed draw term loan","Artifact Bidco, Inc. (dba Avetta)","Artifact Bidco, Inc. (dba Avetta)",First Lien,,,,0.0,,,,,,,,,False,,,USD,0.0
OBDC,0001655888,0001655888-26-000056,10-Q,2026-06-30,2026-08-05,"Associations, Inc. | First lien senior secured delayed draw term loan","Associations, Inc.","Associations, Inc.",First Lien,,,,0.0,,,,,,,,,False,,,USD,0.0
OBDC,0001655888,0001655888-26-000056,10-Q,2026-06-30,2026-08-05,"Associations, Inc. | First lien senior secured revolving loan","Associations, Inc.","Associations, Inc.",First Lien,,,,0.0,,,,,,,,,False,,,USD,0.0
OBDC,0001655888,0001655888-26-000056,10-Q,2026-06-30,2026-08-05,"Brightway Holdings, LLC | First lien senior secured delayed draw term loan","Brightway Holdings, LLC","Brightway Holdings, LLC",First Lien,,,,0.0,,,,,,,,,False,,,USD,0.0
OBDC,0001655888,0001655888-26-000056,10-Q,2026-06-30,2026-08-05,"Brightway Holdings, LLC | First lien senior secured revolving loan","Brightway Holdings, LLC","Brightway Holdings, LLC",First Lien,,,,0.0,,,,,,,,,False,,,USD,0.0
OBDC,0001655888,0001655888-26-000056,10-Q,2026-06-30,2026-08-05,"Caris Life Sciences, Inc. | First lien senior secured delayed draw term loan","Caris Life Sciences, Inc.","Caris Life Sciences, Inc.",First Lien,,,,-37000.0,,,,,,,,,False,,,USD,-37000.0
OBDC,0001655888,0001655888-26-000056,10-Q,2026-06-30,2026-08-05,"CCM Midco, LLC (f/k/a Cresset Capital Management, LLC) | First lien senior secured delayed draw term loan","CCM Midco, LLC (f/k/a Cresset Capital Management, LLC)","CCM Midco, LLC (f/k/a Cresset Capital Management, LLC)",First Lien,,,,0.0,,,,,,,,,False,,,USD,0.0
OBDC,0001655888,0001655888-26-000056,10-Q,2026-06-30,2026-08-05,"CCM Midco, LLC (f/k/a Cresset Capital Management, LLC) | First lien senior secured revolving loan","CCM Midco, LLC (f/k/a Cresset Capital Management, LLC)","CCM Midco, LLC (f/k/a Cresset Capital Management, LLC)",First Lien,,,,0.0,,,,,,,,,False,,,USD,0.0
OBDC,0001655888,0001655888-26-000056,10-Q,2026-06-30,2026-08-05,"CHA Vision Holdings, Inc. (fka FR Vision Holdings, Inc.) | First lien senior secured delayed draw term loan","CHA Vision Holdings, Inc. (fka FR Vision Holdings, Inc.)","CHA Vision Holdings, Inc. (fka FR Vision Holdings, Inc.)",First Lien,,,,0.0,,,,,,,,,False,,,USD,0.0
OBDC,0001655888,0001655888-26-000056,10-Q,2026-06-30,2026-08-05,"CHA Vision Holdings, Inc. (fka FR Vision Holdings, Inc.) | First lien senior secured revolving loan","CHA Vision Holdings, Inc. (fka FR Vision Holdings, Inc.)","CHA Vision Holdings, Inc. (fka FR Vision Holdings, Inc.)",First Lien,,,,0.0,,,,,,,,,False,,,USD,0.0
OBDC,0001655888,0001655888-26-000056,10-Q,2026-06-30,2026-08-05,"CivicPlus, LLC | First lien senior secured delayed draw term loan","CivicPlus, LLC","CivicPlus, LLC",First Lien,,,,0.0,,,,,,,,,False,,,USD,0.0
OBDC,0001655888,0001655888-26-000056,10-Q,2026-06-30,2026-08-05,"Clearwater Analytics Holdings, Inc. | First lien senior secured delayed draw term loan","Clearwater Analytics Holdings, Inc.","Clearwater Analytics Holdings, Inc.",First Lien,,,,-18000.0,,,,,,,,,False,,,USD,-18000.0
OBDC,0001655888,0001655888-26-000056,10-Q,2026-06-30,2026-08-05,"CMG HoldCo, LLC (dba Crete United) | First lien senior secured delayed draw term loan","CMG HoldCo, LLC (dba Crete United)","CMG HoldCo, LLC (dba Crete United)",First Lien,,,,-29000.0,,,,,,,,,False,,,USD,-29000.0
OBDC,0001655888,0001655888-26-000056,10-Q,2026-06-30,2026-08-05,"Commander Buyer, Inc. (dba CenExel) | First lien senior secured delayed draw term loan","Commander Buyer, Inc. (dba CenExel)","Commander Buyer, Inc. (dba CenExel)",First Lien,,,,0.0,,,,,,,,,False,,,USD,0.0
OBDC,0001655888,0001655888-26-000056,10-Q,2026-06-30,2026-08-05,"CT Technologies Intermediate Holdings, Inc. (& Smart Holdings Corp.) (dba Datavant) | First lien senior secured delayed draw term loan 1","CT Technologies Intermediate Holdings, Inc. (& Smart Holdings Corp.) (dba Datavant)","CT Technologies Intermediate Holdings, Inc. (& Smart Holdings Corp.) (dba Datavant)",First Lien,,,,0.0,,,,,,,,,False,,,USD,0.0
OBDC,0001655888,0001655888-26-000056,10-Q,2026-06-30,2026-08-05,"CT Technologies Intermediate Holdings, Inc. (& Smart Holdings Corp.) (dba Datavant) | First lien senior secured revolving loan","CT Technologies Intermediate Holdings, Inc. (& Smart Holdings Corp.) (dba Datavant)","CT Technologies Intermediate Holdings, Inc. (& Smart Holdings Corp.) (dba Datavant)",First Lien,,,,0.0,,,,,,,,,False,,,USD,0.0
OBDC,0001655888,0001655888-26-000056,10-Q,2026-06-30,2026-08-05,"CT Technologies Intermediate Holdings, Inc. (& Smart Holdings Corp.) (dba Datavant) | First lien senior secured delayed draw term loan 2","CT Technologies Intermediate Holdings, Inc. (& Smart Holdings Corp.) (dba Datavant)","CT Technologies Intermediate Holdings, Inc. (& Smart Holdings Corp.) (dba Datavant)",First Lien,,,,-4000.0,,,,,,,,,False,,,USD,-4000.0
OBDC,0001655888,0001655888-26-000056,10-Q,2026-06-30,2026-08-05,dentalcorp Health Services Ltd. (fka Aryeh Bidco Investment Ltd.) | First lien senior secured delayed draw term loan,dentalcorp Health Services Ltd. (fka Aryeh Bidco Investment Ltd.),dentalcorp Health Services Ltd. (fka Aryeh Bidco Investment Ltd.),First Lien,,,,0.0,,,,,,,,,False,,,USD,0.0
OBDC,0001655888,0001655888-26-000056,10-Q,2026-06-30,2026-08-05,dentalcorp Health Services Ltd. (fka Aryeh Bidco Investment Ltd.) | First lien senior secured revolving loan,dentalcorp Health Services Ltd. (fka Aryeh Bidco Investment Ltd.),dentalcorp Health Services Ltd. (fka Aryeh Bidco Investment Ltd.),First Lien,,,,0.0,,,,,,,,,False,,,USD,0.0
OBDC,0001655888,0001655888-26-000056,10-Q,2026-06-30,2026-08-05,DuraServ LLC | First lien senior secured delayed draw term loan,DuraServ LLC,DuraServ LLC,First Lien,,,,-284000.0,,,,,,,,,False,,,USD,-284000.0
OBDC,0001655888,0001655888-26-000056,10-Q,2026-06-30,2026-08-05,EOS Finco S.A.R.L (dba Netceed) | First lien senior secured delayed draw term loan,EOS Finco S.A.R.L (dba Netceed),EOS Finco S.A.R.L (dba Netceed),First Lien,,,,0.0,,,,,,,,,False,,,USD,0.0
OBDC,0001655888,0001655888-26-000056,10-Q,2026-06-30,2026-08-05,"Eternal Buyer, LLC (dba Wedgewood Weddings) | First lien senior secured delayed draw term loan","Eternal Buyer, LLC (dba Wedgewood Weddings)","Eternal Buyer, LLC (dba Wedgewood Weddings)",First Lien,,,,0.0,,,,,,,,,False,,,USD,0.0
OBDC,0001655888,0001655888-26-000056,10-Q,2026-06-30,2026-08-05,"GS Acquisitionco, Inc. (dba insightsoftware) | First lien senior secured delayed draw term loan","GS Acquisitionco, Inc. (dba insightsoftware)","GS Acquisitionco, Inc. (dba insightsoftware)",First Lien,,,,-36000.0,,,,,,,,,False,,,USD,-36000.0
OBDC,0001655888,0001655888-26-000056,10-Q,2026-06-30,2026-08-05,"Hercules Borrower, LLC (dba The Vincit Group) | First lien senior secured delayed draw term loan","Hercules Borrower, LLC (dba The Vincit Group)","Hercules Borrower, LLC (dba The Vincit Group)",First Lien,,,,0.0,,,,,,,,,False,,,USD,0.0
OBDC,0001655888,0001655888-26-000056,10-Q,2026-06-30,2026-08-05,"Hercules Borrower, LLC (dba The Vincit Group) | First lien senior secured revolving loan","Hercules Borrower, LLC (dba The Vincit Group)","Hercules Borrower, LLC (dba The Vincit Group)",First Lien,,,,0.0,,,,,,,,,False,,,USD,0.0
OBDC,0001655888,0001655888-26-000056,10-Q,2026-06-30,2026-08-05,"Horizon Avionics Buyer, LLC (dba Acron Aviation) | First lien senior secured delayed draw term loan","Horizon Avionics Buyer, LLC (dba Acron Aviation)","Horizon Avionics Buyer, LLC (dba Acron Aviation)",First Lien,,,,0.0,,,,,,,,,False,,,USD,0.0
OBDC,0001655888,0001655888-26-000056,10-Q,2026-06-30,2026-08-05,"Horizon Avionics Buyer, LLC (dba Acron Aviation) | First lien senior secured revolving loan","Horizon Avionics Buyer, LLC (dba Acron Aviation)","Horizon Avionics Buyer, LLC (dba Acron Aviation)",First Lien,,,,0.0,,,,,,,,,False,,,USD,0.0
OBDC,0001655888,0001655888-26-000056,10-Q,2026-06-30,2026-08-05,"Indigo Buyer, Inc. (dba Inovar Packaging Group) | First lien senior secured delayed draw term loan 1","Indigo Buyer, Inc. (dba Inovar Packaging Group)","Indigo Buyer, Inc. (dba Inovar Packaging Group)",First Lien,,,,0.0,,,,,,,,,False,,,USD,0.0
OBDC,0001655888,0001655888-26-000056,10-Q,2026-06-30,2026-08-05,"Indigo Buyer, Inc. (dba Inovar Packaging Group) | First lien senior secured delayed draw term loan 2","Indigo Buyer, Inc. (dba Inovar Packaging Group)","Indigo Buyer, Inc. (dba Inovar Packaging Group)",First Lien,,,,0.0,,,,,,,,,False,,,USD,0.0
OBDC,0001655888,0001655888-26-000056,10-Q,2026-06-30,2026-08-05,"Indigo Buyer, Inc. (dba Inovar Packaging Group) | First lien senior secured revolving loan","Indigo Buyer, Inc. (dba Inovar Packaging Group)","Indigo Buyer, Inc. (dba Inovar Packaging Group)",First Lien,,,,0.0,,,,,,,,,False,,,USD,0.0
OBDC,0001655888,0001655888-26-000056,10-Q,2026-06-30,2026-08-05,"Integrity Marketing Acquisition, LLC | First lien senior secured delayed draw term loan","Integrity Marketing Acquisition, LLC","Integrity Marketing Acquisition, LLC",First Lien,,,,0.0,,,,,,,,,False,,,USD,0.0
OBDC,0001655888,0001655888-26-000056,10-Q,2026-06-30,2026-08-05,"Integrity Marketing Acquisition, LLC | First lien senior secured revolving loan","Integrity Marketing Acquisition, LLC","Integrity Marketing Acquisition, LLC",First Lien,,,,0.0,,,,,,,,,False,,,USD,0.0
OBDC,0001655888,0001655888-26-000056,10-Q,2026-06-30,2026-08-05,"Jawbreaker Parent, Inc. | First lien senior secured delayed draw term loan","Jawbreaker Parent, Inc.","Jawbreaker Parent, Inc.",First Lien,,,,-80000.0,,,,,,,,,False,,,USD,-80000.0
OBDC,0001655888,0001655888-26-000056,10-Q,2026-06-30,2026-08-05,KRIV Acquisition Inc. (dba Riveron) | First lien senior secured delayed draw term loan 1,KRIV Acquisition Inc. (dba Riveron),KRIV Acquisition Inc. (dba Riveron),First Lien,,,,0.0,,,,,,,,,False,,,USD,0.0
OBDC,0001655888,0001655888-26-000056,10-Q,2026-06-30,2026-08-05,KRIV Acquisition Inc. (dba Riveron) | First lien senior secured delayed draw term loan 2,KRIV Acquisition Inc. (dba Riveron),KRIV Acquisition Inc. (dba Riveron),First Lien,,,,0.0,,,,,,,,,False,,,USD,0.0
OBDC,0001655888,0001655888-26-000056,10-Q,2026-06-30,2026-08-05,KRIV Acquisition Inc. (dba Riveron) | First lien senior secured revolving loan,KRIV Acquisition Inc. (dba Riveron),KRIV Acquisition Inc. (dba Riveron),First Lien,,,,0.0,,,,,,,,,False,,,USD,0.0
OBDC,0001655888,0001655888-26-000056,10-Q,2026-06-30,2026-08-05,Lakefield Acquisition Corp. (dba Lakefield Veterinary Group) | First lien senior secured delayed draw term loan,Lakefield Acquisition Corp. (dba Lakefield Veterinary Group),Lakefield Acquisition Corp. (dba Lakefield Veterinary Group),First Lien,,,,0.0,,,,,,,,,False,,,USD,0.0
OBDC,0001655888,0001655888-26-000056,10-Q,2026-06-30,2026-08-05,Lakefield Acquisition Corp. (dba Lakefield Veterinary Group) | First lien senior secured revolving loan,Lakefield Acquisition Corp. (dba Lakefield Veterinary Group),Lakefield Acquisition Corp. (dba Lakefield Veterinary Group),First Lien,,,,0.0,,,,,,,,,False,,,USD,0.0
OBDC,0001655888,0001655888-26-000056,10-Q,2026-06-30,2026-08-05,"Lightbeam Bidco, Inc. (dba Lazer Spot) | First lien senior secured delayed draw term loan","Lightbeam Bidco, Inc. (dba Lazer Spot)","Lightbeam Bidco, Inc. (dba Lazer Spot)",First Lien,,,,0.0,,,,,,,,,False,,,USD,0.0
OBDC,0001655888,0001655888-26-000056,10-Q,2026-06-30,2026-08-05,Litera Bidco LLC | First lien senior secured delayed draw term loan 1,Litera Bidco LLC,Litera Bidco LLC,First Lien,,,,0.0,,,,,,,,,False,,,USD,0.0
OBDC,0001655888,0001655888-26-000056,10-Q,2026-06-30,2026-08-05,Litera Bidco LLC | First lien senior secured delayed draw term loan 2,Litera Bidco LLC,Litera Bidco LLC,First Lien,,,,-248000.0,,,,,,,,,False,,,USD,-248000.0
OBDC,0001655888,0001655888-26-000056,10-Q,2026-06-30,2026-08-05,MAJCO LLC (dba Big Brand Tire & Service) | First lien senior secured delayed draw term loan,MAJCO LLC (dba Big Brand Tire & Service),MAJCO LLC (dba Big Brand Tire & Service),First Lien,,,,0.0,,,,,,,,,False,,,USD,0.0
OBDC,0001655888,0001655888-26-000056,10-Q,2026-06-30,2026-08-05,NELIPAK EUROPEAN HOLDINGS COÖPERATIEF U.A. | First lien senior secured EUR delayed draw term loan,NELIPAK EUROPEAN HOLDINGS COÖPERATIEF U.A.,NELIPAK EUROPEAN HOLDINGS COÖPERATIEF U.A.,First Lien,,,,-99000.0,,,,,,,,,False,,,USD,-99000.0
OBDC,0001655888,0001655888-26-000056,10-Q,2026-06-30,2026-08-05,Nelipak Holding Company | First lien senior secured delayed draw term loan,Nelipak Holding Company,Nelipak Holding Company,First Lien,,,,-18000.0,,,,,,,,,False,,,USD,-18000.0
OBDC,0001655888,0001655888-26-000056,10-Q,2026-06-30,2026-08-05,"Nova Women's Health, Inc. | First lien senior secured delayed draw term loan","Nova Women's Health, Inc.","Nova Women's Health, Inc.",First Lien,,,,0.0,,,,,,,,,False,,,USD,0.0
OBDC,0001655888,0001655888-26-000056,10-Q,2026-06-30,2026-08-05,NSCALE SERVICES UK LTD | First lien senior secured delayed draw term loan,NSCALE SERVICES UK LTD,NSCALE SERVICES UK LTD,First Lien,,,,0.0,,,,,,,,,False,,,USD,0.0
OBDC,0001655888,0001655888-26-000056,10-Q,2026-06-30,2026-08-05,"Onward Acquireco, Inc. (dba OneStream) | First lien senior secured delayed draw term loan","Onward Acquireco, Inc. (dba OneStream)","Onward Acquireco, Inc. (dba OneStream)",First Lien,,,,-48000.0,,,,,,,,,False,,,USD,-48000.0
OBDC,0001655888,0001655888-26-000056,10-Q,2026-06-30,2026-08-05,"Packaging Coordinators Midco, Inc. | First lien senior secured delayed draw term loan","Packaging Coordinators Midco, Inc.","Packaging Coordinators Midco, Inc.",First Lien,,,,-54000.0,,,,,,,,,False,,,USD,-54000.0
OBDC,0001655888,0001655888-26-000056,10-Q,2026-06-30,2026-08-05,PerkinElmer U.S. LLC | First lien senior secured delayed draw term loan,PerkinElmer U.S. LLC,PerkinElmer U.S. LLC,First Lien,,,,-6000.0,,,,,,,,,False,,,USD,-6000.0
OBDC,0001655888,0001655888-26-000056,10-Q,2026-06-30,2026-08-05,Plasma Buyer LLC (dba PathGroup) | First lien senior secured delayed draw term loan,Plasma Buyer LLC (dba PathGroup),Plasma Buyer LLC (dba PathGroup),First Lien,,,,0.0,,,,,,,,,False,,,USD,0.0
OBDC,0001655888,0001655888-26-000056,10-Q,2026-06-30,2026-08-05,Plasma Buyer LLC (dba PathGroup) | First lien senior secured revolving loan,Plasma Buyer LLC (dba PathGroup),Plasma Buyer LLC (dba PathGroup),First Lien,,,,0.0,,,,,,,,,False,,,USD,0.0
OBDC,0001655888,0001655888-26-000056,10-Q,2026-06-30,2026-08-05,Premise Health Holding Corp. | First lien senior secured delayed draw term loan,Premise Health Holding Corp.,Premise Health Holding Corp.,First Lien,,,,0.0,,,,,,,,,False,,,USD,0.0
OBDC,0001655888,0001655888-26-000056,10-Q,2026-06-30,2026-08-05,"RL Datix Holdings (USA), Inc. | First lien senior secured delayed draw term loan","RL Datix Holdings (USA), Inc.","RL Datix Holdings (USA), Inc.",First Lien,,,,-94000.0,,,,,,,,,False,,,USD,-94000.0
OBDC,0001655888,0001655888-26-000056,10-Q,2026-06-30,2026-08-05,Salinger Bidco Inc. (dba Surgical Information Systems) | First lien senior secured delayed draw term loan,Salinger Bidco Inc. (dba Surgical Information Systems),Salinger Bidco Inc. (dba Surgical Information Systems),First Lien,,,,0.0,,,,,,,,,False,,,USD,0.0
OBDC,0001655888,0001655888-26-000056,10-Q,2026-06-30,2026-08-05,Salinger Bidco Inc. (dba Surgical Information Systems) | First lien senior secured revolving loan,Salinger Bidco Inc. (dba Surgical Information Systems),Salinger Bidco Inc. (dba Surgical Information Systems),First Lien,,,,0.0,,,,,,,,,False,,,USD,0.0
OBDC,0001655888,0001655888-26-000056,10-Q,2026-06-30,2026-08-05,Sentinel Buyer Corp. (dba SimpliSafe) | First lien senior secured delayed draw term loan,Sentinel Buyer Corp. (dba SimpliSafe),Sentinel Buyer Corp. (dba SimpliSafe),First Lien,,,,-25000.0,,,,,,,,,False,,,USD,-25000.0
OBDC,0001655888,0001655888-26-000056,10-Q,2026-06-30,2026-08-05,"Severin Acquisition, LLC (dba PowerSchool) | First lien senior secured delayed draw term loan","Severin Acquisition, LLC (dba PowerSchool)","Severin Acquisition, LLC (dba PowerSchool)",First Lien,,,,0.0,,,,,,,,,False,,,USD,0.0
OBDC,0001655888,0001655888-26-000056,10-Q,2026-06-30,2026-08-05,"Severin Acquisition, LLC (dba PowerSchool) | First lien senior secured revolving loan","Severin Acquisition, LLC (dba PowerSchool)","Severin Acquisition, LLC (dba PowerSchool)",First Lien,,,,0.0,,,,,,,,,False,,,USD,0.0
OBDC,0001655888,0001655888-26-000056,10-Q,2026-06-30,2026-08-05,"SimonMed, Inc. | First lien senior secured delayed draw term loan","SimonMed, Inc.","SimonMed, Inc.",First Lien,,,,0.0,,,,,,,,,False,,,USD,0.0
OBDC,0001655888,0001655888-26-000056,10-Q,2026-06-30,2026-08-05,"SimonMed, Inc. | First lien senior secured revolving loan","SimonMed, Inc.","SimonMed, Inc.",First Lien,,,,0.0,,,,,,,,,False,,,USD,0.0
OBDC,0001655888,0001655888-26-000056,10-Q,2026-06-30,2026-08-05,"Simplicity Financial Marketing Group Holdings, Inc. | First lien senior secured delayed draw term loan","Simplicity Financial Marketing Group Holdings, Inc.","Simplicity Financial Marketing Group Holdings, Inc.",First Lien,,,,0.0,,,,,,,,,False,,,USD,0.0
OBDC,0001655888,0001655888-26-000056,10-Q,2026-06-30,2026-08-05,Smarsh Inc. | First lien senior secured delayed draw term loan,Smarsh Inc.,Smarsh Inc.,First Lien,,,,-7000.0,,,,,,,,,False,,,USD,-7000.0
OBDC,0001655888,0001655888-26-000056,10-Q,2026-06-30,2026-08-05,"Soleo Holdings, Inc. | First lien senior secured delayed draw term loan","Soleo Holdings, Inc.","Soleo Holdings, Inc.",First Lien,,,,0.0,,,,,,,,,False,,,USD,0.0
OBDC,0001655888,0001655888-26-000056,10-Q,2026-06-30,2026-08-05,"Soleo Holdings, Inc. | First lien senior secured revolving loan","Soleo Holdings, Inc.","Soleo Holdings, Inc.",First Lien,,,,0.0,,,,,,,,,False,,,USD,0.0
OBDC,0001655888,0001655888-26-000056,10-Q,2026-06-30,2026-08-05,"Sonny's Enterprises, LLC | First lien senior secured delayed draw term loan","Sonny's Enterprises, LLC","Sonny's Enterprises, LLC",First Lien,,,,0.0,,,,,,,,,False,,,USD,0.0
OBDC,0001655888,0001655888-26-000056,10-Q,2026-06-30,2026-08-05,"Sonny's Enterprises, LLC | First lien senior secured revolving loan","Sonny's Enterprises, LLC","Sonny's Enterprises, LLC",First Lien,,,,0.0,,,,,,,,,False,,,USD,0.0
OBDC,0001655888,0001655888-26-000056,10-Q,2026-06-30,2026-08-05,"Spaceship Purchaser, Inc. (dba Squarespace) | First lien senior secured delayed draw term loan","Spaceship Purchaser, Inc. (dba Squarespace)","Spaceship Purchaser, Inc. (dba Squarespace)",First Lien,,,,-44000.0,,,,,,,,,False,,,USD,-44000.0
OBDC,0001655888,0001655888-26-000056,10-Q,2026-06-30,2026-08-05,"Spotless Brands, LLC | First lien senior secured delayed draw term loan","Spotless Brands, LLC","Spotless Brands, LLC",First Lien,,,,0.0,,,,,,,,,False,,,USD,0.0
OBDC,0001655888,0001655888-26-000056,10-Q,2026-06-30,2026-08-05,"Spotless Brands, LLC | First lien senior secured revolving loan","Spotless Brands, LLC","Spotless Brands, LLC",First Lien,,,,0.0,,,,,,,,,False,,,USD,0.0
OBDC,0001655888,0001655888-26-000056,10-Q,2026-06-30,2026-08-05,"STS PARENT, LLC (dba STS Aviation Group) | First lien senior secured delayed draw term loan","STS PARENT, LLC (dba STS Aviation Group)","STS PARENT, LLC (dba STS Aviation Group)",First Lien,,,,-234000.0,,,,,,,,,False,,,USD,-234000.0
OBDC,0001655888,0001655888-26-000056,10-Q,2026-06-30,2026-08-05,"Tamarack Intermediate, L.L.C. (dba Verisk 3E) | First lien senior secured delayed draw term loan","Tamarack Intermediate, L.L.C. (dba Verisk 3E)","Tamarack Intermediate, L.L.C. (dba Verisk 3E)",First Lien,,,,0.0,,,,,,,,,False,,,USD,0.0
OBDC,0001655888,0001655888-26-000056,10-Q,2026-06-30,2026-08-05,"TBRS, Inc. (dba TEAM Technologies) | First lien senior secured delayed draw term loan","TBRS, Inc. (dba TEAM Technologies)","TBRS, Inc. (dba TEAM Technologies)",First Lien,,,,0.0,,,,,,,,,False,,,USD,0.0
OBDC,0001655888,0001655888-26-000056,10-Q,2026-06-30,2026-08-05,"TBRS, Inc. (dba TEAM Technologies) | First lien senior secured revolving loan","TBRS, Inc. (dba TEAM Technologies)","TBRS, Inc. (dba TEAM Technologies)",First Lien,,,,0.0,,,,,,,,,False,,,USD,0.0
OBDC,0001655888,0001655888-26-000056,10-Q,2026-06-30,2026-08-05,Themis Solutions Inc. (dba Clio) | First lien senior secured delayed draw term loan,Themis Solutions Inc. (dba Clio),Themis Solutions Inc. (dba Clio),First Lien,,,,-75000.0,,,,,,,,,False,,,USD,-75000.0
OBDC,0001655888,0001655888-26-000056,10-Q,2026-06-30,2026-08-05,"THG Acquisition, LLC (dba Hilb) | First lien senior secured delayed draw term loan","THG Acquisition, LLC (dba Hilb)","THG Acquisition, LLC (dba Hilb)",First Lien,,,,0.0,,,,,,,,,False,,,USD,0.0
OBDC,0001655888,0001655888-26-000056,10-Q,2026-06-30,2026-08-05,"THG Acquisition, LLC (dba Hilb) | First lien senior secured revolving loan","THG Acquisition, LLC (dba Hilb)","THG Acquisition, LLC (dba Hilb)",First Lien,,,,0.0,,,,,,,,,False,,,USD,0.0
OBDC,0001655888,0001655888-26-000056,10-Q,2026-06-30,2026-08-05,"Troon Golf, L.L.C. | First lien senior secured delayed draw term loan","Troon Golf, L.L.C.","Troon Golf, L.L.C.",First Lien,,,,0.0,,,,,,,,,False,,,USD,0.0
OBDC,0001655888,0001655888-26-000056,10-Q,2026-06-30,2026-08-05,"Troon Golf, L.L.C. | First lien senior secured revolving loan","Troon Golf, L.L.C.","Troon Golf, L.L.C.",First Lien,,,,0.0,,,,,,,,,False,,,USD,0.0
OBDC,0001655888,0001655888-26-000056,10-Q,2026-06-30,2026-08-05,"Unified Women's Healthcare, LP | First lien senior secured delayed draw term loan","Unified Women's Healthcare, LP","Unified Women's Healthcare, LP",First Lien,,,,0.0,,,,,,,,,False,,,USD,0.0
OBDC,0001655888,0001655888-26-000056,10-Q,2026-06-30,2026-08-05,"Vensure Employer Services, Inc. | First lien senior secured delayed draw term loan","Vensure Employer Services, Inc.","Vensure Employer Services, Inc.",First Lien,,,,0.0,,,,,,,,,False,,,USD,0.0
OBDC,0001655888,0001655888-26-000056,10-Q,2026-06-30,2026-08-05,"Vessco Midco Holdings, LLC | First lien senior secured delayed draw term loan 1","Vessco Midco Holdings, LLC","Vessco Midco Holdings, LLC",First Lien,,,,0.0,,,,,,,,,False,,,USD,0.0
OBDC,0001655888,0001655888-26-000056,10-Q,2026-06-30,2026-08-05,"Vessco Midco Holdings, LLC | First lien senior secured delayed draw term loan 2","Vessco Midco Holdings, LLC","Vessco Midco Holdings, LLC",First Lien,,,,0.0,,,,,,,,,False,,,USD,0.0
OBDC,0001655888,0001655888-26-000056,10-Q,2026-06-30,2026-08-05,"Vessco Midco Holdings, LLC | First lien senior secured revolving loan","Vessco Midco Holdings, LLC","Vessco Midco Holdings, LLC",First Lien,,,,0.0,,,,,,,,,False,,,USD,0.0
OBDC,0001655888,0001655888-26-000056,10-Q,2026-06-30,2026-08-05,Wipfli Advisory LLC | First lien senior secured delayed draw term loan,Wipfli Advisory LLC,Wipfli Advisory LLC,First Lien,,,,0.0,,,,,,,,,False,,,USD,0.0
OBDC,0001655888,0001655888-26-000056,10-Q,2026-06-30,2026-08-05,Wrench Group LLC | First lien senior secured delayed draw term loan,Wrench Group LLC,Wrench Group LLC,First Lien,,,,-64000.0,,,,,,,,,False,,,USD,-64000.0
OBDC,0001655888,0001655888-26-000056,10-Q,2026-06-30,2026-08-05,"WU Holdco, Inc. (dba PurposeBuilt Brands) | First lien senior secured delayed draw term loan","WU Holdco, Inc. (dba PurposeBuilt Brands)","WU Holdco, Inc. (dba PurposeBuilt Brands)",First Lien,,,,-57000.0,,,,,,,,,False,,,USD,-57000.0
OBDC,0001655888,0001655888-26-000056,10-Q,2026-06-30,2026-08-05,"AI Titan Parent, Inc. (dba Prometheus Group) | First lien senior secured revolving loan","AI Titan Parent, Inc. (dba Prometheus Group)","AI Titan Parent, Inc. (dba Prometheus Group)",First Lien,,,,-24000.0,,,,,,,,,False,,,USD,-24000.0
OBDC,0001655888,0001655888-26-000056,10-Q,2026-06-30,2026-08-05,AmeriLife Holdings LLC | First lien senior secured revolving loan,AmeriLife Holdings LLC,AmeriLife Holdings LLC,First Lien,,,,0.0,,,,,,,,,False,,,USD,0.0
OBDC,0001655888,0001655888-26-000056,10-Q,2026-06-30,2026-08-05,"Anaplan, Inc. | First lien senior secured revolving loan","Anaplan, Inc.","Anaplan, Inc.",First Lien,,,,-203000.0,,,,,,,,,False,,,USD,-203000.0
OBDC,0001655888,0001655888-26-000056,10-Q,2026-06-30,2026-08-05,"Applied Composites Holdings, LLC (fka AC&A Enterprises Holdings, LLC) | First lien senior secured revolving loan","Applied Composites Holdings, LLC (fka AC&A Enterprises Holdings, LLC)","Applied Composites Holdings, LLC (fka AC&A Enterprises Holdings, LLC)",First Lien,,,,0.0,,,,,,,,,False,,,USD,0.0
OBDC,0001655888,0001655888-26-000056,10-Q,2026-06-30,2026-08-05,"Aptean Acquiror, Inc. (dba Aptean) | First lien senior secured revolving loan","Aptean Acquiror, Inc. (dba Aptean)","Aptean Acquiror, Inc. (dba Aptean)",First Lien,,,,0.0,,,,,,,,,False,,,USD,0.0
OBDC,0001655888,0001655888-26-000056,10-Q,2026-06-30,2026-08-05,"Arctic Holdco, LLC (dba Novvia Group) | First lien senior secured revolving loan","Arctic Holdco, LLC (dba Novvia Group)","Arctic Holdco, LLC (dba Novvia Group)",First Lien,,,,0.0,,,,,,,,,False,,,USD,0.0
OBDC,0001655888,0001655888-26-000056,10-Q,2026-06-30,2026-08-05,"Artifact Bidco, Inc. (dba Avetta) | First lien senior secured revolving loan","Artifact Bidco, Inc. (dba Avetta)","Artifact Bidco, Inc. (dba Avetta)",First Lien,,,,-5000.0,,,,,,,,,False,,,USD,-5000.0
OBDC,0001655888,0001655888-26-000056,10-Q,2026-06-30,2026-08-05,"Ascend Buyer, LLC (dba PPC Flexible Packaging) | First lien senior secured revolving loan","Ascend Buyer, LLC (dba PPC Flexible Packaging)","Ascend Buyer, LLC (dba PPC Flexible Packaging)",First Lien,,,,0.0,,,,,,,,,False,,,USD,0.0
OBDC,0001655888,0001655888-26-000056,10-Q,2026-06-30,2026-08-05,"Azurite Intermediate Holdings, Inc. (dba Alteryx, Inc.) | First lien senior secured revolving loan","Azurite Intermediate Holdings, Inc. (dba Alteryx, Inc.)","Azurite Intermediate Holdings, Inc. (dba Alteryx, Inc.)",First Lien,,,,-31000.0,,,,,,,,,False,,,USD,-31000.0
OBDC,0001655888,0001655888-26-000056,10-Q,2026-06-30,2026-08-05,"Baker Tilly Advisory Group, LP | First lien senior secured revolving loan","Baker Tilly Advisory Group, LP","Baker Tilly Advisory Group, LP",First Lien,,,,0.0,,,,,,,,,False,,,USD,0.0
OBDC,0001655888,0001655888-26-000056,10-Q,2026-06-30,2026-08-05,Bamboo US BidCo LLC | First lien senior secured revolving loan,Bamboo US BidCo LLC,Bamboo US BidCo LLC,First Lien,,,,0.0,,,,,,,,,False,,,USD,0.0
OBDC,0001655888,0001655888-26-000056,10-Q,2026-06-30,2026-08-05,"Bayshore Intermediate #2, L.P. (dba Boomi) | First lien senior secured revolving loan","Bayshore Intermediate #2, L.P. (dba Boomi)","Bayshore Intermediate #2, L.P. (dba Boomi)",First Lien,,,,0.0,,,,,,,,,False,,,USD,0.0
OBDC,0001655888,0001655888-26-000056,10-Q,2026-06-30,2026-08-05,"BCPE Osprey Buyer, Inc. (dba PartsSource) | First lien senior secured revolving loan","BCPE Osprey Buyer, Inc. (dba PartsSource)","BCPE Osprey Buyer, Inc. (dba PartsSource)",First Lien,,,,0.0,,,,,,,,,False,,,USD,0.0
OBDC,0001655888,0001655888-26-000056,10-Q,2026-06-30,2026-08-05,"Belmont Buyer, Inc. (dba Valenz) | First lien senior secured revolving loan","Belmont Buyer, Inc. (dba Valenz)","Belmont Buyer, Inc. (dba Valenz)",First Lien,,,,0.0,,,,,,,,,False,,,USD,0.0
OBDC,0001655888,0001655888-26-000056,10-Q,2026-06-30,2026-08-05,Blast Bidco Inc. (dba Bazooka Candy Brands) | First lien senior secured revolving loan,Blast Bidco Inc. (dba Bazooka Candy Brands),Blast Bidco Inc. (dba Bazooka Candy Brands),First Lien,,,,-22000.0,,,,,,,,,False,,,USD,-22000.0
OBDC,0001655888,0001655888-26-000056,10-Q,2026-06-30,2026-08-05,"BP Veraison Buyer, LLC (dba Sun World) | First lien senior secured revolving loan","BP Veraison Buyer, LLC (dba Sun World)","BP Veraison Buyer, LLC (dba Sun World)",First Lien,,,,0.0,,,,,,,,,False,,,USD,0.0
OBDC,0001655888,0001655888-26-000056,10-Q,2026-06-30,2026-08-05,Bristol Hospice L.L.C. | First lien senior secured revolving loan,Bristol Hospice L.L.C.,Bristol Hospice L.L.C.,First Lien,,,,0.0,,,,,,,,,False,,,USD,0.0
OBDC,0001655888,0001655888-26-000056,10-Q,2026-06-30,2026-08-05,By Light Professional IT Services LLC | First lien senior secured revolving loan,By Light Professional IT Services LLC,By Light Professional IT Services LLC,First Lien,,,,0.0,,,,,,,,,False,,,USD,0.0
OBDC,0001655888,0001655888-26-000056,10-Q,2026-06-30,2026-08-05,Cambrex Corporation | First lien senior secured revolving loan,Cambrex Corporation,Cambrex Corporation,First Lien,,,,0.0,,,,,,,,,False,,,USD,0.0
OBDC,0001655888,0001655888-26-000056,10-Q,2026-06-30,2026-08-05,"Catalis Intermediate, Inc. (fka GovBrands Intermediate, Inc.) | First lien senior secured revolving loan","Catalis Intermediate, Inc. (fka GovBrands Intermediate, Inc.)","Catalis Intermediate, Inc. (fka GovBrands Intermediate, Inc.)",First Lien,,,,-75000.0,,,,,,,,,False,,,USD,-75000.0
OBDC,0001655888,0001655888-26-000056,10-Q,2026-06-30,2026-08-05,"CivicPlus, LLC | First lien senior secured revolving loan","CivicPlus, LLC","CivicPlus, LLC",First Lien,,,,-96000.0,,,,,,,,,False,,,USD,-96000.0
OBDC,0001655888,0001655888-26-000056,10-Q,2026-06-30,2026-08-05,"Clearwater Analytics Holdings, Inc. | First lien senior secured revolving loan","Clearwater Analytics Holdings, Inc.","Clearwater Analytics Holdings, Inc.",First Lien,,,,-23000.0,,,,,,,,,False,,,USD,-23000.0
OBDC,0001655888,0001655888-26-000056,10-Q,2026-06-30,2026-08-05,"CMG HoldCo, LLC (dba Crete United) | First lien senior secured revolving loan","CMG HoldCo, LLC (dba Crete United)","CMG HoldCo, LLC (dba Crete United)",First Lien,,,,0.0,,,,,,,,,False,,,USD,0.0
OBDC,0001655888,0001655888-26-000056,10-Q,2026-06-30,2026-08-05,"Commander Buyer, Inc. (dba CenExel) | First lien senior secured revolving loan","Commander Buyer, Inc. (dba CenExel)","Commander Buyer, Inc. (dba CenExel)",First Lien,,,,-51000.0,,,,,,,,,False,,,USD,-51000.0
OBDC,0001655888,0001655888-26-000056,10-Q,2026-06-30,2026-08-05,"Coupa Holdings, LLC | First lien senior secured revolving loan","Coupa Holdings, LLC","Coupa Holdings, LLC",First Lien,,,,0.0,,,,,,,,,False,,,USD,0.0
OBDC,0001655888,0001655888-26-000056,10-Q,2026-06-30,2026-08-05,"Creek Parent, Inc. (dba Catalent) | First lien senior secured revolving loan","Creek Parent, Inc. (dba Catalent)","Creek Parent, Inc. (dba Catalent)",First Lien,,,,-123000.0,,,,,,,,,False,,,USD,-123000.0
OBDC,0001655888,0001655888-26-000056,10-Q,2026-06-30,2026-08-05,"Crewline Buyer, Inc. (dba New Relic) | First lien senior secured revolving loan","Crewline Buyer, Inc. (dba New Relic)","Crewline Buyer, Inc. (dba New Relic)",First Lien,,,,-331000.0,,,,,,,,,False,,,USD,-331000.0
OBDC,0001655888,0001655888-26-000056,10-Q,2026-06-30,2026-08-05,DCG ACQUISITION CORP. (dba DuBois Chemical) | First lien senior secured revolving loan,DCG ACQUISITION CORP. (dba DuBois Chemical),DCG ACQUISITION CORP. (dba DuBois Chemical),First Lien,,,,-177000.0,,,,,,,,,False,,,USD,-177000.0
OBDC,0001655888,0001655888-26-000056,10-Q,2026-06-30,2026-08-05,Diamond Mezzanine 24 LLC (dba United Risk) | First lien senior secured revolving loan,Diamond Mezzanine 24 LLC (dba United Risk),Diamond Mezzanine 24 LLC (dba United Risk),First Lien,,,,0.0,,,,,,,,,False,,,USD,0.0
OBDC,0001655888,0001655888-26-000056,10-Q,2026-06-30,2026-08-05,Deerfield Dakota Holdings | First lien senior secured revolving loan,Deerfield Dakota Holdings,Deerfield Dakota Holdings,First Lien,,,,0.0,,,,,,,,,False,,,USD,0.0
OBDC,0001655888,0001655888-26-000056,10-Q,2026-06-30,2026-08-05,"Denali Intermediate Holdings, Inc. (dba Dun & Bradstreet) | First lien senior secured revolving loan","Denali Intermediate Holdings, Inc. (dba Dun & Bradstreet)","Denali Intermediate Holdings, Inc. (dba Dun & Bradstreet)",First Lien,,,,0.0,,,,,,,,,False,,,USD,0.0
OBDC,0001655888,0001655888-26-000056,10-Q,2026-06-30,2026-08-05,"Dresser Utility Solutions, LLC | First lien senior secured revolving loan","Dresser Utility Solutions, LLC","Dresser Utility Solutions, LLC",First Lien,,,,0.0,,,,,,,,,False,,,USD,0.0
OBDC,0001655888,0001655888-26-000056,10-Q,2026-06-30,2026-08-05,DuraServ LLC | First lien senior secured revolving loan,DuraServ LLC,DuraServ LLC,First Lien,,,,0.0,,,,,,,,,False,,,USD,0.0
OBDC,0001655888,0001655888-26-000056,10-Q,2026-06-30,2026-08-05,Eagle Family Foods Group LLC | First lien senior secured revolving loan,Eagle Family Foods Group LLC,Eagle Family Foods Group LLC,First Lien,,,,-1000.0,,,,,,,,,False,,,USD,-1000.0
OBDC,0001655888,0001655888-26-000056,10-Q,2026-06-30,2026-08-05,"EET Buyer, Inc. (dba e-Emphasys) | First lien senior secured revolving loan","EET Buyer, Inc. (dba e-Emphasys)","EET Buyer, Inc. (dba e-Emphasys)",First Lien,,,,-36000.0,,,,,,,,,False,,,USD,-36000.0
OBDC,0001655888,0001655888-26-000056,10-Q,2026-06-30,2026-08-05,"Einstein Parent, Inc. (dba Smartsheet) | First lien senior secured revolving loan","Einstein Parent, Inc. (dba Smartsheet)","Einstein Parent, Inc. (dba Smartsheet)",First Lien,,,,-79000.0,,,,,,,,,False,,,USD,-79000.0
OBDC,0001655888,0001655888-26-000056,10-Q,2026-06-30,2026-08-05,Essential Services Holding Corporation (dba Turnpoint) | First lien senior secured revolving loan,Essential Services Holding Corporation (dba Turnpoint),Essential Services Holding Corporation (dba Turnpoint),First Lien,,,,0.0,,,,,,,,,False,,,USD,0.0
OBDC,0001655888,0001655888-26-000056,10-Q,2026-06-30,2026-08-05,"Eternal Buyer, LLC (dba Wedgewood Weddings) | First lien senior secured revolving loan","Eternal Buyer, LLC (dba Wedgewood Weddings)","Eternal Buyer, LLC (dba Wedgewood Weddings)",First Lien,,,,-35000.0,,,,,,,,,False,,,USD,-35000.0
OBDC,0001655888,0001655888-26-000056,10-Q,2026-06-30,2026-08-05,"Evolution BuyerCo, Inc. (dba SIAA) | First lien senior secured revolving loan","Evolution BuyerCo, Inc. (dba SIAA)","Evolution BuyerCo, Inc. (dba SIAA)",First Lien,,,,0.0,,,,,,,,,False,,,USD,0.0
OBDC,0001655888,0001655888-26-000056,10-Q,2026-06-30,2026-08-05,"Fiesta Purchaser, Inc. (dba Shearer's Foods) | First lien senior secured revolving loan","Fiesta Purchaser, Inc. (dba Shearer's Foods)","Fiesta Purchaser, Inc. (dba Shearer's Foods)",First Lien,,,,0.0,,,,,,,,,False,,,USD,0.0
OBDC,0001655888,0001655888-26-000056,10-Q,2026-06-30,2026-08-05,Flexera Software LLC | First lien senior secured revolving loan,Flexera Software LLC,Flexera Software LLC,First Lien,,,,-34000.0,,,,,,,,,False,,,USD,-34000.0
OBDC,0001655888,0001655888-26-000056,10-Q,2026-06-30,2026-08-05,"Fortis Solutions Group, LLC | First lien senior secured revolving loan","Fortis Solutions Group, LLC","Fortis Solutions Group, LLC",First Lien,,,,0.0,,,,,,,,,False,,,USD,0.0
OBDC,0001655888,0001655888-26-000056,10-Q,2026-06-30,2026-08-05,"Foundation Consumer Brands, LLC | First lien senior secured revolving loan","Foundation Consumer Brands, LLC","Foundation Consumer Brands, LLC",First Lien,,,,0.0,,,,,,,,,False,,,USD,0.0
OBDC,0001655888,0001655888-26-000056,10-Q,2026-06-30,2026-08-05,"Gainsight, Inc. | First lien senior secured revolving loan","Gainsight, Inc.","Gainsight, Inc.",First Lien,,,,-52000.0,,,,,,,,,False,,,USD,-52000.0
OBDC,0001655888,0001655888-26-000056,10-Q,2026-06-30,2026-08-05,"Galls, LLC | First lien senior secured revolving loan","Galls, LLC","Galls, LLC",First Lien,,,,0.0,,,,,,,,,False,,,USD,0.0
OBDC,0001655888,0001655888-26-000056,10-Q,2026-06-30,2026-08-05,"Gaylord Chemical Company, L.L.C. | First lien senior secured revolving loan","Gaylord Chemical Company, L.L.C.","Gaylord Chemical Company, L.L.C.",First Lien,,,,0.0,,,,,,,,,False,,,USD,0.0
OBDC,0001655888,0001655888-26-000056,10-Q,2026-06-30,2026-08-05,"Gerson Lehrman Group, Inc. | First lien senior secured revolving loan","Gerson Lehrman Group, Inc.","Gerson Lehrman Group, Inc.",First Lien,,,,-114000.0,,,,,,,,,False,,,USD,-114000.0
OBDC,0001655888,0001655888-26-000056,10-Q,2026-06-30,2026-08-05,GI Apple Midco LLC (dba Atlas Technical Consultants) | First lien senior secured revolving loan,GI Apple Midco LLC (dba Atlas Technical Consultants),GI Apple Midco LLC (dba Atlas Technical Consultants),First Lien,,,,0.0,,,,,,,,,False,,,USD,0.0
OBDC,0001655888,0001655888-26-000056,10-Q,2026-06-30,2026-08-05,"GI Ranger Intermediate, LLC (dba Rectangle Health) | First lien senior secured revolving loan","GI Ranger Intermediate, LLC (dba Rectangle Health)","GI Ranger Intermediate, LLC (dba Rectangle Health)",First Lien,,,,0.0,,,,,,,,,False,,,USD,0.0
OBDC,0001655888,0001655888-26-000056,10-Q,2026-06-30,2026-08-05,"Granicus, Inc. | First lien senior secured revolving loan","Granicus, Inc.","Granicus, Inc.",First Lien,,,,0.0,,,,,,,,,False,,,USD,0.0
OBDC,0001655888,0001655888-26-000056,10-Q,2026-06-30,2026-08-05,"GS Acquisitionco, Inc. (dba insightsoftware) | First lien senior secured revolving loan","GS Acquisitionco, Inc. (dba insightsoftware)","GS Acquisitionco, Inc. (dba insightsoftware)",First Lien,,,,0.0,,,,,,,,,False,,,USD,0.0
OBDC,0001655888,0001655888-26-000056,10-Q,2026-06-30,2026-08-05,H&F Opportunities LUX III S.À R.L (dba Checkmarx) | First lien senior secured revolving loan,H&F Opportunities LUX III S.À R.L (dba Checkmarx),H&F Opportunities LUX III S.À R.L (dba Checkmarx),First Lien,,,,-33000.0,,,,,,,,,False,,,USD,-33000.0
OBDC,0001655888,0001655888-26-000056,10-Q,2026-06-30,2026-08-05,"HGH Purchaser, Inc. (dba Horizon Services) | First lien senior secured revolving loan","HGH Purchaser, Inc. (dba Horizon Services)","HGH Purchaser, Inc. (dba Horizon Services)",First Lien,,,,0.0,,,,,,,,,False,,,USD,0.0
OBDC,0001655888,0001655888-26-000056,10-Q,2026-06-30,2026-08-05,"Hissho Parent, LLC | First lien senior secured revolving loan","Hissho Parent, LLC","Hissho Parent, LLC",First Lien,,,,0.0,,,,,,,,,False,,,USD,0.0
OBDC,0001655888,0001655888-26-000056,10-Q,2026-06-30,2026-08-05,"Hyland Software, Inc. | First lien senior secured revolving loan","Hyland Software, Inc.","Hyland Software, Inc.",First Lien,,,,-96000.0,,,,,,,,,False,,,USD,-96000.0
OBDC,0001655888,0001655888-26-000056,10-Q,2026-06-30,2026-08-05,"Icefall Parent, Inc. (dba EngageSmart) | First lien senior secured revolving loan","Icefall Parent, Inc. (dba EngageSmart)","Icefall Parent, Inc. (dba EngageSmart)",First Lien,,,,-4000.0,,,,,,,,,False,,,USD,-4000.0
OBDC,0001655888,0001655888-26-000056,10-Q,2026-06-30,2026-08-05,"IG Investments Holdings, LLC (dba Insight Global) | First lien senior secured revolving loan","IG Investments Holdings, LLC (dba Insight Global)","IG Investments Holdings, LLC (dba Insight Global)",First Lien,,,,0.0,,,,,,,,,False,,,USD,0.0
OBDC,0001655888,0001655888-26-000056,10-Q,2026-06-30,2026-08-05,"Indikami Bidco, LLC (dba IntegriChain) | First lien senior secured revolving loan","Indikami Bidco, LLC (dba IntegriChain)","Indikami Bidco, LLC (dba IntegriChain)",First Lien,,,,0.0,,,,,,,,,False,,,USD,0.0
OBDC,0001655888,0001655888-26-000056,10-Q,2026-06-30,2026-08-05,"Interoperability Bidco, Inc. (dba Lyniate) | First lien senior secured revolving loan","Interoperability Bidco, Inc. (dba Lyniate)","Interoperability Bidco, Inc. (dba Lyniate)",First Lien,,,,-42000.0,,,,,,,,,False,,,USD,-42000.0
OBDC,0001655888,0001655888-26-000056,10-Q,2026-06-30,2026-08-05,"IRI Group Holdings, Inc. (f/k/a Circana Group, L.P. (f/k/a The NPD Group, L.P.)) | First lien senior secured revolving loan","IRI Group Holdings, Inc. (f/k/a Circana Group, L.P. (f/k/a The NPD Group, L.P.))","IRI Group Holdings, Inc. (f/k/a Circana Group, L.P. (f/k/a The NPD Group, L.P.))",First Lien,,,,-30000.0,,,,,,,,,False,,,USD,-30000.0
OBDC,0001655888,0001655888-26-000056,10-Q,2026-06-30,2026-08-05,"Jawbreaker Parent, Inc. | First lien senior secured revolving loan","Jawbreaker Parent, Inc.","Jawbreaker Parent, Inc.",First Lien,,,,-120000.0,,,,,,,,,False,,,USD,-120000.0
OBDC,0001655888,0001655888-26-000056,10-Q,2026-06-30,2026-08-05,"JS Parent, Inc. (dba Jama Software) | First lien senior secured revolving loan","JS Parent, Inc. (dba Jama Software)","JS Parent, Inc. (dba Jama Software)",First Lien,,,,0.0,,,,,,,,,False,,,USD,0.0
OBDC,0001655888,0001655888-26-000056,10-Q,2026-06-30,2026-08-05,Klick Inc. | First lien senior secured revolving loan,Klick Inc.,Klick Inc.,First Lien,,,,-36000.0,,,,,,,,,False,,,USD,-36000.0
OBDC,0001655888,0001655888-26-000056,10-Q,2026-06-30,2026-08-05,"KWOL Acquisition, Inc. (dba Worldwide Clinical Trials) | First lien senior secured revolving loan","KWOL Acquisition, Inc. (dba Worldwide Clinical Trials)","KWOL Acquisition, Inc. (dba Worldwide Clinical Trials)",First Lien,,,,-78000.0,,,,,,,,,False,,,USD,-78000.0
OBDC,0001655888,0001655888-26-000056,10-Q,2026-06-30,2026-08-05,"Lightbeam Bidco, Inc. (dba Lazer Spot) | First lien senior secured revolving loan","Lightbeam Bidco, Inc. (dba Lazer Spot)","Lightbeam Bidco, Inc. (dba Lazer Spot)",First Lien,,,,-2000.0,,,,,,,,,False,,,USD,-2000.0
OBDC,0001655888,0001655888-26-000056,10-Q,2026-06-30,2026-08-05,Lignetics Investment Corp. | First lien senior secured revolving loan,Lignetics Investment Corp.,Lignetics Investment Corp.,First Lien,,,,0.0,,,,,,,,,False,,,USD,0.0
OBDC,0001655888,0001655888-26-000056,10-Q,2026-06-30,2026-08-05,Litera Bidco LLC | First lien senior secured revolving loan,Litera Bidco LLC,Litera Bidco LLC,First Lien,,,,-141000.0,,,,,,,,,False,,,USD,-141000.0
OBDC,0001655888,0001655888-26-000056,10-Q,2026-06-30,2026-08-05,MAJCO LLC (dba Big Brand Tire & Service) | First lien senior secured revolving loan,MAJCO LLC (dba Big Brand Tire & Service),MAJCO LLC (dba Big Brand Tire & Service),First Lien,,,,-158000.0,,,,,,,,,False,,,USD,-158000.0
OBDC,0001655888,0001655888-26-000056,10-Q,2026-06-30,2026-08-05,"Maple Acquisition, LLC (dba Medicus) | First lien senior secured revolving loan","Maple Acquisition, LLC (dba Medicus)","Maple Acquisition, LLC (dba Medicus)",First Lien,,,,0.0,,,,,,,,,False,,,USD,0.0
OBDC,0001655888,0001655888-26-000056,10-Q,2026-06-30,2026-08-05,"Mario Purchaser, LLC (dba Len the Plumber) | First lien senior secured revolving loan","Mario Purchaser, LLC (dba Len the Plumber)","Mario Purchaser, LLC (dba Len the Plumber)",First Lien,,,,0.0,,,,,,,,,False,,,USD,0.0
OBDC,0001655888,0001655888-26-000056,10-Q,2026-06-30,2026-08-05,"Matterhorn Finco, Inc. (dba Nexthink) | First lien senior secured revolving loan","Matterhorn Finco, Inc. (dba Nexthink)","Matterhorn Finco, Inc. (dba Nexthink)",First Lien,,,,-27000.0,,,,,,,,,False,,,USD,-27000.0
OBDC,0001655888,0001655888-26-000056,10-Q,2026-06-30,2026-08-05,"MHE Intermediate Holdings, LLC (dba OnPoint Group) | First lien senior secured revolving loan","MHE Intermediate Holdings, LLC (dba OnPoint Group)","MHE Intermediate Holdings, LLC (dba OnPoint Group)",First Lien,,,,0.0,,,,,,,,,False,,,USD,0.0
OBDC,0001655888,0001655888-26-000056,10-Q,2026-06-30,2026-08-05,Milan Laser Holdings LLC | First lien senior secured revolving loan,Milan Laser Holdings LLC,Milan Laser Holdings LLC,First Lien,,,,-20000.0,,,,,,,,,False,,,USD,-20000.0
OBDC,0001655888,0001655888-26-000056,10-Q,2026-06-30,2026-08-05,"Ministry Brands Holdings, LLC | First lien senior secured revolving loan","Ministry Brands Holdings, LLC","Ministry Brands Holdings, LLC",First Lien,,,,-27000.0,,,,,,,,,False,,,USD,-27000.0
OBDC,0001655888,0001655888-26-000056,10-Q,2026-06-30,2026-08-05,"Minotaur Acquisition, Inc. (dba Inspira Financial) | First lien senior secured revolving loan","Minotaur Acquisition, Inc. (dba Inspira Financial)","Minotaur Acquisition, Inc. (dba Inspira Financial)",First Lien,,,,-43000.0,,,,,,,,,False,,,USD,-43000.0
OBDC,0001655888,0001655888-26-000056,10-Q,2026-06-30,2026-08-05,"Modernizing Medicine, Inc. (dba ModMed) | First lien senior secured revolving loan","Modernizing Medicine, Inc. (dba ModMed)","Modernizing Medicine, Inc. (dba ModMed)",First Lien,,,,0.0,,,,,,,,,False,,,USD,0.0
OBDC,0001655888,0001655888-26-000056,10-Q,2026-06-30,2026-08-05,Monotype Imaging Holdings Inc. | First lien senior secured revolving loan,Monotype Imaging Holdings Inc.,Monotype Imaging Holdings Inc.,First Lien,,,,-269000.0,,,,,,,,,False,,,USD,-269000.0
OBDC,0001655888,0001655888-26-000056,10-Q,2026-06-30,2026-08-05,National Dentex Labs LLC (fka Barracuda Dental LLC) | First lien senior secured revolving loan,National Dentex Labs LLC (fka Barracuda Dental LLC),National Dentex Labs LLC (fka Barracuda Dental LLC),First Lien,,,,0.0,,,,,,,,,False,,,USD,0.0
OBDC,0001655888,0001655888-26-000056,10-Q,2026-06-30,2026-08-05,"Natural Partners, LLC | First lien senior secured revolving loan","Natural Partners, LLC","Natural Partners, LLC",First Lien,,,,0.0,,,,,,,,,False,,,USD,0.0
OBDC,0001655888,0001655888-26-000056,10-Q,2026-06-30,2026-08-05,NELIPAK EUROPEAN HOLDINGS COÖPERATIEF U.A. | First lien senior secured EUR revolving loan,NELIPAK EUROPEAN HOLDINGS COÖPERATIEF U.A.,NELIPAK EUROPEAN HOLDINGS COÖPERATIEF U.A.,First Lien,,,,-46000.0,,,,,,,,,False,,,USD,-46000.0
OBDC,0001655888,0001655888-26-000056,10-Q,2026-06-30,2026-08-05,Nelipak Holding Company | First lien senior secured revolving loan,Nelipak Holding Company,Nelipak Holding Company,First Lien,,,,-87000.0,,,,,,,,,False,,,USD,-87000.0
OBDC,0001655888,0001655888-26-000056,10-Q,2026-06-30,2026-08-05,"NMI Acquisitionco, Inc. (dba Network Merchants) | First lien senior secured revolving loan","NMI Acquisitionco, Inc. (dba Network Merchants)","NMI Acquisitionco, Inc. (dba Network Merchants)",First Lien,,,,0.0,,,,,,,,,False,,,USD,0.0
OBDC,0001655888,0001655888-26-000056,10-Q,2026-06-30,2026-08-05,"Nova Women's Health, Inc. | First lien senior secured revolving loan","Nova Women's Health, Inc.","Nova Women's Health, Inc.",First Lien,,,,-8000.0,,,,,,,,,False,,,USD,-8000.0
OBDC,0001655888,0001655888-26-000056,10-Q,2026-06-30,2026-08-05,"OB Hospitalist Group, Inc. | First lien senior secured revolving loan","OB Hospitalist Group, Inc.","OB Hospitalist Group, Inc.",First Lien,,,,0.0,,,,,,,,,False,,,USD,0.0
OBDC,0001655888,0001655888-26-000056,10-Q,2026-06-30,2026-08-05,"Offen, Inc. | First lien senior secured revolving loan","Offen, Inc.","Offen, Inc.",First Lien,,,,-25000.0,,,,,,,,,False,,,USD,-25000.0
OBDC,0001655888,0001655888-26-000056,10-Q,2026-06-30,2026-08-05,"Ole Smoky Distillery, LLC | First lien senior secured revolving loan","Ole Smoky Distillery, LLC","Ole Smoky Distillery, LLC",First Lien,,,,-10000.0,,,,,,,,,False,,,USD,-10000.0
OBDC,0001655888,0001655888-26-000056,10-Q,2026-06-30,2026-08-05,"Onward Acquireco, Inc. (dba OneStream) | First lien senior secured revolving loan","Onward Acquireco, Inc. (dba OneStream)","Onward Acquireco, Inc. (dba OneStream)",First Lien,,,,-40000.0,,,,,,,,,False,,,USD,-40000.0
OBDC,0001655888,0001655888-26-000056,10-Q,2026-06-30,2026-08-05,"Packaging Coordinators Midco, Inc. | First lien senior secured revolving loan","Packaging Coordinators Midco, Inc.","Packaging Coordinators Midco, Inc.",First Lien,,,,-169000.0,,,,,,,,,False,,,USD,-169000.0
OBDC,0001655888,0001655888-26-000056,10-Q,2026-06-30,2026-08-05,"Paris US Holdco, Inc. (dba Precinmac) | First lien senior secured revolving loan","Paris US Holdco, Inc. (dba Precinmac)","Paris US Holdco, Inc. (dba Precinmac)",First Lien,,,,0.0,,,,,,,,,False,,,USD,0.0
OBDC,0001655888,0001655888-26-000056,10-Q,2026-06-30,2026-08-05,"Patriot Acquisition TopCo S.À R.L. (dba Corza Health, Inc.) | First lien senior secured revolving loan","Patriot Acquisition TopCo S.À R.L. (dba Corza Health, Inc.)","Patriot Acquisition TopCo S.À R.L. (dba Corza Health, Inc.)",First Lien,,,,0.0,,,,,,,,,False,,,USD,0.0
OBDC,0001655888,0001655888-26-000056,10-Q,2026-06-30,2026-08-05,"PDI TA Holdings, Inc. | First lien senior secured revolving loan","PDI TA Holdings, Inc.","PDI TA Holdings, Inc.",First Lien,,,,0.0,,,,,,,,,False,,,USD,0.0
OBDC,0001655888,0001655888-26-000056,10-Q,2026-06-30,2026-08-05,"Peachtree Buyer, Inc. (dba Pond & Company) | First lien senior secured revolving loan","Peachtree Buyer, Inc. (dba Pond & Company)","Peachtree Buyer, Inc. (dba Pond & Company)",First Lien,,,,0.0,,,,,,,,,False,,,USD,0.0
OBDC,0001655888,0001655888-26-000056,10-Q,2026-06-30,2026-08-05,"PetVet Care Centers, LLC | First lien senior secured revolving loan","PetVet Care Centers, LLC","PetVet Care Centers, LLC",First Lien,,,,0.0,,,,,,,,,False,,,USD,0.0
OBDC,0001655888,0001655888-26-000056,10-Q,2026-06-30,2026-08-05,"PPV Intermediate Holdings, LLC | First lien senior secured revolving loan","PPV Intermediate Holdings, LLC","PPV Intermediate Holdings, LLC",First Lien,,,,0.0,,,,,,,,,False,,,USD,0.0
OBDC,0001655888,0001655888-26-000056,10-Q,2026-06-30,2026-08-05,Premise Health Holding Corp. | First lien senior secured revolving loan,Premise Health Holding Corp.,Premise Health Holding Corp.,First Lien,,,,-129000.0,,,,,,,,,False,,,USD,-129000.0
OBDC,0001655888,0001655888-26-000056,10-Q,2026-06-30,2026-08-05,"Puma Buyer, LLC (dba PANTHERx) | First lien senior secured revolving loan","Puma Buyer, LLC (dba PANTHERx)","Puma Buyer, LLC (dba PANTHERx)",First Lien,,,,0.0,,,,,,,,,False,,,USD,0.0
OBDC,0001655888,0001655888-26-000056,10-Q,2026-06-30,2026-08-05,"QAD, Inc. | First lien senior secured revolving loan","QAD, Inc.","QAD, Inc.",First Lien,,,,-91000.0,,,,,,,,,False,,,USD,-91000.0
OBDC,0001655888,0001655888-26-000056,10-Q,2026-06-30,2026-08-05,"Quva Pharma, Inc. | First lien senior secured revolving loan","Quva Pharma, Inc.","Quva Pharma, Inc.",First Lien,,,,-130000.0,,,,,,,,,False,,,USD,-130000.0
OBDC,0001655888,0001655888-26-000056,10-Q,2026-06-30,2026-08-05,"Rhea Parent, Inc. | First lien senior secured revolving loan","Rhea Parent, Inc.","Rhea Parent, Inc.",First Lien,,,,-44000.0,,,,,,,,,False,,,USD,-44000.0
OBDC,0001655888,0001655888-26-000056,10-Q,2026-06-30,2026-08-05,"RL Datix Holdings (USA), Inc. | First lien senior secured revolving loan","RL Datix Holdings (USA), Inc.","RL Datix Holdings (USA), Inc.",First Lien,,,,-193000.0,,,,,,,,,False,,,USD,-193000.0
OBDC,0001655888,0001655888-26-000056,10-Q,2026-06-30,2026-08-05,"Sara Lee Frozen Bakery, LLC (fka KSLB Holdings, LLC) | First lien senior secured revolving loan","Sara Lee Frozen Bakery, LLC (fka KSLB Holdings, LLC)","Sara Lee Frozen Bakery, LLC (fka KSLB Holdings, LLC)",First Lien,,,,0.0,,,,,,,,,False,,,USD,0.0
OBDC,0001655888,0001655888-26-000056,10-Q,2026-06-30,2026-08-05,"Securonix, Inc. | First lien senior secured revolving loan","Securonix, Inc.","Securonix, Inc.",First Lien,,,,0.0,,,,,,,,,False,,,USD,0.0
OBDC,0001655888,0001655888-26-000056,10-Q,2026-06-30,2026-08-05,"Senderra RX Acquisition, LLC | First lien senior secured revolving loan","Senderra RX Acquisition, LLC","Senderra RX Acquisition, LLC",First Lien,,,,0.0,,,,,,,,,False,,,USD,0.0
OBDC,0001655888,0001655888-26-000056,10-Q,2026-06-30,2026-08-05,"Sensor Technology Topco, Inc. (dba Humanetics) | First lien senior secured revolving loan","Sensor Technology Topco, Inc. (dba Humanetics)","Sensor Technology Topco, Inc. (dba Humanetics)",First Lien,,,,0.0,,,,,,,,,False,,,USD,0.0
OBDC,0001655888,0001655888-26-000056,10-Q,2026-06-30,2026-08-05,"Simplicity Financial Marketing Group Holdings, Inc. | First lien senior secured revolving loan","Simplicity Financial Marketing Group Holdings, Inc.","Simplicity Financial Marketing Group Holdings, Inc.",First Lien,,,,-68000.0,,,,,,,,,False,,,USD,-68000.0
OBDC,0001655888,0001655888-26-000056,10-Q,2026-06-30,2026-08-05,Smarsh Inc. | First lien senior secured revolving loan,Smarsh Inc.,Smarsh Inc.,First Lien,,,,0.0,,,,,,,,,False,,,USD,0.0
OBDC,0001655888,0001655888-26-000056,10-Q,2026-06-30,2026-08-05,"Soliant Lower Intermediate, LLC (dba Soliant) | First lien senior secured revolving loan","Soliant Lower Intermediate, LLC (dba Soliant)","Soliant Lower Intermediate, LLC (dba Soliant)",First Lien,,,,-1207000.0,,,,,,,,,False,,,USD,-1207000.0
OBDC,0001655888,0001655888-26-000056,10-Q,2026-06-30,2026-08-05,"Spaceship Purchaser, Inc. (dba Squarespace) | First lien senior secured revolving loan","Spaceship Purchaser, Inc. (dba Squarespace)","Spaceship Purchaser, Inc. (dba Squarespace)",First Lien,,,,-47000.0,,,,,,,,,False,,,USD,-47000.0
OBDC,0001655888,0001655888-26-000056,10-Q,2026-06-30,2026-08-05,"STS PARENT, LLC (dba STS Aviation Group) | First lien senior secured revolving loan","STS PARENT, LLC (dba STS Aviation Group)","STS PARENT, LLC (dba STS Aviation Group)",First Lien,,,,0.0,,,,,,,,,False,,,USD,0.0
OBDC,0001655888,0001655888-26-000056,10-Q,2026-06-30,2026-08-05,"SWK BUYER, Inc. (dba Stonewall Kitchen) | First lien senior secured revolving loan","SWK BUYER, Inc. (dba Stonewall Kitchen)","SWK BUYER, Inc. (dba Stonewall Kitchen)",First Lien,,,,0.0,,,,,,,,,False,,,USD,0.0
OBDC,0001655888,0001655888-26-000056,10-Q,2026-06-30,2026-08-05,"Tamarack Intermediate, L.L.C. (dba Verisk 3E) | First lien senior secured revolving loan","Tamarack Intermediate, L.L.C. (dba Verisk 3E)","Tamarack Intermediate, L.L.C. (dba Verisk 3E)",First Lien,,,,-4000.0,,,,,,,,,False,,,USD,-4000.0
OBDC,0001655888,0001655888-26-000056,10-Q,2026-06-30,2026-08-05,Themis Solutions Inc. (dba Clio) | First lien senior secured revolving loan,Themis Solutions Inc. (dba Clio),Themis Solutions Inc. (dba Clio),First Lien,,,,-63000.0,,,,,,,,,False,,,USD,-63000.0
OBDC,0001655888,0001655888-26-000056,10-Q,2026-06-30,2026-08-05,"Thunder Purchaser, Inc. (dba Vector Solutions) | First lien senior secured revolving loan","Thunder Purchaser, Inc. (dba Vector Solutions)","Thunder Purchaser, Inc. (dba Vector Solutions)",First Lien,,,,-138000.0,,,,,,,,,False,,,USD,-138000.0
OBDC,0001655888,0001655888-26-000056,10-Q,2026-06-30,2026-08-05,"Truist Insurance Holdings, LLC | First lien senior secured revolving loan","Truist Insurance Holdings, LLC","Truist Insurance Holdings, LLC",First Lien,,,,0.0,,,,,,,,,False,,,USD,0.0
OBDC,0001655888,0001655888-26-000056,10-Q,2026-06-30,2026-08-05,"Unified Women's Healthcare, LP | First lien senior secured revolving loan","Unified Women's Healthcare, LP","Unified Women's Healthcare, LP",First Lien,,,,-1000.0,,,,,,,,,False,,,USD,-1000.0
OBDC,0001655888,0001655888-26-000056,10-Q,2026-06-30,2026-08-05,"USRP Holdings, Inc. (dba U.S. Retirement and Benefits Partners) | First lien senior secured revolving loan","USRP Holdings, Inc. (dba U.S. Retirement and Benefits Partners)","USRP Holdings, Inc. (dba U.S. Retirement and Benefits Partners)",First Lien,,,,0.0,,,,,,,,,False,,,USD,0.0
OBDC,0001655888,0001655888-26-000056,10-Q,2026-06-30,2026-08-05,"Valeris, Inc. (fka Phantom Purchaser, Inc.) | First lien senior secured revolving loan","Valeris, Inc. (fka Phantom Purchaser, Inc.)","Valeris, Inc. (fka Phantom Purchaser, Inc.)",First Lien,,,,-14000.0,,,,,,,,,False,,,USD,-14000.0
OBDC,0001655888,0001655888-26-000056,10-Q,2026-06-30,2026-08-05,Vital Bidco AB (dba Vitamin Well) | First lien senior secured revolving loan,Vital Bidco AB (dba Vitamin Well),Vital Bidco AB (dba Vitamin Well),First Lien,,,,0.0,,,,,,,,,False,,,USD,0.0
OBDC,0001655888,0001655888-26-000056,10-Q,2026-06-30,2026-08-05,Wipfli Advisory LLC | First lien senior secured revolving loan,Wipfli Advisory LLC,Wipfli Advisory LLC,First Lien,,,,-47000.0,,,,,,,,,False,,,USD,-47000.0
OBDC,0001655888,0001655888-26-000056,10-Q,2026-06-30,2026-08-05,Wrench Group LLC | First lien senior secured revolving loan,Wrench Group LLC,Wrench Group LLC,First Lien,,,,-128000.0,,,,,,,,,False,,,USD,-128000.0
OBDC,0001655888,0001655888-26-000056,10-Q,2026-06-30,2026-08-05,"WU Holdco, Inc. (dba PurposeBuilt Brands) | First lien senior secured revolving loan","WU Holdco, Inc. (dba PurposeBuilt Brands)","WU Holdco, Inc. (dba PurposeBuilt Brands)",First Lien,,,,-36000.0,,,,,,,,,False,,,USD,-36000.0
OBDC,0001655888,0001655888-26-000056,10-Q,2026-06-30,2026-08-05,"Zendesk, Inc. | First lien senior secured revolving loan","Zendesk, Inc.","Zendesk, Inc.",First Lien,,,,-311000.0,,,,,,,,,False,,,USD,-311000.0
OBDC,0001655888,0001655888-26-000056,10-Q,2026-06-30,2026-08-05,Percheron Horsepower-A LP (dba Big Brand Tire & Service) | LP Interest,Percheron Horsepower-A LP (dba Big Brand Tire & Service),Percheron Horsepower-A LP (dba Big Brand Tire & Service),LP Interest,,,,0.0,,,,,,,,,False,,,USD,0.0
OBDC,0001655888,0001655888-26-000056,10-Q,2026-06-30,2026-08-05,Polar Investors LP (dba Dentalcorp) | Common equity,Polar Investors LP (dba Dentalcorp),Polar Investors LP (dba Dentalcorp),Common Equity,,,,0.0,,,,,,,,,False,,,USD,0.0
OBDC,0001655888,0001655888-26-000056,10-Q,2026-06-30,2026-08-05,Valor CI Blocker Feeder LP | Investment partnership,Valor CI Blocker Feeder LP,Valor CI Blocker Feeder LP,,,,,0.0,,,,,,,,,False,,,USD,0.0
OBDC,0001655888,0001655888-26-000056,10-Q,2026-06-30,2026-08-05,"Pluralsight, LLC | First lien senior secured delayed draw term loan","Pluralsight, LLC","Pluralsight, LLC",First Lien,,,,-1000000.0,,,,,,,,,False,,,USD,-1000000.0
OBDC,0001655888,0001655888-26-000056,10-Q,2026-06-30,2026-08-05,"Pluralsight, LLC | First lien senior secured revolving loan","Pluralsight, LLC","Pluralsight, LLC",First Lien,,,,-400000.0,,,,,,,,,False,,,USD,-400000.0
OBDC,0001655888,0001655888-26-000056,10-Q,2026-06-30,2026-08-05,"Notorious Topco, LLC (dba Beauty Industry Group) | First lien senior secured revolving loan","Notorious Topco, LLC (dba Beauty Industry Group)","Notorious Topco, LLC (dba Beauty Industry Group)",First Lien,,,,-108000.0,,,,,,,,,False,,,USD,-108000.0
OBDC,0001655888,0001655888-26-000056,10-Q,2026-06-30,2026-08-05,"PS Operating Company LLC (fka QC Supply, LLC) | First lien senior secured revolving loan","PS Operating Company LLC (fka QC Supply, LLC)","PS Operating Company LLC (fka QC Supply, LLC)",First Lien,,,,0.0,,,,,,,,,False,,,USD,0.0
OBDC,0001655888,0001655888-26-000056,10-Q,2026-06-30,2026-08-05,Swipe Acquisition Corporation (dba PLI) | First lien senior secured revolving loan,Swipe Acquisition Corporation (dba PLI),Swipe Acquisition Corporation (dba PLI),First Lien,,,,0.0,,,,,,,,,False,,,USD,0.0
OBDC,0001655888,0001655888-26-000056,10-Q,2026-06-30,2026-08-05,"AAM Series 1.1 Rail and Domestic Intermodal Feeder, LLC | Specialty finance equity investment","AAM Series 1.1 Rail and Domestic Intermodal Feeder, LLC","AAM Series 1.1 Rail and Domestic Intermodal Feeder, LLC",Equity,,,,0.0,,,,,,,,,False,,,USD,0.0
OBDC,0001655888,0001655888-26-000056,10-Q,2026-06-30,2026-08-05,LSI Financing LLC | Specialty finance equity investment,LSI Financing LLC,LSI Financing LLC,Equity,,,,0.0,,,,,,,,,False,,,USD,0.0
OBDC,0001655888,0001655888-26-000056,10-Q,2026-06-30,2026-08-05,OWL-HP FINANCE LLC | Specialty finance equity investment,OWL-HP FINANCE LLC,OWL-HP FINANCE LLC,Equity,,,,0.0,,,,,,,,,False,,,USD,0.0
OBDC,0001655888,0001655888-26-000056,10-Q,2026-06-30,2026-08-05,Blue Owl Cross-Strategy Opportunities LLC (BOCSO),Blue Owl Cross-Strategy Opportunities LLC (BOCSO),Blue Owl Cross-Strategy Opportunities LLC (BOCSO),,,,,1240000000.0,1250000000.0,,,99.2,,,,,False,,,USD,1240000000.0
OBDC,0001655888,0001655888-26-000056,10-Q,2026-06-30,2026-08-05,Unfunded — Portfolio Commitments,Unfunded — Portfolio Commitments,Unfunded — Portfolio Commitments,Unfunded Commitment,,,,-8744000.0,,,,,,,,,False,,,USD,-8744000.0
