bdc,cik,accession,form,period_end,file_date,identifier,entity,company,type,sector,desc,affil,fv,cost,par,shares,mark,spread,rate,base_rate,pik_rate,pik,maturity,acq,ccy,fv_raw
OCSL,0001414932,0001414932-26-000017,10-Q,2026-06-30,2026-08-05,"C5 Technology Holdings, LLC, Data Processing & Outsourced Services, Common Stock","C5 Technology Holdings, LLC, Data Processing & Outsourced Services","C5 Technology Holdings, LLC, Data Processing & Outsourced Services",Common Equity,,,,0.0,0.0,,829.0,,,,,,False,,,USD,0.0
OCSL,0001414932,0001414932-26-000017,10-Q,2026-06-30,2026-08-05,"C5 Technology Holdings, LLC, Data Processing & Outsourced Services, Preferred Equity","C5 Technology Holdings, LLC, Data Processing & Outsourced Services","C5 Technology Holdings, LLC, Data Processing & Outsourced Services",Preferred Equity,,,,25889000.0,34984000.0,,34984460.0,74.0,,,,,False,,,USD,25889000.0
OCSL,0001414932,0001414932-26-000017,10-Q,2026-06-30,2026-08-05,"Continental Intermodal Group LP, Oil & Gas Storage & Transportation, Preferred Equity",Continental Intermodal Group LP,Continental Intermodal Group LP,Preferred Equity,Oil & Gas Storage & Transportation,,,1920000.0,1255000.0,,1254990.0,152.99,,,,,False,,,USD,1920000.0
OCSL,0001414932,0001414932-26-000017,10-Q,2026-06-30,2026-08-05,"Continental Intermodal Group LP, Oil & Gas Storage & Transportation, Common Stock",Continental Intermodal Group LP,Continental Intermodal Group LP,Common Stock,Oil & Gas Storage & Transportation,,,11579000.0,16172000.0,,22267661.0,71.6,,,,,False,,,USD,11579000.0
OCSL,0001414932,0001414932-26-000017,10-Q,2026-06-30,2026-08-05,"OCSI Glick JV LLC, Multi-Sector Holdings, Subordinated Debt",OCSI Glick JV LLC,OCSI Glick JV LLC,Subordinated Debt,Multi-Sector Holdings,,,41338000.0,54288000.0,58349000.0,,70.85,3.0,6.78,,,False,,,USD,41338000.0
OCSL,0001414932,0001414932-26-000017,10-Q,2026-06-30,2026-08-05,"OCSI Glick JV LLC, Multi-Sector Holdings, Membership Interest",OCSI Glick JV LLC,OCSI Glick JV LLC,Membership Interest,Multi-Sector Holdings,,,0.0,0.0,,,,,,,,False,,,USD,0.0
OCSL,0001414932,0001414932-26-000017,10-Q,2026-06-30,2026-08-05,"Senior Loan Fund JV I, LLC, Multi-Sector Holdings, Subordinated Debt","Senior Loan Fund JV I, LLC","Senior Loan Fund JV I, LLC",Subordinated Debt,Multi-Sector Holdings,,,84490000.0,84490000.0,84490000.0,,100.0,5.0,8.78,,,False,,,USD,84490000.0
OCSL,0001414932,0001414932-26-000017,10-Q,2026-06-30,2026-08-05,"Senior Loan Fund JV I, LLC, Multi-Sector Holdings, Membership Interest","Senior Loan Fund JV I, LLC","Senior Loan Fund JV I, LLC",Membership Interest,Multi-Sector Holdings,,,28728000.0,82957000.0,,,34.63,,,,,False,,,USD,28728000.0
OCSL,0001414932,0001414932-26-000017,10-Q,2026-06-30,2026-08-05,"SIO2 Medical Products, Inc., Metal, Glass & Plastic Containers, First Lien Term Loan 1","SIO2 Medical Products, Inc., Metal, Glass & Plastic Containers","SIO2 Medical Products, Inc., Metal, Glass & Plastic Containers",First Lien,,,,456000.0,3346000.0,3964000.0,,11.5,,,,12.0,True,,,USD,456000.0
OCSL,0001414932,0001414932-26-000017,10-Q,2026-06-30,2026-08-05,"SIO2 Medical Products, Inc., Metal, Glass & Plastic Containers, First Lien Term Loan 2","SIO2 Medical Products, Inc., Metal, Glass & Plastic Containers","SIO2 Medical Products, Inc., Metal, Glass & Plastic Containers",First Lien,,,,2538000.0,17103000.0,22080000.0,,11.49,,,,12.0,True,,,USD,2538000.0
OCSL,0001414932,0001414932-26-000017,10-Q,2026-06-30,2026-08-05,"SIO2 Medical Products, Inc., Metal, Glass & Plastic Containers, First Lien Term Loan 3","SIO2 Medical Products, Inc., Metal, Glass & Plastic Containers","SIO2 Medical Products, Inc., Metal, Glass & Plastic Containers",First Lien,,,,503000.0,3643000.0,4377000.0,,11.49,,,,12.0,True,,,USD,503000.0
OCSL,0001414932,0001414932-26-000017,10-Q,2026-06-30,2026-08-05,"SIO2 Medical Products, Inc., Metal, Glass & Plastic Containers, First Lien Term Loan 4","SIO2 Medical Products, Inc., Metal, Glass & Plastic Containers","SIO2 Medical Products, Inc., Metal, Glass & Plastic Containers",First Lien,,,,220000.0,1648000.0,1917000.0,,11.48,,,,12.0,True,,,USD,220000.0
OCSL,0001414932,0001414932-26-000017,10-Q,2026-06-30,2026-08-05,"SIO2 Medical Products, Inc., Metal, Glass & Plastic Containers, First Lien Term Loan 5","SIO2 Medical Products, Inc., Metal, Glass & Plastic Containers","SIO2 Medical Products, Inc., Metal, Glass & Plastic Containers",First Lien,,,,221000.0,1576000.0,1919000.0,,11.52,,,,12.0,True,,,USD,221000.0
OCSL,0001414932,0001414932-26-000017,10-Q,2026-06-30,2026-08-05,"SIO2 Medical Products, Inc., Metal, Glass & Plastic Containers, First Lien Term Loan 6","SIO2 Medical Products, Inc., Metal, Glass & Plastic Containers","SIO2 Medical Products, Inc., Metal, Glass & Plastic Containers",First Lien,,,,354000.0,260000.0,354000.0,,100.0,,,,12.0,True,,,USD,354000.0
OCSL,0001414932,0001414932-26-000017,10-Q,2026-06-30,2026-08-05,"SIO2 Medical Products, Inc., Metal, Glass & Plastic Containers, First Lien Term Loan 7","SIO2 Medical Products, Inc., Metal, Glass & Plastic Containers","SIO2 Medical Products, Inc., Metal, Glass & Plastic Containers",First Lien,,,,346000.0,285000.0,346000.0,,100.0,,,,12.0,True,,,USD,346000.0
OCSL,0001414932,0001414932-26-000017,10-Q,2026-06-30,2026-08-05,"SIO2 Medical Products, Inc., Metal, Glass & Plastic Containers, First Lien Term Loan 8","SIO2 Medical Products, Inc., Metal, Glass & Plastic Containers","SIO2 Medical Products, Inc., Metal, Glass & Plastic Containers",First Lien,,,,336000.0,278000.0,336000.0,,100.0,,,,12.0,True,,,USD,336000.0
OCSL,0001414932,0001414932-26-000017,10-Q,2026-06-30,2026-08-05,"SIO2 Medical Products, Inc., Metal, Glass & Plastic Containers, First Lien Term Loan 9","SIO2 Medical Products, Inc., Metal, Glass & Plastic Containers","SIO2 Medical Products, Inc., Metal, Glass & Plastic Containers",First Lien,,,,336000.0,281000.0,336000.0,,100.0,,,,12.0,True,,,USD,336000.0
OCSL,0001414932,0001414932-26-000017,10-Q,2026-06-30,2026-08-05,"SIO2 Medical Products, Inc., Metal, Glass & Plastic Containers, First Lien Term Loan 10","SIO2 Medical Products, Inc., Metal, Glass & Plastic Containers","SIO2 Medical Products, Inc., Metal, Glass & Plastic Containers",First Lien,,,,309000.0,264000.0,309000.0,,100.0,,,,12.0,True,,,USD,309000.0
OCSL,0001414932,0001414932-26-000017,10-Q,2026-06-30,2026-08-05,"SIO2 Medical Products, Inc., Metal, Glass & Plastic Containers, First Lien Term Loan 11","SIO2 Medical Products, Inc., Metal, Glass & Plastic Containers","SIO2 Medical Products, Inc., Metal, Glass & Plastic Containers",First Lien,,,,333000.0,320000.0,333000.0,,100.0,,,,12.0,True,,,USD,333000.0
OCSL,0001414932,0001414932-26-000017,10-Q,2026-06-30,2026-08-05,"SIO2 Medical Products, Inc., Metal, Glass & Plastic Containers, Common Stock","SIO2 Medical Products, Inc., Metal, Glass & Plastic Containers","SIO2 Medical Products, Inc., Metal, Glass & Plastic Containers",Common Equity,,,,0.0,40092000.0,,1184630.0,0.0,,,,,False,,,USD,0.0
OCSL,0001414932,0001414932-26-000017,10-Q,2026-06-30,2026-08-05,"SIO2 Medical Products, Inc., Metal, Glass & Plastic Containers, Warrants","SIO2 Medical Products, Inc., Metal, Glass & Plastic Containers","SIO2 Medical Products, Inc., Metal, Glass & Plastic Containers",Warrant,,,,0.0,0.0,,66686.0,,,,,,False,,,USD,0.0
OCSL,0001414932,0001414932-26-000017,10-Q,2026-06-30,2026-08-05,"Assembled Brands Capital LLC, Specialized Finance, Common Stock",Assembled Brands Capital LLC,Assembled Brands Capital LLC,Common Stock,Specialized Finance,,,0.0,1963000.0,,12463242.0,0.0,,,,,False,,,USD,0.0
OCSL,0001414932,0001414932-26-000017,10-Q,2026-06-30,2026-08-05,"Assembled Brands Capital LLC, Specialized Finance, Warrants",Assembled Brands Capital LLC,Assembled Brands Capital LLC,Warrants,Specialized Finance,,,0.0,0.0,,78045.0,,,,,,False,,,USD,0.0
OCSL,0001414932,0001414932-26-000017,10-Q,2026-06-30,2026-08-05,"The Avery, Real Estate Operating Companies, First Lien Term Loan 1",The Avery,The Avery,First Lien Term Loan 1,Real Estate Operating Companies,,,3130000.0,2883000.0,4058000.0,,77.13,,,,10.0,True,,,USD,3130000.0
OCSL,0001414932,0001414932-26-000017,10-Q,2026-06-30,2026-08-05,"The Avery, Real Estate Operating Companies, First Lien Term Loan 3",The Avery,The Avery,First Lien Term Loan 3,Real Estate Operating Companies,,,5358000.0,5355000.0,5355000.0,,100.06,,,,10.0,True,,,USD,5358000.0
OCSL,0001414932,0001414932-26-000017,10-Q,2026-06-30,2026-08-05,"The Avery, Real Estate Operating Companies, First Lien Term Loan 4",The Avery,The Avery,First Lien Term Loan 4,Real Estate Operating Companies,,,7505000.0,5318000.0,10843000.0,,69.22,,,,10.0,True,,,USD,7505000.0
OCSL,0001414932,0001414932-26-000017,10-Q,2026-06-30,2026-08-05,"The Avery, Real Estate Operating Companies, Membership Interest",The Avery,The Avery,Membership Interest,Real Estate Operating Companies,,,0.0,0.0,0.0,,,,,,,False,,,USD,0.0
OCSL,0001414932,0001414932-26-000017,10-Q,2026-06-30,2026-08-05,"Telestream 2 LLC, Application Software, First Lien Term Loan",Telestream 2 LLC,Telestream 2 LLC,First Lien Term Loan,Application Software,,,17038000.0,17038000.0,17038000.0,,100.0,6.25,9.92,,,False,,,USD,17038000.0
OCSL,0001414932,0001414932-26-000017,10-Q,2026-06-30,2026-08-05,"Telestream 2 LLC, Application Software, First Lien Revolver",Telestream 2 LLC,Telestream 2 LLC,First Lien Revolver,Application Software,,,0.0,-24000.0,0.0,,-0.0,6.25,,,,False,,,USD,0.0
OCSL,0001414932,0001414932-26-000017,10-Q,2026-06-30,2026-08-05,"Telestream 2 LLC, Application Software, Common Stock",Telestream 2 LLC,Telestream 2 LLC,Common Stock,Application Software,,,1206000.0,7207000.0,,744491.0,16.73,,,,,False,,,USD,1206000.0
OCSL,0001414932,0001414932-26-000017,10-Q,2026-06-30,2026-08-05,"Thrasio, LLC, Broadline Retail, First Lien Term Loan 2","Thrasio, LLC, Broadline Retail","Thrasio, LLC, Broadline Retail",First Lien,,,,5229000.0,4086000.0,5284000.0,,98.96,10.0,14.01,,,False,,,USD,5229000.0
OCSL,0001414932,0001414932-26-000017,10-Q,2026-06-30,2026-08-05,"Thrasio, LLC, Broadline Retail, Common Stock","Thrasio, LLC, Broadline Retail","Thrasio, LLC, Broadline Retail",Common Equity,,,,406000.0,0.0,,321058.0,,,,,,False,,,USD,406000.0
OCSL,0001414932,0001414932-26-000017,10-Q,2026-06-30,2026-08-05,"1261229 BC LTD, Pharmaceuticals, First Lien Term Loan",1261229 BC LTD,1261229 BC LTD,First Lien Term Loan,Pharmaceuticals,,,9190000.0,9271000.0,9454000.0,,97.21,6.25,9.89,,,False,,,USD,9190000.0
OCSL,0001414932,0001414932-26-000017,10-Q,2026-06-30,2026-08-05,"1261229 BC LTD, Pharmaceuticals, Fixed Rate Bond",1261229 BC LTD,1261229 BC LTD,Fixed Rate Bond,Pharmaceuticals,,,9223000.0,9100000.0,9100000.0,,101.35,,10.0,,,False,,,USD,9223000.0
OCSL,0001414932,0001414932-26-000017,10-Q,2026-06-30,2026-08-05,"A.T. Holdings II Ltd., Biotechnology, First Lien Term Loan",A.T. Holdings II Ltd.,A.T. Holdings II Ltd.,First Lien Term Loan,Biotechnology,,,20328000.0,23860000.0,25127000.0,,80.9,,,,10.35,True,,,USD,20328000.0
OCSL,0001414932,0001414932-26-000017,10-Q,2026-06-30,2026-08-05,"A.T. Holdings II SÀRL, Biotechnology, First Lien Term Loan",A.T. Holdings II SÀRL,A.T. Holdings II SÀRL,First Lien Term Loan,Biotechnology,,,6679000.0,3538000.0,6746000.0,,99.01,,,,22.5,True,,,USD,6679000.0
OCSL,0001414932,0001414932-26-000017,10-Q,2026-06-30,2026-08-05,"Access CIG, LLC, Diversified Support Services, First Lien Term Loan","Access CIG, LLC","Access CIG, LLC",First Lien Term Loan,Diversified Support Services,,,1141000.0,1276000.0,1279000.0,,89.21,4.0,7.64,,,False,,,USD,1141000.0
OCSL,0001414932,0001414932-26-000017,10-Q,2026-06-30,2026-08-05,"ACESO Holding 4 S.A.R.L., Health Care Services, First Lien Term Loan 1",ACESO Holding 4 S.A.R.L.,ACESO Holding 4 S.A.R.L.,First Lien Term Loan 1,Health Care Services,,,4763000.0,4856000.0,4204000.0,,113.3,5.75,8.25,,,False,,,USD,4763000.0
OCSL,0001414932,0001414932-26-000017,10-Q,2026-06-30,2026-08-05,"ACESO Holding 4 S.A.R.L., Health Care Services, First Lien Term Loan 2",ACESO Holding 4 S.A.R.L.,ACESO Holding 4 S.A.R.L.,First Lien Term Loan 2,Health Care Services,,,19052000.0,18489000.0,16817000.0,,113.29,5.75,8.25,,,False,,,USD,19052000.0
OCSL,0001414932,0001414932-26-000017,10-Q,2026-06-30,2026-08-05,"ACESO Holding 4 S.A.R.L., Health Care Services, First Lien Term Loan 3",ACESO Holding 4 S.A.R.L.,ACESO Holding 4 S.A.R.L.,First Lien Term Loan 3,Health Care Services,,,14054000.0,14291000.0,12405000.0,,113.29,5.75,8.25,,,False,,,USD,14054000.0
OCSL,0001414932,0001414932-26-000017,10-Q,2026-06-30,2026-08-05,"Acquia Inc., Application Software, First Lien Term Loan 1",Acquia Inc.,Acquia Inc.,First Lien Term Loan 1,Application Software,,,6181000.0,6391000.0,6400000.0,,96.58,6.0,9.83,,,False,,,USD,6181000.0
OCSL,0001414932,0001414932-26-000017,10-Q,2026-06-30,2026-08-05,"Acquia Inc., Application Software, First Lien Term Loan 2",Acquia Inc.,Acquia Inc.,First Lien Term Loan 2,Application Software,,,24468000.0,25324000.0,25332000.0,,96.59,6.0,9.83,,,False,,,USD,24468000.0
OCSL,0001414932,0001414932-26-000017,10-Q,2026-06-30,2026-08-05,"Acquia Inc., Application Software, First Lien Revolver",Acquia Inc.,Acquia Inc.,First Lien Revolver,Application Software,,,2617000.0,2707000.0,2709000.0,,96.6,6.0,9.83,,,False,,,USD,2617000.0
OCSL,0001414932,0001414932-26-000017,10-Q,2026-06-30,2026-08-05,"ADC Therapeutics SA, Biotechnology, First Lien Term Loan",ADC Therapeutics SA,ADC Therapeutics SA,First Lien Term Loan,Biotechnology,,,6554000.0,6438000.0,6589000.0,,99.47,7.5,11.38,,,False,,,USD,6554000.0
OCSL,0001414932,0001414932-26-000017,10-Q,2026-06-30,2026-08-05,"ADC Therapeutics SA, Biotechnology, Common Stock",ADC Therapeutics SA,ADC Therapeutics SA,Common Stock,Biotechnology,,,0.0,0.0,,1145891.0,,,,,,False,,,USD,0.0
OCSL,0001414932,0001414932-26-000017,10-Q,2026-06-30,2026-08-05,"ADC Therapeutics SA, Biotechnology, Warrants",ADC Therapeutics SA,ADC Therapeutics SA,Warrants,Biotechnology,,,1000.0,174000.0,,28948.0,0.57,,,,,False,,,USD,1000.0
OCSL,0001414932,0001414932-26-000017,10-Q,2026-06-30,2026-08-05,"AIP RD Buyer Corp., Distributors, Common Stock",AIP RD Buyer Corp.,AIP RD Buyer Corp.,Common Stock,Distributors,,,2314000.0,1733000.0,,17870.0,133.53,,,,,False,,,USD,2314000.0
OCSL,0001414932,0001414932-26-000017,10-Q,2026-06-30,2026-08-05,"AlbaCore Euro CLO VI, Multi-Sector Holdings, CLO Notes",AlbaCore Euro CLO VI,AlbaCore Euro CLO VI,CLO Notes,Multi-Sector Holdings,,,1149000.0,1148000.0,1000000.0,,114.9,5.65,7.85,,,False,,,USD,1149000.0
OCSL,0001414932,0001414932-26-000017,10-Q,2026-06-30,2026-08-05,"Alvogen Pharma US, Inc., Pharmaceuticals, Second Lien Term Loan","Alvogen Pharma US, Inc.","Alvogen Pharma US, Inc.",Second Lien Term Loan,Pharmaceuticals,,,2824000.0,2823000.0,2824000.0,,100.0,10.5,6.23,,8.0,True,,,USD,2824000.0
OCSL,0001414932,0001414932-26-000017,10-Q,2026-06-30,2026-08-05,"Alvotech Holdings S.A., Biotechnology, Common Stock 1",Alvotech Holdings S.A.,Alvotech Holdings S.A.,Common Stock 1,Biotechnology,,,281000.0,76000.0,,76023.0,369.74,,,,,False,,,USD,281000.0
OCSL,0001414932,0001414932-26-000017,10-Q,2026-06-30,2026-08-05,"Alvotech Holdings S.A., Biotechnology, Common Stock 2",Alvotech Holdings S.A.,Alvotech Holdings S.A.,Common Stock 2,Biotechnology,,,0.0,283000.0,,70820.0,0.0,,,,,False,,,USD,0.0
OCSL,0001414932,0001414932-26-000017,10-Q,2026-06-30,2026-08-05,"AMC Entertainment Holdings Inc, Movies & Entertainment, First Lien Term Loan","AMC Entertainment Holdings Inc, Movies & Entertainment","AMC Entertainment Holdings Inc, Movies & Entertainment",First Lien,,,,2529000.0,2522000.0,2517000.0,,100.48,7.0,10.64,,,False,,,USD,2529000.0
OCSL,0001414932,0001414932-26-000017,10-Q,2026-06-30,2026-08-05,"Aquestive Therapeutics, Inc., Pharmaceuticals, First Lien Term Loan 1","Aquestive Therapeutics, Inc.","Aquestive Therapeutics, Inc.",First Lien Term Loan 1,Pharmaceuticals,,,6212000.0,6207000.0,6336000.0,,98.04,6.25,9.98,,,False,,,USD,6212000.0
OCSL,0001414932,0001414932-26-000017,10-Q,2026-06-30,2026-08-05,"Aquestive Therapeutics, Inc., Pharmaceuticals, First Lien Term Loan 2","Aquestive Therapeutics, Inc.","Aquestive Therapeutics, Inc.",First Lien Term Loan 2,Pharmaceuticals,,,0.0,0.0,0.0,,,6.0,,,,False,,,USD,0.0
OCSL,0001414932,0001414932-26-000017,10-Q,2026-06-30,2026-08-05,"Aquestive Therapeutics, Inc., Pharmaceuticals, First Lien Term Loan 3","Aquestive Therapeutics, Inc.","Aquestive Therapeutics, Inc.",First Lien Term Loan 3,Pharmaceuticals,,,0.0,0.0,0.0,,,6.0,,,,False,,,USD,0.0
OCSL,0001414932,0001414932-26-000017,10-Q,2026-06-30,2026-08-05,"Aquestive Therapeutics, Inc., Pharmaceuticals, Warrants","Aquestive Therapeutics, Inc.","Aquestive Therapeutics, Inc.",Warrants,Pharmaceuticals,,,53000.0,36000.0,,26526.0,147.22,,,,,False,,,USD,53000.0
OCSL,0001414932,0001414932-26-000017,10-Q,2026-06-30,2026-08-05,"Arches Buyer Inc., Interactive Media & Services, First Lien Term Loan",Arches Buyer Inc.,Arches Buyer Inc.,First Lien Term Loan,Interactive Media & Services,,,46734000.0,46479000.0,46734000.0,,100.0,5.5,9.14,,,False,,,USD,46734000.0
OCSL,0001414932,0001414932-26-000017,10-Q,2026-06-30,2026-08-05,"ASP Integrity Acquisition Co LLC, Diversified Support Services, First Lien Term Loan 1",ASP Integrity Acquisition Co LLC,ASP Integrity Acquisition Co LLC,First Lien Term Loan 1,Diversified Support Services,,,14454000.0,14753000.0,14935000.0,,96.78,5.0,8.65,,,False,,,USD,14454000.0
OCSL,0001414932,0001414932-26-000017,10-Q,2026-06-30,2026-08-05,"ASP Integrity Acquisition Co LLC, Diversified Support Services, First Lien Term Loan 2",ASP Integrity Acquisition Co LLC,ASP Integrity Acquisition Co LLC,First Lien Term Loan 2,Diversified Support Services,,,-41000.0,-15000.0,0.0,,273.33,5.0,,,,False,,,USD,-41000.0
OCSL,0001414932,0001414932-26-000017,10-Q,2026-06-30,2026-08-05,"ASP Integrity Acquisition Co LLC, Diversified Support Services, First Lien Revolver",ASP Integrity Acquisition Co LLC,ASP Integrity Acquisition Co LLC,First Lien Revolver,Diversified Support Services,,,2248000.0,2299000.0,2332000.0,,96.4,4.0,10.75,,,False,,,USD,2248000.0
OCSL,0001414932,0001414932-26-000017,10-Q,2026-06-30,2026-08-05,"athenahealth Group Inc., Health Care Technology, Fixed Rate Bond",athenahealth Group Inc.,athenahealth Group Inc.,Fixed Rate Bond,Health Care Technology,,,7333000.0,7416000.0,7643000.0,,95.94,,6.5,,,False,,,USD,7333000.0
OCSL,0001414932,0001414932-26-000017,10-Q,2026-06-30,2026-08-05,"athenahealth Group Inc., Health Care Technology, Preferred Equity",athenahealth Group Inc.,athenahealth Group Inc.,Preferred Equity,Health Care Technology,,,8880000.0,6205000.0,,5647.0,143.11,,,,,False,,,USD,8880000.0
OCSL,0001414932,0001414932-26-000017,10-Q,2026-06-30,2026-08-05,"ATNX SPV, LLC, Pharmaceuticals, First Lien Term Loan","ATNX SPV, LLC","ATNX SPV, LLC",First Lien Term Loan,Pharmaceuticals,,,13975000.0,14468000.0,14444000.0,,96.75,,,,,False,,,USD,13975000.0
OCSL,0001414932,0001414932-26-000017,10-Q,2026-06-30,2026-08-05,"Auctane Holdings, LLC, Air Freight & Logistics, First Lien Term Loan","Auctane Holdings, LLC","Auctane Holdings, LLC",First Lien Term Loan,Air Freight & Logistics,,,28557000.0,28562000.0,28992000.0,,98.5,5.75,9.37,,,False,,,USD,28557000.0
OCSL,0001414932,0001414932-26-000017,10-Q,2026-06-30,2026-08-05,"Aurelia Netherlands B.V., Interactive Media & Services, First Lien Term Loan",Aurelia Netherlands B.V.,Aurelia Netherlands B.V.,First Lien Term Loan,Interactive Media & Services,,,53877000.0,53316000.0,47682000.0,,112.99,4.75,6.95,,,False,,,USD,53877000.0
OCSL,0001414932,0001414932-26-000017,10-Q,2026-06-30,2026-08-05,"AVOCA CLO, Multi-Sector Holdings, CLO Notes",AVOCA CLO,AVOCA CLO,CLO Notes,Multi-Sector Holdings,,,1493000.0,1520000.0,1288000.0,,115.92,5.95,8.15,,,False,,,USD,1493000.0
OCSL,0001414932,0001414932-26-000017,10-Q,2026-06-30,2026-08-05,"AVSC Holding Corp., Specialized Consumer Services, First Lien Term Loan","AVSC Holding Corp., Specialized Consumer Services","AVSC Holding Corp., Specialized Consumer Services",First Lien,,,,37310000.0,37351000.0,37939000.0,,98.34,5.0,8.64,,,False,,,USD,37310000.0
OCSL,0001414932,0001414932-26-000017,10-Q,2026-06-30,2026-08-05,"AVSC Holding Corp., Specialized Consumer Services, First Lien Revolver","AVSC Holding Corp., Specialized Consumer Services","AVSC Holding Corp., Specialized Consumer Services",First Lien,,,,434000.0,438000.0,495000.0,,87.68,5.0,8.62,,,False,,,USD,434000.0
OCSL,0001414932,0001414932-26-000017,10-Q,2026-06-30,2026-08-05,"BAART Programs, Inc., Health Care Services, First Lien Term Loan 1","BAART Programs, Inc.","BAART Programs, Inc.",First Lien Term Loan 1,Health Care Services,,,9680000.0,7824000.0,10891000.0,,88.88,5.0,,,,False,,,USD,9680000.0
OCSL,0001414932,0001414932-26-000017,10-Q,2026-06-30,2026-08-05,"BAART Programs, Inc., Health Care Services, First Lien Term Loan 2","BAART Programs, Inc.","BAART Programs, Inc.",First Lien Term Loan 2,Health Care Services,,,6408000.0,4863000.0,7210000.0,,88.88,5.0,,,,False,,,USD,6408000.0
OCSL,0001414932,0001414932-26-000017,10-Q,2026-06-30,2026-08-05,"BAART Programs, Inc., Health Care Services, First Lien Revolver","BAART Programs, Inc.","BAART Programs, Inc.",First Lien Revolver,Health Care Services,,,507000.0,348000.0,593000.0,,85.5,5.0,,,,False,,,USD,507000.0
OCSL,0001414932,0001414932-26-000017,10-Q,2026-06-30,2026-08-05,"BAART Programs, Inc., Health Care Services, Second Lien Term Loan 1","BAART Programs, Inc.","BAART Programs, Inc.",Second Lien Term Loan 1,Health Care Services,,,194000.0,6386000.0,6452000.0,,3.01,8.5,,,,False,,,USD,194000.0
OCSL,0001414932,0001414932-26-000017,10-Q,2026-06-30,2026-08-05,"BAART Programs, Inc., Health Care Services, Second Lien Term Loan 2","BAART Programs, Inc.","BAART Programs, Inc.",Second Lien Term Loan 2,Health Care Services,,,268000.0,8817000.0,8920000.0,,3.0,8.5,,,,False,,,USD,268000.0
OCSL,0001414932,0001414932-26-000017,10-Q,2026-06-30,2026-08-05,"Bain Capital Euro CLO, Multi-Sector Holdings, CLO Notes 1",Bain Capital Euro CLO,Bain Capital Euro CLO,CLO Notes 1,Multi-Sector Holdings,,,1142000.0,1143000.0,1000000.0,,114.2,5.5,7.66,,,False,,,USD,1142000.0
OCSL,0001414932,0001414932-26-000017,10-Q,2026-06-30,2026-08-05,"Bain Capital Euro CLO, Multi-Sector Holdings, CLO Notes 2",Bain Capital Euro CLO,Bain Capital Euro CLO,CLO Notes 2,Multi-Sector Holdings,,,2302000.0,2309000.0,2000000.0,,115.1,5.75,7.79,,,False,,,USD,2302000.0
OCSL,0001414932,0001414932-26-000017,10-Q,2026-06-30,2026-08-05,"Bamboo IDE8 Insurance Services, LLC, Property & Casualty Insurance, First Lien Term Loan","Bamboo IDE8 Insurance Services, LLC, Property & Casualty Insurance","Bamboo IDE8 Insurance Services, LLC, Property & Casualty Insurance",First Lien,,,,15583000.0,15573000.0,15691000.0,,99.31,4.75,8.48,,,False,,,USD,15583000.0
OCSL,0001414932,0001414932-26-000017,10-Q,2026-06-30,2026-08-05,"Bamboo IDE8 Insurance Services, LLC, Property & Casualty Insurance, First Lien Revolver","Bamboo IDE8 Insurance Services, LLC, Property & Casualty Insurance","Bamboo IDE8 Insurance Services, LLC, Property & Casualty Insurance",First Lien,,,,-11000.0,-12000.0,0.0,,91.67,4.75,,,,False,,,USD,-11000.0
OCSL,0001414932,0001414932-26-000017,10-Q,2026-06-30,2026-08-05,"Barracuda Parent, LLC, Systems Software, First Lien Term Loan","Barracuda Parent, LLC, Systems Software","Barracuda Parent, LLC, Systems Software",First Lien,,,,12860000.0,15120000.0,15448000.0,,83.25,6.5,10.16,,,False,,,USD,12860000.0
OCSL,0001414932,0001414932-26-000017,10-Q,2026-06-30,2026-08-05,"Batallion CLO LTD, Diversified Real Estate Activities, CLO Notes","Batallion CLO LTD, Diversified Real Estate Activities, CLO Notes","Batallion CLO LTD, Diversified Real Estate Activities, CLO Notes",,,,,1514000.0,1500000.0,1500000.0,,100.93,5.8,9.48,,,False,,,USD,1514000.0
OCSL,0001414932,0001414932-26-000017,10-Q,2026-06-30,2026-08-05,"Bayou Intermediate II, LLC, Health Care Supplies, First Lien Term Loan 1","Bayou Intermediate II, LLC, Health Care Supplies","Bayou Intermediate II, LLC, Health Care Supplies",First Lien,,,,13061000.0,13044000.0,13176000.0,,99.13,4.75,8.48,,,False,,,USD,13061000.0
OCSL,0001414932,0001414932-26-000017,10-Q,2026-06-30,2026-08-05,"Bayou Intermediate II, LLC, Health Care Supplies, First Lien Term Loan 2","Bayou Intermediate II, LLC, Health Care Supplies","Bayou Intermediate II, LLC, Health Care Supplies",First Lien,,,,2771000.0,2771000.0,2803000.0,,98.86,4.75,8.48,,,False,,,USD,2771000.0
OCSL,0001414932,0001414932-26-000017,10-Q,2026-06-30,2026-08-05,"Bayou Intermediate II, LLC, Health Care Supplies, First Lien Revolver","Bayou Intermediate II, LLC, Health Care Supplies","Bayou Intermediate II, LLC, Health Care Supplies",First Lien,,,,917000.0,915000.0,934000.0,,98.18,4.75,8.48,,,False,,,USD,917000.0
OCSL,0001414932,0001414932-26-000017,10-Q,2026-06-30,2026-08-05,"Berner Food & Beverage, LLC, Soft Drinks & Non-alcoholic Beverages, First Lien Term Loan 1","Berner Food & Beverage, LLC, Soft Drinks & Non-alcoholic Beverages","Berner Food & Beverage, LLC, Soft Drinks & Non-alcoholic Beverages",First Lien,,,,38820000.0,39459000.0,39520000.0,,98.23,6.0,9.81,,,False,,,USD,38820000.0
OCSL,0001414932,0001414932-26-000017,10-Q,2026-06-30,2026-08-05,"Berner Food & Beverage, LLC, Soft Drinks & Non-alcoholic Beverages, First Lien Term Loan 2","Berner Food & Beverage, LLC, Soft Drinks & Non-alcoholic Beverages","Berner Food & Beverage, LLC, Soft Drinks & Non-alcoholic Beverages",First Lien,,,,4258000.0,4317000.0,4335000.0,,98.22,6.0,9.81,,,False,,,USD,4258000.0
OCSL,0001414932,0001414932-26-000017,10-Q,2026-06-30,2026-08-05,"Berner Food & Beverage, LLC, Soft Drinks & Non-alcoholic Beverages, First Lien Revolver","Berner Food & Beverage, LLC, Soft Drinks & Non-alcoholic Beverages","Berner Food & Beverage, LLC, Soft Drinks & Non-alcoholic Beverages",First Lien,,,,2821000.0,2879000.0,2889000.0,,97.65,6.0,9.81,,,False,,,USD,2821000.0
OCSL,0001414932,0001414932-26-000017,10-Q,2026-06-30,2026-08-05,"BioXcel Therapeutics, Inc., Pharmaceuticals, First Lien Term Loan 1","BioXcel Therapeutics, Inc.","BioXcel Therapeutics, Inc.",First Lien Term Loan 1,Pharmaceuticals,,,2427000.0,2775000.0,2775000.0,,87.46,,,,13.0,True,,,USD,2427000.0
OCSL,0001414932,0001414932-26-000017,10-Q,2026-06-30,2026-08-05,"BioXcel Therapeutics, Inc., Pharmaceuticals, First Lien Term Loan 2","BioXcel Therapeutics, Inc.","BioXcel Therapeutics, Inc.",First Lien Term Loan 2,Pharmaceuticals,,,5854000.0,6656000.0,6695000.0,,87.44,,,,13.0,True,,,USD,5854000.0
OCSL,0001414932,0001414932-26-000017,10-Q,2026-06-30,2026-08-05,"BioXcel Therapeutics, Inc., Pharmaceuticals, Common Stock","BioXcel Therapeutics, Inc.","BioXcel Therapeutics, Inc.",Common Stock,Pharmaceuticals,,,215000.0,0.0,,152537.0,,,,,,False,,,USD,215000.0
OCSL,0001414932,0001414932-26-000017,10-Q,2026-06-30,2026-08-05,"BioXcel Therapeutics, Inc., Pharmaceuticals, Warrants 1","BioXcel Therapeutics, Inc.","BioXcel Therapeutics, Inc.",Warrants 1,Pharmaceuticals,,,1000.0,225000.0,,2044.0,0.44,,,,,False,,,USD,1000.0
OCSL,0001414932,0001414932-26-000017,10-Q,2026-06-30,2026-08-05,"BioXcel Therapeutics, Inc., Pharmaceuticals, Warrants 2","BioXcel Therapeutics, Inc.","BioXcel Therapeutics, Inc.",Warrants 2,Pharmaceuticals,,,0.0,0.0,,586.0,,,,,,False,,,USD,0.0
OCSL,0001414932,0001414932-26-000017,10-Q,2026-06-30,2026-08-05,"Blazing Star Parent, LLC, Drug Retail, First Lien Term Loan","Blazing Star Parent, LLC, Drug Retail","Blazing Star Parent, LLC, Drug Retail",First Lien,,,,29237000.0,29255000.0,29876000.0,,97.86,7.0,10.67,,,False,,,USD,29237000.0
OCSL,0001414932,0001414932-26-000017,10-Q,2026-06-30,2026-08-05,"Blumenthal Temecula, LLC, Automotive Retail, Preferred Equity 1","Blumenthal Temecula, LLC, Automotive Retail","Blumenthal Temecula, LLC, Automotive Retail",Preferred Equity,,,,2922000.0,1711000.0,,1708618.0,170.78,,,,,False,,,USD,2922000.0
OCSL,0001414932,0001414932-26-000017,10-Q,2026-06-30,2026-08-05,"Blumenthal Temecula, LLC, Automotive Retail, Preferred Equity 2","Blumenthal Temecula, LLC, Automotive Retail","Blumenthal Temecula, LLC, Automotive Retail",Preferred Equity,,,,658000.0,395000.0,,394297.0,166.58,,,,,False,,,USD,658000.0
OCSL,0001414932,0001414932-26-000017,10-Q,2026-06-30,2026-08-05,"Blumenthal Temecula, LLC, Automotive Retail, Common Stock","Blumenthal Temecula, LLC, Automotive Retail","Blumenthal Temecula, LLC, Automotive Retail",Common Equity,,,,103000.0,424000.0,,394297.0,24.29,,,,,False,,,USD,103000.0
OCSL,0001414932,0001414932-26-000017,10-Q,2026-06-30,2026-08-05,"BOTA BIDCO GMBH, Diversified Chemicals, First Lien Term Loan 1","BOTA BIDCO GMBH, Diversified Chemicals","BOTA BIDCO GMBH, Diversified Chemicals",First Lien,,,,4303000.0,3866000.0,3890000.0,,110.62,4.0,6.14,,,False,,,USD,4303000.0
OCSL,0001414932,0001414932-26-000017,10-Q,2026-06-30,2026-08-05,"BOTA BIDCO GMBH, Diversified Chemicals, First Lien Term Loan 2","BOTA BIDCO GMBH, Diversified Chemicals","BOTA BIDCO GMBH, Diversified Chemicals",First Lien,,,,17521000.0,16107000.0,16260000.0,,107.76,4.5,6.64,,,False,,,USD,17521000.0
OCSL,0001414932,0001414932-26-000017,10-Q,2026-06-30,2026-08-05,Buttercup 2023-1 LLC | Specialized Finance | CLO Notes,Buttercup 2023-1 LLC | Specialized Finance | CLO Notes,Buttercup 2023-1 LLC | Specialized Finance | CLO Notes,,,,,4813000.0,4811000.0,4811000.0,,100.04,6.5,10.12,,,False,,,USD,4813000.0
OCSL,0001414932,0001414932-26-000017,10-Q,2026-06-30,2026-08-05,"Carlyle Global Market Strategies, Multi-Sector Holdings, CLO Notes",Carlyle Global Market Strategies,Carlyle Global Market Strategies,CLO Notes,Multi-Sector Holdings,,,3593000.0,3727000.0,3575000.0,,100.5,7.5,11.17,,,False,,,USD,3593000.0
OCSL,0001414932,0001414932-26-000017,10-Q,2026-06-30,2026-08-05,"Centralsquare Technologies, LLC, Application Software, First Lien Term Loan","Centralsquare Technologies, LLC","Centralsquare Technologies, LLC",First Lien Term Loan,Application Software,,,12776000.0,12908000.0,13103000.0,,97.5,5.75,9.39,,,False,,,USD,12776000.0
OCSL,0001414932,0001414932-26-000017,10-Q,2026-06-30,2026-08-05,"Centralsquare Technologies, LLC, Application Software, First Lien Revolver","Centralsquare Technologies, LLC","Centralsquare Technologies, LLC",First Lien Revolver,Application Software,,,-36000.0,-23000.0,0.0,,156.52,5.75,,,,False,,,USD,-36000.0
OCSL,0001414932,0001414932-26-000017,10-Q,2026-06-30,2026-08-05,"Chase Industries, Inc., Building Products, First Lien Term Loan","Chase Industries, Inc.","Chase Industries, Inc.",First Lien Term Loan,Building Products,,,6105000.0,6053000.0,6186000.0,,98.69,5.0,8.64,,,False,,,USD,6105000.0
OCSL,0001414932,0001414932-26-000017,10-Q,2026-06-30,2026-08-05,"Chase Industries, Inc., Building Products, First Lien Revolver","Chase Industries, Inc.","Chase Industries, Inc.",First Lien Revolver,Building Products,,,69000.0,60000.0,83000.0,,83.13,5.0,8.65,,,False,,,USD,69000.0
OCSL,0001414932,0001414932-26-000017,10-Q,2026-06-30,2026-08-05,"CIELO BIDCO LIMITED, Building Products, First Lien Term Loan 1",CIELO BIDCO LIMITED,CIELO BIDCO LIMITED,First Lien Term Loan 1,Building Products,,,1116000.0,1139000.0,989000.0,,112.84,4.75,6.93,,,False,,,USD,1116000.0
OCSL,0001414932,0001414932-26-000017,10-Q,2026-06-30,2026-08-05,"CIELO BIDCO LIMITED, Building Products, First Lien Term Loan 2",CIELO BIDCO LIMITED,CIELO BIDCO LIMITED,First Lien Term Loan 2,Building Products,,,2711000.0,2770000.0,2395000.0,,113.19,4.75,6.93,,,False,,,USD,2711000.0
OCSL,0001414932,0001414932-26-000017,10-Q,2026-06-30,2026-08-05,"CIELO BIDCO LIMITED, Building Products, First Lien Term Loan 3",CIELO BIDCO LIMITED,CIELO BIDCO LIMITED,First Lien Term Loan 3,Building Products,,,13551000.0,13839000.0,10313000.0,,97.92,4.75,8.48,,,False,,,USD,13551000.0
OCSL,0001414932,0001414932-26-000017,10-Q,2026-06-30,2026-08-05,"Connect Holding II LLC, Alternative Carriers, First Lien Term Loan","Connect Holding II LLC, Alternative Carriers","Connect Holding II LLC, Alternative Carriers",First Lien,,,,13793000.0,13715000.0,14649000.0,,94.16,4.25,7.9,,,False,,,USD,13793000.0
OCSL,0001414932,0001414932-26-000017,10-Q,2026-06-30,2026-08-05,"Connect Holding II LLC, Alternative Carriers, Fixed Rate Bond","Connect Holding II LLC, Alternative Carriers, Fixed Rate Bond","Connect Holding II LLC, Alternative Carriers, Fixed Rate Bond",,,,,2000000.0,1943000.0,1995000.0,,100.25,,10.5,,,False,,,USD,2000000.0
OCSL,0001414932,0001414932-26-000017,10-Q,2026-06-30,2026-08-05,"Conviva Inc., Application Software, Preferred Equity",Conviva Inc.,Conviva Inc.,Preferred Equity,Application Software,,,894000.0,605000.0,,417851.0,147.77,,,,,False,,,USD,894000.0
OCSL,0001414932,0001414932-26-000017,10-Q,2026-06-30,2026-08-05,"Cordatus CLO PLC, Multi-Sector Holdings, CLO Notes",Cordatus CLO PLC,Cordatus CLO PLC,CLO Notes,Multi-Sector Holdings,,,1737000.0,1724000.0,1500000.0,,115.8,5.4,7.43,,,False,,,USD,1737000.0
OCSL,0001414932,0001414932-26-000017,10-Q,2026-06-30,2026-08-05,"Coupa Holdings, LLC, Application Software First Lien Term Loan 1","Coupa Holdings, LLC","Coupa Holdings, LLC",First Lien,,,,12572000.0,12725000.0,12894000.0,,97.5,5.25,8.91,,,False,,,USD,12572000.0
OCSL,0001414932,0001414932-26-000017,10-Q,2026-06-30,2026-08-05,"Coupa Holdings, LLC, Application Software, First Lien Term Loan 2","Coupa Holdings, LLC","Coupa Holdings, LLC",First Lien Term Loan 2,Application Software,,,1146000.0,1152000.0,1175000.0,,97.53,5.25,8.9,,,False,,,USD,1146000.0
OCSL,0001414932,0001414932-26-000017,10-Q,2026-06-30,2026-08-05,"Coupa Holdings, LLC, Application Software, First Lien Revolver","Coupa Holdings, LLC","Coupa Holdings, LLC",First Lien Revolver,Application Software,,,578000.0,590000.0,600000.0,,96.33,5.25,8.9,,,False,,,USD,578000.0
OCSL,0001414932,0001414932-26-000017,10-Q,2026-06-30,2026-08-05,"Creek Parent, Inc.., Life Sciences Tools & Services, First Lien Term Loan","Creek Parent, Inc..","Creek Parent, Inc..",First Lien Term Loan,Life Sciences Tools & Services,,,37203000.0,37246000.0,37762000.0,,98.52,5.0,8.64,,,False,,,USD,37203000.0
OCSL,0001414932,0001414932-26-000017,10-Q,2026-06-30,2026-08-05,"Creek Parent, Inc., Life Sciences Tools & Services, First Lien Revolver","Creek Parent, Inc.","Creek Parent, Inc.",First Lien Revolver,Life Sciences Tools & Services,,,-81000.0,-96000.0,0.0,,84.38,5.0,,,,False,,,USD,-81000.0
OCSL,0001414932,0001414932-26-000017,10-Q,2026-06-30,2026-08-05,"Crewline Buyer, Inc., Systems Software, First Lien Term Loan 1","Crewline Buyer, Inc., Systems Software","Crewline Buyer, Inc., Systems Software",First Lien,,,,19878000.0,20599000.0,20924000.0,,95.0,6.75,10.41,,,False,,,USD,19878000.0
OCSL,0001414932,0001414932-26-000017,10-Q,2026-06-30,2026-08-05,"Crewline Buyer, Inc., Systems Software, First Lien Term Loan 2","Crewline Buyer, Inc., Systems Software","Crewline Buyer, Inc., Systems Software",First Lien,,,,1349000.0,1394000.0,1420000.0,,95.0,6.75,10.41,,,False,,,USD,1349000.0
OCSL,0001414932,0001414932-26-000017,10-Q,2026-06-30,2026-08-05,"Crewline Buyer, Inc., Systems Software, First Lien Revolver","Crewline Buyer, Inc., Systems Software","Crewline Buyer, Inc., Systems Software",First Lien,,,,-109000.0,-34000.0,0.0,,320.59,6.75,,,,False,,,USD,-109000.0
OCSL,0001414932,0001414932-26-000017,10-Q,2026-06-30,2026-08-05,"Delta Leasing SPV II LLC, Specialized Finance, Subordinated Debt Term Loan 1",Delta Leasing SPV II LLC,Delta Leasing SPV II LLC,Subordinated Debt Term Loan 1,Specialized Finance,,,12659000.0,12659000.0,12659000.0,,100.0,,8.0,,3.0,True,,,USD,12659000.0
OCSL,0001414932,0001414932-26-000017,10-Q,2026-06-30,2026-08-05,"Delta Leasing SPV II LLC, Specialized Finance, Subordinated Debt Term Loan 2",Delta Leasing SPV II LLC,Delta Leasing SPV II LLC,Subordinated Debt Term Loan 2,Specialized Finance,,,32321000.0,32321000.0,32321000.0,,100.0,,3.0,,7.0,True,,,USD,32321000.0
OCSL,0001414932,0001414932-26-000017,10-Q,2026-06-30,2026-08-05,"Delta Leasing SPV II LLC, Specialized Finance, Preferred Equity",Delta Leasing SPV II LLC,Delta Leasing SPV II LLC,Preferred Equity,Specialized Finance,,,594000.0,419000.0,,419.0,141.77,,,,,False,,,USD,594000.0
OCSL,0001414932,0001414932-26-000017,10-Q,2026-06-30,2026-08-05,"Delta Leasing SPV II LLC, Specialized Finance, Common Stock",Delta Leasing SPV II LLC,Delta Leasing SPV II LLC,Common Stock,Specialized Finance,,,0.0,2000.0,,2.0,0.0,,,,,False,,,USD,0.0
OCSL,0001414932,0001414932-26-000017,10-Q,2026-06-30,2026-08-05,"Delta Leasing SPV II LLC, Specialized Finance, Warrants",Delta Leasing SPV II LLC,Delta Leasing SPV II LLC,Warrants,Specialized Finance,,,0.0,0.0,,31.0,,,,,,False,,,USD,0.0
OCSL,0001414932,0001414932-26-000017,10-Q,2026-06-30,2026-08-05,"Dialyze Holdings, LLC, Health Care Equipment, First Lien Term Loan 1","Dialyze Holdings, LLC, Health Care Equipment","Dialyze Holdings, LLC, Health Care Equipment",First Lien,,,,5528000.0,23277000.0,30727000.0,,17.99,11.0,,,,False,,,USD,5528000.0
OCSL,0001414932,0001414932-26-000017,10-Q,2026-06-30,2026-08-05,"Dialyze Holdings, LLC, Health Care Equipment, First Lien Term Loan 2","Dialyze Holdings, LLC, Health Care Equipment","Dialyze Holdings, LLC, Health Care Equipment",First Lien,,,,154000.0,655000.0,854000.0,,18.03,11.0,,,,False,,,USD,154000.0
OCSL,0001414932,0001414932-26-000017,10-Q,2026-06-30,2026-08-05,"Dialyze Holdings, LLC, Health Care Equipment, First Lien Term Loan 3","Dialyze Holdings, LLC, Health Care Equipment","Dialyze Holdings, LLC, Health Care Equipment",First Lien,,,,152000.0,655000.0,844000.0,,18.01,11.0,,,,False,,,USD,152000.0
OCSL,0001414932,0001414932-26-000017,10-Q,2026-06-30,2026-08-05,"Dialyze Holdings, LLC, Health Care Equipment, First Lien Term Loan 4","Dialyze Holdings, LLC, Health Care Equipment","Dialyze Holdings, LLC, Health Care Equipment",First Lien,,,,244000.0,1044000.0,1355000.0,,18.01,11.0,,,,False,,,USD,244000.0
OCSL,0001414932,0001414932-26-000017,10-Q,2026-06-30,2026-08-05,"Dialyze Holdings, LLC, Health Care Equipment, First Lien Term Loan 5","Dialyze Holdings, LLC, Health Care Equipment","Dialyze Holdings, LLC, Health Care Equipment",First Lien,,,,200000.0,858000.0,1111000.0,,18.0,11.0,,,,False,,,USD,200000.0
OCSL,0001414932,0001414932-26-000017,10-Q,2026-06-30,2026-08-05,"Dialyze Holdings, LLC, Health Care Equipment, First Lien Term Loan 6","Dialyze Holdings, LLC, Health Care Equipment","Dialyze Holdings, LLC, Health Care Equipment",First Lien,,,,72000.0,308000.0,399000.0,,18.05,11.0,,,,False,,,USD,72000.0
OCSL,0001414932,0001414932-26-000017,10-Q,2026-06-30,2026-08-05,"Dialyze Holdings, LLC, Health Care Equipment, First Lien Term Loan 7","Dialyze Holdings, LLC, Health Care Equipment","Dialyze Holdings, LLC, Health Care Equipment",First Lien,,,,391000.0,1745000.0,2171000.0,,18.01,11.0,,,,False,,,USD,391000.0
OCSL,0001414932,0001414932-26-000017,10-Q,2026-06-30,2026-08-05,"Dialyze Holdings, LLC, Health Care Equipment, First Lien Term Loan 8","Dialyze Holdings, LLC, Health Care Equipment","Dialyze Holdings, LLC, Health Care Equipment",First Lien,,,,90000.0,429000.0,498000.0,,18.07,11.0,,,,False,,,USD,90000.0
OCSL,0001414932,0001414932-26-000017,10-Q,2026-06-30,2026-08-05,"Dialyze Holdings, LLC, Health Care Equipment, First Lien Term Loan 9","Dialyze Holdings, LLC, Health Care Equipment","Dialyze Holdings, LLC, Health Care Equipment",First Lien,,,,-1010000.0,0.0,0.0,,,11.0,,,,False,,,USD,-1010000.0
OCSL,0001414932,0001414932-26-000017,10-Q,2026-06-30,2026-08-05,"Dialyze Holdings, LLC, Health Care Equipment, First Lien Term Loan 10","Dialyze Holdings, LLC, Health Care Equipment","Dialyze Holdings, LLC, Health Care Equipment",First Lien,,,,89000.0,411000.0,495000.0,,17.98,11.0,,,,False,,,USD,89000.0
OCSL,0001414932,0001414932-26-000017,10-Q,2026-06-30,2026-08-05,"Dialyze Holdings, LLC, Health Care Equipment, Subordinated Debt Term Loan 1","Dialyze Holdings, LLC, Health Care Equipment","Dialyze Holdings, LLC, Health Care Equipment",Subordinated,,,,0.0,787000.0,864000.0,,0.0,,,,10.0,True,,,USD,0.0
OCSL,0001414932,0001414932-26-000017,10-Q,2026-06-30,2026-08-05,"Dialyze Holdings, LLC, Health Care Equipment, Warrants","Dialyze Holdings, LLC, Health Care Equipment","Dialyze Holdings, LLC, Health Care Equipment",Warrant,,,,0.0,1642000.0,,6397254.0,0.0,,,,,False,,,USD,0.0
OCSL,0001414932,0001414932-26-000017,10-Q,2026-06-30,2026-08-05,"Digital.AI Software Holdings, Inc., Application Software, First Lien Term Loan 1","Digital.AI Software Holdings, Inc.","Digital.AI Software Holdings, Inc.",First Lien Term Loan 1,Application Software,,,49638000.0,53466000.0,53467000.0,,92.84,6.0,9.73,,,False,,,USD,49638000.0
OCSL,0001414932,0001414932-26-000017,10-Q,2026-06-30,2026-08-05,"Digital.AI Software Holdings, Inc., Application Software, First Lien Term Loan 2","Digital.AI Software Holdings, Inc.","Digital.AI Software Holdings, Inc.",First Lien Term Loan 2,Application Software,,,2679000.0,2872000.0,2885000.0,,92.86,6.0,9.73,,,False,,,USD,2679000.0
OCSL,0001414932,0001414932-26-000017,10-Q,2026-06-30,2026-08-05,"Digital.AI Software Holdings, Inc., Application Software, First Lien Revolver","Digital.AI Software Holdings, Inc.","Digital.AI Software Holdings, Inc.",First Lien Revolver,Application Software,,,172000.0,604000.0,604000.0,,28.48,6.0,9.64,,,False,,,USD,172000.0
OCSL,0001414932,0001414932-26-000017,10-Q,2026-06-30,2026-08-05,"DirecTV Financing, LLC, Cable & Satellite, First Rate Bond","DirecTV Financing, LLC, Cable & Satellite, First Rate Bond","DirecTV Financing, LLC, Cable & Satellite, First Rate Bond",,,,,14547000.0,14307000.0,14307000.0,,101.68,,9.25,,,False,,,USD,14547000.0
OCSL,0001414932,0001414932-26-000017,10-Q,2026-06-30,2026-08-05,"Dominion Diagnostics, LLC, Health Care Services, Earnout Interest 1","Dominion Diagnostics, LLC","Dominion Diagnostics, LLC",Earnout Interest 1,Health Care Services,,,861000.0,848000.0,,,101.53,,,,,False,,,USD,861000.0
OCSL,0001414932,0001414932-26-000017,10-Q,2026-06-30,2026-08-05,"Dominion Diagnostics, LLC, Health Care Services, Earnout Interest 2","Dominion Diagnostics, LLC","Dominion Diagnostics, LLC",Earnout Interest 2,Health Care Services,,,326000.0,320000.0,,,101.88,,,,,False,,,USD,326000.0
OCSL,0001414932,0001414932-26-000017,10-Q,2026-06-30,2026-08-05,"Draken International, LLC, Aerospace & Defense, First Lien Term Loan 1","Draken International, LLC","Draken International, LLC",First Lien Term Loan 1,Aerospace & Defense,,,4992000.0,4908000.0,4992000.0,,100.0,5.0,8.64,,,False,,,USD,4992000.0
OCSL,0001414932,0001414932-26-000017,10-Q,2026-06-30,2026-08-05,"Draken International, LLC, Aerospace & Defense, First Lien Term Loan 2","Draken International, LLC","Draken International, LLC",First Lien Term Loan 2,Aerospace & Defense,,,20853000.0,20649000.0,15711000.0,,100.99,5.0,8.73,,,False,,,USD,20853000.0
OCSL,0001414932,0001414932-26-000017,10-Q,2026-06-30,2026-08-05,"Draken International, LLC, Aerospace & Defense, First Lien Term Loan 3","Draken International, LLC","Draken International, LLC",First Lien Term Loan 3,Aerospace & Defense,,,3897000.0,3797000.0,2937000.0,,102.63,5.0,8.73,,,False,,,USD,3897000.0
OCSL,0001414932,0001414932-26-000017,10-Q,2026-06-30,2026-08-05,"EMPIRE BIDCO AB, Life Sciences Tools & Services, First Lien Term Loan 1",EMPIRE BIDCO AB,EMPIRE BIDCO AB,First Lien Term Loan 1,Life Sciences Tools & Services,,,8279000.0,8453000.0,6350000.0,,97.94,5.25,8.98,,,False,,,USD,8279000.0
OCSL,0001414932,0001414932-26-000017,10-Q,2026-06-30,2026-08-05,"EMPIRE BIDCO AB, Life Sciences Tools & Services, First Lien Term Loan 2",EMPIRE BIDCO AB,EMPIRE BIDCO AB,First Lien Term Loan 2,Life Sciences Tools & Services,,,8312000.0,8596000.0,81913000.0,,10.15,5.25,7.5,,,False,,,USD,8312000.0
OCSL,0001414932,0001414932-26-000017,10-Q,2026-06-30,2026-08-05,"EMPIRE BIDCO AB, Life Sciences Tools & Services, First Lien Term Loan 3",EMPIRE BIDCO AB,EMPIRE BIDCO AB,First Lien Term Loan 3,Life Sciences Tools & Services,,,-91000.0,-106000.0,0.0,,85.85,5.25,,,,False,,,USD,-91000.0
OCSL,0001414932,0001414932-26-000017,10-Q,2026-06-30,2026-08-05,"Engineering Research and Consulting LLC, Construction & Engineering, First Lien Term Loan",Engineering Research and Consulting LLC,Engineering Research and Consulting LLC,First Lien Term Loan,Construction & Engineering,,,9966000.0,11580000.0,11754000.0,,84.79,5.0,8.73,,,False,,,USD,9966000.0
OCSL,0001414932,0001414932-26-000017,10-Q,2026-06-30,2026-08-05,"Enverus Holdings, Inc., Application Software, First Lien Term Loan 1","Enverus Holdings, Inc.","Enverus Holdings, Inc.",First Lien Term Loan 1,Application Software,,,20789000.0,20834000.0,20919000.0,,99.38,4.5,8.14,,,False,,,USD,20789000.0
OCSL,0001414932,0001414932-26-000017,10-Q,2026-06-30,2026-08-05,"Enverus Holdings, Inc., Application Software, First Lien Term Loan 2","Enverus Holdings, Inc.","Enverus Holdings, Inc.",First Lien Term Loan 2,Application Software,,,-17000.0,-12000.0,0.0,,141.67,4.5,,,,False,,,USD,-17000.0
OCSL,0001414932,0001414932-26-000017,10-Q,2026-06-30,2026-08-05,"Enverus Holdings, Inc., Application Software, First Lien Revolver","Enverus Holdings, Inc.","Enverus Holdings, Inc.",First Lien Revolver,Application Software,,,51000.0,55000.0,61000.0,,83.61,4.5,8.13,,,False,,,USD,51000.0
OCSL,0001414932,0001414932-26-000017,10-Q,2026-06-30,2026-08-05,"eShipping, LLC, Diversified Support Services, First Lien Term Loan 1","eShipping, LLC","eShipping, LLC",First Lien Term Loan 1,Diversified Support Services,,,6217000.0,6264000.0,6296000.0,,98.75,4.5,8.23,,,False,,,USD,6217000.0
OCSL,0001414932,0001414932-26-000017,10-Q,2026-06-30,2026-08-05,"eShipping, LLC, Diversified Support Services, First Lien Revolver","eShipping, LLC","eShipping, LLC",First Lien Revolver,Diversified Support Services,,,-15000.0,-6000.0,0.0,,250.0,4.5,,,,False,,,USD,-15000.0
OCSL,0001414932,0001414932-26-000017,10-Q,2026-06-30,2026-08-05,"eShipping, LLC, Diversified Support Services, First Lien Term Loan 2","eShipping, LLC","eShipping, LLC",First Lien Term Loan 2,Diversified Support Services,,,-5000.0,-6000.0,0.0,,83.33,4.5,,,,False,,,USD,-5000.0
OCSL,0001414932,0001414932-26-000017,10-Q,2026-06-30,2026-08-05,"Establishment Labs Holdings Inc., Health Care Equipment, First Lien Term Loan","Establishment Labs Holdings Inc., Health Care Equipment","Establishment Labs Holdings Inc., Health Care Equipment",First Lien,,,,27314000.0,27313000.0,27576000.0,,99.05,,0.5,,8.75,True,,,USD,27314000.0
OCSL,0001414932,0001414932-26-000017,10-Q,2026-06-30,2026-08-05,"Everbridge, Inc., Application Software, First Lien Term Loan 1","Everbridge, Inc.","Everbridge, Inc.",First Lien Term Loan 1,Application Software,,,19517000.0,19643000.0,19714000.0,,99.0,5.0,8.68,,,False,,,USD,19517000.0
OCSL,0001414932,0001414932-26-000017,10-Q,2026-06-30,2026-08-05,"Everbridge, Inc., Application Software, First Lien Term Loan 2","Everbridge, Inc.","Everbridge, Inc.",First Lien Term Loan 2,Application Software,,,1882000.0,1919000.0,1932000.0,,97.41,5.0,8.68,,,False,,,USD,1882000.0
OCSL,0001414932,0001414932-26-000017,10-Q,2026-06-30,2026-08-05,"Everbridge, Inc., Application Software, First Lien Revolver","Everbridge, Inc.","Everbridge, Inc.",First Lien Revolver,Application Software,,,-20000.0,-7000.0,0.0,,285.71,5.0,,,,False,,,USD,-20000.0
OCSL,0001414932,0001414932-26-000017,10-Q,2026-06-30,2026-08-05,"Evergreen IX Borrower 2023, LLC, Application Software, First Lien Term Loan 1","Evergreen IX Borrower 2023, LLC","Evergreen IX Borrower 2023, LLC",First Lien Term Loan 1,Application Software,,,14261000.0,14150000.0,14368000.0,,99.26,4.75,8.48,,,False,,,USD,14261000.0
OCSL,0001414932,0001414932-26-000017,10-Q,2026-06-30,2026-08-05,"Evergreen IX Borrower 2023, LLC, Application Software, First Lien Term Loan 2","Evergreen IX Borrower 2023, LLC","Evergreen IX Borrower 2023, LLC",First Lien Term Loan 2,Application Software,,,3601000.0,3603000.0,3628000.0,,99.26,4.75,8.48,,,False,,,USD,3601000.0
OCSL,0001414932,0001414932-26-000017,10-Q,2026-06-30,2026-08-05,"Evergreen IX Borrower 2023, LLC, Application Software, First Lien Revolver","Evergreen IX Borrower 2023, LLC","Evergreen IX Borrower 2023, LLC",First Lien Revolver,Application Software,,,-11000.0,-22000.0,0.0,,50.0,4.75,,,,False,,,USD,-11000.0
OCSL,0001414932,0001414932-26-000017,10-Q,2026-06-30,2026-08-05,"Eyesouth Eye Care Holdco LLC, Health Care Services, First Lien Term Loan 1",Eyesouth Eye Care Holdco LLC,Eyesouth Eye Care Holdco LLC,First Lien Term Loan 1,Health Care Services,,,4261000.0,4241000.0,4291000.0,,99.3,5.75,9.47,,,False,,,USD,4261000.0
OCSL,0001414932,0001414932-26-000017,10-Q,2026-06-30,2026-08-05,"Eyesouth Eye Care Holdco LLC, Health Care Services, First Lien Term Loan 2",Eyesouth Eye Care Holdco LLC,Eyesouth Eye Care Holdco LLC,First Lien Term Loan 2,Health Care Services,,,6482000.0,6453000.0,6528000.0,,99.3,5.75,9.49,,,False,,,USD,6482000.0
OCSL,0001414932,0001414932-26-000017,10-Q,2026-06-30,2026-08-05,"Eyesouth Eye Care Holdco LLC, Health Care Services, Common Stock",Eyesouth Eye Care Holdco LLC,Eyesouth Eye Care Holdco LLC,Common Stock,Health Care Services,,,1554000.0,1206000.0,,1206.0,128.86,,,,,False,,,USD,1554000.0
OCSL,0001414932,0001414932-26-000017,10-Q,2026-06-30,2026-08-05,"F&M Buyer LLC, Systems Software, First Lien Term Loan 1","F&M Buyer LLC, Systems Software","F&M Buyer LLC, Systems Software",First Lien,,,,6535000.0,6636000.0,6703000.0,,97.49,4.5,8.23,,,False,,,USD,6535000.0
OCSL,0001414932,0001414932-26-000017,10-Q,2026-06-30,2026-08-05,"F&M Buyer LLC, Systems Software, First Lien Term Loan 2","F&M Buyer LLC, Systems Software","F&M Buyer LLC, Systems Software",First Lien,,,,-11000.0,-11000.0,0.0,,100.0,4.5,,,,False,,,USD,-11000.0
OCSL,0001414932,0001414932-26-000017,10-Q,2026-06-30,2026-08-05,"F&M Buyer LLC, Systems Software, First Lien Revolver","F&M Buyer LLC, Systems Software","F&M Buyer LLC, Systems Software",First Lien,,,,-24000.0,-10000.0,0.0,,240.0,4.5,,,,False,,,USD,-24000.0
OCSL,0001414932,0001414932-26-000017,10-Q,2026-06-30,2026-08-05,"Fairbridge Credit LLC, Real Estate Services, First Lien Term Loan","Fairbridge Credit LLC, Real Estate Services","Fairbridge Credit LLC, Real Estate Services",First Lien,,,,3442000.0,3442000.0,3442000.0,,100.0,,,,11.0,True,,,USD,3442000.0
OCSL,0001414932,0001414932-26-000017,10-Q,2026-06-30,2026-08-05,"Fairbridge Strategic Capital Funding LLC, Real Estate Operating Companies",Fairbridge Strategic Capital Funding LLC,Fairbridge Strategic Capital Funding LLC,,Real Estate Operating Companies,,,22273000.0,24210000.0,24210000.0,,92.0,,9.0,,,False,,,USD,22273000.0
OCSL,0001414932,0001414932-26-000017,10-Q,2026-06-30,2026-08-05,"Fairbridge Strategic Capital Funding LLC, Real Estate Operating Companies, Warrants",Fairbridge Strategic Capital Funding LLC,Fairbridge Strategic Capital Funding LLC,Warrants,Real Estate Operating Companies,,,0.0,0.0,,3750.0,,,,,,False,,,USD,0.0
OCSL,0001414932,0001414932-26-000017,10-Q,2026-06-30,2026-08-05,"Fiber Intermediate Holdings, LLC, Alternative Carriers, Second Lien Term Loan","Fiber Intermediate Holdings, LLC, Alternative Carriers","Fiber Intermediate Holdings, LLC, Alternative Carriers",Second Lien,,,,30912000.0,30944000.0,31868000.0,,97.0,6.75,10.37,,,False,,,USD,30912000.0
OCSL,0001414932,0001414932-26-000017,10-Q,2026-06-30,2026-08-05,"Fortress Biotech, Inc., Biotechnology, Warrants","Fortress Biotech, Inc.","Fortress Biotech, Inc.",Warrants,Biotechnology,,,23000.0,427000.0,,31246.0,5.39,,,,,False,,,USD,23000.0
OCSL,0001414932,0001414932-26-000017,10-Q,2026-06-30,2026-08-05,"Grand River Aseptic Manufacturing, Inc., Health Care Equipment, First Lien Term Loan","Grand River Aseptic Manufacturing, Inc., Health Care Equipment","Grand River Aseptic Manufacturing, Inc., Health Care Equipment",First Lien,,,,8352000.0,8366000.0,8432000.0,,99.05,5.75,9.41,,,False,,,USD,8352000.0
OCSL,0001414932,0001414932-26-000017,10-Q,2026-06-30,2026-08-05,"Grand River Aseptic Manufacturing, Inc., Health Care Equipment, First Lien Revolver","Grand River Aseptic Manufacturing, Inc., Health Care Equipment","Grand River Aseptic Manufacturing, Inc., Health Care Equipment",First Lien,,,,-25000.0,-20000.0,0.0,,125.0,5.75,,,,False,,,USD,-25000.0
OCSL,0001414932,0001414932-26-000017,10-Q,2026-06-30,2026-08-05,"Grove Hotel Parcel Owner, LLC, Hotels, Resorts & Cruise Lines, First Lien Term Loan 1","Grove Hotel Parcel Owner, LLC, Hotels, Resorts & Cruise Lines","Grove Hotel Parcel Owner, LLC, Hotels, Resorts & Cruise Lines",First Lien,,,,3324000.0,3510000.0,3524000.0,,94.32,8.0,11.74,,,False,,,USD,3324000.0
OCSL,0001414932,0001414932-26-000017,10-Q,2026-06-30,2026-08-05,"Grove Hotel Parcel Owner, LLC, Hotels, Resorts & Cruise Lines, First Lien Term Loan 2","Grove Hotel Parcel Owner, LLC, Hotels, Resorts & Cruise Lines","Grove Hotel Parcel Owner, LLC, Hotels, Resorts & Cruise Lines",First Lien,,,,15995000.0,16917000.0,16960000.0,,94.31,8.0,11.74,,,False,,,USD,15995000.0
OCSL,0001414932,0001414932-26-000017,10-Q,2026-06-30,2026-08-05,"Grove Hotel Parcel Owner, LLC, Hotels, Resorts & Cruise Lines, First Lien Revolver","Grove Hotel Parcel Owner, LLC, Hotels, Resorts & Cruise Lines","Grove Hotel Parcel Owner, LLC, Hotels, Resorts & Cruise Lines",First Lien,,,,781000.0,874000.0,881000.0,,88.65,8.0,11.74,,,False,,,USD,781000.0
OCSL,0001414932,0001414932-26-000017,10-Q,2026-06-30,2026-08-05,"HAH Group Holding Co LLC, Health Care Services, First Lien Term Loan",HAH Group Holding Co LLC,HAH Group Holding Co LLC,First Lien Term Loan,Health Care Services,,,2944000.0,3047000.0,3316000.0,,88.78,5.0,8.64,,,False,,,USD,2944000.0
OCSL,0001414932,0001414932-26-000017,10-Q,2026-06-30,2026-08-05,"HAH Group Holding Co LLC, Health Care Services, Fixed Rate Bond",HAH Group Holding Co LLC,HAH Group Holding Co LLC,Fixed Rate Bond,Health Care Services,,,3684000.0,3912000.0,4111000.0,,89.61,,9.75,,,False,,,USD,3684000.0
OCSL,0001414932,0001414932-26-000017,10-Q,2026-06-30,2026-08-05,"Harbor Purchaser Inc., Education Services, First Lien Term Loan","Harbor Purchaser Inc., Education Services","Harbor Purchaser Inc., Education Services",First Lien,,,,7199000.0,8803000.0,9060000.0,,79.46,5.25,9.01,,,False,,,USD,7199000.0
OCSL,0001414932,0001414932-26-000017,10-Q,2026-06-30,2026-08-05,"Hologic, Inc. | Health Care Equipment | Second Lien Term Loan",Hologic,Hologic,Second Lien,,,,20567000.0,20534000.0,20735000.0,,99.19,5.0,8.74,,,False,,,USD,20567000.0
OCSL,0001414932,0001414932-26-000017,10-Q,2026-06-30,2026-08-05,"HPS Loan Management Ltd, Multi-Sector Holdings, CLO Notes",HPS Loan Management Ltd,HPS Loan Management Ltd,CLO Notes,Multi-Sector Holdings,,,1404000.0,1407000.0,1400000.0,,100.29,5.35,9.03,,,False,,,USD,1404000.0
OCSL,0001414932,0001414932-26-000017,10-Q,2026-06-30,2026-08-05,"Icefall Parent, Inc., Application Software, First Lien Term Loan","Icefall Parent, Inc.","Icefall Parent, Inc.",First Lien Term Loan,Application Software,,,17798000.0,17888000.0,17945000.0,,99.18,4.5,8.23,,,False,,,USD,17798000.0
OCSL,0001414932,0001414932-26-000017,10-Q,2026-06-30,2026-08-05,"Icefall Parent, Inc., Application Software, First Lien Revolver","Icefall Parent, Inc.","Icefall Parent, Inc.",First Lien Revolver,Application Software,,,-14000.0,-12000.0,0.0,,116.67,4.5,,,,False,,,USD,-14000.0
OCSL,0001414932,0001414932-26-000017,10-Q,2026-06-30,2026-08-05,"iCIMs, Inc., Application Software, First Lien Term Loan 1","iCIMs, Inc.","iCIMs, Inc.",First Lien Term Loan 1,Application Software,,,23878000.0,25388000.0,25511000.0,,93.6,5.75,9.42,,,False,,,USD,23878000.0
OCSL,0001414932,0001414932-26-000017,10-Q,2026-06-30,2026-08-05,"iCIMs, Inc., Application Software, First Lien Term Loan 2","iCIMs, Inc.","iCIMs, Inc.",First Lien Term Loan 2,Application Software,,,3438000.0,3621000.0,3636000.0,,94.55,6.25,9.92,,,False,,,USD,3438000.0
OCSL,0001414932,0001414932-26-000017,10-Q,2026-06-30,2026-08-05,"iCIMs, Inc., Application Software, First Lien Revolver","iCIMs, Inc.","iCIMs, Inc.",First Lien Revolver,Application Software,,,510000.0,636000.0,655000.0,,77.86,5.75,9.41,,,False,,,USD,510000.0
OCSL,0001414932,0001414932-26-000017,10-Q,2026-06-30,2026-08-05,"IDF 14 FinanceCo, LLC | Internet Services & Infrastructure | First Lien Term Loan",IDF 14 FinanceCo,IDF 14 FinanceCo,First Lien,,,,5494000.0,5494000.0,5821000.0,,94.38,8.0,11.62,,,False,,,USD,5494000.0
OCSL,0001414932,0001414932-26-000017,10-Q,2026-06-30,2026-08-05,"IDF 14 FinanceCo, LLC | Internet Services & Infrastructure | Warrants",IDF 14 FinanceCo,IDF 14 FinanceCo,Warrant,,,,0.0,0.0,,29.0,,,,,,False,,,USD,0.0
OCSL,0001414932,0001414932-26-000017,10-Q,2026-06-30,2026-08-05,"Integrity Marketing Acquisition, LLC, Insurance Brokers, First Lien Term Loan 1","Integrity Marketing Acquisition, LLC, Insurance Brokers","Integrity Marketing Acquisition, LLC, Insurance Brokers",First Lien,,,,27216000.0,27139000.0,27243000.0,,99.9,5.0,8.67,,,False,,,USD,27216000.0
OCSL,0001414932,0001414932-26-000017,10-Q,2026-06-30,2026-08-05,"Integrity Marketing Acquisition, LLC, Insurance Brokers, First Lien Term Loan 2","Integrity Marketing Acquisition, LLC, Insurance Brokers","Integrity Marketing Acquisition, LLC, Insurance Brokers",First Lien,,,,-6000.0,-29000.0,0.0,,20.69,5.0,,,,False,,,USD,-6000.0
OCSL,0001414932,0001414932-26-000017,10-Q,2026-06-30,2026-08-05,"Integrity Marketing Acquisition, LLC, Insurance Brokers, First Lien Revolver","Integrity Marketing Acquisition, LLC, Insurance Brokers","Integrity Marketing Acquisition, LLC, Insurance Brokers",First Lien,,,,-2000.0,-14000.0,0.0,,14.29,5.0,,,,False,,,USD,-2000.0
OCSL,0001414932,0001414932-26-000017,10-Q,2026-06-30,2026-08-05,"Intralot Capital Luxembourg S.A., Casinos & Gaming, First Lien Term Loan","Intralot Capital Luxembourg S.A., Casinos & Gaming","Intralot Capital Luxembourg S.A., Casinos & Gaming",First Lien,,,,19062000.0,19298000.0,14624000.0,,98.78,5.5,9.23,,,False,,,USD,19062000.0
OCSL,0001414932,0001414932-26-000017,10-Q,2026-06-30,2026-08-05,"Inventus Power, Inc., Electrical Components & Equipment, First Lien Term Loan","Inventus Power, Inc., Electrical Components & Equipment","Inventus Power, Inc., Electrical Components & Equipment",First Lien,,,,21879000.0,21879000.0,22257000.0,,98.3,5.75,9.42,,,False,,,USD,21879000.0
OCSL,0001414932,0001414932-26-000017,10-Q,2026-06-30,2026-08-05,"Inventus Power, Inc., Electrical Components & Equipment, First Lien Revolver","Inventus Power, Inc., Electrical Components & Equipment","Inventus Power, Inc., Electrical Components & Equipment",First Lien,,,,461000.0,461000.0,504000.0,,91.47,5.75,9.42,,,False,,,USD,461000.0
OCSL,0001414932,0001414932-26-000017,10-Q,2026-06-30,2026-08-05,"IPC Corp., Application Software, First Lien Term Loan",IPC Corp.,IPC Corp.,First Lien Term Loan,Application Software,,,27422000.0,27694000.0,27699000.0,,99.0,6.5,9.3,,1.0,True,,,USD,27422000.0
OCSL,0001414932,0001414932-26-000017,10-Q,2026-06-30,2026-08-05,IPC Intermediate Holdings Corp. | Application Software | First Lien Term Loan,IPC Intermediate Holdings Corp. | Application Software |,IPC Intermediate Holdings Corp. | Application Software |,First Lien,,,,5046000.0,5114000.0,5149000.0,,98.0,,,,12.0,True,,,USD,5046000.0
OCSL,0001414932,0001414932-26-000017,10-Q,2026-06-30,2026-08-05,"Jeppesen Holdings, LLC, Application Software, First Lien Term Loan","Jeppesen Holdings, LLC","Jeppesen Holdings, LLC",First Lien Term Loan,Application Software,,,10599000.0,10827000.0,10881000.0,,97.41,4.75,8.41,,,False,,,USD,10599000.0
OCSL,0001414932,0001414932-26-000017,10-Q,2026-06-30,2026-08-05,"Jeppesen Holdings, LLC, Application Software, First Lien Revolver","Jeppesen Holdings, LLC","Jeppesen Holdings, LLC",First Lien Revolver,Application Software,,,-19000.0,-4000.0,0.0,,475.0,4.75,,,,False,,,USD,-19000.0
OCSL,0001414932,0001414932-26-000017,10-Q,2026-06-30,2026-08-05,"JN Bidco LLC, Health Care Technology, Common Stock",JN Bidco LLC,JN Bidco LLC,Common Stock,Health Care Technology,,,17993000.0,8312000.0,,,216.47,,,,,False,,,USD,17993000.0
OCSL,0001414932,0001414932-26-000017,10-Q,2026-06-30,2026-08-05,Jonah Energy South Texas LLC | Oil & Gas Exploration & Production | First Lien Term Loan,Jonah Energy South Texas LLC | Oil & Gas Exploration & Production |,Jonah Energy South Texas LLC | Oil & Gas Exploration & Production |,First Lien,,,,21348000.0,21349000.0,21551000.0,,99.06,6.0,9.73,,,False,,,USD,21348000.0
OCSL,0001414932,0001414932-26-000017,10-Q,2026-06-30,2026-08-05,"Kaseya Inc., Systems Software, Second Lien Term Loan","Kaseya Inc., Systems Software","Kaseya Inc., Systems Software",Second Lien,,,,10058000.0,16390000.0,16432000.0,,61.21,5.0,8.66,,,False,,,USD,10058000.0
OCSL,0001414932,0001414932-26-000017,10-Q,2026-06-30,2026-08-05,"Kings Buyer, LLC, Environmental & Facilities Services, First Lien Term Loan 1","Kings Buyer, LLC, Environmental & Facilities Services","Kings Buyer, LLC, Environmental & Facilities Services",First Lien,,,,34944000.0,36790000.0,36970000.0,,94.52,5.25,9.08,,,False,,,USD,34944000.0
OCSL,0001414932,0001414932-26-000017,10-Q,2026-06-30,2026-08-05,"Kings Buyer, LLC, Environmental & Facilities Services, First Lien Term Loan 2","Kings Buyer, LLC, Environmental & Facilities Services","Kings Buyer, LLC, Environmental & Facilities Services",First Lien,,,,15363000.0,16226000.0,16254000.0,,94.52,5.25,9.08,,,False,,,USD,15363000.0
OCSL,0001414932,0001414932-26-000017,10-Q,2026-06-30,2026-08-05,"Kings Buyer, LLC, Environmental & Facilities Services, First Lien Revolver","Kings Buyer, LLC, Environmental & Facilities Services","Kings Buyer, LLC, Environmental & Facilities Services",First Lien,,,,5710000.0,6141000.0,6168000.0,,92.57,4.25,11.0,,,False,,,USD,5710000.0
OCSL,0001414932,0001414932-26-000017,10-Q,2026-06-30,2026-08-05,"Kite Midco II Inc., Research & Consulting Services, First Lien Term Loan 1","Kite Midco II Inc., Research & Consulting Services","Kite Midco II Inc., Research & Consulting Services",First Lien,,,,9564000.0,9532000.0,9644000.0,,99.17,4.5,8.17,,,False,,,USD,9564000.0
OCSL,0001414932,0001414932-26-000017,10-Q,2026-06-30,2026-08-05,"Kite Midco II Inc., Research & Consulting Services, First Lien Term Loan 2","Kite Midco II Inc., Research & Consulting Services","Kite Midco II Inc., Research & Consulting Services",First Lien,,,,-16000.0,-14000.0,0.0,,114.29,4.5,,,,False,,,USD,-16000.0
OCSL,0001414932,0001414932-26-000017,10-Q,2026-06-30,2026-08-05,"LDS Buyer, LLC, Air Freight & Logistics, First Lien Term Loan 1","LDS Buyer, LLC","LDS Buyer, LLC",First Lien Term Loan 1,Air Freight & Logistics,,,13572000.0,13593000.0,13730000.0,,98.85,5.0,8.64,,,False,,,USD,13572000.0
OCSL,0001414932,0001414932-26-000017,10-Q,2026-06-30,2026-08-05,"LDS Buyer, LLC, Air Freight & Logistics, First Lien Term Loan 2","LDS Buyer, LLC","LDS Buyer, LLC",First Lien Term Loan 2,Air Freight & Logistics,,,2687000.0,2691000.0,2719000.0,,98.82,5.0,8.64,,,False,,,USD,2687000.0
OCSL,0001414932,0001414932-26-000017,10-Q,2026-06-30,2026-08-05,"LDS Buyer, LLC, Air Freight & Logistics, First Lien Revolver","LDS Buyer, LLC","LDS Buyer, LLC",First Lien Revolver,Air Freight & Logistics,,,-24000.0,-21000.0,0.0,,114.29,5.0,,,,False,,,USD,-24000.0
OCSL,0001414932,0001414932-26-000017,10-Q,2026-06-30,2026-08-05,"Legends Hospitality Holding Company, LLC, Specialized Consumer Services, First Lien Term Loan 1","Legends Hospitality Holding Company, LLC, Specialized Consumer Services","Legends Hospitality Holding Company, LLC, Specialized Consumer Services",First Lien,,,,26727000.0,26844000.0,27225000.0,,98.17,5.5,6.41,,2.75,True,,,USD,26727000.0
OCSL,0001414932,0001414932-26-000017,10-Q,2026-06-30,2026-08-05,"Legends Hospitality Holding Company, LLC, Specialized Consumer Services, First Lien Term Loan 2","Legends Hospitality Holding Company, LLC, Specialized Consumer Services","Legends Hospitality Holding Company, LLC, Specialized Consumer Services",First Lien,,,,1509000.0,1513000.0,1537000.0,,98.18,5.0,8.66,,,False,,,USD,1509000.0
OCSL,0001414932,0001414932-26-000017,10-Q,2026-06-30,2026-08-05,"Legends Hospitality Holding Company, LLC, Specialized Consumer Services, First Lien Revolver","Legends Hospitality Holding Company, LLC, Specialized Consumer Services","Legends Hospitality Holding Company, LLC, Specialized Consumer Services",First Lien,,,,810000.0,810000.0,853000.0,,94.96,5.0,8.64,,,False,,,USD,810000.0
OCSL,0001414932,0001414932-26-000017,10-Q,2026-06-30,2026-08-05,"Lightbox Intermediate, L.P., Real Estate Services, First Lien Term Loan","Lightbox Intermediate, L.P., Real Estate Services","Lightbox Intermediate, L.P., Real Estate Services",First Lien,,,,18900000.0,19204000.0,19410000.0,,97.37,5.0,8.64,,,False,,,USD,18900000.0
OCSL,0001414932,0001414932-26-000017,10-Q,2026-06-30,2026-08-05,"Lightbox Intermediate, L.P., Real Estate Services, First Lien Rvolver","Lightbox Intermediate, L.P., Real Estate Services","Lightbox Intermediate, L.P., Real Estate Services",First Lien,,,,-34000.0,-13000.0,0.0,,261.54,5.0,,,,False,,,USD,-34000.0
OCSL,0001414932,0001414932-26-000017,10-Q,2026-06-30,2026-08-05,"London Buyer, LLC, Advertising, First Lien Term Loan 1","London Buyer, LLC, Advertising","London Buyer, LLC, Advertising",First Lien,,,,16198000.0,16198000.0,16361000.0,,99.0,5.0,8.61,,,False,,,USD,16198000.0
OCSL,0001414932,0001414932-26-000017,10-Q,2026-06-30,2026-08-05,"London Buyer, LLC, Advertising, First Lien Term Loan 2","London Buyer, LLC, Advertising","London Buyer, LLC, Advertising",First Lien,,,,-9000.0,-9000.0,0.0,,100.0,5.0,,,,False,,,USD,-9000.0
OCSL,0001414932,0001414932-26-000017,10-Q,2026-06-30,2026-08-05,"London Buyer, LLC, Advertising, First Lien Revolver","London Buyer, LLC, Advertising","London Buyer, LLC, Advertising",First Lien,,,,-27000.0,-27000.0,0.0,,100.0,5.0,,,,False,,,USD,-27000.0
OCSL,0001414932,0001414932-26-000017,10-Q,2026-06-30,2026-08-05,"LSL Holdco, LLC, Health Care Distributors, First Lien Term Loan 1","LSL Holdco, LLC, Health Care Distributors","LSL Holdco, LLC, Health Care Distributors",First Lien,,,,2588000.0,2610000.0,2660000.0,,97.29,5.75,9.49,,,False,,,USD,2588000.0
OCSL,0001414932,0001414932-26-000017,10-Q,2026-06-30,2026-08-05,"LSL Holdco, LLC, Health Care Distributors, First Lien Term Loan 2","LSL Holdco, LLC, Health Care Distributors","LSL Holdco, LLC, Health Care Distributors",First Lien,,,,22224000.0,22708000.0,22838000.0,,97.31,5.75,9.49,,,False,,,USD,22224000.0
OCSL,0001414932,0001414932-26-000017,10-Q,2026-06-30,2026-08-05,"LSL Holdco, LLC, Health Care Distributors, First Lien Revolver","LSL Holdco, LLC, Health Care Distributors","LSL Holdco, LLC, Health Care Distributors",First Lien,,,,1837000.0,1893000.0,1908000.0,,96.28,5.75,9.49,,,False,,,USD,1837000.0
OCSL,0001414932,0001414932-26-000017,10-Q,2026-06-30,2026-08-05,"McAfee Corp, Systems Software, First Lien Term Loan","McAfee Corp, Systems Software","McAfee Corp, Systems Software",First Lien,,,,6388000.0,6849000.0,7165000.0,,89.16,3.0,6.64,,,False,,,USD,6388000.0
OCSL,0001414932,0001414932-26-000017,10-Q,2026-06-30,2026-08-05,"Merlin Parent Holdings 2026, Inc., Cable & Satellite, Subordinated Debt Term Loan","Merlin Parent Holdings 2026, Inc., Cable & Satellite","Merlin Parent Holdings 2026, Inc., Cable & Satellite",Subordinated,,,,21847000.0,21847000.0,22290000.0,,98.01,6.75,10.48,,,False,,,USD,21847000.0
OCSL,0001414932,0001414932-26-000017,10-Q,2026-06-30,2026-08-05,"Mesoblast, Inc., Biotechnology, Warrants","Mesoblast, Inc.","Mesoblast, Inc.",Warrants,Biotechnology,,,278000.0,545000.0,,129939.0,51.01,,,,,False,,,USD,278000.0
OCSL,0001414932,0001414932-26-000017,10-Q,2026-06-30,2026-08-05,"MHE Intermediate Holdings, LLC, Diversified Support Services, First Lien Term Loan 1","MHE Intermediate Holdings, LLC","MHE Intermediate Holdings, LLC",First Lien Term Loan 1,Diversified Support Services,,,2530000.0,2550000.0,2557000.0,,98.94,6.0,9.81,,,False,,,USD,2530000.0
OCSL,0001414932,0001414932-26-000017,10-Q,2026-06-30,2026-08-05,"MHE Intermediate Holdings, LLC, Diversified Support Services, First Lien Term Loan 2","MHE Intermediate Holdings, LLC","MHE Intermediate Holdings, LLC",First Lien Term Loan 2,Diversified Support Services,,,7147000.0,7203000.0,7224000.0,,98.93,6.0,9.81,,,False,,,USD,7147000.0
OCSL,0001414932,0001414932-26-000017,10-Q,2026-06-30,2026-08-05,"MHE Intermediate Holdings, LLC, Diversified Support Services, First Lien Revolver","MHE Intermediate Holdings, LLC","MHE Intermediate Holdings, LLC",First Lien Revolver,Diversified Support Services,,,1053000.0,1064000.0,1071000.0,,98.32,6.0,9.81,,,False,,,USD,1053000.0
OCSL,0001414932,0001414932-26-000017,10-Q,2026-06-30,2026-08-05,"Minotaur Acquisition, Inc., Diversified Financial Services, First Lien Term Loan 1","Minotaur Acquisition, Inc.","Minotaur Acquisition, Inc.",First Lien Term Loan 1,Diversified Financial Services,,,6851000.0,6822000.0,6912000.0,,99.12,5.0,8.64,,,False,,,USD,6851000.0
OCSL,0001414932,0001414932-26-000017,10-Q,2026-06-30,2026-08-05,"Minotaur Acquisition, Inc., Diversified Financial Services, First Lien Term Loan 2","Minotaur Acquisition, Inc.","Minotaur Acquisition, Inc.",First Lien Term Loan 2,Diversified Financial Services,,,1163000.0,1158000.0,1173000.0,,99.15,5.0,8.64,,,False,,,USD,1163000.0
OCSL,0001414932,0001414932-26-000017,10-Q,2026-06-30,2026-08-05,"Minotaur Acquisition, Inc., Diversified Financial Services, First Lien Term Loan 3","Minotaur Acquisition, Inc.","Minotaur Acquisition, Inc.",First Lien Term Loan 3,Diversified Financial Services,,,1092000.0,1088000.0,1102000.0,,99.09,5.0,,,,False,,,USD,1092000.0
OCSL,0001414932,0001414932-26-000017,10-Q,2026-06-30,2026-08-05,"Minotaur Acquisition, Inc., Diversified Financial Services, First Lien Term Loan 4","Minotaur Acquisition, Inc.","Minotaur Acquisition, Inc.",First Lien Term Loan 4,Diversified Financial Services,,,10762000.0,10764000.0,10858000.0,,99.12,5.0,8.64,,,False,,,USD,10762000.0
OCSL,0001414932,0001414932-26-000017,10-Q,2026-06-30,2026-08-05,"Minotaur Acquisition, Inc., Diversified Financial Services, First Lien Revolver","Minotaur Acquisition, Inc.","Minotaur Acquisition, Inc.",First Lien Revolver,Diversified Financial Services,,,-6000.0,-9000.0,0.0,,66.67,5.0,,,,False,,,USD,-6000.0
OCSL,0001414932,0001414932-26-000017,10-Q,2026-06-30,2026-08-05,"Modena Buyer LLC, Application Software, First Lien Term Loan",Modena Buyer LLC,Modena Buyer LLC,First Lien Term Loan,Application Software,,,20812000.0,22140000.0,22463000.0,,92.65,4.25,7.91,,,False,,,USD,20812000.0
OCSL,0001414932,0001414932-26-000017,10-Q,2026-06-30,2026-08-05,"Monotype Imaging Holdings Inc., Application Software, First Lien Term Loan 1",Monotype Imaging Holdings Inc.,Monotype Imaging Holdings Inc.,First Lien Term Loan 1,Application Software,,,36208000.0,37089000.0,37654000.0,,96.16,5.25,8.89,,,False,,,USD,36208000.0
OCSL,0001414932,0001414932-26-000017,10-Q,2026-06-30,2026-08-05,"Monotype Imaging Holdings Inc., Application Software, First Lien Term Loan 2",Monotype Imaging Holdings Inc.,Monotype Imaging Holdings Inc.,First Lien Term Loan 2,Application Software,,,784000.0,808000.0,815000.0,,96.2,5.25,8.89,,,False,,,USD,784000.0
OCSL,0001414932,0001414932-26-000017,10-Q,2026-06-30,2026-08-05,"Monotype Imaging Holdings Inc., Application Software, First Lien Revolver",Monotype Imaging Holdings Inc.,Monotype Imaging Holdings Inc.,First Lien Revolver,Application Software,,,-159000.0,-44000.0,0.0,,361.36,5.25,,,,False,,,USD,-159000.0
OCSL,0001414932,0001414932-26-000017,10-Q,2026-06-30,2026-08-05,MP Midco Holdings LLC | Packaged Foods & Meats | First Lien Term Loan,MP Midco Holdings LLC | Packaged Foods & Meats |,MP Midco Holdings LLC | Packaged Foods & Meats |,First Lien,,,,4304000.0,4294000.0,4270000.0,,100.8,6.5,10.23,,,False,,,USD,4304000.0
OCSL,0001414932,0001414932-26-000017,10-Q,2026-06-30,2026-08-05,"MRI Software LLC, Application Software, First Lien Term Loan 1",MRI Software LLC,MRI Software LLC,First Lien Term Loan 1,Application Software,,,39644000.0,40346000.0,40519000.0,,97.84,4.75,8.48,,,False,,,USD,39644000.0
OCSL,0001414932,0001414932-26-000017,10-Q,2026-06-30,2026-08-05,"MRI Software LLC, Application Software, First Lien Term Loan 2",MRI Software LLC,MRI Software LLC,First Lien Term Loan 2,Application Software,,,13284000.0,13561000.0,13577000.0,,97.84,4.75,8.48,,,False,,,USD,13284000.0
OCSL,0001414932,0001414932-26-000017,10-Q,2026-06-30,2026-08-05,"MRI Software LLC, Application Software, First Lien Term Loan 3",MRI Software LLC,MRI Software LLC,First Lien Term Loan 3,Application Software,,,2349000.0,2392000.0,2401000.0,,97.83,4.75,8.48,,,False,,,USD,2349000.0
OCSL,0001414932,0001414932-26-000017,10-Q,2026-06-30,2026-08-05,"MRI Software LLC, Application Software, First Lien Revolver",MRI Software LLC,MRI Software LLC,First Lien Revolver,Application Software,,,1038000.0,1113000.0,1137000.0,,91.29,4.75,8.48,,,False,,,USD,1038000.0
OCSL,0001414932,0001414932-26-000017,10-Q,2026-06-30,2026-08-05,"MRO Florida, Inc., Aerospace & Defense, First Lien Term Loan 1","MRO Florida, Inc.","MRO Florida, Inc.",First Lien Term Loan 1,Aerospace & Defense,,,16479000.0,16605000.0,16730000.0,,98.5,4.5,8.18,,,False,,,USD,16479000.0
OCSL,0001414932,0001414932-26-000017,10-Q,2026-06-30,2026-08-05,"MRO Florida, Inc., Aerospace & Defense, First Lien Term Loan 2","MRO Florida, Inc.","MRO Florida, Inc.",First Lien Term Loan 2,Aerospace & Defense,,,1051000.0,1066000.0,1076000.0,,97.68,4.5,8.2,,,False,,,USD,1051000.0
OCSL,0001414932,0001414932-26-000017,10-Q,2026-06-30,2026-08-05,"National Mentor Holdings, Health Care Services, Fixed Rate Bond",National Mentor Holdings,National Mentor Holdings,Fixed Rate Bond,Health Care Services,,,6787000.0,6324000.0,6435000.0,,105.47,,10.5,,,False,,,USD,6787000.0
OCSL,0001414932,0001414932-26-000017,10-Q,2026-06-30,2026-08-05,"Nellson Nutraceutical, LLC, Packaged Foods & Meats, First Lien Term Loan 1","Nellson Nutraceutical, LLC, Packaged Foods & Meats","Nellson Nutraceutical, LLC, Packaged Foods & Meats",First Lien,,,,2810000.0,2810000.0,2845000.0,,98.77,5.75,9.48,,,False,,,USD,2810000.0
OCSL,0001414932,0001414932-26-000017,10-Q,2026-06-30,2026-08-05,"Nellson Nutraceutical, LLC, Packaged Foods & Meats, First Lien Term Loan 2","Nellson Nutraceutical, LLC, Packaged Foods & Meats","Nellson Nutraceutical, LLC, Packaged Foods & Meats",First Lien,,,,9467000.0,9468000.0,9583000.0,,98.79,5.75,9.48,,,False,,,USD,9467000.0
OCSL,0001414932,0001414932-26-000017,10-Q,2026-06-30,2026-08-05,"Nellson Nutraceutical, LLC, Packaged Foods & Meats, First Lien Term Loan 3","Nellson Nutraceutical, LLC, Packaged Foods & Meats","Nellson Nutraceutical, LLC, Packaged Foods & Meats",First Lien,,,,-5000.0,-6000.0,0.0,,83.33,5.75,,,,False,,,USD,-5000.0
OCSL,0001414932,0001414932-26-000017,10-Q,2026-06-30,2026-08-05,"Nellson Nutraceutical, LLC, Packaged Foods & Meats, First Lien Revolver","Nellson Nutraceutical, LLC, Packaged Foods & Meats","Nellson Nutraceutical, LLC, Packaged Foods & Meats",First Lien,,,,761000.0,761000.0,784000.0,,97.07,4.75,11.5,,,False,,,USD,761000.0
OCSL,0001414932,0001414932-26-000017,10-Q,2026-06-30,2026-08-05,"New AWL Holdings, LLC, Advertising, Earnout Interest 1","New AWL Holdings, LLC, Advertising, Earnout Interest 1","New AWL Holdings, LLC, Advertising, Earnout Interest 1",,,,,4763000.0,4770000.0,,,99.85,,,,,False,,,USD,4763000.0
OCSL,0001414932,0001414932-26-000017,10-Q,2026-06-30,2026-08-05,"New AWL Holdings, LLC, Advertising, Earnout Interest 2","New AWL Holdings, LLC, Advertising, Earnout Interest 2","New AWL Holdings, LLC, Advertising, Earnout Interest 2",,,,,2055000.0,2055000.0,,,100.0,,,,,False,,,USD,2055000.0
OCSL,0001414932,0001414932-26-000017,10-Q,2026-06-30,2026-08-05,"New Spanx, LLC, Apparel Retail, First Lien Term Loan","New Spanx, LLC, Apparel Retail","New Spanx, LLC, Apparel Retail",First Lien,,,,4064000.0,4126000.0,4126000.0,,98.5,5.5,9.12,,,False,,,USD,4064000.0
OCSL,0001414932,0001414932-26-000017,10-Q,2026-06-30,2026-08-05,"New Spanx, LLC, Apparel Retail, First Lien Revolver","New Spanx, LLC, Apparel Retail","New Spanx, LLC, Apparel Retail",First Lien,,,,1218000.0,1237000.0,1237000.0,,98.46,5.5,9.12,,,False,,,USD,1218000.0
OCSL,0001414932,0001414932-26-000017,10-Q,2026-06-30,2026-08-05,"New Spanx, LLC, Apparel Retail, Common Stock","New Spanx, LLC, Apparel Retail","New Spanx, LLC, Apparel Retail",Common Equity,,,,4951000.0,4951000.0,,41258131.0,100.0,,,,,False,,,USD,4951000.0
OCSL,0001414932,0001414932-26-000017,10-Q,2026-06-30,2026-08-05,"Next Holdco, LLC, Health Care Technology, First Lien Term Loan 1","Next Holdco, LLC","Next Holdco, LLC",First Lien Term Loan 1,Health Care Technology,,,19385000.0,19362000.0,19545000.0,,99.18,5.25,8.89,,,False,,,USD,19385000.0
OCSL,0001414932,0001414932-26-000017,10-Q,2026-06-30,2026-08-05,"Next Holdco, LLC, Health Care Technology, First Lien Term Loan 2","Next Holdco, LLC","Next Holdco, LLC",First Lien Term Loan 2,Health Care Technology,,,7643000.0,7647000.0,7706000.0,,99.18,5.25,8.89,,,False,,,USD,7643000.0
OCSL,0001414932,0001414932-26-000017,10-Q,2026-06-30,2026-08-05,"Next Holdco, LLC, Health Care Technology, First Lien Revolver","Next Holdco, LLC","Next Holdco, LLC",First Lien Revolver,Health Care Technology,,,-15000.0,-16000.0,0.0,,93.75,5.25,,,,False,,,USD,-15000.0
OCSL,0001414932,0001414932-26-000017,10-Q,2026-06-30,2026-08-05,Nexus Buyer LLC | Specialized Finance | First Lien Term Loan,Nexus Buyer LLC | Specialized Finance |,Nexus Buyer LLC | Specialized Finance |,First Lien,,,,2412000.0,2422000.0,2497000.0,,96.6,3.5,7.14,,,False,,,USD,2412000.0
OCSL,0001414932,0001414932-26-000017,10-Q,2026-06-30,2026-08-05,NFO Orange Buyer LLC | Distributors | First Lien Term Loan 1,NFO Orange Buyer LLC | Distributors |,NFO Orange Buyer LLC | Distributors |,First Lien,,,,11860000.0,11857000.0,11916000.0,,99.53,4.5,8.24,,,False,,,USD,11860000.0
OCSL,0001414932,0001414932-26-000017,10-Q,2026-06-30,2026-08-05,NFO Orange Buyer LLC | Distributors | First Lien Term Loan 2,NFO Orange Buyer LLC | Distributors |,NFO Orange Buyer LLC | Distributors |,First Lien,,,,-6000.0,-6000.0,0.0,,100.0,4.5,,,,False,,,USD,-6000.0
OCSL,0001414932,0001414932-26-000017,10-Q,2026-06-30,2026-08-05,NFO Orange Buyer LLC | Distributors | First Lien Revolver,NFO Orange Buyer LLC | Distributors |,NFO Orange Buyer LLC | Distributors |,First Lien,,,,928000.0,928000.0,936000.0,,99.15,3.5,10.25,,,False,,,USD,928000.0
OCSL,0001414932,0001414932-26-000017,10-Q,2026-06-30,2026-08-05,"NN, Inc., Industrial Machinery & Supplies & Components, Common Stock","NN, Inc., Industrial Machinery & Supplies & Components","NN, Inc., Industrial Machinery & Supplies & Components",Common Equity,,,,1809000.0,0.0,,503960.0,,,,,,False,,,USD,1809000.0
OCSL,0001414932,0001414932-26-000017,10-Q,2026-06-30,2026-08-05,"Northwoods Capital 20 Ltd, Multi-Sector Holdings, CLO Notes",Northwoods Capital 20 Ltd,Northwoods Capital 20 Ltd,CLO Notes,Multi-Sector Holdings,,,1390000.0,1488000.0,1500000.0,,92.67,6.88,10.55,,,False,,,USD,1390000.0
OCSL,0001414932,0001414932-26-000017,10-Q,2026-06-30,2026-08-05,"Octagon 67 Ltd, Multi-Sector Holdings, CLO Notes",Octagon 67 Ltd,Octagon 67 Ltd,CLO Notes,Multi-Sector Holdings,,,1005000.0,1033000.0,1000000.0,,100.5,7.41,11.08,,,False,,,USD,1005000.0
OCSL,0001414932,0001414932-26-000017,10-Q,2026-06-30,2026-08-05,"Optimizely North America Inc., Application Software, First Lien Term Loan",Optimizely North America Inc.,Optimizely North America Inc.,First Lien Term Loan,Application Software,,,10702000.0,11206000.0,11291000.0,,94.78,5.5,6.64,,2.5,True,,,USD,10702000.0
OCSL,0001414932,0001414932-26-000017,10-Q,2026-06-30,2026-08-05,"Optimizely North America Inc., Application Software, First Lien Revolver",Optimizely North America Inc.,Optimizely North America Inc.,First Lien Revolver,Application Software,,,-77000.0,-13000.0,0.0,,592.31,5.0,,,,False,,,USD,-77000.0
OCSL,0001414932,0001414932-26-000017,10-Q,2026-06-30,2026-08-05,"Optimizely Sweden Holdings AB, Application Software, First Lien Term Loan 1",Optimizely Sweden Holdings AB,Optimizely Sweden Holdings AB,First Lien Term Loan 1,Application Software,,,4366000.0,4351000.0,4034000.0,,108.23,5.75,5.46,,2.5,True,,,USD,4366000.0
OCSL,0001414932,0001414932-26-000017,10-Q,2026-06-30,2026-08-05,"Optimizely Sweden Holdings AB, Application Software, First Lien Term Loan 2",Optimizely Sweden Holdings AB,Optimizely Sweden Holdings AB,First Lien Term Loan 2,Application Software,,,1693000.0,1736000.0,1345000.0,,125.87,6.0,7.23,,2.5,True,,,USD,1693000.0
OCSL,0001414932,0001414932-26-000017,10-Q,2026-06-30,2026-08-05,"OTG Management, LLC, Airport Services, First Lien Term Loan","OTG Management, LLC, Airport Services","OTG Management, LLC, Airport Services",First Lien,,,,14748000.0,13764000.0,14748000.0,,100.0,8.5,,,12.1,True,,,USD,14748000.0
OCSL,0001414932,0001414932-26-000017,10-Q,2026-06-30,2026-08-05,"OTG Management, LLC, Airport Services, Common Stock","OTG Management, LLC, Airport Services","OTG Management, LLC, Airport Services",Common Equity,,,,4050000.0,22330000.0,,2613034.0,18.14,,,,,False,,,USD,4050000.0
OCSL,0001414932,0001414932-26-000017,10-Q,2026-06-30,2026-08-05,"Otranto Park, Multi-Sector Holdings, CLO Notes",Otranto Park,Otranto Park,CLO Notes,Multi-Sector Holdings,,,1190000.0,1211000.0,1050000.0,,113.33,5.4,7.6,,,False,,,USD,1190000.0
OCSL,0001414932,0001414932-26-000017,10-Q,2026-06-30,2026-08-05,"PAI Financing Merger Sub LLC, Pharmaceuticals, First Lien Term Loan",PAI Financing Merger Sub LLC,PAI Financing Merger Sub LLC,First Lien Term Loan,Pharmaceuticals,,,23949000.0,24020000.0,24313000.0,,98.5,4.75,8.48,,,False,,,USD,23949000.0
OCSL,0001414932,0001414932-26-000017,10-Q,2026-06-30,2026-08-05,"PAI Financing Merger Sub LLC, Pharmaceuticals, First Lien Revolver",PAI Financing Merger Sub LLC,PAI Financing Merger Sub LLC,First Lien Revolver,Pharmaceuticals,,,-78000.0,-63000.0,0.0,,123.81,4.75,,,,False,,,USD,-78000.0
OCSL,0001414932,0001414932-26-000017,10-Q,2026-06-30,2026-08-05,"Park Blue CLO Ltd, Multi-Sector Holdings, CLO Notes 1",Park Blue CLO Ltd,Park Blue CLO Ltd,CLO Notes 1,Multi-Sector Holdings,,,2571000.0,2833000.0,2750000.0,,93.49,7.09,10.77,,,False,,,USD,2571000.0
OCSL,0001414932,0001414932-26-000017,10-Q,2026-06-30,2026-08-05,"Park Blue CLO Ltd, Multi-Sector Holdings, CLO Notes 2",Park Blue CLO Ltd,Park Blue CLO Ltd,CLO Notes 2,Multi-Sector Holdings,,,1747000.0,1750000.0,1750000.0,,99.83,5.55,9.22,,,False,,,USD,1747000.0
OCSL,0001414932,0001414932-26-000017,10-Q,2026-06-30,2026-08-05,"Paulus Holdings Public Limited Company, Health Care Technology, Preferred Equity",Paulus Holdings Public Limited Company,Paulus Holdings Public Limited Company,Preferred Equity,Health Care Technology,,,1787000.0,1165000.0,,57326.0,153.39,,,,,False,,,USD,1787000.0
OCSL,0001414932,0001414932-26-000017,10-Q,2026-06-30,2026-08-05,"Paulus Holdings Public Limited Company, Health Care Technology, Warrants",Paulus Holdings Public Limited Company,Paulus Holdings Public Limited Company,Warrants,Health Care Technology,,,393000.0,256000.0,,12593.0,153.52,,,,,False,,,USD,393000.0
OCSL,0001414932,0001414932-26-000017,10-Q,2026-06-30,2026-08-05,"PetVet Care Centers, LLC, Health Care Services, First Lien Term Loan","PetVet Care Centers, LLC","PetVet Care Centers, LLC",First Lien Term Loan,Health Care Services,,,45934000.0,50682000.0,51323000.0,,89.5,6.0,9.64,,,False,,,USD,45934000.0
OCSL,0001414932,0001414932-26-000017,10-Q,2026-06-30,2026-08-05,"PetVet Care Centers, LLC, Health Care Services, First Lien Revolver","PetVet Care Centers, LLC","PetVet Care Centers, LLC",First Lien Revolver,Health Care Services,,,1339000.0,1983000.0,2060000.0,,65.0,6.0,9.64,,,False,,,USD,1339000.0
OCSL,0001414932,0001414932-26-000017,10-Q,2026-06-30,2026-08-05,"PetVet Care Centers, LLC, Health Care Services, Preferred Equity","PetVet Care Centers, LLC","PetVet Care Centers, LLC",Preferred Equity,Health Care Services,,,5322000.0,4440000.0,,4531.0,119.86,,,,,False,,,USD,5322000.0
OCSL,0001414932,0001414932-26-000017,10-Q,2026-06-30,2026-08-05,"Phoenix Finance, Inc., Application Software, First Lien Term Loan","Phoenix Finance, Inc.","Phoenix Finance, Inc.",First Lien Term Loan,Application Software,,,5569000.0,5763000.0,5857000.0,,95.08,9.0,,,12.73,True,,,USD,5569000.0
OCSL,0001414932,0001414932-26-000017,10-Q,2026-06-30,2026-08-05,"Phoenix Finance, Inc., Application Software, Second Lien Term Loan","Phoenix Finance, Inc.","Phoenix Finance, Inc.",Second Lien Term Loan,Application Software,,,9461000.0,10382000.0,10391000.0,,91.05,7.5,,,11.38,True,,,USD,9461000.0
OCSL,0001414932,0001414932-26-000017,10-Q,2026-06-30,2026-08-05,"Pike Corporation, Construction & Engineering, First Lien Term Loan 1",Pike Corporation,Pike Corporation,First Lien Term Loan 1,Construction & Engineering,,,20205000.0,20117000.0,20117000.0,,100.44,4.25,7.89,,,False,,,USD,20205000.0
OCSL,0001414932,0001414932-26-000017,10-Q,2026-06-30,2026-08-05,"Pike Corporation, Construction & Engineering, First Lien Term Loan 2",Pike Corporation,Pike Corporation,First Lien Term Loan 2,Construction & Engineering,,,-17000.0,10000.0,0.0,,-170.0,4.25,,,,False,,,USD,-17000.0
OCSL,0001414932,0001414932-26-000017,10-Q,2026-06-30,2026-08-05,"Pike Corporation, Construction & Engineering, First Lien Revolver",Pike Corporation,Pike Corporation,First Lien Revolver,Construction & Engineering,,,-11000.0,0.0,0.0,,,4.25,,,,False,,,USD,-11000.0
OCSL,0001414932,0001414932-26-000017,10-Q,2026-06-30,2026-08-05,"Pluralsight, LLC, Application Software, First Lien Term Loan 1","Pluralsight, LLC","Pluralsight, LLC",First Lien Term Loan 1,Application Software,,,4920000.0,5057000.0,5057000.0,,97.29,4.5,6.64,,1.5,True,,,USD,4920000.0
OCSL,0001414932,0001414932-26-000017,10-Q,2026-06-30,2026-08-05,"Pluralsight, LLC, Application Software, First Lien Term Loan 2","Pluralsight, LLC","Pluralsight, LLC",First Lien Term Loan 2,Application Software,,,8524000.0,8760000.0,8760000.0,,97.31,4.5,6.64,,1.5,True,,,USD,8524000.0
OCSL,0001414932,0001414932-26-000017,10-Q,2026-06-30,2026-08-05,"Pluralsight, LLC, Application Software, First Lien Term Loan 3","Pluralsight, LLC","Pluralsight, LLC",First Lien Term Loan 3,Application Software,,,802000.0,14423000.0,16046000.0,,5.0,7.5,,,,False,,,USD,802000.0
OCSL,0001414932,0001414932-26-000017,10-Q,2026-06-30,2026-08-05,"Pluralsight, LLC, Application Software, First Lien Term Loan 4","Pluralsight, LLC","Pluralsight, LLC",First Lien Term Loan 4,Application Software,,,-168000.0,0.0,0.0,,,4.5,,,,False,,,USD,-168000.0
OCSL,0001414932,0001414932-26-000017,10-Q,2026-06-30,2026-08-05,"Pluralsight, LLC, Application Software, First Lien Revolver","Pluralsight, LLC","Pluralsight, LLC",First Lien Revolver,Application Software,,,-67000.0,0.0,0.0,,,4.5,,,,False,,,USD,-67000.0
OCSL,0001414932,0001414932-26-000017,10-Q,2026-06-30,2026-08-05,"Pluralsight, LLC, Application Software, Common Stock","Pluralsight, LLC","Pluralsight, LLC",Common Stock,Application Software,,,0.0,14364000.0,,4300526.0,0.0,,,,,False,,,USD,0.0
OCSL,0001414932,0001414932-26-000017,10-Q,2026-06-30,2026-08-05,"Poseidon Midco AB, Pharmaceuticals, First Lien Term Loan 1",Poseidon Midco AB,Poseidon Midco AB,First Lien Term Loan 1,Pharmaceuticals,,,14712000.0,14043000.0,12868000.0,,114.33,5.5,8.11,,,False,,,USD,14712000.0
OCSL,0001414932,0001414932-26-000017,10-Q,2026-06-30,2026-08-05,"Poseidon Midco AB, Pharmaceuticals, First Lien Term Loan 2",Poseidon Midco AB,Poseidon Midco AB,First Lien Term Loan 2,Pharmaceuticals,,,5841000.0,5961000.0,5200000.0,,112.33,5.0,7.61,,,False,,,USD,5841000.0
OCSL,0001414932,0001414932-26-000017,10-Q,2026-06-30,2026-08-05,"Poseidon Midco AB, Pharmaceuticals, First Lien Term Loan 3",Poseidon Midco AB,Poseidon Midco AB,First Lien Term Loan 3,Pharmaceuticals,,,5846000.0,5805000.0,5846000.0,,100.0,5.5,9.23,,,False,,,USD,5846000.0
OCSL,0001414932,0001414932-26-000017,10-Q,2026-06-30,2026-08-05,"PPW Aero Buyer, Inc., Aerospace & Defense, First Lien Term Loan 1","PPW Aero Buyer, Inc.","PPW Aero Buyer, Inc.",First Lien Term Loan 1,Aerospace & Defense,,,10594000.0,10336000.0,10594000.0,,100.0,5.0,8.73,,,False,,,USD,10594000.0
OCSL,0001414932,0001414932-26-000017,10-Q,2026-06-30,2026-08-05,"PPW Aero Buyer, Inc., Aerospace & Defense, First Lien Term Loan 2","PPW Aero Buyer, Inc.","PPW Aero Buyer, Inc.",First Lien Term Loan 2,Aerospace & Defense,,,13881000.0,13859000.0,13881000.0,,100.0,5.0,8.73,,,False,,,USD,13881000.0
OCSL,0001414932,0001414932-26-000017,10-Q,2026-06-30,2026-08-05,"PPW Aero Buyer, Inc., Aerospace & Defense, First Lien Term Loan 3","PPW Aero Buyer, Inc.","PPW Aero Buyer, Inc.",First Lien Term Loan 3,Aerospace & Defense,,,525000.0,518000.0,525000.0,,100.0,5.0,8.73,,,False,,,USD,525000.0
OCSL,0001414932,0001414932-26-000017,10-Q,2026-06-30,2026-08-05,"PPW Aero Buyer, Inc., Aerospace & Defense, First Lien Term Loan 4","PPW Aero Buyer, Inc.","PPW Aero Buyer, Inc.",First Lien Term Loan 4,Aerospace & Defense,,,3905000.0,3866000.0,3905000.0,,100.0,5.0,8.73,,,False,,,USD,3905000.0
OCSL,0001414932,0001414932-26-000017,10-Q,2026-06-30,2026-08-05,"PPW Aero Buyer, Inc., Aerospace & Defense, First Lien Term Loan 5","PPW Aero Buyer, Inc.","PPW Aero Buyer, Inc.",First Lien Term Loan 5,Aerospace & Defense,,,3561000.0,3560000.0,3561000.0,,100.0,5.0,8.73,,,False,,,USD,3561000.0
OCSL,0001414932,0001414932-26-000017,10-Q,2026-06-30,2026-08-05,"PPW Aero Buyer, Inc., Aerospace & Defense, First Lien Term Loan 6","PPW Aero Buyer, Inc.","PPW Aero Buyer, Inc.",First Lien Term Loan 6,Aerospace & Defense,,,963000.0,955000.0,963000.0,,100.0,5.0,8.73,,,False,,,USD,963000.0
OCSL,0001414932,0001414932-26-000017,10-Q,2026-06-30,2026-08-05,"PPW Aero Buyer, Inc., Aerospace & Defense, First Lien Revolver","PPW Aero Buyer, Inc.","PPW Aero Buyer, Inc.",First Lien Revolver,Aerospace & Defense,,,1573000.0,1543000.0,1573000.0,,100.0,5.0,8.73,,,False,,,USD,1573000.0
OCSL,0001414932,0001414932-26-000017,10-Q,2026-06-30,2026-08-05,"Premium Parent, LLC, Health Care Services, First Lien Term Loan","Premium Parent, LLC","Premium Parent, LLC",First Lien Term Loan,Health Care Services,,,32465000.0,32442000.0,33046000.0,,98.24,6.5,10.14,,,False,,,USD,32465000.0
OCSL,0001414932,0001414932-26-000017,10-Q,2026-06-30,2026-08-05,"Premium Parent, LLC, Health Care Services, First Lien Revolver","Premium Parent, LLC","Premium Parent, LLC",First Lien Revolver,Health Care Services,,,907000.0,904000.0,977000.0,,92.84,6.5,10.16,,,False,,,USD,907000.0
OCSL,0001414932,0001414932-26-000017,10-Q,2026-06-30,2026-08-05,"PRGX Global, Inc., Data Processing & Outsourced Services, Common Stock","PRGX Global, Inc., Data Processing & Outsourced Services","PRGX Global, Inc., Data Processing & Outsourced Services",Common Equity,,,,245000.0,0.0,,100000.0,,,,,,False,,,USD,245000.0
OCSL,0001414932,0001414932-26-000017,10-Q,2026-06-30,2026-08-05,"Profrac Holdings II, LLC, Industrial Machinery & Supplies & Components, First Lien Floating Rate Bond","Profrac Holdings II, LLC, Industrial Machinery & Supplies & Components","Profrac Holdings II, LLC, Industrial Machinery & Supplies & Components",First Lien,,,,20985000.0,21094000.0,21307000.0,,98.49,7.25,10.98,,,False,,,USD,20985000.0
OCSL,0001414932,0001414932-26-000017,10-Q,2026-06-30,2026-08-05,"Protein For Pets Opco, LLC, Packaged Foods & Meats, First Lien Term Loan","Protein For Pets Opco, LLC, Packaged Foods & Meats","Protein For Pets Opco, LLC, Packaged Foods & Meats",First Lien,,,,19560000.0,19660000.0,19919000.0,,98.2,5.25,8.89,,,False,,,USD,19560000.0
OCSL,0001414932,0001414932-26-000017,10-Q,2026-06-30,2026-08-05,"Protein For Pets Opco, LLC, Packaged Foods & Meats, First Lien Revolver","Protein For Pets Opco, LLC, Packaged Foods & Meats","Protein For Pets Opco, LLC, Packaged Foods & Meats",First Lien,,,,-38000.0,-28000.0,0.0,,135.71,5.25,,,,False,,,USD,-38000.0
OCSL,0001414932,0001414932-26-000017,10-Q,2026-06-30,2026-08-05,Recess Topco Partnership LP | Passenger Ground Transportation | Subordinated Debt Term Loan,Recess Topco Partnership LP | Passenger Ground Transportation |,Recess Topco Partnership LP | Passenger Ground Transportation |,Subordinated,,,,31354000.0,31389000.0,31958000.0,,98.11,6.75,,,10.39,True,,,USD,31354000.0
OCSL,0001414932,0001414932-26-000017,10-Q,2026-06-30,2026-08-05,"Renaissance Holding Corp., Education Services, First Lien Term Loan","Renaissance Holding Corp., Education Services","Renaissance Holding Corp., Education Services",First Lien,,,,8396000.0,9874000.0,10532000.0,,79.72,4.0,7.66,,,False,,,USD,8396000.0
OCSL,0001414932,0001414932-26-000017,10-Q,2026-06-30,2026-08-05,Resilience Parent LLC | Electrical Components & Equipment | Second Lien Term Loan,Resilience Parent LLC | Electrical Components & Equipment |,Resilience Parent LLC | Electrical Components & Equipment |,Second Lien,,,,7434000.0,7434000.0,7506000.0,,99.04,5.25,8.98,,,False,,,USD,7434000.0
OCSL,0001414932,0001414932-26-000017,10-Q,2026-06-30,2026-08-05,"Resistance Holdings, Inc. | Pharmaceuticals | First Lien Term Loan",Resistance Holdings,Resistance Holdings,First Lien,,,,12634000.0,12635000.0,12816000.0,,98.58,5.0,8.73,,,False,,,USD,12634000.0
OCSL,0001414932,0001414932-26-000017,10-Q,2026-06-30,2026-08-05,"Resistance Holdings, Inc. | Pharmaceuticals | First Lien Revolver",Resistance Holdings,Resistance Holdings,First Lien,,,,-16000.0,-15000.0,0.0,,106.67,5.0,,,,False,,,USD,-16000.0
OCSL,0001414932,0001414932-26-000017,10-Q,2026-06-30,2026-08-05,"RideNow Group, Inc., Automotive Retail, First Lien Term Loan 1","RideNow Group, Inc., Automotive Retail","RideNow Group, Inc., Automotive Retail",First Lien,,,,8133000.0,8041000.0,8133000.0,,100.0,7.75,10.68,,1.0,True,,,USD,8133000.0
OCSL,0001414932,0001414932-26-000017,10-Q,2026-06-30,2026-08-05,"RideNow Group, Inc., Automotive Retail, First Lien Term Loan 2","RideNow Group, Inc., Automotive Retail","RideNow Group, Inc., Automotive Retail",First Lien,,,,26949000.0,26628000.0,26949000.0,,100.0,7.75,10.68,,1.0,True,,,USD,26949000.0
OCSL,0001414932,0001414932-26-000017,10-Q,2026-06-30,2026-08-05,"RideNow Group, Inc., Automotive Retail, Warrants","RideNow Group, Inc., Automotive Retail","RideNow Group, Inc., Automotive Retail",Warrant,,,,1022000.0,1202000.0,,204454.0,85.02,,,,,False,,,USD,1022000.0
OCSL,0001414932,0001414932-26-000017,10-Q,2026-06-30,2026-08-05,"Saratoga, Diversified Financial Services, Credit Linked Note",Saratoga,Saratoga,Credit Linked Note,Diversified Financial Services,,,13955000.0,13702000.0,13792000.0,,101.18,5.33,9.86,,,False,,,USD,13955000.0
OCSL,0001414932,0001414932-26-000017,10-Q,2026-06-30,2026-08-05,"Scilex Holding Co, Pharmaceuticals, Common Stock",Scilex Holding Co,Scilex Holding Co,Common Stock,Pharmaceuticals,,,2000.0,39000.0,,265.0,5.13,,,,,False,,,USD,2000.0
OCSL,0001414932,0001414932-26-000017,10-Q,2026-06-30,2026-08-05,"Semnur Pharmaceuticals Inc, Pharmaceuticals, Common Stock",Semnur Pharmaceuticals Inc,Semnur Pharmaceuticals Inc,Common Stock,Pharmaceuticals,,,0.0,39000.0,,265.0,0.0,,,,,False,,,USD,0.0
OCSL,0001414932,0001414932-26-000017,10-Q,2026-06-30,2026-08-05,"Seres Therapeutics, Inc., Biotechnology, Warrants","Seres Therapeutics, Inc.","Seres Therapeutics, Inc.",Warrants,Biotechnology,,,3000.0,182000.0,,2911.0,1.65,,,,,False,,,USD,3000.0
OCSL,0001414932,0001414932-26-000017,10-Q,2026-06-30,2026-08-05,"Sierra Enterprises, LLC, Soft Drinks & Non-alcoholic Beverages, First Lien Term Loan","Sierra Enterprises, LLC, Soft Drinks & Non-alcoholic Beverages","Sierra Enterprises, LLC, Soft Drinks & Non-alcoholic Beverages",First Lien,,,,11136000.0,11006000.0,11136000.0,,100.0,5.75,9.48,,,False,,,USD,11136000.0
OCSL,0001414932,0001414932-26-000017,10-Q,2026-06-30,2026-08-05,"Sierra Enterprises, LLC, Soft Drinks & Non-alcoholic Beverages, First Lien Revolver","Sierra Enterprises, LLC, Soft Drinks & Non-alcoholic Beverages","Sierra Enterprises, LLC, Soft Drinks & Non-alcoholic Beverages",First Lien,,,,0.0,-17000.0,0.0,,-0.0,5.75,,,,False,,,USD,0.0
OCSL,0001414932,0001414932-26-000017,10-Q,2026-06-30,2026-08-05,"Silk Holdings III LLC, Personal Care Products, First Lien Term Loan","Silk Holdings III LLC, Personal Care Products","Silk Holdings III LLC, Personal Care Products",First Lien,,,,11780000.0,11775000.0,11894000.0,,99.04,4.5,8.11,,,False,,,USD,11780000.0
OCSL,0001414932,0001414932-26-000017,10-Q,2026-06-30,2026-08-05,"Silk Holdings III LLC, Personal Care Products, First Lien Revolver","Silk Holdings III LLC, Personal Care Products","Silk Holdings III LLC, Personal Care Products",First Lien,,,,49000.0,48000.0,57000.0,,85.96,4.5,8.11,,,False,,,USD,49000.0
OCSL,0001414932,0001414932-26-000017,10-Q,2026-06-30,2026-08-05,"Sorenson Communications, LLC, Communications Equipment, First Lien Term Loan","Sorenson Communications, LLC","Sorenson Communications, LLC",First Lien Term Loan,Communications Equipment,,,40754000.0,40882000.0,41346000.0,,98.57,5.75,9.39,,,False,,,USD,40754000.0
OCSL,0001414932,0001414932-26-000017,10-Q,2026-06-30,2026-08-05,"Sorenson Communications, LLC, Communications Equipment, First Lien Revolver","Sorenson Communications, LLC","Sorenson Communications, LLC",First Lien Revolver,Communications Equipment,,,-69000.0,-61000.0,0.0,,113.11,5.75,,,,False,,,USD,-69000.0
OCSL,0001414932,0001414932-26-000017,10-Q,2026-06-30,2026-08-05,"Sorrento Therapeutics, Inc., Biotechnology, Common Stock","Sorrento Therapeutics, Inc.","Sorrento Therapeutics, Inc.",Common Stock,Biotechnology,,,0.0,139000.0,,66000.0,0.0,,,,,False,,,USD,0.0
OCSL,0001414932,0001414932-26-000017,10-Q,2026-06-30,2026-08-05,"Spruce Bidco I Inc., Health Care Equipment, First Lien Term Loan 1","Spruce Bidco I Inc., Health Care Equipment","Spruce Bidco I Inc., Health Care Equipment",First Lien,,,,40375000.0,40238000.0,40726000.0,,99.14,4.75,8.41,,,False,,,USD,40375000.0
OCSL,0001414932,0001414932-26-000017,10-Q,2026-06-30,2026-08-05,"Spruce Bidco I Inc., Health Care Equipment, First Lien Term Loan 2","Spruce Bidco I Inc., Health Care Equipment","Spruce Bidco I Inc., Health Care Equipment",First Lien,,,,5152000.0,5030000.0,7373000.0,,69.88,4.75,7.04,,,False,,,USD,5152000.0
OCSL,0001414932,0001414932-26-000017,10-Q,2026-06-30,2026-08-05,"Spruce Bidco I Inc., Health Care Equipment, First Lien Term Loan 3","Spruce Bidco I Inc., Health Care Equipment","Spruce Bidco I Inc., Health Care Equipment",First Lien,,,,4809000.0,5029000.0,788378000.0,,0.61,5.0,5.98,,,False,,,USD,4809000.0
OCSL,0001414932,0001414932-26-000017,10-Q,2026-06-30,2026-08-05,"Spruce Bidco I Inc., Health Care Equipment, First Lien Revolver","Spruce Bidco I Inc., Health Care Equipment","Spruce Bidco I Inc., Health Care Equipment",First Lien,,,,3527000.0,3494000.0,3605000.0,,97.84,4.75,8.4,,,False,,,USD,3527000.0
OCSL,0001414932,0001414932-26-000017,10-Q,2026-06-30,2026-08-05,"Staples, Inc., Office Services & Supplies, First Lien Term Loan","Staples, Inc.","Staples, Inc.",First Lien Term Loan,Office Services & Supplies,,,6769000.0,7054000.0,7266000.0,,93.16,5.75,9.41,,,False,,,USD,6769000.0
OCSL,0001414932,0001414932-26-000017,10-Q,2026-06-30,2026-08-05,"Staples, Inc., Office Services & Supplies, Fixed Rate Bond","Staples, Inc.","Staples, Inc.",Fixed Rate Bond,Office Services & Supplies,,,6526000.0,6731000.0,6835000.0,,95.48,,10.75,,,False,,,USD,6526000.0
OCSL,0001414932,0001414932-26-000017,10-Q,2026-06-30,2026-08-05,"SumUp Holdings Luxembourg, Diversified Financial Services, First Lien Term Loan",SumUp Holdings Luxembourg,SumUp Holdings Luxembourg,First Lien Term Loan,Diversified Financial Services,,,21277000.0,20292000.0,18846000.0,,112.9,5.5,7.73,,,False,,,USD,21277000.0
OCSL,0001414932,0001414932-26-000017,10-Q,2026-06-30,2026-08-05,"SVP-Singer Holdings Inc., Home Furnishings, Common Stock","SVP-Singer Holdings Inc., Home Furnishings","SVP-Singer Holdings Inc., Home Furnishings",Common Equity,,,,2383000.0,2463000.0,,418881.0,96.75,,,,,False,,,USD,2383000.0
OCSL,0001414932,0001414932-26-000017,10-Q,2026-06-30,2026-08-05,"Symphone CLO Ltd, Multi-Sector Holdings, CLO Notes 2",Symphone CLO Ltd,Symphone CLO Ltd,CLO Notes 2,Multi-Sector Holdings,,,988000.0,986000.0,1000000.0,,98.8,5.8,9.47,,,False,,,USD,988000.0
OCSL,0001414932,0001414932-26-000017,10-Q,2026-06-30,2026-08-05,"TBRS, Inc., Health Care Supplies, First Lien Term Loan 1","TBRS, Inc., Health Care Supplies","TBRS, Inc., Health Care Supplies",First Lien,,,,17063000.0,17094000.0,17219000.0,,99.09,4.75,8.42,,,False,,,USD,17063000.0
OCSL,0001414932,0001414932-26-000017,10-Q,2026-06-30,2026-08-05,"TBRS, Inc., Health Care Supplies, First Lien Term Loan 2","TBRS, Inc., Health Care Supplies","TBRS, Inc., Health Care Supplies",First Lien,,,,-9000.0,-8000.0,0.0,,112.5,4.75,,,,False,,,USD,-9000.0
OCSL,0001414932,0001414932-26-000017,10-Q,2026-06-30,2026-08-05,"TBRS, Inc., Health Care Supplies, First Lien Revolver","TBRS, Inc., Health Care Supplies","TBRS, Inc., Health Care Supplies",First Lien,,,,166000.0,169000.0,186000.0,,89.25,4.75,8.42,,,False,,,USD,166000.0
OCSL,0001414932,0001414932-26-000017,10-Q,2026-06-30,2026-08-05,"Ten-X LLC, Interactive Media & Services, First Lien Term Loan",Ten-X LLC,Ten-X LLC,First Lien Term Loan,Interactive Media & Services,,,18155000.0,18944000.0,19314000.0,,94.0,6.0,9.63,,,False,,,USD,18155000.0
OCSL,0001414932,0001414932-26-000017,10-Q,2026-06-30,2026-08-05,"Tequilas Premium, Inc. | Distillers & Vintners | First Lien Term Loan 1",Tequilas Premium,Tequilas Premium,First Lien,,,,8938000.0,8943000.0,9113000.0,,98.08,9.5,13.11,,,False,,,USD,8938000.0
OCSL,0001414932,0001414932-26-000017,10-Q,2026-06-30,2026-08-05,"Tequilas Premium, Inc. | Distillers & Vintners | First Lien Term Loan 2",Tequilas Premium,Tequilas Premium,First Lien,,,,9173000.0,9172000.0,9347000.0,,98.14,1.0,4.61,,,False,,,USD,9173000.0
OCSL,0001414932,0001414932-26-000017,10-Q,2026-06-30,2026-08-05,"Tequilas Premium, Inc. | Distillers & Vintners | First Lien Revolver",Tequilas Premium,Tequilas Premium,First Lien,,,,4000.0,4000.0,62000.0,,6.45,5.0,8.61,,,False,,,USD,4000.0
OCSL,0001414932,0001414932-26-000017,10-Q,2026-06-30,2026-08-05,Thrive Bidco Limited | Application Software | First Lien Term Loan 1,Thrive Bidco Limited | Application Software |,Thrive Bidco Limited | Application Software |,First Lien,,,,6118000.0,6118000.0,6237000.0,,98.09,5.25,8.86,,,False,,,USD,6118000.0
OCSL,0001414932,0001414932-26-000017,10-Q,2026-06-30,2026-08-05,Thrive Bidco Limited | Application Software | First Lien Term Loan 2,Thrive Bidco Limited | Application Software |,Thrive Bidco Limited | Application Software |,First Lien,,,,2583000.0,2613000.0,2303000.0,,112.16,5.25,7.45,,,False,,,USD,2583000.0
OCSL,0001414932,0001414932-26-000017,10-Q,2026-06-30,2026-08-05,"Thrive Bidco Limited, Application Software, First Lien Term Loan",Thrive Bidco Limited,Thrive Bidco Limited,First Lien Term Loan,Application Software,,,-42000.0,-43000.0,0.0,,97.67,5.25,,,,False,,,USD,-42000.0
OCSL,0001414932,0001414932-26-000017,10-Q,2026-06-30,2026-08-05,"Trinitas CLO VI Ltd., Multi-Sector Holdings, CLO Notes",Trinitas CLO VI Ltd.,Trinitas CLO VI Ltd.,CLO Notes,Multi-Sector Holdings,,,628000.0,857000.0,905000.0,,69.39,7.08,10.74,,,False,,,USD,628000.0
OCSL,0001414932,0001414932-26-000017,10-Q,2026-06-30,2026-08-05,"Truck-Lite Co., LLC, Construction Machinery & Heavy Transportation Equipment, First Lien Term Loan 1","Truck-Lite Co., LLC, Construction Machinery & Heavy Transportation Equipment","Truck-Lite Co., LLC, Construction Machinery & Heavy Transportation Equipment",First Lien,,,,30498000.0,30386000.0,30791000.0,,99.05,4.75,8.41,,,False,,,USD,30498000.0
OCSL,0001414932,0001414932-26-000017,10-Q,2026-06-30,2026-08-05,"Truck-Lite Co., LLC, Construction Machinery & Heavy Transportation Equipment, First Lien Term Loan 2","Truck-Lite Co., LLC, Construction Machinery & Heavy Transportation Equipment","Truck-Lite Co., LLC, Construction Machinery & Heavy Transportation Equipment",First Lien,,,,554000.0,554000.0,559000.0,,99.11,4.75,8.41,,,False,,,USD,554000.0
OCSL,0001414932,0001414932-26-000017,10-Q,2026-06-30,2026-08-05,"Truck-Lite Co., LLC, Construction Machinery & Heavy Transportation Equipment, First Lien Term Loan 3","Truck-Lite Co., LLC, Construction Machinery & Heavy Transportation Equipment","Truck-Lite Co., LLC, Construction Machinery & Heavy Transportation Equipment",First Lien,,,,-26000.0,-17000.0,0.0,,152.94,4.75,,,,False,,,USD,-26000.0
OCSL,0001414932,0001414932-26-000017,10-Q,2026-06-30,2026-08-05,"Truck-Lite Co., LLC, Construction Machinery & Heavy Transportation Equipment, First Lien Term Loan 4","Truck-Lite Co., LLC, Construction Machinery & Heavy Transportation Equipment","Truck-Lite Co., LLC, Construction Machinery & Heavy Transportation Equipment",First Lien,,,,657000.0,655000.0,663000.0,,99.1,4.75,8.43,,,False,,,USD,657000.0
OCSL,0001414932,0001414932-26-000017,10-Q,2026-06-30,2026-08-05,"Truck-Lite Co., LLC, Construction Machinery & Heavy Transportation Equipment, First Lien Term Loan 5","Truck-Lite Co., LLC, Construction Machinery & Heavy Transportation Equipment","Truck-Lite Co., LLC, Construction Machinery & Heavy Transportation Equipment",First Lien,,,,2085000.0,2089000.0,2137000.0,,97.57,4.75,8.42,,,False,,,USD,2085000.0
OCSL,0001414932,0001414932-26-000017,10-Q,2026-06-30,2026-08-05,"Truck-Lite Co., LLC, Construction Machinery & Heavy Transportation Equipment, First Lien Term Loan 6","Truck-Lite Co., LLC, Construction Machinery & Heavy Transportation Equipment","Truck-Lite Co., LLC, Construction Machinery & Heavy Transportation Equipment",First Lien,,,,-29000.0,-39000.0,0.0,,74.36,4.75,,,,False,,,USD,-29000.0
OCSL,0001414932,0001414932-26-000017,10-Q,2026-06-30,2026-08-05,"USIC Holdings, Inc., Diversified Support Services, First Lien Term Loan 1","USIC Holdings, Inc.","USIC Holdings, Inc.",First Lien Term Loan 1,Diversified Support Services,,,20558000.0,20662000.0,20852000.0,,98.59,5.5,9.17,,,False,,,USD,20558000.0
OCSL,0001414932,0001414932-26-000017,10-Q,2026-06-30,2026-08-05,"USIC Holdings, Inc., Diversified Support Services, First Lien Term Loan 2","USIC Holdings, Inc.","USIC Holdings, Inc.",First Lien Term Loan 2,Diversified Support Services,,,980000.0,993000.0,998000.0,,98.2,5.5,9.17,,,False,,,USD,980000.0
OCSL,0001414932,0001414932-26-000017,10-Q,2026-06-30,2026-08-05,"USIC Holdings, Inc., Diversified Support Services, First Lien Term Loan 3","USIC Holdings, Inc.","USIC Holdings, Inc.",First Lien Term Loan 3,Diversified Support Services,,,5796000.0,5796000.0,5852000.0,,99.04,5.75,6.29,,3.13,True,,,USD,5796000.0
OCSL,0001414932,0001414932-26-000017,10-Q,2026-06-30,2026-08-05,"USIC Holdings, Inc., Diversified Support Services, First Lien Revolver","USIC Holdings, Inc.","USIC Holdings, Inc.",First Lien Revolver,Diversified Support Services,,,1772000.0,1786000.0,1801000.0,,98.39,4.25,11.0,,,False,,,USD,1772000.0
OCSL,0001414932,0001414932-26-000017,10-Q,2026-06-30,2026-08-05,"Werner Finco LP, Building Products, First Lien Term Loan",Werner Finco LP,Werner Finco LP,First Lien Term Loan,Building Products,,,12527000.0,12529000.0,12686000.0,,98.75,5.25,8.92,,,False,,,USD,12527000.0
OCSL,0001414932,0001414932-26-000017,10-Q,2026-06-30,2026-08-05,"Whitney Merger Sub, Inc., Application Software, First Lien Term Loan","Whitney Merger Sub, Inc.","Whitney Merger Sub, Inc.",First Lien Term Loan,Application Software,,,16298000.0,16464000.0,16630000.0,,98.0,4.75,8.48,,,False,,,USD,16298000.0
OCSL,0001414932,0001414932-26-000017,10-Q,2026-06-30,2026-08-05,"Whitney Merger Sub, Inc., Application Software, First Lien Revolver","Whitney Merger Sub, Inc.","Whitney Merger Sub, Inc.",First Lien Revolver,Application Software,,,-48000.0,-24000.0,0.0,,200.0,4.75,,,,False,,,USD,-48000.0
OCSL,0001414932,0001414932-26-000017,10-Q,2026-06-30,2026-08-05,"Win Brands Group LLC, Housewares & Specialties, First Lien Term Loan","Win Brands Group LLC, Housewares & Specialties","Win Brands Group LLC, Housewares & Specialties",First Lien,,,,2135000.0,2700000.0,2703000.0,,78.99,14.0,17.65,,,False,,,USD,2135000.0
OCSL,0001414932,0001414932-26-000017,10-Q,2026-06-30,2026-08-05,"Win Brands Group LLC, Housewares & Specialties, Warrants","Win Brands Group LLC, Housewares & Specialties","Win Brands Group LLC, Housewares & Specialties",Warrant,,,,0.0,46000.0,,4871.0,0.0,,,,,False,,,USD,0.0
OCSL,0001414932,0001414932-26-000017,10-Q,2026-06-30,2026-08-05,"WP CPP Holdings, LLC, Aerospace & Defense, First Lien Term Loan 1","WP CPP Holdings, LLC","WP CPP Holdings, LLC",First Lien Term Loan 1,Aerospace & Defense,,,31553000.0,31196000.0,31607000.0,,99.83,7.0,6.78,,3.88,True,,,USD,31553000.0
OCSL,0001414932,0001414932-26-000017,10-Q,2026-06-30,2026-08-05,"WP CPP Holdings, LLC, Aerospace & Defense, First Lien Term Loan 2","WP CPP Holdings, LLC","WP CPP Holdings, LLC",First Lien Term Loan 2,Aerospace & Defense,,,1496000.0,1498000.0,1498000.0,,99.87,7.0,6.78,,3.88,True,,,USD,1496000.0
OCSL,0001414932,0001414932-26-000017,10-Q,2026-06-30,2026-08-05,"WP CPP Holdings, LLC, Aerospace & Defense, First Lien Revolver","WP CPP Holdings, LLC","WP CPP Holdings, LLC",First Lien Revolver,Aerospace & Defense,,,-7000.0,-47000.0,0.0,,14.89,7.0,,,,False,,,USD,-7000.0
OCSL,0001414932,0001414932-26-000017,10-Q,2026-06-30,2026-08-05,"Zayo Group Holdings Inc, Alternative Carriers, First Lien Term Loan","Zayo Group Holdings Inc, Alternative Carriers","Zayo Group Holdings Inc, Alternative Carriers",First Lien,,,,3892000.0,3719000.0,3888000.0,,100.1,3.5,6.76,,0.5,True,,,USD,3892000.0
OCSL,0001414932,0001414932-26-000017,10-Q,2026-06-30,2026-08-05,"Dominion Diagnostics, LLC | Health Care Services | First Lien Term Loan 1",Dominion Diagnostics,Dominion Diagnostics,First Lien,,,,0.0,,,,,,,,,False,,,USD,0.0
OCSL,0001414932,0001414932-26-000017,10-Q,2026-06-30,2026-08-05,"Dominion Diagnostics, LLC | Health Care Services | First Lien Term Loan 2",Dominion Diagnostics,Dominion Diagnostics,First Lien,,,,0.0,,0.0,,,,,,,False,,,USD,0.0
OCSL,0001414932,0001414932-26-000017,10-Q,2026-06-30,2026-08-05,"Dominion Diagnostics, LLC | Health Care Services | Common Stock",Dominion Diagnostics,Dominion Diagnostics,Common Equity,,,,0.0,,,,,,,,,False,,,USD,0.0
OCSL,0001414932,0001414932-26-000017,10-Q,2026-06-30,2026-08-05,"SIO2 Medical Products, Inc. | Metal, Glass & Plastic Containers | First Lien Term Loan 11","SIO2 Medical Products, Inc. | Metal","SIO2 Medical Products, Inc. | Metal",First Lien,,,,333000.0,,333000.0,,100.0,,,,12.0,True,,,USD,333000.0
OCSL,0001414932,0001414932-26-000017,10-Q,2026-06-30,2026-08-05,"All Web Leads, Inc., Advertising, First Lien Term Loan 1","All Web Leads, Inc., Advertising","All Web Leads, Inc., Advertising",First Lien,,,,0.0,,0.0,,,,,,,False,,,USD,0.0
OCSL,0001414932,0001414932-26-000017,10-Q,2026-06-30,2026-08-05,"All Web Leads, Inc., Advertising, First Lien Term Loan 2","All Web Leads, Inc., Advertising","All Web Leads, Inc., Advertising",First Lien,,,,0.0,,0.0,,,,,,,False,,,USD,0.0
OCSL,0001414932,0001414932-26-000017,10-Q,2026-06-30,2026-08-05,"All Web Leads, Inc., Advertising, First Lien Term Loan 3","All Web Leads, Inc., Advertising","All Web Leads, Inc., Advertising",First Lien,,,,0.0,,0.0,,,,,,,False,,,USD,0.0
OCSL,0001414932,0001414932-26-000017,10-Q,2026-06-30,2026-08-05,"All Web Leads, Inc., Advertising, First Lien Revolver","All Web Leads, Inc., Advertising","All Web Leads, Inc., Advertising",First Lien,,,,0.0,,0.0,,,,,,,False,,,USD,0.0
OCSL,0001414932,0001414932-26-000017,10-Q,2026-06-30,2026-08-05,"All Web Leads, Inc., Advertising, Common Stock","All Web Leads, Inc., Advertising","All Web Leads, Inc., Advertising",Common Equity,,,,0.0,,0.0,,,,,,,False,,,USD,0.0
OCSL,0001414932,0001414932-26-000017,10-Q,2026-06-30,2026-08-05,"The Avery, Real Estate Operating Companies, First Lien Term Loan 2",The Avery,The Avery,First Lien Term Loan 2,Real Estate Operating Companies,,,0.0,,0.0,,,,,,,False,,,USD,0.0
OCSL,0001414932,0001414932-26-000017,10-Q,2026-06-30,2026-08-05,"Thrasio, LLC | Broadline Retail | First Lien Term Loan 1",Thrasio,Thrasio,First Lien,,,,0.0,,0.0,,,,,,,False,,,USD,0.0
OCSL,0001414932,0001414932-26-000017,10-Q,2026-06-30,2026-08-05,"Thrasio, LLC | Broadline Retail | Common Stock",Thrasio,Thrasio,Common Equity,,,,406000.0,,,321058.0,,,,,,False,,,USD,406000.0
