bdc,cik,accession,form,period_end,file_date,identifier,entity,company,type,sector,desc,affil,fv,cost,par,shares,mark,spread,rate,base_rate,pik_rate,pik,maturity,acq,ccy,fv_raw,sector_soi,affiliation_soi,investment_type_soi,base_rate_soi,maturity_soi,acq_soi,business_description,rate_floor_soi,footnotes,pct_net_assets_soi,interest_rate_soi,spread_soi,pik_rate_soi,gics_sector,gics_industry_group,type_canonical,common_name,legal_name
ARCC,0001287750,0001628280-26-050307,10-Q,2026-06-30,2026-07-29,ACP Avenu Midco LLC | First lien senior secured revolving loan,ACP Avenu Midco LLC,ACP Avenu Midco LLC,First Lien,,,,17600000.0,17400000.0,17600000.0,,100.0,5.0,8.65,,,False,,,USD,17600000.0,Software and Services,,First lien senior secured revolving loan,SOFR,2029-10,2025-04,Provider of technology solutions and hardware to U.S. state and local governments and motor vehicle agencies,,,,8.65,5.0,,Information Technology,Software & Services,First Lien,,ACP Avenu Midco LLC
ARCC,0001287750,0001628280-26-050307,10-Q,2026-06-30,2026-07-29,"Actfy Buyer, Inc. | First lien senior secured loan",Actfy Buyer,Actfy Buyer,First Lien,,,,2100000.0,2100000.0,2100000.0,,100.0,4.75,8.39,,,False,,,USD,2100000.0,Software and Services,,First lien senior secured loan,SOFR,2031-05,2024-05,Software provider of end to end fraud management workflow solutions,,,,8.39,4.75,,Information Technology,Software & Services,First Lien,,Actfy Buyer
ARCC,0001287750,0001628280-26-050307,10-Q,2026-06-30,2026-07-29,"Activate Holdings (US) Corp. and CrossPoint Capital AS SPV, LP | First lien senior secured loan",Activate Holdings (US) Corp.,Activate Holdings (US) Corp.,First Lien,,,,48700000.0,48700000.0,48700000.0,,100.0,5.25,8.98,,,False,,,USD,48700000.0,Software and Services,,First lien senior secured loan,SOFR,2030-07,2024-09,"Provider of software services that support the management and security of computing devices, applications, data, and networks",,,,8.98,5.25,,Information Technology,Software & Services,First Lien,Quest Software,Activate Holdings (US) Corp.
ARCC,0001287750,0001628280-26-050307,10-Q,2026-06-30,2026-07-29,"Activate Holdings (US) Corp. and CrossPoint Capital AS SPV, LP | Limited partnership interest",Activate Holdings (US) Corp.,Activate Holdings (US) Corp.,LP Interest,,,,13200000.0,10300000.0,,9249000.0,128.16,,,,,False,,,USD,13200000.0,Software and Services,,Limited partnership interest,,,2023-10,"Provider of software services that support the management and security of computing devices, applications, data, and networks",,,,,,,Information Technology,Software & Services,Common Equity,Quest Software,Activate Holdings (US) Corp.
ARCC,0001287750,0001628280-26-050307,10-Q,2026-06-30,2026-07-29,Adonis Bidco Inc. | First lien senior secured loan,Adonis Bidco Inc.,Adonis Bidco Inc.,First Lien,,,,28500000.0,30000000.0,30000000.0,,95.0,5.5,9.23,,,False,,,USD,28500000.0,Software and Services,,First lien senior secured loan,SOFR,2032-02,2025-02,Provider of intellectual property management lifecycle software,,,,9.23,5.5,,Information Technology,Software & Services,First Lien,,Adonis Bidco Inc.
ARCC,0001287750,0001628280-26-050307,10-Q,2026-06-30,2026-07-29,Adonis Bidco Inc. | First lien senior secured loan 1,Adonis Bidco Inc.,Adonis Bidco Inc.,First Lien,,,,226700000.0,238600000.0,238600000.0,,95.01,5.75,9.48,,2.88,True,,,USD,226700000.0,Software and Services,,First lien senior secured loan,SOFR,2032-02,2025-02,Provider of intellectual property management lifecycle software,,,,9.48,5.75,2.88,Information Technology,Software & Services,First Lien,,Adonis Bidco Inc.
ARCC,0001287750,0001628280-26-050307,10-Q,2026-06-30,2026-07-29,"AI Titan Parent, Inc. | First lien senior secured loan",AI Titan Parent,AI Titan Parent,First Lien,,,,7200000.0,7300000.0,7300000.0,,98.63,4.5,8.13,,,False,,,USD,7200000.0,Software and Services,,First lien senior secured loan,SOFR,2031-08,2024-08,Provider of plant maintenance / scheduling software,,,,8.13,4.5,,Information Technology,Software & Services,First Lien,,AI Titan Parent
ARCC,0001287750,0001628280-26-050307,10-Q,2026-06-30,2026-07-29,"Anaplan, Inc., | First lien senior secured loan","Anaplan, Inc.","Anaplan, Inc.",First Lien,,,,5700000.0,5800000.0,5800000.0,,98.28,4.5,8.17,,,False,,,USD,5700000.0,Software and Services,,First lien senior secured loan,SOFR,2029-06,2022-06,Provider of cloud-based connected planning platforms for business analytics,,,,8.17,4.5,,Information Technology,Software & Services,First Lien,,"Anaplan, Inc."
ARCC,0001287750,0001628280-26-050307,10-Q,2026-06-30,2026-07-29,"APG Intermediate Holdings Corporation and APG Holdings, LLC | Class A membership units",APG Intermediate Holdings Corporation,APG Intermediate Holdings Corporation,Equity,,,,3600000.0,9800000.0,,9750000.0,36.73,,,,,False,,,USD,3600000.0,Software and Services,,Class A membership units,,,2020-01,Aircraft performance software provider,,,,,,,Information Technology,Software & Services,Common Equity,,APG Intermediate Holdings Corporation
ARCC,0001287750,0001628280-26-050307,10-Q,2026-06-30,2026-07-29,"Apple Bidco Holdings, Inc. | First lien senior secured revolving loan",Apple Bidco Holdings,Apple Bidco Holdings,First Lien,,,,54200000.0,55900000.0,55900000.0,,96.96,4.5,8.23,,,False,,,USD,54200000.0,Software and Services,,First lien senior secured revolving loan,SOFR,2033-01,2026-01,Provider of SaaS-based safety and security software to the K-12 school market,,,,8.23,4.5,,Information Technology,Software & Services,First Lien,,Apple Bidco Holdings
ARCC,0001287750,0001628280-26-050307,10-Q,2026-06-30,2026-07-29,"Appriss Health, LLC and Appriss Health Intermediate Holdings, Inc. | First lien senior secured loan","Appriss Health, LLC","Appriss Health, LLC",First Lien,,,,2800000.0,2800000.0,2800000.0,,100.0,4.75,8.49,,,False,,,USD,2800000.0,Software and Services,,First lien senior secured loan,SOFR,2028-05,2021-05,"Software platform for identification, prevention and management of substance use disorder",,,,8.49,4.75,,Information Technology,Software & Services,First Lien,,"Appriss Health, LLC"
ARCC,0001287750,0001628280-26-050307,10-Q,2026-06-30,2026-07-29,"Aptean, Inc. and Aptean Acquiror Inc. | First lien senior secured revolving loan",Aptean,Aptean,First Lien,,,,19800000.0,19900000.0,20000000.0,,99.0,4.75,8.42,,,False,,,USD,19800000.0,Software and Services,,First lien senior secured revolving loan,SOFR,2031-01,2024-01,"Provider of CRM, ERP and supply chain software application",,,,8.42,4.75,,Information Technology,Software & Services,First Lien,,Aptean
ARCC,0001287750,0001628280-26-050307,10-Q,2026-06-30,2026-07-29,"Archduke Buyer, Inc. | First lien senior secured loan",Archduke Buyer,Archduke Buyer,First Lien,,,,60400000.0,61000000.0,61000000.0,,99.02,5.5,9.16,,,False,,,USD,60400000.0,Software and Services,,First lien senior secured loan,SOFR,2032-12,2025-12,Developer and operator of Java runtime solutions for enterprises applications,,,,9.16,5.5,,Information Technology,Software & Services,First Lien,,Archduke Buyer
ARCC,0001287750,0001628280-26-050307,10-Q,2026-06-30,2026-07-29,"Arrow Borrower 2025, Inc. | First lien senior secured loan",Arrow Borrower 2025,Arrow Borrower 2025,First Lien,,,,28000000.0,28300000.0,28300000.0,,98.94,4.25,7.98,,,False,,,USD,28000000.0,Software and Services,,First lien senior secured loan,SOFR,2032-10,2025-10,Provider of accounts payable automation software and payment solutions,,,,7.98,4.25,,Information Technology,Software & Services,First Lien,,Arrow Borrower 2025
ARCC,0001287750,0001628280-26-050307,10-Q,2026-06-30,2026-07-29,"Artifact Bidco, Inc. | First lien senior secured loan",Artifact Bidco,Artifact Bidco,First Lien,,,,6800000.0,6800000.0,6800000.0,,100.0,4.15,7.88,,,False,,,USD,6800000.0,Software and Services,,First lien senior secured loan,SOFR,2031-07,2024-05,Supply chain risk management SaaS platform for global enterprise clients,,,,7.88,4.15,,Information Technology,Software & Services,First Lien,,Artifact Bidco
ARCC,0001287750,0001628280-26-050307,10-Q,2026-06-30,2026-07-29,Aston Bidco (Holding) Limited | First lien senior secured loan,Aston Bidco (Holding) Limited,Aston Bidco (Holding) Limited,First Lien,,,,108500000.0,108200000.0,108500000.0,,100.0,6.0,9.87,,,False,,,USD,108500000.0,Software and Services,,First lien senior secured loan,SONIA,2032-07,2025-07,Provider of enterprise software solutions,,,,9.87,6.0,,Information Technology,Software & Services,First Lien,OneAdvanced,Aston Bidco (Holding) Limited
ARCC,0001287750,0001628280-26-050307,10-Q,2026-06-30,2026-07-29,"Auctane, Inc. | First lien senior secured loan",Auctane,Auctane,First Lien,,,,241600000.0,245300000.0,245300000.0,,98.49,5.75,9.52,,,False,,,USD,241600000.0,Software and Services,,First lien senior secured loan,SOFR,2033-06,2026-05,Provider of mailing and shipping solutions,,,,9.52,5.75,,Information Technology,Software & Services,First Lien,,Auctane
ARCC,0001287750,0001628280-26-050307,10-Q,2026-06-30,2026-07-29,"Banyan Software Holdings, LLC and Banyan Software Intermediate, Inc. | First lien senior secured revolving loan","Banyan Software Holdings, LLC","Banyan Software Holdings, LLC",First Lien,,,,163300000.0,163300000.0,163300000.0,,100.0,5.5,9.15,,,False,,,USD,163300000.0,Software and Services,,First lien senior secured revolving loan,SOFR,2031-01,2025-01,Vertical software businesses holding company,,,,9.15,5.5,,Information Technology,Software & Services,First Lien,Banyan Software,"Banyan Software Holdings, LLC"
ARCC,0001287750,0001628280-26-050307,10-Q,2026-06-30,2026-07-29,"Banyan Software Holdings, LLC and Banyan Software Intermediate, Inc. | First lien senior secured loan 2","Banyan Software Holdings, LLC","Banyan Software Holdings, LLC",First Lien,,,,3500000.0,3500000.0,3500000.0,,100.0,5.25,8.89,,,False,,,USD,3500000.0,Software and Services,,First lien senior secured loan,SOFR,2031-01,2025-10,Vertical software businesses holding company,,,,8.89,5.25,,Information Technology,Software & Services,First Lien,Banyan Software,"Banyan Software Holdings, LLC"
ARCC,0001287750,0001628280-26-050307,10-Q,2026-06-30,2026-07-29,"Banyan Software Holdings, LLC and Banyan Software Intermediate, Inc. | Series A preferred shares","Banyan Software Holdings, LLC","Banyan Software Holdings, LLC",Preferred Equity,,,,105900000.0,105900000.0,,90019.0,100.0,,,,14.0,True,,,USD,105900000.0,Software and Services,,Series A preferred shares,,,2025-01,Vertical software businesses holding company,,,,14.0,,,Information Technology,Software & Services,Preferred Equity,Banyan Software,"Banyan Software Holdings, LLC"
ARCC,0001287750,0001628280-26-050307,10-Q,2026-06-30,2026-07-29,"BCTO Ignition Purchaser, Inc. | Senior subordinated loan",BCTO Ignition Purchaser,BCTO Ignition Purchaser,Senior Subordinated,,,,7400000.0,7400000.0,7400000.0,,100.0,7.5,,,11.17,True,,,USD,7400000.0,Software and Services,,Senior subordinated loan,SOFR,2030-10,2023-04,Enterprise software provider,,,,11.17,7.5,,Information Technology,Software & Services,Subordinated,,BCTO Ignition Purchaser
ARCC,0001287750,0001628280-26-050307,10-Q,2026-06-30,2026-07-29,"Bobcat Purchaser, LLC and Bobcat Topco, L.P. | First lien senior secured loan","Bobcat Purchaser, LLC","Bobcat Purchaser, LLC",First Lien,,,,15400000.0,15400000.0,15400000.0,,100.0,4.75,8.48,,,False,,,USD,15400000.0,Software and Services,,First lien senior secured loan,SOFR,2030-06,2023-06,Healthcare software provider,,,,8.48,4.75,,Information Technology,Software & Services,First Lien,,"Bobcat Purchaser, LLC"
ARCC,0001287750,0001628280-26-050307,10-Q,2026-06-30,2026-07-29,"Bobcat Purchaser, LLC and Bobcat Topco, L.P. | Class A-1 units","Bobcat Purchaser, LLC","Bobcat Purchaser, LLC",Common Equity,,,,1300000.0,1700000.0,,1729228.0,76.47,,,,,False,,,USD,1300000.0,Software and Services,,Class A-1 units,,,2023-06,Healthcare software provider,,,,,,,Information Technology,Software & Services,Common Equity,,"Bobcat Purchaser, LLC"
ARCC,0001287750,0001628280-26-050307,10-Q,2026-06-30,2026-07-29,Borrower R365 Holdings LLC | First lien senior secured loan,Borrower R365 Holdings LLC,Borrower R365 Holdings LLC,First Lien,,,,17800000.0,17800000.0,17800000.0,,100.0,6.0,9.88,,,False,,,USD,17800000.0,Software and Services,,First lien senior secured loan,SOFR,2027-06,2022-01,Provider of restaurant enterprise resource planning systems,,,,9.88,6.0,,Information Technology,Software & Services,First Lien,,Borrower R365 Holdings LLC
ARCC,0001287750,0001628280-26-050307,10-Q,2026-06-30,2026-07-29,"Bottomline Technologies, Inc. | First lien senior secured loan",Bottomline Technologies,Bottomline Technologies,First Lien,,,,16500000.0,16500000.0,16500000.0,,100.0,4.5,8.23,,,False,,,USD,16500000.0,Software and Services,,First lien senior secured loan,SOFR,2029-05,2025-04,Provider of payment automation solutions,,,,8.23,4.5,,Information Technology,Software & Services,First Lien,,Bottomline Technologies
ARCC,0001287750,0001628280-26-050307,10-Q,2026-06-30,2026-07-29,"Businessolver.com, Inc. | First lien senior secured loan",Businessolver.com,Businessolver.com,First Lien,,,,27700000.0,28000000.0,28000000.0,,98.93,4.5,8.23,,,False,,,USD,27700000.0,Software and Services,,First lien senior secured loan,SOFR,2032-12,2021-12,Provider of SaaS-based benefits solutions for employers and employees,,,,8.23,4.5,,Information Technology,Software & Services,First Lien,,Businessolver.com
ARCC,0001287750,0001628280-26-050307,10-Q,2026-06-30,2026-07-29,"Cardinal Parent, Inc. and Packers Software Intermediate Holdings, Inc. | First lien senior secured loan","Cardinal Parent, Inc.","Cardinal Parent, Inc.",First Lien,,,,14500000.0,16200000.0,16500000.0,,87.88,4.5,8.38,,,False,,,USD,14500000.0,Software and Services,,First lien senior secured loan,SOFR,2027-11,2024-04,Provider of software and technology-enabled content and analytical solutions to insurance brokers,,,,8.38,4.5,,Information Technology,Software & Services,First Lien,Vertafore,"Cardinal Parent, Inc."
ARCC,0001287750,0001628280-26-050307,10-Q,2026-06-30,2026-07-29,"Cardinal Parent, Inc. and Packers Software Intermediate Holdings, Inc. | Second lien senior secured loan","Cardinal Parent, Inc.","Cardinal Parent, Inc.",Second Lien,,,,63800000.0,71300000.0,71600000.0,,89.11,7.75,11.63,,,False,,,USD,63800000.0,Software and Services,,Second lien senior secured loan,SOFR,2028-11,2020-11,Provider of software and technology-enabled content and analytical solutions to insurance brokers,,,,11.63,7.75,,Information Technology,Software & Services,Second Lien,Vertafore,"Cardinal Parent, Inc."
ARCC,0001287750,0001628280-26-050307,10-Q,2026-06-30,2026-07-29,"Cardinal Parent, Inc. and Packers Software Intermediate Holdings, Inc.  | Series A preferred shares","Cardinal Parent, Inc.","Cardinal Parent, Inc.",Preferred Equity,,,,55700000.0,65600000.0,,36850.0,84.91,,11.0,,,False,,,USD,55700000.0,Software and Services,,Series A preferred shares,,,2020-11,Provider of software and technology-enabled content and analytical solutions to insurance brokers,,,,11.0,,,Information Technology,Software & Services,Preferred Equity,Vertafore,"Cardinal Parent, Inc."
ARCC,0001287750,0001628280-26-050307,10-Q,2026-06-30,2026-07-29,"Cardinal Parent, Inc. and Packers Software Intermediate Holdings, Inc. |  Series A-2preferred shares","Cardinal Parent, Inc.","Cardinal Parent, Inc.",Equity,,,,13900000.0,16300000.0,,8963.0,85.28,,11.0,,,False,,,USD,13900000.0,Software and Services,,Series A-2 preferred shares,,,2020-12,Provider of software and technology-enabled content and analytical solutions to insurance brokers,,,,11.0,,,Information Technology,Software & Services,Common Equity,Vertafore,"Cardinal Parent, Inc."
ARCC,0001287750,0001628280-26-050307,10-Q,2026-06-30,2026-07-29,"Cascade Parent Inc., Cascade Intermediate II, Inc., and Haveli Cascade Co-Invest I, L.P. | First lien senior secured revolving loan",Cascade Parent Inc.,Cascade Parent Inc.,First Lien,,,,0.0,0.0,0.0,,,,,,,False,,,USD,0.0,,,,,,,,,,,,,,Other,Other,First Lien,Vertafore,Cascade Parent Inc.
ARCC,0001287750,0001628280-26-050307,10-Q,2026-06-30,2026-07-29,"Cascade Parent Inc., Cascade Intermediate II, Inc., and Haveli Cascade Co-Invest I, L.P., First lien senior secured loan",Cascade Parent Inc.,Cascade Parent Inc.,First Lien,,,,29500000.0,29800000.0,29800000.0,,98.99,5.75,9.39,,,False,,,USD,29500000.0,Software and Services,,First lien senior secured loan,SOFR,2031-09,2025-09,Provider of database management services,,,,9.39,5.75,,Information Technology,Software & Services,First Lien,Vertafore,Cascade Parent Inc.
ARCC,0001287750,0001628280-26-050307,10-Q,2026-06-30,2026-07-29,"Cascade Parent Inc., Cascade Intermediate II, Inc., and Haveli Cascade Co-Invest I, L.P., Senior subordinated loan",Cascade Parent Inc.,Cascade Parent Inc.,Senior Subordinated,,,,25700000.0,26100000.0,26100000.0,,98.47,,,,13.0,True,,,USD,25700000.0,Software and Services,,Senior subordinated loan,,2033-09,2025-09,Provider of database management services,,,,13.0,,,Information Technology,Software & Services,Subordinated,Vertafore,Cascade Parent Inc.
ARCC,0001287750,0001628280-26-050307,10-Q,2026-06-30,2026-07-29,"Cascade Parent Inc., Cascade Intermediate II, Inc., and Haveli Cascade Co-Invest I, L.P., Limited partnership interests",Cascade Parent Inc.,Cascade Parent Inc.,LP Interest,,,,5800000.0,5300000.0,,5324000.0,109.43,,,,,False,,,USD,5800000.0,Software and Services,,Limited partnership interests,,,2025-09,Provider of database management services,,,,,,,Information Technology,Software & Services,Common Equity,Vertafore,Cascade Parent Inc.
ARCC,0001287750,0001628280-26-050307,10-Q,2026-06-30,2026-07-29,"Centralsquare Technologies, LLC and Supermoose Newco, Inc. | First lien senior secured revolving loan","Centralsquare Technologies, LLC","Centralsquare Technologies, LLC",First Lien,,,,0.0,0.0,0.0,,,,,,,False,,,USD,0.0,,,,,,,,,,,,,,Information Technology,Software & Services,First Lien,CentralSquare,"Centralsquare Technologies, LLC"
ARCC,0001287750,0001628280-26-050307,10-Q,2026-06-30,2026-07-29,"Centralsquare Technologies, LLC and Supermoose Newco, Inc. | First lien senior secured loan","Centralsquare Technologies, LLC","Centralsquare Technologies, LLC",First Lien,,,,144000000.0,144000000.0,144000000.0,,100.0,5.75,9.39,,,False,,,USD,144000000.0,Software and Services,,First lien senior secured loan,SOFR,2030-04,2024-04,Provider of mission-critical software solutions for the public sector,,,,9.39,5.75,,Information Technology,Software & Services,First Lien,CentralSquare,"Centralsquare Technologies, LLC"
ARCC,0001287750,0001628280-26-050307,10-Q,2026-06-30,2026-07-29,"Centralsquare Technologies, LLC and Supermoose Newco, Inc. | Series A preferred stock","Centralsquare Technologies, LLC","Centralsquare Technologies, LLC",Preferred Equity,,,,115500000.0,115300000.0,,83332.0,100.17,,,,15.0,True,,,USD,115500000.0,Software and Services,,Series A preferred stock,,,2024-04,Provider of mission-critical software solutions for the public sector,,,,15.0,,,Information Technology,Software & Services,Preferred Equity,CentralSquare,"Centralsquare Technologies, LLC"
ARCC,0001287750,0001628280-26-050307,10-Q,2026-06-30,2026-07-29,"Clearwater Analytics, LLC and Clearwater Analytics Holdings, Inc.| First lien senior secured loan","Clearwater Analytics, LLC","Clearwater Analytics, LLC",First Lien,,,,130000000.0,130700000.0,130700000.0,,99.46,4.5,8.23,,,False,,,USD,130000000.0,Software and Services,,First lien senior secured loan,SOFR,2033-06,2026-06,"Provider of integrated cloud-based investment portfolio management, accounting, reporting and analytics software",,,,8.23,4.5,,Information Technology,Software & Services,First Lien,,"Clearwater Analytics, LLC"
ARCC,0001287750,0001628280-26-050307,10-Q,2026-06-30,2026-07-29,"Cloud Software Group, Inc., Picard Parent, Inc., Cloud Software Group Holdings, Inc., Picard HoldCo, LLC and Elliott Alto Co-Investor Aggregator L.P. |  Limited partnership interests","Cloud Software Group, Inc.","Cloud Software Group, Inc.",LP Interest,,,,30500000.0,12300000.0,,12250000.0,247.97,,,,,False,,,USD,30500000.0,Software and Services,,Limited partnership interests,,,2022-09,"Provider of server, application and desktop virtualization, networking, software as a service, and cloud computing technologies",,,,,,,Information Technology,Software & Services,Common Equity,Citrix,"Cloud Software Group, Inc."
ARCC,0001287750,0001628280-26-050307,10-Q,2026-06-30,2026-07-29,"Community Brands ParentCo, LLC, |  Class A units","Community Brands ParentCo, LLC","Community Brands ParentCo, LLC",Common Equity,,,,1100000.0,5000000.0,,500000.0,22.0,,,,,False,,,USD,1100000.0,Software and Services,,Class A units,,,2016-12,Software and payment services provider to non-profit institutions,,,,,,,Information Technology,Software & Services,Common Equity,,"Community Brands ParentCo, LLC"
ARCC,0001287750,0001628280-26-050307,10-Q,2026-06-30,2026-07-29,"Computer Services, Inc., | First lien senior secured loan","Computer Services, Inc.","Computer Services, Inc.",First Lien,,,,49200000.0,50200000.0,50200000.0,,98.01,4.5,8.23,,,False,,,USD,49200000.0,Software and Services,,First lien senior secured loan,SOFR,2031-11,2024-02,Infrastructure software provider to community banks,,,,8.23,4.5,,Information Technology,Software & Services,First Lien,CSI,"Computer Services, Inc."
ARCC,0001287750,0001628280-26-050307,10-Q,2026-06-30,2026-07-29,"Consilio Midco Limited, Compusoft US LLC, and Consilio Investment Holdings, L.P. | Common units",Consilio Midco Limited,Consilio Midco Limited,Common Equity,,,,9900000.0,5000000.0,,506924.0,198.0,,,,,False,,,USD,9900000.0,Software and Services,,Common units,,,2021-05,Provider of sales software for the interior design industry,,,,,,,Information Technology,Software & Services,Common Equity,,Consilio Midco Limited
ARCC,0001287750,0001628280-26-050307,10-Q,2026-06-30,2026-07-29,"CoreLogic, Inc. and T-VIII Celestial Co-Invest LP. | First lien senior secured revolving loan",CoreLogic,CoreLogic,First Lien,,,,12500000.0,12600000.0,12600000.0,,99.21,3.25,7.01,,,False,,,USD,12500000.0,Software and Services,,First lien senior secured revolving loan,SOFR,2028-03,2021-06,"Provider of information, insight, analytics, software and other outsourced services primarily to the mortgage, real estate and insurance sectors",,,,7.01,3.25,,Information Technology,Software & Services,First Lien,,CoreLogic
ARCC,0001287750,0001628280-26-050307,10-Q,2026-06-30,2026-07-29,"CoreLogic, Inc. and T-VIII Celestial Co-Invest LP. |  Second lien senior secured loan",CoreLogic,CoreLogic,Second Lien,,,,152900000.0,155700000.0,155700000.0,,98.2,6.5,10.26,,,False,,,USD,152900000.0,Software and Services,,Second lien senior secured loan,SOFR,2029-06,2021-06,"Provider of information, insight, analytics, software and other outsourced services primarily to the mortgage, real estate and insurance sectors",,,,10.26,6.5,,Information Technology,Software & Services,Second Lien,,CoreLogic
ARCC,0001287750,0001628280-26-050307,10-Q,2026-06-30,2026-07-29,"CoreLogic, Inc. and T-VIII Celestial Co-Invest LP. |  Limited partnership units",CoreLogic,CoreLogic,LP Interest,,,,53000000.0,59700000.0,,59665989.0,88.78,,,,,False,,,USD,53000000.0,Software and Services,,Limited partnership units,,,2021-04,"Provider of information, insight, analytics, software and other outsourced services primarily to the mortgage, real estate and insurance sectors",,,,,,,Information Technology,Software & Services,Common Equity,,CoreLogic
ARCC,0001287750,0001628280-26-050307,10-Q,2026-06-30,2026-07-29,"Cority Software Inc., Cority Software (USA) Inc., and Cority Parent, Inc. | First lien senior secured loan",Cority Software Inc.,Cority Software Inc.,First Lien,,,,59800000.0,61700000.0,61700000.0,,96.92,4.5,8.16,,,False,,,USD,59800000.0,Software and Services,,First lien senior secured loan,SOFR,2032-11,2025-10,"Provider of environmental, health and safety software to track compliance data",,,,8.16,4.5,,Information Technology,Software & Services,First Lien,,Cority Software Inc.
ARCC,0001287750,0001628280-26-050307,10-Q,2026-06-30,2026-07-29,"Cority Software Inc., Cority Software (USA) Inc., and Cority Parent, Inc. | Preferred equity",Cority Software Inc.,Cority Software Inc.,Preferred Equity,,,,700000.0,400000.0,,198.0,175.0,,,,9.0,True,,,USD,700000.0,Software and Services,,Preferred equity,,,2019-07,"Provider of environmental, health and safety software to track compliance data",,,,9.0,,,Information Technology,Software & Services,Preferred Equity,,Cority Software Inc.
ARCC,0001287750,0001628280-26-050307,10-Q,2026-06-30,2026-07-29,"Cority Software Inc., Cority Software (USA) Inc., and Cority Parent, Inc. | Common equity",Cority Software Inc.,Cority Software Inc.,Common Equity,,,,0.0,0.0,,190143.0,,,,,,False,,,USD,0.0,,,,,,,,,,,,,,Information Technology,Software & Services,Common Equity,,Cority Software Inc.
ARCC,0001287750,0001628280-26-050307,10-Q,2026-06-30,2026-07-29,"Cornerstone OnDemand, Inc. and Sunshine Software Holdings, Inc. | First lien senior secured revolving loan","Cornerstone OnDemand, Inc.","Cornerstone OnDemand, Inc.",First Lien,,,,6200000.0,9800000.0,9800000.0,,63.27,3.0,6.76,,,False,,,USD,6200000.0,Software and Services,,First lien senior secured revolving loan,SOFR,2026-10,2021-10,"Provider of a cloud-based, SaaS platform for talent management",,,,6.76,3.0,,Information Technology,Software & Services,First Lien,Cornerstone OnDemand,"Cornerstone OnDemand, Inc."
ARCC,0001287750,0001628280-26-050307,10-Q,2026-06-30,2026-07-29,"Cornerstone OnDemand, Inc. and Sunshine Software Holdings, Inc.|  First lien senior secured loan","Cornerstone OnDemand, Inc.","Cornerstone OnDemand, Inc.",First Lien,,,,10300000.0,15200000.0,16400000.0,,62.8,3.75,7.51,,,False,,,USD,10300000.0,Software and Services,,First lien senior secured loan,SOFR,2028-10,2024-06,"Provider of a cloud-based, SaaS platform for talent management",,,,7.51,3.75,,Information Technology,Software & Services,First Lien,Cornerstone OnDemand,"Cornerstone OnDemand, Inc."
ARCC,0001287750,0001628280-26-050307,10-Q,2026-06-30,2026-07-29,"Cornerstone OnDemand, Inc. and Sunshine Software Holdings, Inc. | Second lien senior secured loan","Cornerstone OnDemand, Inc.","Cornerstone OnDemand, Inc.",Second Lien,,,,88000000.0,137500000.0,137500000.0,,64.0,6.5,10.26,,,False,,,USD,88000000.0,Software and Services,,Second lien senior secured loan,SOFR,2029-10,2021-10,"Provider of a cloud-based, SaaS platform for talent management",,,,10.26,6.5,,Information Technology,Software & Services,Second Lien,Cornerstone OnDemand,"Cornerstone OnDemand, Inc."
ARCC,0001287750,0001628280-26-050307,10-Q,2026-06-30,2026-07-29,"Cornerstone OnDemand, Inc. and Sunshine Software Holdings, Inc. | Series A preferred shares","Cornerstone OnDemand, Inc.","Cornerstone OnDemand, Inc.",Preferred Equity,,,,113100000.0,188500000.0,,116413.0,60.0,,,,10.5,True,,,USD,113100000.0,Software and Services,,Series A preferred shares,,,2021-10,"Provider of a cloud-based, SaaS platform for talent management",,,,10.5,,,Information Technology,Software & Services,Preferred Equity,Cornerstone OnDemand,"Cornerstone OnDemand, Inc."
ARCC,0001287750,0001628280-26-050307,10-Q,2026-06-30,2026-07-29,"Cornerstone OnDemand, Inc. and Sunshine Software Holdings, Inc. | Class A-1 common stock","Cornerstone OnDemand, Inc.","Cornerstone OnDemand, Inc.",Common Equity,,,,14700000.0,13600000.0,,1360100.0,108.09,,,,,False,,,USD,14700000.0,Software and Services,,Class A-1 common stock,,,2021-10,"Provider of a cloud-based, SaaS platform for talent management",,,,,,,Information Technology,Software & Services,Common Equity,Cornerstone OnDemand,"Cornerstone OnDemand, Inc."
ARCC,0001287750,0001628280-26-050307,10-Q,2026-06-30,2026-07-29,"Coupa Holdings, LLC and Coupa Software Incorporated | First lien senior secured loan",Coupa Holdings,Coupa Holdings,First Lien,,,,9200000.0,9700000.0,9700000.0,,94.85,5.25,8.91,,,False,,,USD,9200000.0,Software and Services,,First lien senior secured loan,SOFR,2030-02,2023-03,Provider of Business Spend Management software,,,,8.91,5.25,,Information Technology,Software & Services,First Lien,,Coupa Holdings
ARCC,0001287750,0001628280-26-050307,10-Q,2026-06-30,2026-07-29,"Databricks, Inc. | First lien senior secured loan",Databricks,Databricks,First Lien,,,,100000.0,100000.0,100000.0,,100.0,4.5,8.11,,,False,,,USD,100000.0,Software and Services,,First lien senior secured loan,SOFR,2032-01,2024-12,Cloud-based data and AI platform that helps companies scale and manage data,,,,8.11,4.5,,Information Technology,Software & Services,First Lien,,Databricks
ARCC,0001287750,0001628280-26-050307,10-Q,2026-06-30,2026-07-29,"Datix Bidco Limited and RL Datix Holdings (USA), Inc. | First lien senior secured loan",Datix Bidco Limited,Datix Bidco Limited,First Lien,,,,103500000.0,104600000.0,104600000.0,,98.95,5.0,8.73,,,False,,,USD,103500000.0,Software and Services,,First lien senior secured loan,SOFR,2031-04,2024-04,Global healthcare software company that provides software solutions for patient safety and risk management,,,,8.73,5.0,,Information Technology,Software & Services,First Lien,RLDatix,Datix Bidco Limited
ARCC,0001287750,0001628280-26-050307,10-Q,2026-06-30,2026-07-29,"Datix Bidco Limited and RL Datix Holdings (USA), Inc. | First lien senior secured loan 1",Datix Bidco Limited,Datix Bidco Limited,First Lien,,,,55700000.0,53100000.0,56200000.0,,99.11,5.0,8.74,,,False,,,USD,55700000.0,Software and Services,,First lien senior secured loan,SONIA,2031-04,2024-04,Global healthcare software company that provides software solutions for patient safety and risk management,,,,8.74,5.0,,Information Technology,Software & Services,First Lien,RLDatix,Datix Bidco Limited
ARCC,0001287750,0001628280-26-050307,10-Q,2026-06-30,2026-07-29,"Digicert, Inc., Dcert Buyer, Inc., DCert Preferred Holdings, Inc. and Destiny Digital Holdings, L.P. | First lien senior secured loan","Digicert, Inc.","Digicert, Inc.",First Lien,,,,121600000.0,123000000.0,124100000.0,,97.99,5.75,9.39,,,False,,,USD,121600000.0,Software and Services,,First lien senior secured loan,SOFR,2030-07,2025-07,Provider of internet security tools and solutions,,,,9.39,5.75,,Information Technology,Software & Services,First Lien,DigiCert,"Digicert, Inc."
ARCC,0001287750,0001628280-26-050307,10-Q,2026-06-30,2026-07-29,"Digicert, Inc., Dcert Buyer, Inc., DCert Preferred Holdings, Inc. and Destiny Digital Holdings, L.P. | Second lien senior secured loan","Digicert, Inc.","Digicert, Inc.",Second Lien,,,,19100000.0,20500000.0,22800000.0,,83.77,7.0,10.64,,,False,,,USD,19100000.0,Software and Services,,Second lien senior secured loan,SOFR,2029-02,2022-05,Provider of internet security tools and solutions,,,,10.64,7.0,,Information Technology,Software & Services,Second Lien,DigiCert,"Digicert, Inc."
ARCC,0001287750,0001628280-26-050307,10-Q,2026-06-30,2026-07-29,"Digicert, Inc., Dcert Buyer, Inc., DCert Preferred Holdings, Inc. and Destiny Digital Holdings, L.P. | Series A preferred shares","Digicert, Inc.","Digicert, Inc.",Preferred Equity,,,,175000000.0,218800000.0,,129822.0,79.98,,,,10.5,True,,,USD,175000000.0,Software and Services,,Series A preferred shares,,,2021-05,Provider of internet security tools and solutions,,,,10.5,,,Information Technology,Software & Services,Preferred Equity,DigiCert,"Digicert, Inc."
ARCC,0001287750,0001628280-26-050307,10-Q,2026-06-30,2026-07-29,"Digicert, Inc., Dcert Buyer, Inc., DCert Preferred Holdings, Inc. and Destiny Digital Holdings, L.P. | Series A units","Digicert, Inc.","Digicert, Inc.",Common Equity,,,,12200000.0,13300000.0,,817194.0,91.73,,,,,False,,,USD,12200000.0,Software and Services,,Series A units,,,2021-05,Provider of internet security tools and solutions,,,,,,,Information Technology,Software & Services,Common Equity,DigiCert,"Digicert, Inc."
ARCC,0001287750,0001628280-26-050307,10-Q,2026-06-30,2026-07-29,"Diligent Corporation and Diligent Preferred Issuer, Inc. | First lien senior secured revolving loan",Diligent Corporation,Diligent Corporation,First Lien,,,,20300000.0,20900000.0,21000000.0,,96.67,5.0,8.65,,,False,,,USD,20300000.0,Software and Services,,First lien senior secured revolving loan,SOFR,2030-08,2024-04,Provider of secure SaaS solutions for board and leadership team documents,,,,8.65,5.0,,Information Technology,Software & Services,First Lien,,Diligent Corporation
ARCC,0001287750,0001628280-26-050307,10-Q,2026-06-30,2026-07-29,"Diligent Corporation and Diligent Preferred Issuer, Inc. | First lien senior secured loan",Diligent Corporation,Diligent Corporation,First Lien,,,,3300000.0,3400000.0,3400000.0,,97.06,8.42,,,12.09,True,,,USD,3300000.0,Software and Services,,First lien senior secured loan,SOFR,2030-08,2024-04,Provider of secure SaaS solutions for board and leadership team documents,,,,12.09,8.42,,Information Technology,Software & Services,First Lien,,Diligent Corporation
ARCC,0001287750,0001628280-26-050307,10-Q,2026-06-30,2026-07-29,"Diligent Corporation and Diligent Preferred Issuer, Inc. | Preferred stock",Diligent Corporation,Diligent Corporation,Preferred Equity,,,,20800000.0,21600000.0,,13140.0,96.3,,,,10.5,True,,,USD,20800000.0,Software and Services,,Preferred stock,,,2021-04,Provider of secure SaaS solutions for board and leadership team documents,,,,10.5,,,Information Technology,Software & Services,Preferred Equity,,Diligent Corporation
ARCC,0001287750,0001628280-26-050307,10-Q,2026-06-30,2026-07-29,Doxim Inc. | First lien senior secured revolving loan,Doxim Inc.,Doxim Inc.,First Lien,,,,0.0,0.0,0.0,,,,,,,False,,,USD,0.0,,,,,,,,,,,,,,Information Technology,Software & Services,First Lien,,Doxim Inc.
ARCC,0001287750,0001628280-26-050307,10-Q,2026-06-30,2026-07-29,Doxim Inc. | First lien senior secured loan,Doxim Inc.,Doxim Inc.,First Lien,,,,84300000.0,84300000.0,84300000.0,,100.0,6.5,10.14,,,False,,,USD,84300000.0,Software and Services,,First lien senior secured loan,SOFR,2027-11,2025-09,Enterprise content management provider,,,,10.14,6.5,,Information Technology,Software & Services,First Lien,,Doxim Inc.
ARCC,0001287750,0001628280-26-050307,10-Q,2026-06-30,2026-07-29,"DriveCentric Holdings, LLC | First lien senior secured loan",DriveCentric Holdings,DriveCentric Holdings,First Lien,,,,23700000.0,23700000.0,23700000.0,,100.0,4.5,8.23,,,False,,,USD,23700000.0,Software and Services,,First lien senior secured loan,SOFR,2031-08,2025-07,Provider of CRM software to the automotive dealership industry,,,,8.23,4.5,,Information Technology,Software & Services,First Lien,,DriveCentric Holdings
ARCC,0001287750,0001628280-26-050307,10-Q,2026-06-30,2026-07-29,"Echo Purchaser, Inc. |  First lien senior secured loan",Echo Purchaser,Echo Purchaser,First Lien,,,,11300000.0,11300000.0,11300000.0,,100.0,5.5,9.17,,,False,,,USD,11300000.0,Software and Services,,First lien senior secured loan,SOFR,2029-11,2023-11,"Software provider of mission critical security, supply chain, and collaboration solutions for highly regulated end markets",,,,9.17,5.5,,Information Technology,Software & Services,First Lien,,Echo Purchaser
ARCC,0001287750,0001628280-26-050307,10-Q,2026-06-30,2026-07-29,"Eclipse Topco, Inc., Eclipse Investor Parent, L.P. and Eclipse Buyer, Inc. | First lien senior secured loan","Eclipse Topco, Inc.","Eclipse Topco, Inc.",First Lien,,,,34900000.0,35200000.0,35200000.0,,99.15,4.5,8.15,,,False,,,USD,34900000.0,Software and Services,,First lien senior secured loan,SOFR,2031-09,2024-09,Payment processing solution provider,,,,8.15,4.5,,Information Technology,Software & Services,First Lien,,"Eclipse Topco, Inc."
ARCC,0001287750,0001628280-26-050307,10-Q,2026-06-30,2026-07-29,"Eclipse Topco, Inc., Eclipse Investor Parent, L.P. and Eclipse Buyer, Inc. | Preferred units","Eclipse Topco, Inc.","Eclipse Topco, Inc.",Preferred Equity,,,,8200000.0,8200000.0,,656.0,100.0,,,,12.5,True,,,USD,8200000.0,Software and Services,,Preferred units,,,2024-09,Payment processing solution provider,,,,12.5,,,Information Technology,Software & Services,Preferred Equity,,"Eclipse Topco, Inc."
ARCC,0001287750,0001628280-26-050307,10-Q,2026-06-30,2026-07-29,"Eclipse Topco, Inc., Eclipse Investor Parent, L.P. and Eclipse Buyer, Inc. | Class A common units","Eclipse Topco, Inc.","Eclipse Topco, Inc.",Common Equity,,,,500000.0,600000.0,,563.0,83.33,,,,,False,,,USD,500000.0,Software and Services,,Class A common units,,,2024-09,Payment processing solution provider,,,,,,,Information Technology,Software & Services,Common Equity,,"Eclipse Topco, Inc."
ARCC,0001287750,0001628280-26-050307,10-Q,2026-06-30,2026-07-29,"Edition Holdings, Inc. and Enverus, Inc. | First lien senior secured revolving loan","Edition Holdings, Inc.","Edition Holdings, Inc.",First Lien,,,,79400000.0,81100000.0,81100000.0,,97.9,4.5,8.15,,,False,,,USD,79400000.0,Software and Services,,First lien senior secured revolving loan,SOFR,2032-12,2025-12,SaaS based business analytics company focused on oil and gas industry,,,,8.15,4.5,,Information Technology,Software & Services,First Lien,Enverus,"Edition Holdings, Inc."
ARCC,0001287750,0001628280-26-050307,10-Q,2026-06-30,2026-07-29,"Edmunds Govtech, Inc. |  First lien senior secured revolving loan",Edmunds Govtech,Edmunds Govtech,First Lien,,,,1700000.0,1700000.0,1700000.0,,100.0,3.75,7.48,,,False,,,USD,1700000.0,Software and Services,,First lien senior secured revolving loan,SOFR,2030-02,2024-02,Provider of ERP software solutions for local governments,,,,7.48,3.75,,Information Technology,Software & Services,First Lien,,Edmunds Govtech
ARCC,0001287750,0001628280-26-050307,10-Q,2026-06-30,2026-07-29,"Edmunds Govtech, Inc. | First lien senior secured loan",Edmunds Govtech,Edmunds Govtech,First Lien,,,,5200000.0,5200000.0,5200000.0,,100.0,4.75,8.48,,,False,,,USD,5200000.0,Software and Services,,First lien senior secured loan,SOFR,2031-02,2024-02,Provider of ERP software solutions for local governments,,,,8.48,4.75,,Information Technology,Software & Services,First Lien,,Edmunds Govtech
ARCC,0001287750,0001628280-26-050307,10-Q,2026-06-30,2026-07-29,"Einstein Parent, Inc. |  First lien senior secured loan",Einstein Parent,Einstein Parent,First Lien,,,,45900000.0,45900000.0,45900000.0,,100.0,5.25,8.91,,,False,,,USD,45900000.0,Software and Services,,First lien senior secured loan,SOFR,2031-01,2025-01,Provider of SaaS based collaborative work management software,,,,8.91,5.25,,Information Technology,Software & Services,First Lien,,Einstein Parent
ARCC,0001287750,0001628280-26-050307,10-Q,2026-06-30,2026-07-29,"Elemica, Inc. and EZ Elemica Holdings, Inc. |  First lien senior secured revolving loan","Elemica, Inc.","Elemica, Inc.",First Lien,,,,111600000.0,113900000.0,113900000.0,,97.98,4.75,8.4,,,False,,,USD,111600000.0,Software and Services,,First lien senior secured revolving loan,SOFR,2032-02,2026-02,SaaS based supply chain management software provider focused on chemical markets,,,,8.4,4.75,,Information Technology,Software & Services,First Lien,,"Elemica, Inc."
ARCC,0001287750,0001628280-26-050307,10-Q,2026-06-30,2026-07-29,"Elemica, Inc. and EZ Elemica Holdings, Inc. |  Preferred equity","Elemica, Inc.","Elemica, Inc.",Preferred Equity,,,,5100000.0,3700000.0,,4599.0,137.84,,,,,False,,,USD,5100000.0,Software and Services,,Preferred equity,,,2019-09,SaaS based supply chain management software provider focused on chemical markets,,,,,,,Information Technology,Software & Services,Preferred Equity,,"Elemica, Inc."
ARCC,0001287750,0001628280-26-050307,10-Q,2026-06-30,2026-07-29,"EP Purchaser, LLC and TPG VIII EP Co-Invest II, L.P. | First lien senior secured loan","EP Purchaser, LLC","EP Purchaser, LLC",First Lien,,,,32800000.0,49500000.0,49700000.0,,66.0,4.5,8.28,,,False,,,USD,32800000.0,Software and Services,,First lien senior secured loan,SOFR,2028-11,2023-06,Provider of entertainment workforce and production management solutions,,,,8.28,4.5,,Information Technology,Software & Services,First Lien,,"EP Purchaser, LLC"
ARCC,0001287750,0001628280-26-050307,10-Q,2026-06-30,2026-07-29,"EP Purchaser, LLC and TPG VIII EP Co-Invest II, L.P. |  Partnership units","EP Purchaser, LLC","EP Purchaser, LLC",LP Interest,,,,1600000.0,3000000.0,,5034483.0,53.33,,,,,False,,,USD,1600000.0,Software and Services,,Partnership units,,,2019-05,Provider of entertainment workforce and production management solutions,,,,,,,Information Technology,Software & Services,Common Equity,,"EP Purchaser, LLC"
ARCC,0001287750,0001628280-26-050307,10-Q,2026-06-30,2026-07-29,"eResearch Technology, Inc. and Astorg VII Co-Invest ERT, | Limited partnership interest","eResearch Technology, Inc.","eResearch Technology, Inc.",LP Interest,,,,500000.0,0.0,,3988000.0,,,,,,False,,,USD,500000.0,Software and Services,,Limited partnership interest,,,2020-01,"Provider of mission-critical, software-enabled clinical research solutions",,,,,,,Information Technology,Software & Services,Common Equity,,"eResearch Technology, Inc."
ARCC,0001287750,0001628280-26-050307,10-Q,2026-06-30,2026-07-29,"ESHA Intermediate, LLC, |  First lien senior secured loan","ESHA Intermediate, LLC","ESHA Intermediate, LLC",First Lien,,,,21800000.0,22200000.0,22200000.0,,98.2,4.5,8.18,,,False,,,USD,21800000.0,Software and Services,,First lien senior secured loan,SOFR,2032-12,2025-12,Provider of nutritional information and software as a services (SaaS) compliance solutions,,,,8.18,4.5,,Information Technology,Software & Services,First Lien,,"ESHA Intermediate, LLC"
ARCC,0001287750,0001628280-26-050307,10-Q,2026-06-30,2026-07-29,"Extrahop Networks, Inc. | First lien senior secured revolving loan",Extrahop Networks,Extrahop Networks,First Lien,,,,42700000.0,43100000.0,43100000.0,,99.07,6.5,10.34,,,False,,,USD,42700000.0,Software and Services,,First lien senior secured revolving loan,SOFR,2027-07,2024-03,Provider of real-time wire data analytics solutions for application and infrastructure monitoring,,,,10.34,6.5,,Information Technology,Software & Services,First Lien,,Extrahop Networks
ARCC,0001287750,0001628280-26-050307,10-Q,2026-06-30,2026-07-29,"Flexera Software LLC, | First lien senior secured loan",Flexera Software LLC,Flexera Software LLC,First Lien,,,,136200000.0,139000000.0,139000000.0,,97.99,4.75,8.4,,,False,,,USD,136200000.0,Software and Services,,First lien senior secured loan,SOFR,2032-08,2025-08,"Provider of IT asset management, SaaS management and cloud optimization software products to enterprises",,,,8.4,4.75,,Information Technology,Software & Services,First Lien,Flexera,Flexera Software LLC
ARCC,0001287750,0001628280-26-050307,10-Q,2026-06-30,2026-07-29,"Flexera Software LLC, |  First lien senior secured loan 1",Flexera Software LLC,Flexera Software LLC,First Lien,,,,6500000.0,6800000.0,6600000.0,,98.48,4.75,6.96,,,False,,,USD,6500000.0,Software and Services,,First lien senior secured loan,EURIBOR,2032-08,2025-08,"Provider of IT asset management, SaaS management and cloud optimization software products to enterprises",,,,6.96,4.75,,Information Technology,Software & Services,First Lien,Flexera,Flexera Software LLC
ARCC,0001287750,0001628280-26-050307,10-Q,2026-06-30,2026-07-29,"Forescout Technologies, Inc. | First lien senior secured loan",Forescout Technologies,Forescout Technologies,First Lien,,,,5100000.0,5100000.0,5100000.0,,100.0,4.5,8.23,,,False,,,USD,5100000.0,Software and Services,,First lien senior secured loan,SOFR,2032-05,2024-05,Network access control solutions provider,,,,8.23,4.5,,Information Technology,Software & Services,First Lien,,Forescout Technologies
ARCC,0001287750,0001628280-26-050307,10-Q,2026-06-30,2026-07-29,"GHP-VGS Purchaser LLC, |  First lien senior secured revolving loan",GHP-VGS Purchaser LLC,GHP-VGS Purchaser LLC,First Lien,,,,10900000.0,10900000.0,10900000.0,,100.0,4.5,8.23,,,False,,,USD,10900000.0,Software and Services,,First lien senior secured revolving loan,SOFR,2032-04,2025-04,Provider of assessment software and third party appraisal services,,,,8.23,4.5,,Information Technology,Software & Services,First Lien,,GHP-VGS Purchaser LLC
ARCC,0001287750,0001628280-26-050307,10-Q,2026-06-30,2026-07-29,"GI Ranger Intermediate LLC, |  First lien senior secured revolving loan",GI Ranger Intermediate LLC,GI Ranger Intermediate LLC,First Lien,,,,1900000.0,2100000.0,2100000.0,,90.48,6.0,9.89,,,False,,,USD,1900000.0,Software and Services,,First lien senior secured revolving loan,SOFR,2027-10,2021-10,Provider of payment processing services and software to healthcare providers,,,,9.89,6.0,,Information Technology,Software & Services,First Lien,,GI Ranger Intermediate LLC
ARCC,0001287750,0001628280-26-050307,10-Q,2026-06-30,2026-07-29,"GI Ranger Intermediate LLC, | First lien senior secured loan",GI Ranger Intermediate LLC,GI Ranger Intermediate LLC,First Lien,,,,11300000.0,12800000.0,12800000.0,,88.28,6.0,9.88,,,False,,,USD,11300000.0,Software and Services,,First lien senior secured loan,SOFR,2028-10,2021-10,Provider of payment processing services and software to healthcare providers,,,,9.88,6.0,,Information Technology,Software & Services,First Lien,,GI Ranger Intermediate LLC
ARCC,0001287750,0001628280-26-050307,10-Q,2026-06-30,2026-07-29,"Goose Borrower, L.P. |  First lien senior secured loan",Goose Borrower,Goose Borrower,First Lien,,,,83100000.0,83900000.0,83900000.0,,99.05,4.75,8.48,,,False,,,USD,83100000.0,Software and Services,,First lien senior secured loan,SOFR,2033-03,2026-03,Energy equipment manufacturing and services company,,,,8.48,4.75,,Information Technology,Software & Services,First Lien,,Goose Borrower
ARCC,0001287750,0001628280-26-050307,10-Q,2026-06-30,2026-07-29,"Guidepoint Security Holdings, LLC, | First lien senior secured revolving loan","Guidepoint Security Holdings, LLC","Guidepoint Security Holdings, LLC",First Lien,,,,18100000.0,18100000.0,18100000.0,,100.0,5.0,8.65,,,False,,,USD,18100000.0,Software and Services,,First lien senior secured revolving loan,SOFR,2029-10,2023-10,Cybersecurity solutions provider,,,,8.65,5.0,,Information Technology,Software & Services,First Lien,,"Guidepoint Security Holdings, LLC"
ARCC,0001287750,0001628280-26-050307,10-Q,2026-06-30,2026-07-29,"Heavy Construction Systems Specialists, LLC, | First lien senior secured loan","Heavy Construction Systems Specialists, LLC","Heavy Construction Systems Specialists, LLC",First Lien,,,,13800000.0,13800000.0,13800000.0,,100.0,3.75,10.5,,,False,,,USD,13800000.0,Software and Services,,First lien senior secured loan,,2028-11,2024-03,Provider of construction software,,,,10.5,3.75,,Information Technology,Software & Services,First Lien,,"Heavy Construction Systems Specialists, LLC"
ARCC,0001287750,0001628280-26-050307,10-Q,2026-06-30,2026-07-29,"HS Purchaser, LLC, and Help/Systems Holdings, Inc. |  First lien senior secured loan","HS Purchaser, LLC","HS Purchaser, LLC",First Lien,,,,56000000.0,63600000.0,63600000.0,,88.05,6.5,10.14,,3.25,True,,,USD,56000000.0,Software and Services,,First lien senior secured loan,SOFR,2029-05,2025-11,Provider of IT operations management and cybersecurity software,,,,10.14,6.5,3.25,Information Technology,Software & Services,First Lien,Fortra,"HS Purchaser, LLC"
ARCC,0001287750,0001628280-26-050307,10-Q,2026-06-30,2026-07-29,"Huskies Parent, Inc., GI Insurity Parent LLC and GI Insurity TopCo LP | First lien senior secured revolving loan","Huskies Parent, Inc.","Huskies Parent, Inc.",First Lien,,,,3000000.0,10400000.0,1600000.0,4246457.0,28.85,5.5,9.25,,,False,,,USD,3000000.0,Software and Services,,First lien senior secured revolving loan,SOFR,2029-11,2021-11,Insurance software provider,,,,9.25,5.5,,Information Technology,Software & Services,First Lien,Insurity,"Huskies Parent, Inc."
ARCC,0001287750,0001628280-26-050307,10-Q,2026-06-30,2026-07-29,"Huskies Parent, Inc., GI Insurity Parent LLC and GI Insurity TopCo LP | First lien senior secured loan","Huskies Parent, Inc.","Huskies Parent, Inc.",First Lien,,,,59300000.0,63700000.0,63700000.0,,93.09,6.0,9.74,,0.5,True,,,USD,59300000.0,Software and Services,,First lien senior secured loan,SOFR,2029-11,2021-11,Insurance software provider,,,,9.74,6.0,0.5,Information Technology,Software & Services,First Lien,Insurity,"Huskies Parent, Inc."
ARCC,0001287750,0001628280-26-050307,10-Q,2026-06-30,2026-07-29,"Huskies Parent, Inc., GI Insurity Parent LLC and GI Insurity TopCo LP | Senior subordinated loan","Huskies Parent, Inc.","Huskies Parent, Inc.",Senior Subordinated,,,,120900000.0,140600000.0,140600000.0,,85.99,,,,10.0,True,,,USD,120900000.0,Software and Services,,Senior subordinated loan,,2031-11,2021-11,Insurance software provider,,,,10.0,,,Information Technology,Software & Services,Subordinated,Insurity,"Huskies Parent, Inc."
ARCC,0001287750,0001628280-26-050307,10-Q,2026-06-30,2026-07-29,"Hyland Software, Inc. | First lien senior secured loan",Hyland Software,Hyland Software,First Lien,,,,108600000.0,107700000.0,108600000.0,,100.0,4.75,8.39,,,False,,,USD,108600000.0,Software and Services,,First lien senior secured loan,SOFR,2030-09,2023-09,Enterprise content management software provider,,,,8.39,4.75,,Information Technology,Software & Services,First Lien,,Hyland Software
ARCC,0001287750,0001628280-26-050307,10-Q,2026-06-30,2026-07-29,"Hyphen Solutions, LLC, | First lien senior secured loan","Hyphen Solutions, LLC","Hyphen Solutions, LLC",First Lien,,,,11800000.0,11900000.0,11900000.0,,99.16,4.5,8.14,,,False,,,USD,11800000.0,Insurance,,First lien senior secured loan,SOFR,2032-08,2025-08,Provider of residential construction supply chain management software,,,,8.14,4.5,,Financials,Insurance,First Lien,,"Hyphen Solutions, LLC"
ARCC,0001287750,0001628280-26-050307,10-Q,2026-06-30,2026-07-29,"iCapital, Inc. | Common stock",iCapital,iCapital,Common Equity,,,,1100000.0,1000000.0,,71430.0,110.0,,,,,False,,,USD,1100000.0,Insurance,,Common stock,,,2025-04,Provider of platform solutions that increase access to alternative investments for institutional investors and wealth managers,,,,,,,Financials,Insurance,Common Equity,,iCapital
ARCC,0001287750,0001628280-26-050307,10-Q,2026-06-30,2026-07-29,"Icefall Parent, Inc. | First lien senior secured loan",Icefall Parent,Icefall Parent,First Lien,,,,1600000.0,1600000.0,1600000.0,,100.0,4.5,8.23,,,False,,,USD,1600000.0,Insurance,,First lien senior secured loan,SOFR,2030-01,2024-01,Provider of customer engagement software and integrated payments solutions,,,,8.23,4.5,,Financials,Insurance,First Lien,,Icefall Parent
ARCC,0001287750,0001628280-26-050307,10-Q,2026-06-30,2026-07-29,"ID.me, LLC and ID.me, Inc. |  First lien senior secured loan","ID.me, LLC","ID.me, LLC",First Lien,,,,126400000.0,124800000.0,132100000.0,,95.69,,10.25,,5.25,True,,,USD,126400000.0,Insurance,,First lien senior secured loan,,2031-01,2025-01,Provider of remote digital identity verification solutions,,,,10.25,,5.25,Financials,Insurance,First Lien,,"ID.me, LLC"
ARCC,0001287750,0001628280-26-050307,10-Q,2026-06-30,2026-07-29,"ID.me, LLC and ID.me, Inc., | Series E preferred units","ID.me, LLC","ID.me, LLC",Preferred Equity,,,,17500000.0,16000000.0,,10827926.0,109.38,,,,,False,,,USD,17500000.0,Insurance,,Series E preferred units,,,2025-08,Provider of remote digital identity verification solutions,,,,,,,Financials,Insurance,Preferred Equity,,"ID.me, LLC"
ARCC,0001287750,0001628280-26-050307,10-Q,2026-06-30,2026-07-29,"ID.me, LLC and ID.me, Inc. | Warrant to purchase common stock","ID.me, LLC","ID.me, LLC",Warrant,,,,11200000.0,9600000.0,,6924708.0,116.67,,,,,False,,,USD,11200000.0,Insurance,,Warrant to purchase common stock,,2035-01,2025-01,Provider of remote digital identity verification solutions,,,,,,,Financials,Insurance,Warrant,,"ID.me, LLC"
ARCC,0001287750,0001628280-26-050307,10-Q,2026-06-30,2026-07-29,"Internet Truckstop Group LLC, | First lien senior secured loan",Internet Truckstop Group LLC,Internet Truckstop Group LLC,First Lien,,,,39500000.0,39400000.0,39500000.0,,100.0,5.25,9.13,,,False,,,USD,39500000.0,Insurance,,First lien senior secured loan,SOFR,2027-04,2024-06,Provider of freight-moving lifecycle software,,,,9.13,5.25,,Financials,Insurance,First Lien,,Internet Truckstop Group LLC
ARCC,0001287750,0001628280-26-050307,10-Q,2026-06-30,2026-07-29,"IQN Holding Corp, | First lien senior secured revolving loan",IQN Holding Corp,IQN Holding Corp,First Lien,,,,1400000.0,1400000.0,1400000.0,,100.0,5.25,8.99,,,False,,,USD,1400000.0,Insurance,,First lien senior secured revolving loan,SOFR,2028-05,2022-05,Provider of extended workforce management software,,,,8.99,5.25,,Financials,Insurance,First Lien,,IQN Holding Corp
ARCC,0001287750,0001628280-26-050307,10-Q,2026-06-30,2026-07-29,IQN Holding Corp. | First lien senior secured loan,IQN Holding Corp.,IQN Holding Corp.,First Lien,,,,1400000.0,1400000.0,1400000.0,,100.0,5.25,8.98,,,False,,,USD,1400000.0,Insurance,,First lien senior secured revolving loan,SOFR,2028-05,2022-05,Provider of extended workforce management software,,,,8.99,5.25,,Financials,Insurance,First Lien,Beeline,IQN Holding Corp.
ARCC,0001287750,0001628280-26-050307,10-Q,2026-06-30,2026-07-29,JAMS Holdings LP and Jams Buyer LLC | First lien senior secured loan,JAMS Holdings LP,JAMS Holdings LP,First Lien,,,,13900000.0,13900000.0,13900000.0,,100.0,5.0,8.73,,,False,,,USD,13900000.0,Insurance,,First lien senior secured loan,SOFR,2032-06,2025-06,Provider of IT operations management and cybersecurity software,,,,8.73,5.0,,Financials,Insurance,First Lien,,JAMS Holdings LP
ARCC,0001287750,0001628280-26-050307,10-Q,2026-06-30,2026-07-29,JAMS Holdings LP and Jams Buyer LLC | Preferred units,JAMS Holdings LP,JAMS Holdings LP,Preferred Equity,,,,1100000.0,1100000.0,,1001000.0,100.0,,,,8.0,True,,,USD,1100000.0,Insurance,,Preferred units,,,2025-06,Provider of IT operations management and cybersecurity software,,,,8.0,,,Financials,Insurance,Preferred Equity,,JAMS Holdings LP
ARCC,0001287750,0001628280-26-050307,10-Q,2026-06-30,2026-07-29,"Jeppesen Holdings, LLC, | First lien senior secured loan","Jeppesen Holdings, LLC","Jeppesen Holdings, LLC",First Lien,,,,13900000.0,14000000.0,14000000.0,,99.29,4.75,8.41,,,False,,,USD,13900000.0,Insurance,,First lien senior secured loan,SOFR,2032-11,2025-10,Provider of aviation software solutions,,,,8.41,4.75,,Financials,Insurance,First Lien,Jeppesen,"Jeppesen Holdings, LLC"
ARCC,0001287750,0001628280-26-050307,10-Q,2026-06-30,2026-07-29,"Kairos Bidco Limited, |  First lien senior secured revolving loan",Kairos Bidco Limited,Kairos Bidco Limited,First Lien,,,,25100000.0,25100000.0,25100000.0,,100.0,4.75,8.48,,,False,,,USD,25100000.0,Insurance,,First lien senior secured revolving loan,SOFR,2032-07,2025-07,Provider of financial data analytics software,,,,8.48,4.75,,Financials,Insurance,First Lien,,Kairos Bidco Limited
ARCC,0001287750,0001628280-26-050307,10-Q,2026-06-30,2026-07-29,"Kaseya Inc. and Knockout Intermediate Holdings I Inc., | Preferred stock",Kaseya Inc.,Kaseya Inc.,Preferred Equity,,,,25200000.0,36600000.0,,21289.0,68.85,10.75,,,14.59,True,,,USD,25200000.0,Insurance,,Preferred stock,SOFR,,2022-06,Provider of cloud-based software and technology solutions for small and medium sized businesses,,,,14.59,10.75,,Financials,Insurance,Preferred Equity,,Kaseya Inc.
ARCC,0001287750,0001628280-26-050307,10-Q,2026-06-30,2026-07-29,"LeanTaaS Holdings, Inc. | First lien senior secured loan",LeanTaaS Holdings,LeanTaaS Holdings,First Lien,,,,76900000.0,78400000.0,78400000.0,,98.09,7.75,11.48,,,False,,,USD,76900000.0,Insurance,,First lien senior secured loan,SOFR,2028-07,2022-07,Provider of SaaS tools to optimize healthcare asset utilization,,,,11.48,7.75,,Financials,Insurance,First Lien,,LeanTaaS Holdings
ARCC,0001287750,0001628280-26-050307,10-Q,2026-06-30,2026-07-29,"Lobos Parent, Inc. |  First lien senior secured revolving loan",Lobos Parent,Lobos Parent,First Lien,,,,900000.0,900000.0,900000.0,,100.0,4.25,7.99,,,False,,,USD,900000.0,Insurance,,First lien senior secured revolving loan,SOFR,2031-09,2025-09,Provider of cloud-based human capital and compliance management SaaS platform focused on public sector agencies,,,,7.99,4.25,,Financials,Insurance,First Lien,,Lobos Parent
ARCC,0001287750,0001628280-26-050307,10-Q,2026-06-30,2026-07-29,"Majesco and Magic Topco, L.P. | Class A units",Majesco and Magic Topco,Majesco and Magic Topco,Common Equity,,,,4300000.0,1700000.0,,1624.0,252.94,,,,9.0,True,,,USD,4300000.0,Insurance,,Class A units,,,2020-09,Insurance software provider,,,,9.0,,,Financials,Insurance,Common Equity,,Majesco and Magic Topco
ARCC,0001287750,0001628280-26-050307,10-Q,2026-06-30,2026-07-29,"Majesco and Magic Topco, L.P., Class B units","Majesco and Magic Topco, L.P.","Majesco and Magic Topco, L.P.",Common Equity,,,,0.0,0.0,,570625.0,,,,,,False,,,USD,0.0,,,,,,,,,,,,,,Other,Other,Common Equity,,"Majesco and Magic Topco, L.P."
ARCC,0001287750,0001628280-26-050307,10-Q,2026-06-30,2026-07-29,"Merit Software Finance Holdings, LLC, | First lien senior secured loan","Merit Software Finance Holdings, LLC","Merit Software Finance Holdings, LLC",First Lien,,,,33000000.0,33000000.0,33000000.0,,100.0,5.25,8.98,,,False,,,USD,33000000.0,Insurance,,First lien senior secured loan,SOFR,2032-12,2025-12,Vertical software businesses holding company,,,,8.98,5.25,,Financials,Insurance,First Lien,,"Merit Software Finance Holdings, LLC"
ARCC,0001287750,0001628280-26-050307,10-Q,2026-06-30,2026-07-29,"Metatiedot Bidco OY and Metatiedot US, LLC, | First lien senior secured revolving loan",Metatiedot Bidco OY,Metatiedot Bidco OY,First Lien,,,,200000.0,200000.0,200000.0,,100.0,5.0,7.21,,,False,,,USD,200000.0,Insurance,,First lien senior secured revolving loan,EURIBOR,2030-11,2024-11,Enterprise content management platform,,,,7.21,5.0,,Financials,Insurance,First Lien,,Metatiedot Bidco OY
ARCC,0001287750,0001628280-26-050307,10-Q,2026-06-30,2026-07-29,"Metatiedot Bidco OY and Metatiedot US, LLC, |  First lien senior secured loan",Metatiedot Bidco OY,Metatiedot Bidco OY,First Lien,,,,8600000.0,8100000.0,8600000.0,,100.0,5.0,7.24,,,False,,,USD,8600000.0,Insurance,,First lien senior secured loan,EURIBOR,2031-11,2024-11,Enterprise content management platform,,,,7.24,5.0,,Financials,Insurance,First Lien,,Metatiedot Bidco OY
ARCC,0001287750,0001628280-26-050307,10-Q,2026-06-30,2026-07-29,"Metatiedot Bidco OY and Metatiedot US, LLC, | First lien senior secured loan 1",Metatiedot Bidco OY,Metatiedot Bidco OY,First Lien,,,,5200000.0,5200000.0,5200000.0,,100.0,5.0,8.67,,,False,,,USD,5200000.0,Insurance,,First lien senior secured loan,SOFR,2031-11,2024-11,Enterprise content management platform,,,,8.67,5.0,,Financials,Insurance,First Lien,,Metatiedot Bidco OY
ARCC,0001287750,0001628280-26-050307,10-Q,2026-06-30,2026-07-29,"Mimecast Borrowerco, Inc. and Magnesium Co- Invest SCSp, | First lien senior secured loan","Mimecast Borrowerco, Inc.","Mimecast Borrowerco, Inc.",First Lien,,,,10100000.0,10100000.0,10100000.0,,100.0,4.5,8.14,,,False,,,USD,10100000.0,Insurance,,First lien senior secured loan,SOFR,2029-05,2022-05,Cybersecurity solutions provider,,,,8.14,4.5,,Financials,Insurance,First Lien,Mimecast,"Mimecast Borrowerco, Inc."
ARCC,0001287750,0001628280-26-050307,10-Q,2026-06-30,2026-07-29,"Mimecast Borrowerco, Inc. and Magnesium Co- Invest SCSp, | First lien senior secured loan 1","Mimecast Borrowerco, Inc.","Mimecast Borrowerco, Inc.",First Lien,,,,23600000.0,22000000.0,23600000.0,,100.0,4.5,8.23,,,False,,,USD,23600000.0,Insurance,,First lien senior secured loan,SONIA,2029-05,2022-05,Cybersecurity solutions provider,,,,8.23,4.5,,Financials,Insurance,First Lien,Mimecast,"Mimecast Borrowerco, Inc."
ARCC,0001287750,0001628280-26-050307,10-Q,2026-06-30,2026-07-29,"Mimecast Borrowerco, Inc. and Magnesium Co- Invest SCSp, | Limited partnership interest","Mimecast Borrowerco, Inc.","Mimecast Borrowerco, Inc.",LP Interest,,,,50200000.0,39800000.0,,3975.0,126.13,,,,,False,,,USD,50200000.0,Insurance,,Limited partnership interest,,,2022-05,Cybersecurity solutions provider,,,,,,,Financials,Insurance,Common Equity,Mimecast,"Mimecast Borrowerco, Inc."
ARCC,0001287750,0001628280-26-050307,10-Q,2026-06-30,2026-07-29,"Ministry Brands Holdings, LLC and RCP MB Investments B, L.P. | First lien senior secured loan","Ministry Brands Holdings, LLC","Ministry Brands Holdings, LLC",First Lien,,,,36900000.0,38400000.0,38400000.0,,96.09,5.5,9.24,,,False,,,USD,36900000.0,Insurance,,First lien senior secured loan,SOFR,2028-12,2021-12,Software and payment services provider to faith-based institutions,,,,9.24,5.5,,Financials,Insurance,First Lien,,"Ministry Brands Holdings, LLC"
ARCC,0001287750,0001628280-26-050307,10-Q,2026-06-30,2026-07-29,"Ministry Brands Holdings, LLC and RCP MB Investments B, L.P. | Limited partner interests","Ministry Brands Holdings, LLC","Ministry Brands Holdings, LLC",LP Interest,,,,5000000.0,9600000.0,,9574000.0,52.08,,,,,False,,,USD,5000000.0,Insurance,,Limited partner interests,,,2021-12,Software and payment services provider to faith-based institutions,,,,,,,Financials,Insurance,Common Equity,,"Ministry Brands Holdings, LLC"
ARCC,0001287750,0001628280-26-050307,10-Q,2026-06-30,2026-07-29,"ML Holdco, Inc. | First lien senior secured loan",ML Holdco,ML Holdco,First Lien,,,,87800000.0,89600000.0,89600000.0,,97.99,4.25,7.91,,,False,,,USD,87800000.0,Insurance,,First lien senior secured loan,SOFR,2032-10,2025-10,"Cloud-based, SaaS lending solutions provider to financial institutions",,,,7.91,4.25,,Financials,Insurance,First Lien,,ML Holdco
ARCC,0001287750,0001628280-26-050307,10-Q,2026-06-30,2026-07-29,"Modernizing Medicine, Inc. and ModMed Software Midco Holdings, Inc. |  Series A preferred stock","Modernizing Medicine, Inc.","Modernizing Medicine, Inc.",Preferred Equity,,,,28400000.0,28400000.0,,24499.0,100.0,,,,13.0,True,,,USD,28400000.0,Insurance,,Series A preferred stock,,,2025-04,"Provider of practice management, EHR, and RCM software to medical specialists",,,,13.0,,,Financials,Insurance,Preferred Equity,ModMed,"Modernizing Medicine, Inc."
ARCC,0001287750,0001628280-26-050307,10-Q,2026-06-30,2026-07-29,"Moonraker AcquisitionCo LLC and Moonraker HoldCo LLC, | First lien senior secured loan",Moonraker AcquisitionCo LLC,Moonraker AcquisitionCo LLC,First Lien,,,,23400000.0,23400000.0,23400000.0,,100.0,5.75,9.42,,,False,,,USD,23400000.0,Insurance,,First lien senior secured loan,SOFR,2028-08,2022-08,Leading technology solution provider for casing and auditioning to the entertainment industry,,,,9.42,5.75,,Financials,Insurance,First Lien,,Moonraker AcquisitionCo LLC
ARCC,0001287750,0001628280-26-050307,10-Q,2026-06-30,2026-07-29,"Moonraker AcquisitionCo LLC and Moonraker HoldCo LLC, | Class A units",Moonraker AcquisitionCo LLC,Moonraker AcquisitionCo LLC,Common Equity,,,,3500000.0,6100000.0,,45320.0,57.38,,,,8.0,True,,,USD,3500000.0,Insurance,,Class A units,,,2022-08,Leading technology solution provider for casing and auditioning to the entertainment industry,,,,8.0,,,Financials,Insurance,Common Equity,,Moonraker AcquisitionCo LLC
ARCC,0001287750,0001628280-26-050307,10-Q,2026-06-30,2026-07-29,"Motor Vehicle Software Corporation, | First lien senior secured loan",Motor Vehicle Software Corporation,Motor Vehicle Software Corporation,First Lien,,,,10200000.0,10200000.0,10200000.0,,100.0,4.5,8.23,,,False,,,USD,10200000.0,Insurance,,First lien senior secured loan,SOFR,2032-01,2025-01,Provider of electronic registration and titling software to auto dealers,,,,8.23,4.5,,Financials,Insurance,First Lien,,Motor Vehicle Software Corporation
ARCC,0001287750,0001628280-26-050307,10-Q,2026-06-30,2026-07-29,"MRI Software LLC, | First lien senior secured revolving loan",MRI Software LLC,MRI Software LLC,First Lien,,,,12300000.0,12400000.0,12400000.0,,99.19,4.75,8.48,,,False,,,USD,12300000.0,Insurance,,First lien senior secured revolving loan,SOFR,2028-02,2020-02,Provider of real estate and investment management software,,,,8.48,4.75,,Information Technology,Software & Services,First Lien,,MRI Software LLC
ARCC,0001287750,0001628280-26-050307,10-Q,2026-06-30,2026-07-29,"MS Buyer, Inc. | First lien senior secured loan",MS Buyer,MS Buyer,First Lien,,,,4000000.0,4000000.0,4100000.0,,97.56,5.25,8.98,,,False,,,USD,4000000.0,Insurance,,First lien senior secured loan,SOFR,2031-07,2026-01,Software and payment services provider to non-profit institutions,,,,8.98,5.25,,Financials,Insurance,First Lien,,MS Buyer
ARCC,0001287750,0001628280-26-050307,10-Q,2026-06-30,2026-07-29,"Namecheap, Inc. | First lien senior secured loan",Namecheap,Namecheap,First Lien,,,,13500000.0,13500000.0,13500000.0,,100.0,4.75,8.39,,,False,,,USD,13500000.0,Insurance,,First lien senior secured loan,SOFR,2033-05,2026-05,Domain register and web services provider,,,,8.39,4.75,,Financials,Insurance,First Lien,,Namecheap
ARCC,0001287750,0001628280-26-050307,10-Q,2026-06-30,2026-07-29,"Netsmart, Inc. and Netsmart Technologies, Inc. |First lien senior secured loan","Netsmart, Inc.","Netsmart, Inc.",First Lien,,,,60400000.0,61600000.0,61600000.0,,98.05,5.2,8.84,,2.7,True,,,USD,60400000.0,Insurance,,First lien senior secured loan,SOFR,2031-08,2024-08,Developer and operator of health care software and technology solutions,,,,8.84,5.2,2.7,Financials,Insurance,First Lien,,"Netsmart, Inc."
ARCC,0001287750,0001628280-26-050307,10-Q,2026-06-30,2026-07-29,"North Star Acquisitionco, LLC and Toucan Bidco Limited, |First lien senior secured loan","North Star Acquisitionco, LLC","North Star Acquisitionco, LLC",First Lien,,,,6300000.0,5700000.0,6400000.0,,98.44,4.75,9.07,,,False,,,USD,6300000.0,Insurance,,First lien senior secured loan,NIBOR,2029-05,2024-04,Literacy solution software provider for grades k-12,,,,9.07,4.75,,Financials,Insurance,First Lien,Everway,"North Star Acquisitionco, LLC"
ARCC,0001287750,0001628280-26-050307,10-Q,2026-06-30,2026-07-29,"North Star Acquisitionco, LLC and Toucan Bidco Limited, | First lien senior secured loan 1","North Star Acquisitionco, LLC","North Star Acquisitionco, LLC",First Lien,,,,5500000.0,5300000.0,5500000.0,,100.0,4.75,8.55,,,False,,,USD,5500000.0,Insurance,,First lien senior secured loan,SONIA,2029-05,2024-04,Literacy solution software provider for grades k-12,,,,8.55,4.75,,Financials,Insurance,First Lien,Everway,"North Star Acquisitionco, LLC"
ARCC,0001287750,0001628280-26-050307,10-Q,2026-06-30,2026-07-29,"North Star Acquisitionco, LLC and Toucan Bidco Limited, | First lien senior secured loan 2","North Star Acquisitionco, LLC","North Star Acquisitionco, LLC",First Lien,,,,3900000.0,4000000.0,4000000.0,,97.5,4.75,8.45,,,False,,,USD,3900000.0,Insurance,,First lien senior secured loan,SOFR,2029-05,2024-04,Literacy solution software provider for grades k-12,,,,8.45,4.75,,Financials,Insurance,First Lien,Everway,"North Star Acquisitionco, LLC"
ARCC,0001287750,0001628280-26-050307,10-Q,2026-06-30,2026-07-29,"North Star Acquisitionco, LLC and Toucan Bidco Limited, |First lien senior secured loan 3","North Star Acquisitionco, LLC","North Star Acquisitionco, LLC",First Lien,,,,4300000.0,4300000.0,4300000.0,,100.0,4.5,8.2,,,False,,,USD,4300000.0,Insurance,,First lien senior secured loan,SOFR,2029-05,2024-04,Literacy solution software provider for grades k-12,,,,8.2,4.5,,Financials,Insurance,First Lien,Everway,"North Star Acquisitionco, LLC"
ARCC,0001287750,0001628280-26-050307,10-Q,2026-06-30,2026-07-29,"Omnigo Software, LLC, Omnigo Software - I, Inc., and Omnigo Software - Q, Inc. | First lien senior secured loan","Omnigo Software, LLC","Omnigo Software, LLC",First Lien,,,,13500000.0,13700000.0,13700000.0,,98.54,5.0,8.64,,,False,,,USD,13500000.0,Insurance,,First lien senior secured loan,SOFR,2030-12,2025-12,"Provider of public safety, incident reporting, and security management solutions for enterprises",,,,8.64,5.0,,Financials,Insurance,First Lien,,"Omnigo Software, LLC"
ARCC,0001287750,0001628280-26-050307,10-Q,2026-06-30,2026-07-29,"Optimizely North America Inc. and Optimizely Sweden Holdings AB, | First lien senior secured loan",Optimizely North America Inc.,Optimizely North America Inc.,First Lien,,,,5300000.0,5600000.0,5600000.0,,94.64,5.5,9.14,,2.5,True,,,USD,5300000.0,Insurance,,First lien senior secured loan,SOFR,2031-10,2024-10,Provider of web content management and digital commerce solutions,,,,9.14,5.5,2.5,Financials,Insurance,First Lien,,Optimizely North America Inc.
ARCC,0001287750,0001628280-26-050307,10-Q,2026-06-30,2026-07-29,"Optimizely North America Inc. and Optimizely Sweden Holdings AB, | First lien senior secured loan 1",Optimizely North America Inc.,Optimizely North America Inc.,First Lien,,,,2100000.0,2000000.0,2200000.0,,95.45,5.75,7.96,,2.5,True,,,USD,2100000.0,Insurance,,First lien senior secured loan,EURIBOR,2031-10,2024-10,Provider of web content management and digital commerce solutions,,,,7.96,5.75,2.5,Financials,Insurance,First Lien,,Optimizely North America Inc.
ARCC,0001287750,0001628280-26-050307,10-Q,2026-06-30,2026-07-29,"Optimizely North America Inc. and Optimizely Sweden Holdings AB, | First lien senior secured loan 2",Optimizely North America Inc.,Optimizely North America Inc.,First Lien,,,,900000.0,900000.0,900000.0,,100.0,6.0,9.73,,2.5,True,,,USD,900000.0,Insurance,,First lien senior secured loan,SONIA,2031-10,2024-10,Provider of web content management and digital commerce solutions,,,,9.73,6.0,2.5,Financials,Insurance,First Lien,,Optimizely North America Inc.
ARCC,0001287750,0001628280-26-050307,10-Q,2026-06-30,2026-07-29,"PCMI Parent, LLC and PCMI Ultimate Holdings, LP, | First lien senior secured loan","PCMI Parent, LLC","PCMI Parent, LLC",First Lien,,,,6700000.0,6700000.0,6700000.0,,100.0,4.75,8.42,,,False,,,USD,6700000.0,Insurance,,First lien senior secured loan,SOFR,2032-03,2025-03,Developer and provider of administration software for managing service contracts and extended warranty products,,,,8.42,4.75,,Financials,Insurance,First Lien,,"PCMI Parent, LLC"
ARCC,0001287750,0001628280-26-050307,10-Q,2026-06-30,2026-07-29,"PCMI Parent, LLC and PCMI Ultimate Holdings, LP, | Class A units","PCMI Parent, LLC","PCMI Parent, LLC",Common Equity,,,,1500000.0,1100000.0,,1014.0,136.36,,,,9.0,True,,,USD,1500000.0,Insurance,,Class A units,,,2025-03,Developer and provider of administration software for managing service contracts and extended warranty products,,,,9.0,,,Financials,Insurance,Common Equity,,"PCMI Parent, LLC"
ARCC,0001287750,0001628280-26-050307,10-Q,2026-06-30,2026-07-29,"PCMI Parent, LLC and PCMI Ultimate Holdings, LP, | Class B units","PCMI Parent, LLC","PCMI Parent, LLC",Common Equity,,,,0.0,0.0,,241447.0,,,,,,False,,,USD,0.0,,,,,,,,,,,,,,Financials,Insurance,Common Equity,,"PCMI Parent, LLC"
ARCC,0001287750,0001628280-26-050307,10-Q,2026-06-30,2026-07-29,"PDDS HoldCo, Inc., | First lien senior secured revolving loan","PDDS HoldCo, Inc.","PDDS HoldCo, Inc.",First Lien,,,,14000000.0,13700000.0,14000000.0,,100.0,6.0,9.62,,,False,,,USD,14000000.0,Insurance,,First lien senior secured revolving loan,SOFR,2031-09,2025-10,Provider of cloud-based dental practice management software,,,,9.62,6.0,,Financials,Insurance,First Lien,,"PDDS HoldCo, Inc."
ARCC,0001287750,0001628280-26-050307,10-Q,2026-06-30,2026-07-29,"PDI TA Holdings, Inc., Peachtree Parent, Inc. and Insight PDI Holdings, LLC | First lien senior secured revolving loan","PDI TA Holdings, Inc.","PDI TA Holdings, Inc.",First Lien,,,,2300000.0,2500000.0,2500000.0,,92.0,5.5,9.17,,,False,,,USD,2300000.0,Insurance,,First lien senior secured revolving loan,SOFR,2031-02,2024-02,Provider of enterprise management software for the convenience retail and petroleum wholesale market,,,,9.17,5.5,,Financials,Insurance,First Lien,PDI Technologies,"PDI TA Holdings, Inc."
ARCC,0001287750,0001628280-26-050307,10-Q,2026-06-30,2026-07-29,"PDI TA Holdings, Inc., Peachtree Parent, Inc. and Insight PDI Holdings, LLC | First lien senior secured loan","PDI TA Holdings, Inc.","PDI TA Holdings, Inc.",First Lien,,,,8300000.0,8800000.0,8800000.0,,94.32,6.0,9.66,,3.0,True,,,USD,8300000.0,Insurance,,First lien senior secured loan,SOFR,2031-02,2024-01,Provider of enterprise management software for the convenience retail and petroleum wholesale market,,,,9.66,6.0,3.0,Financials,Insurance,First Lien,PDI Technologies,"PDI TA Holdings, Inc."
ARCC,0001287750,0001628280-26-050307,10-Q,2026-06-30,2026-07-29,"PDI TA Holdings, Inc., Peachtree Parent, Inc. and Insight PDI Holdings, LLC | Series A preferred stock","PDI TA Holdings, Inc.","PDI TA Holdings, Inc.",Preferred Equity,,,,35100000.0,35500000.0,,13656.0,98.87,,,,13.25,True,,,USD,35100000.0,Software and Services,,First lien senior secured loan,SOFR,2031-09,2024-09,Payment processing solution provider,,,,8.15,4.5,,Information Technology,Software & Services,Preferred Equity,PDI Technologies,"PDI TA Holdings, Inc."
ARCC,0001287750,0001628280-26-050307,10-Q,2026-06-30,2026-07-29,"PDI TA Holdings, Inc., Peachtree Parent, Inc. and Insight PDI Holdings, LLC | Class A units","PDI TA Holdings, Inc.","PDI TA Holdings, Inc.",Common Equity,,,,1700000.0,2100000.0,,2062493.0,80.95,,,,,False,,,USD,1700000.0,Health Care Equipment and Services,,Class A-1 units,,,2026-01,Provider of Laboratory Information Management Systems (LIMS) and informatics solutions,,,,,,,Health Care,Health Care Equipment & Services,Common Equity,PDI Technologies,"PDI TA Holdings, Inc."
ARCC,0001287750,0001628280-26-050307,10-Q,2026-06-30,2026-07-29,"Petvisor Holdings, LLC, | First lien senior secured revolving loan","Petvisor Holdings, LLC","Petvisor Holdings, LLC",First Lien,,,,3400000.0,3500000.0,3500000.0,,97.14,4.5,11.25,,,False,,,USD,3400000.0,Insurance,,First lien senior secured revolving loan,,2029-11,2022-06,Provider of veterinarian-focused SaaS solutions,,,,11.25,4.5,,Financials,Insurance,First Lien,,"Petvisor Holdings, LLC"
ARCC,0001287750,0001628280-26-050307,10-Q,2026-06-30,2026-07-29,"Petvisor Holdings, LLC, | First lien senior secured loan","Petvisor Holdings, LLC","Petvisor Holdings, LLC",First Lien,,,,19300000.0,19600000.0,19600000.0,,98.47,5.5,9.23,,,False,,,USD,19300000.0,Insurance,,First lien senior secured loan,SOFR,2029-11,2022-06,Provider of veterinarian-focused SaaS solutions,,,,9.23,5.5,,Financials,Insurance,First Lien,,"Petvisor Holdings, LLC"
ARCC,0001287750,0001628280-26-050307,10-Q,2026-06-30,2026-07-29,"Pluralsight, LLC and Pluralsight Holdings, LLC and Paradigmatic Holdco LLC. | First lien senior secured loan","Pluralsight, LLC","Pluralsight, LLC",First Lien,,,,21800000.0,21700000.0,21800000.0,,100.0,3.0,6.64,,,False,,,USD,21800000.0,Insurance,,First lien senior secured loan,SOFR,2029-08,2024-08,Online education learning platform,,,,6.64,3.0,,Financials,Insurance,First Lien,,"Pluralsight, LLC"
ARCC,0001287750,0001628280-26-050307,10-Q,2026-06-30,2026-07-29,"Pluralsight, LLC and Pluralsight Holdings, LLC and Paradigmatic Holdco LLC. | First lien senior secured loan 1","Pluralsight, LLC","Pluralsight, LLC",First Lien,,,,0.0,21900000.0,23700000.0,,0.0,,,,,False,,,USD,0.0,,,,,,,,,,,,,,Financials,Insurance,First Lien,,"Pluralsight, LLC"
ARCC,0001287750,0001628280-26-050307,10-Q,2026-06-30,2026-07-29,"Pluralsight, LLC and Pluralsight Holdings, LLC and Paradigmatic Holdco LLC. | Common units","Pluralsight, LLC","Pluralsight, LLC",Common Equity,,,,0.0,14300000.0,,6356812.0,0.0,,,,,False,,,USD,0.0,,,,,,,,,,,,,,Financials,Insurance,Common Equity,,"Pluralsight, LLC"
ARCC,0001287750,0001628280-26-050307,10-Q,2026-06-30,2026-07-29,"PracticeTek Purchaser, LLC, PracticeTek MidCo, LLC and GSV PracticeTek Holdings, LLC | First lien senior secured revolving loan","PracticeTek Purchaser, LLC","PracticeTek Purchaser, LLC",First Lien,,,,500000.0,500000.0,500000.0,,100.0,4.5,8.23,,,False,,,USD,500000.0,Insurance,,First lien senior secured revolving loan,SOFR,2029-08,2023-08,Software provider for medical practitioners,,,,8.23,4.5,,Financials,Insurance,First Lien,PracticeTek,"PracticeTek Purchaser, LLC"
ARCC,0001287750,0001628280-26-050307,10-Q,2026-06-30,2026-07-29,"PracticeTek Purchaser, LLC, PracticeTek MidCo, LLC and GSV PracticeTek Holdings, LLC | First lien senior secured loan","PracticeTek Purchaser, LLC","PracticeTek Purchaser, LLC",First Lien,,,,36000000.0,36000000.0,36000000.0,,100.0,5.75,9.48,,,False,,,USD,36000000.0,Insurance,,First lien senior secured loan,SOFR,2029-08,2023-08,Software provider for medical practitioners,,,,9.48,5.75,,Financials,Insurance,First Lien,PracticeTek,"PracticeTek Purchaser, LLC"
ARCC,0001287750,0001628280-26-050307,10-Q,2026-06-30,2026-07-29,"PracticeTek Purchaser, LLC, PracticeTek MidCo, LLC and GSV PracticeTek Holdings, LLC | Senior subordinated loan","PracticeTek Purchaser, LLC","PracticeTek Purchaser, LLC",Senior Subordinated,,,,57500000.0,57500000.0,57500000.0,,100.0,,,,14.0,True,,,USD,57500000.0,Insurance,,Senior subordinated loan,,2030-08,2023-08,Software provider for medical practitioners,,,,14.0,,,Financials,Insurance,Subordinated,PracticeTek,"PracticeTek Purchaser, LLC"
ARCC,0001287750,0001628280-26-050307,10-Q,2026-06-30,2026-07-29,"PracticeTek Purchaser, LLC, PracticeTek MidCo, LLC and GSV PracticeTek Holdings, LLC | Class A units","PracticeTek Purchaser, LLC","PracticeTek Purchaser, LLC",Common Equity,,,,22800000.0,29200000.0,,33220282.0,78.08,,,,8.0,True,,,USD,22800000.0,Insurance,,Class A units,,,2021-03,Software provider for medical practitioners,,,,8.0,,,Financials,Insurance,Common Equity,PracticeTek,"PracticeTek Purchaser, LLC"
ARCC,0001287750,0001628280-26-050307,10-Q,2026-06-30,2026-07-29,"Project Potter Buyer, LLC and Project Potter Parent, L.P. | First lien senior secured revolving loan","Project Potter Buyer, LLC","Project Potter Buyer, LLC",First Lien,,,,0.0,0.0,0.0,,,,,,,False,,,USD,0.0,,,,,,,,,,,,,,Financials,Insurance,First Lien,Leaf Home,"Project Potter Buyer, LLC"
ARCC,0001287750,0001628280-26-050307,10-Q,2026-06-30,2026-07-29,"Project Potter Buyer, LLC and Project Potter Parent, L.P. |First lien senior secured loan","Project Potter Buyer, LLC","Project Potter Buyer, LLC",First Lien,,,,96800000.0,96800000.0,96800000.0,,100.0,5.25,8.98,,,False,,,USD,96800000.0,Insurance,,First lien senior secured loan,SOFR,2027-04,2025-06,Software solutions provider to the ready-mix concrete industry,,,,8.98,5.25,,Financials,Insurance,First Lien,Leaf Home,"Project Potter Buyer, LLC"
ARCC,0001287750,0001628280-26-050307,10-Q,2026-06-30,2026-07-29,"Project Potter Buyer, LLC and Project Potter Parent, L.P. | Class B units","Project Potter Buyer, LLC","Project Potter Buyer, LLC",Common Equity,,,,2700000.0,0.0,,588636.0,,,,,,False,,,USD,2700000.0,Insurance,,Class B units,,,2020-04,Software solutions provider to the ready-mix concrete industry,,,,,,,Financials,Insurance,Common Equity,Leaf Home,"Project Potter Buyer, LLC"
ARCC,0001287750,0001628280-26-050307,10-Q,2026-06-30,2026-07-29,"Proofpoint, Inc. | First lien senior secured loan",Proofpoint,Proofpoint,First Lien,,,,900000.0,900000.0,1000000.0,,90.0,3.0,6.73,,,False,,,USD,900000.0,Insurance,,First lien senior secured loan,SOFR,2028-08,2021-06,Cybersecurity solutions provider,,,,6.73,3.0,,Financials,Insurance,First Lien,,Proofpoint
ARCC,0001287750,0001628280-26-050307,10-Q,2026-06-30,2026-07-29,"Proofpoint, Inc. | Second lien senior secured loan",Proofpoint,Proofpoint,Second Lien,,,,101000000.0,104200000.0,104200000.0,,96.93,5.75,7.88,,,False,,,USD,101000000.0,Insurance,,Second lien senior secured loan,EURIBOR,2033-12,2025-12,Cybersecurity solutions provider,,,,7.88,5.75,,Financials,Insurance,Second Lien,,Proofpoint
ARCC,0001287750,0001628280-26-050307,10-Q,2026-06-30,2026-07-29,"QF Holdings, Inc. |  First lien senior secured revolving loan",QF Holdings,QF Holdings,First Lien,,,,46400000.0,47300000.0,47300000.0,,98.1,4.5,8.24,,,False,,,USD,46400000.0,Insurance,,First lien senior secured revolving loan,SOFR,2032-12,2025-12,SaaS based electronic health record software provider,,,,8.24,4.5,,Financials,Insurance,First Lien,,QF Holdings
ARCC,0001287750,0001628280-26-050307,10-Q,2026-06-30,2026-07-29,"Regent Education, Inc. | Warrant to purchase shares of common stock",Regent Education,Regent Education,Warrant,,,,0.0,0.0,,5394181.0,,,,,,False,,,USD,0.0,,,,,,,,,,,,,,Other,Other,Warrant,,Regent Education
ARCC,0001287750,0001628280-26-050307,10-Q,2026-06-30,2026-07-29,"Revalize, Inc. | First lien senior secured revolving loan",Revalize,Revalize,First Lien,,,,300000.0,400000.0,400000.0,,75.0,6.25,10.13,,,False,,,USD,300000.0,Insurance,,First lien senior secured revolving loan,SOFR,2029-04,2022-05,"Developer and operator of software providing configuration, price and quote capabilities",,,,10.13,6.25,,Financials,Insurance,First Lien,,Revalize
ARCC,0001287750,0001628280-26-050307,10-Q,2026-06-30,2026-07-29,"Revalize, Inc. | First lien senior secured loan",Revalize,Revalize,First Lien,,,,600000.0,700000.0,700000.0,,85.71,6.5,10.38,,1.75,True,,,USD,600000.0,Insurance,,First lien senior secured loan,SOFR,2029-04,2022-05,"Developer and operator of software providing configuration, price and quote capabilities",,,,10.38,6.5,1.75,Financials,Insurance,First Lien,,Revalize
ARCC,0001287750,0001628280-26-050307,10-Q,2026-06-30,2026-07-29,"RMS HoldCo II, LLC & RMS Group Holdings, Inc. | First lien senior secured loan","RMS HoldCo II, LLC","RMS HoldCo II, LLC",First Lien,,,,200000.0,200000.0,200000.0,,100.0,5.0,8.66,,,False,,,USD,200000.0,Insurance,,First lien senior secured loan,SOFR,2029-06,2022-08,"Developer of revenue cycle management solutions, process automation, analytics and integration for the healthcare industry",,,,8.66,5.0,,Financials,Insurance,First Lien,,"RMS HoldCo II, LLC"
ARCC,0001287750,0001628280-26-050307,10-Q,2026-06-30,2026-07-29,"RMS HoldCo II, LLC & RMS Group Holdings, Inc. | Class A common stock","RMS HoldCo II, LLC","RMS HoldCo II, LLC",Common Equity,,,,1300000.0,5500000.0,,566.0,23.64,,,,,False,,,USD,1300000.0,Insurance,,Class A common stock,,,2021-12,"Developer of revenue cycle management solutions, process automation, analytics and integration for the healthcare industry",,,,,,,Financials,Insurance,Common Equity,,"RMS HoldCo II, LLC"
ARCC,0001287750,0001628280-26-050307,10-Q,2026-06-30,2026-07-29,"Runway Bidco, LLC, | First lien senior secured loan","Runway Bidco, LLC","Runway Bidco, LLC",First Lien,,,,41400000.0,42000000.0,42300000.0,,97.87,4.5,8.23,,,False,,,USD,41400000.0,Insurance,,First lien senior secured loan,SOFR,2031-12,2024-12,Provider of workload automation software,,,,8.23,4.5,,Financials,Insurance,First Lien,Redwood Software,"Runway Bidco, LLC"
ARCC,0001287750,0001628280-26-050307,10-Q,2026-06-30,2026-07-29,"Sapphire Software Buyer, Inc., | First lien senior secured loan","Sapphire Software Buyer, Inc.","Sapphire Software Buyer, Inc.",First Lien,,,,30400000.0,31300000.0,31300000.0,,97.12,5.0,8.73,,,False,,,USD,30400000.0,Insurance,,First lien senior secured loan,SOFR,2031-09,2024-09,Provider of application security testing solutions,,,,8.73,5.0,,Financials,Insurance,First Lien,,"Sapphire Software Buyer, Inc."
ARCC,0001287750,0001628280-26-050307,10-Q,2026-06-30,2026-07-29,"Severin Acquisition, LLC, | First lien senior secured revolving loan","Severin Acquisition, LLC","Severin Acquisition, LLC",First Lien,,,,13200000.0,13700000.0,13700000.0,,96.35,4.75,8.39,,,False,,,USD,13200000.0,Insurance,,First lien senior secured revolving loan,SOFR,2031-10,2024-09,Provider of student information system software solutions to the K-12 education market in North America,,,,8.39,4.75,,Financials,Insurance,First Lien,PowerSchool,"Severin Acquisition, LLC"
ARCC,0001287750,0001628280-26-050307,10-Q,2026-06-30,2026-07-29,"Severin Acquisition, LLC | First lien senior secured loan",Severin Acquisition,Severin Acquisition,First Lien,,,,141500000.0,145800000.0,145900000.0,,96.98,5.0,8.64,,2.25,True,,,USD,141500000.0,Insurance,,First lien senior secured loan,SOFR,2031-10,2024-09,Provider of student information system software solutions to the K-12 education market in North America,,,,8.64,5.0,2.25,Financials,Insurance,First Lien,,Severin Acquisition
ARCC,0001287750,0001628280-26-050307,10-Q,2026-06-30,2026-07-29,"Smarsh Inc. and Skywalker TopCo, LLC, | First lien senior secured revolving loan",Smarsh Inc.,Smarsh Inc.,First Lien,,,,4800000.0,4900000.0,4900000.0,,97.96,4.75,8.39,,,False,,,USD,4800000.0,Insurance,,First lien senior secured revolving loan,SOFR,2029-02,2022-02,SaaS based communication archival service provider,,,,8.39,4.75,,Financials,Insurance,First Lien,,Smarsh Inc.
ARCC,0001287750,0001628280-26-050307,10-Q,2026-06-30,2026-07-29,"Smarsh Inc. and Skywalker TopCo, LLC, | Common units",Smarsh Inc.,Smarsh Inc.,Common Equity,,,,5800000.0,6300000.0,,1742623.0,92.06,,,,,False,,,USD,5800000.0,Insurance,,Common units,,,2020-11,SaaS based communication archival service provider,,,,,,,Financials,Insurance,Common Equity,,Smarsh Inc.
ARCC,0001287750,0001628280-26-050307,10-Q,2026-06-30,2026-07-29,"SoundCloud Limited, | Common stock",SoundCloud Limited,SoundCloud Limited,Common Equity,,,,700000.0,400000.0,,73422.0,175.0,,,,,False,,,USD,700000.0,Insurance,,Common stock,,,2017-08,"Platform for receiving, sending, and distributing music",,,,,,,Financials,Insurance,Common Equity,,SoundCloud Limited
ARCC,0001287750,0001628280-26-050307,10-Q,2026-06-30,2026-07-29,"Spaceship Purchaser, Inc. | First lien senior secured revolving loan",Spaceship Purchaser,Spaceship Purchaser,First Lien,,,,0.0,0.0,0.0,,,,,,,False,,,USD,0.0,,,,,,,,,,,,,,Financials,Insurance,First Lien,,Spaceship Purchaser
ARCC,0001287750,0001628280-26-050307,10-Q,2026-06-30,2026-07-29,"Spaceship Purchaser, Inc. | First lien senior secured loan",Spaceship Purchaser,Spaceship Purchaser,First Lien,,,,74400000.0,74400000.0,74400000.0,,100.0,3.75,7.48,,,False,,,USD,74400000.0,Insurance,,First lien senior secured loan,SOFR,2031-10,2025-10,SaaS based website builder and hosting platform,,,,7.48,3.75,,Financials,Insurance,First Lien,,Spaceship Purchaser
ARCC,0001287750,0001628280-26-050307,10-Q,2026-06-30,2026-07-29,"Spark Purchaser, Inc. | First lien senior secured loan",Spark Purchaser,Spark Purchaser,First Lien,,,,30300000.0,30300000.0,30300000.0,,100.0,5.25,8.98,,,False,,,USD,30300000.0,Insurance,,First lien senior secured loan,SOFR,2031-04,2024-04,Software platform for Medicare application process,,,,8.98,5.25,,Financials,Insurance,First Lien,,Spark Purchaser
ARCC,0001287750,0001628280-26-050307,10-Q,2026-06-30,2026-07-29,"Spirit RR Holdings, Inc. and Winterfell Co-Invest SCSp, | First lien senior secured revolving loan","Spirit RR Holdings, Inc.","Spirit RR Holdings, Inc.",First Lien,,,,0.0,0.0,0.0,,,,,,,False,,,USD,0.0,,,,,,,,,,,,,,Financials,Insurance,First Lien,,"Spirit RR Holdings, Inc."
ARCC,0001287750,0001628280-26-050307,10-Q,2026-06-30,2026-07-29,"Spirit RR Holdings, Inc. and Winterfell Co-Invest SCSp, | First lien senior secured loan","Spirit RR Holdings, Inc.","Spirit RR Holdings, Inc.",First Lien,,,,2500000.0,2500000.0,2500000.0,,100.0,4.5,8.33,,,False,,,USD,2500000.0,Insurance,,First lien senior secured loan,SOFR,2028-09,2022-09,"Provider of data, analytics, news, and workflow tools to customers in the counter-cyclical distressed debt space",,,,8.33,4.5,,Financials,Insurance,First Lien,,"Spirit RR Holdings, Inc."
ARCC,0001287750,0001628280-26-050307,10-Q,2026-06-30,2026-07-29,"Spirit RR Holdings, Inc. and Winterfell Co-Invest SCSp, | Limited partnership interests","Spirit RR Holdings, Inc.","Spirit RR Holdings, Inc.",LP Interest,,,,19800000.0,10200000.0,,1010.0,194.12,,,,,False,,,USD,19800000.0,Insurance,,Limited partner interests,,,2022-09,"Provider of data, analytics, news, and workflow tools to customers in the counter-cyclical distressed debt space",,,,,,,Financials,Insurance,Common Equity,,"Spirit RR Holdings, Inc."
ARCC,0001287750,0001628280-26-050307,10-Q,2026-06-30,2026-07-29,"Storable, Inc. and EQT IX Co-Investment (E) SCSP, | Limited partnership interests","Storable, Inc.","Storable, Inc.",LP Interest,,,,9800000.0,5700000.0,,614950.0,171.93,,,,,False,,,USD,9800000.0,Insurance,,Limited partnership interests,,,2021-04,Payment management system solutions and web services for the self-storage industry,,,,,,,Financials,Insurance,Common Equity,,"Storable, Inc."
ARCC,0001287750,0001628280-26-050307,10-Q,2026-06-30,2026-07-29,"Sundance Group Holdings, Inc., | First lien senior secured revolving loan","Sundance Group Holdings, Inc.","Sundance Group Holdings, Inc.",First Lien,,,,32600000.0,32900000.0,32900000.0,,99.09,4.75,8.48,,,False,,,USD,32600000.0,Insurance,,First lien senior secured revolving loan,SOFR,2029-07,2024-09,Provider of cloud-based document management and collaboration solutions,,,,8.48,4.75,,Financials,Insurance,First Lien,NetDocuments,"Sundance Group Holdings, Inc."
ARCC,0001287750,0001628280-26-050307,10-Q,2026-06-30,2026-07-29,"Superman Holdings, LLC. | First lien senior secured loan",Superman Holdings,Superman Holdings,First Lien,,,,10700000.0,10700000.0,10700000.0,,100.0,4.5,8.23,,,False,,,USD,10700000.0,Insurance,,First lien senior secured loan,SOFR,2031-08,2024-08,Provider of ERP software for the construction industry,,,,8.23,4.5,,Financials,Insurance,First Lien,,Superman Holdings
ARCC,0001287750,0001628280-26-050307,10-Q,2026-06-30,2026-07-29,"Tamarack Intermediate, L.L.C. and Tamarack Parent, L.L.C. | First lien senior secured loan","Tamarack Intermediate, L.L.C.","Tamarack Intermediate, L.L.C.",First Lien,,,,57400000.0,57800000.0,57800000.0,,99.31,5.0,8.68,,,False,,,USD,57400000.0,Insurance,,First lien senior secured loan,SOFR,2029-03,2023-10,"Provider of environment, health, safety, and sustainability software",,,,8.68,5.0,,Financials,Insurance,First Lien,Verisk 3E,"Tamarack Intermediate, L.L.C."
ARCC,0001287750,0001628280-26-050307,10-Q,2026-06-30,2026-07-29,"Tamarack Intermediate, L.L.C. and Tamarack Parent, L.L.C. | Class A-2 units","Tamarack Intermediate, L.L.C.","Tamarack Intermediate, L.L.C.",Common Equity,,,,7500000.0,5100000.0,,5057.0,147.06,,,,,False,,,USD,7500000.0,Insurance,,First lien senior secured loan,SOFR,2029-03,2025-07,"Provider of environment, health, safety, and sustainability software",,,,8.67,5.0,,Financials,Insurance,Common Equity,Verisk 3E,"Tamarack Intermediate, L.L.C."
ARCC,0001287750,0001628280-26-050307,10-Q,2026-06-30,2026-07-29,"TCP Hawker Intermediate LLC, | First lien senior secured revolving loan",TCP Hawker Intermediate LLC,TCP Hawker Intermediate LLC,First Lien,,,,3500000.0,3600000.0,3600000.0,,97.22,3.75,7.48,,,False,,,USD,3500000.0,Insurance,,First lien senior secured revolving loan,SOFR,2029-08,2024-11,Workforce management solutions provider,,,,7.48,3.75,,Financials,Insurance,First Lien,TCP Software,TCP Hawker Intermediate LLC
ARCC,0001287750,0001628280-26-050307,10-Q,2026-06-30,2026-07-29,"TCP Hawker Intermediate LLC, | First lien senior secured loan",TCP Hawker Intermediate LLC,TCP Hawker Intermediate LLC,First Lien,,,,50300000.0,52000000.0,52000000.0,,96.73,5.0,8.73,,,False,,,USD,50300000.0,Insurance,,First lien senior secured loan,SOFR,2029-08,2024-11,Workforce management solutions provider,,,,8.73,5.0,,Financials,Insurance,First Lien,TCP Software,TCP Hawker Intermediate LLC
ARCC,0001287750,0001628280-26-050307,10-Q,2026-06-30,2026-07-29,"Three Rivers Buyer, Inc. | First lien senior secured loan",Three Rivers Buyer,Three Rivers Buyer,First Lien,,,,5700000.0,5700000.0,5700000.0,,100.0,4.75,8.36,,,False,,,USD,5700000.0,Insurance,,First lien senior secured loan,SOFR,2031-11,2025-11,Developer of cloud-based software for government entities,,,,8.36,4.75,,Financials,Insurance,First Lien,,Three Rivers Buyer
ARCC,0001287750,0001628280-26-050307,10-Q,2026-06-30,2026-07-29,"Trading Technologies International, Inc. | First lien senior secured loan",Trading Technologies International,Trading Technologies International,First Lien,,,,20800000.0,21200000.0,21200000.0,,98.11,4.25,7.91,,,False,,,USD,20800000.0,Insurance,,First lien senior secured loan,SOFR,2032-11,2025-11,Order and execution management software provider,,,,7.91,4.25,,Financials,Insurance,First Lien,,Trading Technologies International
ARCC,0001287750,0001628280-26-050307,10-Q,2026-06-30,2026-07-29,Transit Technologies LLC. | First lien senior secured loan,Transit Technologies LLC.,Transit Technologies LLC.,First Lien,,,,12000000.0,12100000.0,12100000.0,,99.17,5.0,8.68,,,False,,,USD,12000000.0,Insurance,,First lien senior secured loan,SOFR,2031-08,2024-08,Provider of transportation management software and specialty telematics solutions,,,,8.68,5.0,,Financials,Insurance,First Lien,,Transit Technologies LLC.
ARCC,0001287750,0001628280-26-050307,10-Q,2026-06-30,2026-07-29,Transit Technologies LLC. | First lien senior secured loan 1,Transit Technologies LLC.,Transit Technologies LLC.,First Lien,,,,7800000.0,8000000.0,8000000.0,,97.5,4.5,8.18,,,False,,,USD,7800000.0,Insurance,,First lien senior secured loan,SOFR,2031-08,2025-09,Provider of transportation management software and specialty telematics solutions,,,,8.18,4.5,,Financials,Insurance,First Lien,,Transit Technologies LLC.
ARCC,0001287750,0001628280-26-050307,10-Q,2026-06-30,2026-07-29,"UFS, LLC and BV-UFS Aggregator, LLC, | First lien senior secured loan","UFS, LLC","UFS, LLC",First Lien,,,,36100000.0,36100000.0,36100000.0,,100.0,4.75,8.39,,,False,,,USD,36100000.0,Insurance,,First lien senior secured loan,SOFR,2031-10,2025-10,Managed IT services and banking solutions provider to community banks,,,,8.39,4.75,,Financials,Insurance,First Lien,,"UFS, LLC"
ARCC,0001287750,0001628280-26-050307,10-Q,2026-06-30,2026-07-29,"UFS, LLC and BV-UFS Aggregator, LLC. | Membership interests","UFS, LLC","UFS, LLC",LLC Interest,,,,600000.0,500000.0,,263506.0,120.0,,,,,False,,,USD,600000.0,Insurance,,Membership interests,,,2025-12,Managed IT services and banking solutions provider to community banks,,,,,,,Financials,Insurance,Common Equity,,"UFS, LLC"
ARCC,0001287750,0001628280-26-050307,10-Q,2026-06-30,2026-07-29,"UKG Inc. and H&F Unite Partners, L.P. | Limited partnership interests",UKG Inc.,UKG Inc.,LP Interest,,,,22400000.0,12600000.0,,12583556.0,177.78,,,,,False,,,USD,22400000.0,Insurance,,Limited partnership interests,,,2019-05,Provider of cloud based HCM solutions for businesses,,,,,,,Financials,Insurance,Common Equity,,UKG Inc.
ARCC,0001287750,0001628280-26-050307,10-Q,2026-06-30,2026-07-29,"Unicorn Holdco Intermediate II LLC, | First lien senior secured loan",Unicorn Holdco Intermediate II LLC,Unicorn Holdco Intermediate II LLC,First Lien,,,,10300000.0,10400000.0,10400000.0,,99.04,4.5,8.23,,,False,,,USD,10300000.0,Insurance,,First lien senior secured loan,SOFR,2033-03,2026-03,"Provider of custom software development, IT services, managed services, and criminal justice case-management software solutions",,,,8.23,4.5,,Financials,Insurance,First Lien,,Unicorn Holdco Intermediate II LLC
ARCC,0001287750,0001628280-26-050307,10-Q,2026-06-30,2026-07-29,"UserZoom Technologies, Inc. | First lien senior secured loan",UserZoom Technologies,UserZoom Technologies,First Lien,,,,6500000.0,7500000.0,7600000.0,,85.53,7.75,11.4,,1.75,True,,,USD,6500000.0,Insurance,,First lien senior secured loan,SOFR,2029-04,2023-02,User experience research automation software,,,,11.4,7.75,1.75,Financials,Insurance,First Lien,,UserZoom Technologies
ARCC,0001287750,0001628280-26-050307,10-Q,2026-06-30,2026-07-29,"Vamos Bidco, Inc., | First lien senior secured  revolving loan","Vamos Bidco, Inc.","Vamos Bidco, Inc.",First Lien,,,,400000.0,400000.0,400000.0,,100.0,4.5,8.23,,,False,,,USD,400000.0,Insurance,,First lien senior secured revolving loan,SOFR,2032-01,2025-01,Provider of software and data services to the alcoholic beverage industry,,,,8.23,4.5,,Financials,Insurance,First Lien,VIP,"Vamos Bidco, Inc."
ARCC,0001287750,0001628280-26-050307,10-Q,2026-06-30,2026-07-29,"Vamos Bidco, Inc. | First lien senior secured loan",Vamos Bidco,Vamos Bidco,First Lien,,,,17800000.0,18000000.0,18000000.0,,98.89,4.5,8.23,,,False,,,USD,17800000.0,Insurance,,First lien senior secured loan,SOFR,2032-01,2025-01,Provider of software and data services to the alcoholic beverage industry,,,,8.23,4.5,,Financials,Insurance,First Lien,,Vamos Bidco
ARCC,0001287750,0001628280-26-050307,10-Q,2026-06-30,2026-07-29,"Victors Purchaser, LLC and WP Victors Co-Investment, L.P. | First lien senior secured revolving loan","Victors Purchaser, LLC","Victors Purchaser, LLC",First Lien,,,,46800000.0,47300000.0,47300000.0,,98.94,4.5,8.14,,,False,,,USD,46800000.0,Insurance,,First lien senior secured revolving loan,SOFR,2032-12,2024-08,Third-party maintenance provider for hardware and data center infrastructure,,,,8.14,4.5,,Financials,Insurance,First Lien,Service Express,"Victors Purchaser, LLC"
ARCC,0001287750,0001628280-26-050307,10-Q,2026-06-30,2026-07-29,"Victors Purchaser, LLC and WP Victors Co-Investment, L.P. | Partnership units","Victors Purchaser, LLC","Victors Purchaser, LLC",LP Interest,,,,6700000.0,4900000.0,,4867968.0,136.73,,,,,False,,,USD,6700000.0,Insurance,,Partnership units,,,2024-08,Third-party maintenance provider for hardware and data center infrastructure,,,,,,,Financials,Insurance,Common Equity,Service Express,"Victors Purchaser, LLC"
ARCC,0001287750,0001628280-26-050307,10-Q,2026-06-30,2026-07-29,"Viper Bidco, Inc. | First lien senior secured loan",Viper Bidco,Viper Bidco,First Lien,,,,5500000.0,5500000.0,5500000.0,,100.0,4.5,8.23,,,False,,,USD,5500000.0,Insurance,,First lien senior secured loan,SOFR,2031-11,2024-11,Provider of SaaS based supply chain risk management solutions,,,,8.23,4.5,,Financials,Insurance,First Lien,,Viper Bidco
ARCC,0001287750,0001628280-26-050307,10-Q,2026-06-30,2026-07-29,"WebPT, Inc. and WPT Intermediate Holdco, Inc. | First lien senior secured loan","WebPT, Inc.","WebPT, Inc.",First Lien,,,,100000.0,100000.0,100000.0,,100.0,6.25,10.2,,3.13,True,,,USD,100000.0,Insurance,,First lien senior secured loan,SOFR,2028-01,2019-08,Electronic medical record software provider,,,,10.2,6.25,3.13,Financials,Insurance,First Lien,,"WebPT, Inc."
ARCC,0001287750,0001628280-26-050307,10-Q,2026-06-30,2026-07-29,"WebPT, Inc. and WPT Intermediate Holdco, Inc. | Senior subordinated loan","WebPT, Inc.","WebPT, Inc.",Senior Subordinated,,,,64300000.0,79400000.0,79400000.0,,80.98,,,,13.25,True,,,USD,64300000.0,Insurance,,Senior subordinated loan,,2029-05,2024-05,Electronic medical record software provider,,,,13.25,,,Financials,Insurance,Subordinated,,"WebPT, Inc."
ARCC,0001287750,0001628280-26-050307,10-Q,2026-06-30,2026-07-29,"Wellington Bidco Inc. and Wellington TopCo LP, | First lien senior secured revolving loan",Wellington Bidco Inc.,Wellington Bidco Inc.,First Lien,,,,8600000.0,8700000.0,8700000.0,,98.85,4.75,8.48,,,False,,,USD,8600000.0,Insurance,,First lien senior secured revolving loan,SOFR,2030-06,2024-06,Provider of ERP and payments software for local governments,,,,8.48,4.75,,Financials,Insurance,First Lien,,Wellington Bidco Inc.
ARCC,0001287750,0001628280-26-050307,10-Q,2026-06-30,2026-07-29,"Wellington Bidco Inc. and Wellington TopCo LP, | Class A-2 preferred units",Wellington Bidco Inc.,Wellington Bidco Inc.,Preferred Equity,,,,2900000.0,2400000.0,,2323000.0,120.83,,,,,False,,,USD,2900000.0,Insurance,,Class A-2 preferred units,,,2024-06,Provider of ERP and payments software for local governments,,,,,,,Financials,Insurance,Preferred Equity,,Wellington Bidco Inc.
ARCC,0001287750,0001628280-26-050307,10-Q,2026-06-30,2026-07-29,"Wellness AcquisitionCo, Inc., | First lien senior secured revolving loan","Wellness AcquisitionCo, Inc.","Wellness AcquisitionCo, Inc.",First Lien,,,,0.0,0.0,0.0,,,,,,,False,,,USD,0.0,,,,,,,,,,,,,,Financials,Insurance,First Lien,SPINS,"Wellness AcquisitionCo, Inc."
ARCC,0001287750,0001628280-26-050307,10-Q,2026-06-30,2026-07-29,"Wellness AcquisitionCo, Inc., | First lien senior secured loan","Wellness AcquisitionCo, Inc.","Wellness AcquisitionCo, Inc.",First Lien,,,,12400000.0,12400000.0,12400000.0,,100.0,4.75,8.48,,,False,,,USD,12400000.0,Insurance,,First lien senior secured loan,SOFR,2029-01,2025-02,"Provider of retail consumer insights and analytics for manufacturers and retailers in the natural, organic and specialty products industry",,,,8.48,4.75,,Financials,Insurance,First Lien,SPINS,"Wellness AcquisitionCo, Inc."
ARCC,0001287750,0001628280-26-050307,10-Q,2026-06-30,2026-07-29,"WorkWave Intermediate II, LLC, | First lien senior secured revolving loan","WorkWave Intermediate II, LLC","WorkWave Intermediate II, LLC",First Lien,,,,142400000.0,145300000.0,145300000.0,,98.0,5.75,9.49,,,False,,,USD,142400000.0,Insurance,,First lien senior secured revolving loan,SOFR,2032-09,2025-09,Provider of cloud-based field services and fleet management solutions,,,,9.49,5.75,,Financials,Insurance,First Lien,WorkWave,"WorkWave Intermediate II, LLC"
ARCC,0001287750,0001628280-26-050307,10-Q,2026-06-30,2026-07-29,"ZenDesk, Inc., Zoro TopCo, Inc. and Zoro TopCo, LP | First lien senior secured loan","ZenDesk, Inc.","ZenDesk, Inc.",First Lien,,,,28300000.0,29200000.0,29200000.0,,96.92,5.0,8.71,,,False,,,USD,28300000.0,Insurance,,First lien senior secured loan,SOFR,2028-11,2022-12,Provider of cloud-based customer support solutions,,,,8.71,5.0,,Financials,Insurance,First Lien,,"ZenDesk, Inc."
ARCC,0001287750,0001628280-26-050307,10-Q,2026-06-30,2026-07-29,"ZenDesk, Inc., Zoro TopCo, Inc. and Zoro TopCo, LP | First lien senior secured loan 1","ZenDesk, Inc.","ZenDesk, Inc.",First Lien,,,,10200000.0,10500000.0,10500000.0,,97.14,5.0,8.71,,,False,,,USD,10200000.0,Insurance,,First lien senior secured loan,SOFR,2029-05,2022-05,Cybersecurity solutions provider,,,,8.14,4.5,,Financials,Insurance,First Lien,,"ZenDesk, Inc."
ARCC,0001287750,0001628280-26-050307,10-Q,2026-06-30,2026-07-29,"ZenDesk, Inc., Zoro TopCo, Inc. and Zoro TopCo, LP | Series A preferred stock","ZenDesk, Inc.","ZenDesk, Inc.",Preferred Equity,,,,10400000.0,10400000.0,,6553.0,100.0,9.5,,,13.23,True,,,USD,10400000.0,Software and Services,,First lien senior secured loan,SOFR,2028-10,2024-06,"Provider of a cloud-based, SaaS platform for talent management",,,,7.51,3.75,,Information Technology,Software & Services,Preferred Equity,,"ZenDesk, Inc."
ARCC,0001287750,0001628280-26-050307,10-Q,2026-06-30,2026-07-29,"ZenDesk, Inc., Zoro TopCo, Inc. and Zoro TopCo, LP | Class A common units","ZenDesk, Inc.","ZenDesk, Inc.",Common Equity,,,,2000000.0,2700000.0,,269100.0,74.07,,,,,False,,,USD,2000000.0,Health Care Equipment and Services,,First lien senior secured revolving loan,,2028-12,2024-03,Full-service contract manufacturer of medical device components for the orthopedic OEM industry,,,,,,,Health Care,Health Care Equipment & Services,Common Equity,,"ZenDesk, Inc."
ARCC,0001287750,0001628280-26-050307,10-Q,2026-06-30,2026-07-29,"Aduro Advisors, LLC, | First lien senior secured loan","Aduro Advisors, LLC","Aduro Advisors, LLC",First Lien,,,,8100000.0,8100000.0,8100000.0,,100.0,4.75,8.48,,,False,,,USD,8100000.0,Financial Services,,First lien senior secured loan,SOFR,2030-07,2024-07,Provider of fund administration services,,,,8.48,4.75,,Financials,Diversified Financials,First Lien,,"Aduro Advisors, LLC"
ARCC,0001287750,0001628280-26-050307,10-Q,2026-06-30,2026-07-29,"BCC Blueprint Holdings I, LLC and BCC Blueprint Investments, LLC | Senior subordinated loan","BCC Blueprint Holdings I, LLC","BCC Blueprint Holdings I, LLC",Senior Subordinated,,,,16000000.0,16000000.0,16000000.0,,100.0,6.75,10.48,,,False,,,USD,16000000.0,Financial Services,,Senior subordinated loan,SOFR,2031-12,2025-12,Provider of comprehensive suite of investment management and wealth planning solutions,,,,10.48,6.75,,Financials,Diversified Financials,Subordinated,,"BCC Blueprint Holdings I, LLC"
ARCC,0001287750,0001628280-26-050307,10-Q,2026-06-30,2026-07-29,"BCC Blueprint Holdings I, LLC and BCC Blueprint Investments, LLC | Senior subordinated loan 1","BCC Blueprint Holdings I, LLC","BCC Blueprint Holdings I, LLC",Senior Subordinated,,,,200000.0,200000.0,200000.0,,100.0,6.75,10.43,,,False,,,USD,200000.0,Financial Services,,Senior subordinated loan,SOFR,2027-09,2021-09,Provider of comprehensive suite of investment management and wealth planning solutions,,,,10.43,6.75,,Financials,Diversified Financials,Subordinated,,"BCC Blueprint Holdings I, LLC"
ARCC,0001287750,0001628280-26-050307,10-Q,2026-06-30,2026-07-29,"BCC Blueprint Holdings I, LLC and BCC Blueprint Investments, LLC | Senior subordinated loan 2","BCC Blueprint Holdings I, LLC","BCC Blueprint Holdings I, LLC",Senior Subordinated,,,,7000000.0,7000000.0,7000000.0,,100.0,,,,9.3,True,,,USD,7000000.0,Financial Services,,Senior subordinated loan,,2026-09,2021-09,Provider of comprehensive suite of investment management and wealth planning solutions,,,,9.3,,,Financials,Diversified Financials,Subordinated,,"BCC Blueprint Holdings I, LLC"
ARCC,0001287750,0001628280-26-050307,10-Q,2026-06-30,2026-07-29,"BCC Blueprint Holdings I, LLC and BCC Blueprint Investments, LLC | Common units","BCC Blueprint Holdings I, LLC","BCC Blueprint Holdings I, LLC",Common Equity,,,,18200000.0,7200000.0,,7165615.0,252.78,,,,,False,,,USD,18200000.0,Financial Services,,Common units,,,2021-09,Provider of comprehensive suite of investment management and wealth planning solutions,,,,,,,Financials,Diversified Financials,Common Equity,,"BCC Blueprint Holdings I, LLC"
ARCC,0001287750,0001628280-26-050307,10-Q,2026-06-30,2026-07-29,"Beacon Pointe Harmony, LLC, | First lien senior secured loan","Beacon Pointe Harmony, LLC","Beacon Pointe Harmony, LLC",First Lien,,,,3700000.0,3700000.0,3700000.0,,100.0,4.5,8.14,,,False,,,USD,3700000.0,Financial Services,,First lien senior secured loan,SOFR,2028-12,2025-10,Provider of comprehensive wealth management services,,,,8.14,4.5,,Financials,Diversified Financials,First Lien,,"Beacon Pointe Harmony, LLC"
ARCC,0001287750,0001628280-26-050307,10-Q,2026-06-30,2026-07-29,"Clearstead Advisors, LLC, | First lien senior secured revolving loan","Clearstead Advisors, LLC","Clearstead Advisors, LLC",First Lien,,,,3700000.0,3700000.0,3700000.0,,100.0,4.75,8.42,,,False,,,USD,3700000.0,Financial Services,,First lien senior secured revolving loan,SOFR,2029-02,2025-05,A leading wealth management firm focused on serving institutional and high net-worth private clients,,,,8.42,4.75,,Financials,Diversified Financials,First Lien,,"Clearstead Advisors, LLC"
ARCC,0001287750,0001628280-26-050307,10-Q,2026-06-30,2026-07-29,Convera International Holdings Limited and Convera International Financial S.A R.L. | First lien senior secured loan,Convera International Holdings Limited,Convera International Holdings Limited,First Lien,,,,28500000.0,28500000.0,28500000.0,,100.0,4.75,8.63,,,False,,,USD,28500000.0,Financial Services,,First lien senior secured loan,SOFR,2030-03,2022-03,Provider of B2B international payment and FX risk management solutions,,,,8.63,4.75,,Financials,Diversified Financials,First Lien,Convera,Convera International Holdings Limited
ARCC,0001287750,0001628280-26-050307,10-Q,2026-06-30,2026-07-29,"CrossCountry Mortgage, LLC and CrossCountry Holdco, LLC, | Series D preferred units","CrossCountry Mortgage, LLC","CrossCountry Mortgage, LLC",Preferred Equity,,,,36900000.0,24900000.0,,90577.0,148.19,,,,,False,,,USD,36900000.0,Financial Services,,Series D preferred units,,,2023-11,Mortgage company originating loans in the retail and consumer direct channels,,,,,,,Financials,Diversified Financials,Preferred Equity,,"CrossCountry Mortgage, LLC"
ARCC,0001287750,0001628280-26-050307,10-Q,2026-06-30,2026-07-29,"CrossCountry Mortgage, LLC and CrossCountry Holdco, LLC, | Series B-3 units","CrossCountry Mortgage, LLC","CrossCountry Mortgage, LLC",Common Equity,,,,4500000.0,3100000.0,,11069.0,145.16,,,,,False,,,USD,4500000.0,Financial Services,,Series B-3 units,,,2025-08,Mortgage company originating loans in the retail and consumer direct channels,,,,,,,Financials,Diversified Financials,Common Equity,,"CrossCountry Mortgage, LLC"
ARCC,0001287750,0001628280-26-050307,10-Q,2026-06-30,2026-07-29,eCapital Finance Corp. | Senior subordinated loan,eCapital Finance Corp.,eCapital Finance Corp.,Senior Subordinated,,,,199600000.0,199900000.0,201700000.0,,98.96,7.25,10.97,,,False,,,USD,199600000.0,Financial Services,,Senior subordinated loan,SOFR,2029-09,2020-11,Consolidator of commercial finance businesses,,,,10.97,7.25,,Financials,Diversified Financials,Subordinated,,eCapital Finance Corp.
ARCC,0001287750,0001628280-26-050307,10-Q,2026-06-30,2026-07-29,eCapital Finance Corp. | Senior subordinated loan 7,eCapital Finance Corp.,eCapital Finance Corp.,Senior Subordinated,,,,21700000.0,21700000.0,21900000.0,,99.09,7.25,10.97,,,False,,,USD,21700000.0,Health Care Equipment and Services,,First lien senior secured loan,,2030-03,2025-08,Provider of biospecimen products for pharma research,,,,12.0,,,Health Care,Health Care Equipment & Services,Subordinated,,eCapital Finance Corp.
ARCC,0001287750,0001628280-26-050307,10-Q,2026-06-30,2026-07-29,"Endeavor Bidco LLC and Endeavor TopCo, Inc. | First lien senior secured loan",Endeavor Bidco LLC,Endeavor Bidco LLC,First Lien,,,,6100000.0,6100000.0,6100000.0,,100.0,4.25,7.98,,,False,,,USD,6100000.0,Financial Services,,First lien senior secured loan,SOFR,2029-08,2024-08,Global securities finance trading platform,,,,7.98,4.25,,Financials,Diversified Financials,First Lien,,Endeavor Bidco LLC
ARCC,0001287750,0001628280-26-050307,10-Q,2026-06-30,2026-07-29,"Endeavor Bidco LLC and Endeavor TopCo, Inc. | Class A common units",Endeavor Bidco LLC,Endeavor Bidco LLC,Common Equity,,,,3000000.0,1900000.0,,1859.0,157.89,,,,,False,,,USD,3000000.0,Financial Services,,Class A common units,,,2024-08,Global securities finance trading platform,,,,,,,Financials,Diversified Financials,Common Equity,,Endeavor Bidco LLC
ARCC,0001287750,0001628280-26-050307,10-Q,2026-06-30,2026-07-29,"GAPCO AIV Interholdco (CP), L.P. | Senior subordinated loan 1",GAPCO AIV Interholdco (CP),GAPCO AIV Interholdco (CP),Senior Subordinated,,,,64900000.0,64900000.0,64900000.0,,100.0,6.75,,,10.48,True,,,USD,64900000.0,Financial Services,,Senior subordinated loan,SOFR,2033-03,2025-03,Wealth management and financial planning firm,,,,10.48,6.75,,Financials,Diversified Financials,Subordinated,,GAPCO AIV Interholdco (CP)
ARCC,0001287750,0001628280-26-050307,10-Q,2026-06-30,2026-07-29,"Grit Buyer, Inc. and Integrum Grit Co-Invest LP, | First lien senior secured loan","Grit Buyer, Inc.","Grit Buyer, Inc.",First Lien,,,,5000000.0,5000000.0,5000000.0,,100.0,4.5,8.23,,,False,,,USD,5000000.0,Financial Services,,First lien senior secured loan,SOFR,2032-07,2025-07,Specialized finance and accounting advisory firm,,,,8.23,4.5,,Financials,Diversified Financials,First Lien,,"Grit Buyer, Inc."
ARCC,0001287750,0001628280-26-050307,10-Q,2026-06-30,2026-07-29,"Grit Buyer, Inc. and Integrum Grit Co-Invest LP, | Limited partnership interests","Grit Buyer, Inc.","Grit Buyer, Inc.",LP Interest,,,,4500000.0,3600000.0,,4420500.0,125.0,,,,,False,,,USD,4500000.0,Financial Services,,Limited partnership interests,,,2025-07,Specialized finance and accounting advisory firm,,,,,,,Financials,Diversified Financials,Common Equity,,"Grit Buyer, Inc."
ARCC,0001287750,0001628280-26-050307,10-Q,2026-06-30,2026-07-29,"GTCR F Buyer Corp. and GTCR (D) Investors LP, | First lien senior secured loan",GTCR F Buyer Corp.,GTCR F Buyer Corp.,First Lien,,,,6100000.0,6100000.0,6100000.0,,100.0,5.0,8.73,,,False,,,USD,6100000.0,Financial Services,,First lien senior secured loan,SOFR,2030-09,2023-09,Provider of end-to-end tech-enabled administrative services to private foundations,,,,8.73,5.0,,Financials,Diversified Financials,First Lien,,GTCR F Buyer Corp.
ARCC,0001287750,0001628280-26-050307,10-Q,2026-06-30,2026-07-29,"GTCR F Buyer Corp. and GTCR (D) Investors LP, |  Limited partnership interests",GTCR F Buyer Corp.,GTCR F Buyer Corp.,LP Interest,,,,11100000.0,4900000.0,,4873286.0,226.53,,,,,False,,,USD,11100000.0,Financial Services,,Limited partnership interests,,,2023-09,Provider of end-to-end tech-enabled administrative services to private foundations,,,,,,,Financials,Diversified Financials,Common Equity,,GTCR F Buyer Corp.
ARCC,0001287750,0001628280-26-050307,10-Q,2026-06-30,2026-07-29,"HighTower Holding, LLC, |  Senior subordinated loan","HighTower Holding, LLC","HighTower Holding, LLC",Senior Subordinated,,,,8000000.0,7400000.0,8100000.0,,98.77,,6.75,,,False,,,USD,8000000.0,Financial Services,,Senior subordinated loan,,2029-04,2022-06,"Provider of investment, financial and retirement planning services",,,,6.75,,,Financials,Diversified Financials,Subordinated,,"HighTower Holding, LLC"
ARCC,0001287750,0001628280-26-050307,10-Q,2026-06-30,2026-07-29,"IH Elevate Buyer, Inc. and Integrum Elevate Co-Invest LP, | First lien senior secured loan","IH Elevate Buyer, Inc.","IH Elevate Buyer, Inc.",First Lien,,,,34200000.0,34700000.0,34700000.0,,98.56,5.0,8.64,,,False,,,USD,34200000.0,Financial Services,,First lien senior secured loan,SOFR,2033-06,2026-06,"Provider of investment, financial and retirement planning services",,,,8.64,5.0,,Financials,Diversified Financials,First Lien,,"IH Elevate Buyer, Inc."
ARCC,0001287750,0001628280-26-050307,10-Q,2026-06-30,2026-07-29,"IH Elevate Buyer, Inc. and Integrum Elevate Co-Invest LP, | Limited partnership interests","IH Elevate Buyer, Inc.","IH Elevate Buyer, Inc.",LP Interest,,,,2600000.0,2600000.0,,2598000.0,100.0,,,,,False,,,USD,2600000.0,Financial Services,,Limited partnership interests,,,2026-05,"Provider of investment, financial and retirement planning services",,,,,,,Financials,Diversified Financials,Common Equity,,"IH Elevate Buyer, Inc."
ARCC,0001287750,0001628280-26-050307,10-Q,2026-06-30,2026-07-29,"Ivy Hill Asset Management, L.P. | Subordinated revolving loan",Ivy Hill Asset Management,Ivy Hill Asset Management,Subordinated,,,,946000000.0,946000000.0,946000000.0,,100.0,6.5,10.23,,,False,,,USD,946000000.0,Financial Services,,Subordinated revolving loan,SOFR,2030-01,2018-02,Asset management services,,,,10.23,6.5,,Financials,Diversified Financials,Subordinated,,Ivy Hill Asset Management
ARCC,0001287750,0001628280-26-050307,10-Q,2026-06-30,2026-07-29,"Ivy Hill Asset Management, L.P. |  Member interest",Ivy Hill Asset Management,Ivy Hill Asset Management,LLC Interest,,,,1896800000.0,1700500000.0,,,111.54,,,,,False,,,USD,1896800000.0,Financial Services,,Member interest,,,2009-06,Asset management services,,,,,,,Financials,Diversified Financials,Common Equity,,Ivy Hill Asset Management
ARCC,0001287750,0001628280-26-050307,10-Q,2026-06-30,2026-07-29,"Lido Advisors, LLC and LAL Group Holdings, LLC | First lien senior secured revolving loan","Lido Advisors, LLC","Lido Advisors, LLC",First Lien,,,,13300000.0,13300000.0,13300000.0,,100.0,4.75,8.43,,,False,,,USD,13300000.0,Financial Services,,First lien senior secured revolving loan,SOFR,2032-05,2021-06,Wealth management and financial planning firm,,,,8.43,4.75,,Financials,Diversified Financials,First Lien,,"Lido Advisors, LLC"
ARCC,0001287750,0001628280-26-050307,10-Q,2026-06-30,2026-07-29,"Lido Advisors, LLC and LAL Group Holdings, LLC | Class Z preferred units","Lido Advisors, LLC","Lido Advisors, LLC",Preferred Equity,,,,9800000.0,10600000.0,,9671180.0,92.45,,,,7.0,True,,,USD,9800000.0,Financial Services,,Class Z preferred units,,,2025-08,Wealth management and financial planning firm,,,,7.0,,,Financials,Diversified Financials,Preferred Equity,,"Lido Advisors, LLC"
ARCC,0001287750,0001628280-26-050307,10-Q,2026-06-30,2026-07-29,"Lido Advisors, LLC and LAL Group Holdings, LLC | Class A-0 common units","Lido Advisors, LLC","Lido Advisors, LLC",Common Equity,,,,4900000.0,5000000.0,,4835590.0,98.0,,,,,False,,,USD,4900000.0,Financial Services,,Class A-0 common units,,,2025-08,Wealth management and financial planning firm,,,,,,,Financials,Diversified Financials,Common Equity,,"Lido Advisors, LLC"
ARCC,0001287750,0001628280-26-050307,10-Q,2026-06-30,2026-07-29,"Mai Capital Management Intermediate LLC, | First lien senior secured loan",Mai Capital Management Intermediate LLC,Mai Capital Management Intermediate LLC,First Lien,,,,8000000.0,8000000.0,8000000.0,,100.0,4.75,8.48,,,False,,,USD,8000000.0,Financial Services,,First lien senior secured loan,SOFR,2031-08,2025-06,Provider of comprehensive wealth management services and registered investment advisor,,,,8.48,4.75,,Financials,Diversified Financials,First Lien,,Mai Capital Management Intermediate LLC
ARCC,0001287750,0001628280-26-050307,10-Q,2026-06-30,2026-07-29,MC Accelerate Co-Invest Feeder LP and MC CIF Wealth Management (UK) Ltd. | Z1 preferred shares,MC Accelerate Co-Invest Feeder LP,MC Accelerate Co-Invest Feeder LP,Preferred Equity,,,,27900000.0,27700000.0,,25802.0,100.72,,,,12.0,True,,,USD,27900000.0,Financial Services,,Z1 preferred shares,,2031-08,2025-08,Global wealth management firm,,,,12.0,,,Financials,Diversified Financials,Preferred Equity,,MC Accelerate Co-Invest Feeder LP
ARCC,0001287750,0001628280-26-050307,10-Q,2026-06-30,2026-07-29,MC Accelerate Co-Invest Feeder LP and MC CIF Wealth Management (UK) Ltd. | Z3 preferred shares,MC Accelerate Co-Invest Feeder LP,MC Accelerate Co-Invest Feeder LP,Preferred Equity,,,,24800000.0,24800000.0,,24572.0,100.0,,,,12.0,True,,,USD,24800000.0,Financial Services,,Z3 preferred shares,,,2026-05,Global wealth management firm,,,,12.0,,,Financials,Diversified Financials,Preferred Equity,,MC Accelerate Co-Invest Feeder LP
ARCC,0001287750,0001628280-26-050307,10-Q,2026-06-30,2026-07-29,MC Accelerate Co-Invest Feeder LP and MC CIF Wealth Management (UK) Ltd. | Membership interest,MC Accelerate Co-Invest Feeder LP,MC Accelerate Co-Invest Feeder LP,LLC Interest,,,,0.0,0.0,,1000.0,,,,,,False,,,USD,0.0,,,,,,,,,,,,,,Other,Other,Common Equity,,MC Accelerate Co-Invest Feeder LP
ARCC,0001287750,0001628280-26-050307,10-Q,2026-06-30,2026-07-29,"Medlar Bidco Limited, | First lien senior secured loan",Medlar Bidco Limited,Medlar Bidco Limited,First Lien,,,,26800000.0,26900000.0,26800000.0,,100.0,4.5,8.25,,,False,,,USD,26800000.0,Financial Services,,First lien senior secured loan,SONIA,2032-05,2024-12,Provider of fund and corporate services to alternative assets industry,,,,8.25,4.5,,Financials,Diversified Financials,First Lien,,Medlar Bidco Limited
ARCC,0001287750,0001628280-26-050307,10-Q,2026-06-30,2026-07-29,"Merit Financial Group, LLC and CWC Fund I (MFA) LP , | First lien senior secured loan","Merit Financial Group, LLC","Merit Financial Group, LLC",First Lien,,,,17700000.0,17700000.0,17700000.0,,100.0,4.75,8.46,,,False,,,USD,17700000.0,Financial Services,,First lien senior secured loan,SOFR,2032-08,2025-08,Registered investment adviser platform,,,,8.46,4.75,,Financials,Diversified Financials,First Lien,,"Merit Financial Group, LLC"
ARCC,0001287750,0001628280-26-050307,10-Q,2026-06-30,2026-07-29,"Merit Financial Group, LLC and CWC Fund I (MFA) LP, | Limited partnership interests","Merit Financial Group, LLC","Merit Financial Group, LLC",LP Interest,,,,5700000.0,5100000.0,,5086230.0,111.76,,,,,False,,,USD,5700000.0,Financial Services,,Limited partnership interests,,,2025-08,Registered investment adviser platform,,,,,,,Financials,Diversified Financials,Common Equity,,"Merit Financial Group, LLC"
ARCC,0001287750,0001628280-26-050307,10-Q,2026-06-30,2026-07-29,"Monica Holdco (US), Inc., | First lien senior secured loan","Monica Holdco (US), Inc.","Monica Holdco (US), Inc.",First Lien,,,,9400000.0,9400000.0,9400000.0,,100.0,5.25,9.13,,,False,,,USD,9400000.0,Financial Services,,First lien senior secured loan,SOFR,2030-07,2021-01,Investment technology and advisory firm,,,,9.13,5.25,,Financials,Diversified Financials,First Lien,,"Monica Holdco (US), Inc."
ARCC,0001287750,0001628280-26-050307,10-Q,2026-06-30,2026-07-29,"MWH Intermediate II, LLC, | First lien senior secured loan","MWH Intermediate II, LLC","MWH Intermediate II, LLC",First Lien,,,,7800000.0,7900000.0,7900000.0,,98.73,5.25,8.89,,,False,,,USD,7800000.0,Financial Services,,First lien senior secured loan,SOFR,2032-08,2026-05,Provider of comprehensive wealth management services,,,,8.89,5.25,,Financials,Diversified Financials,First Lien,,"MWH Intermediate II, LLC"
ARCC,0001287750,0001628280-26-050307,10-Q,2026-06-30,2026-07-29,"Nexus Buyer LLC, | Second lien senior secured loan",Nexus Buyer LLC,Nexus Buyer LLC,Second Lien,,,,121000000.0,123900000.0,124900000.0,,96.88,5.75,9.39,,,False,,,USD,121000000.0,Financial Services,,Second lien senior secured loan,SOFR,2032-02,2025-08,Provider of FDIC-insured deposit placement services,,,,9.39,5.75,,Financials,Diversified Financials,Second Lien,IntraFi,Nexus Buyer LLC
ARCC,0001287750,0001628280-26-050307,10-Q,2026-06-30,2026-07-29,"Oak Funding LLC, | First lien senior secured loan",Oak Funding LLC,Oak Funding LLC,First Lien,,,,41900000.0,41900000.0,41900000.0,,100.0,4.5,8.16,,,False,,,USD,41900000.0,Financial Services,,First lien senior secured loan,SOFR,2032-12,2025-12,Provider of wealth management services,,,,8.16,4.5,,Financials,Diversified Financials,First Lien,,Oak Funding LLC
ARCC,0001287750,0001628280-26-050307,10-Q,2026-06-30,2026-07-29,"Pathstone Family Office LLC and Kelso XI Tailwind Co-Investment, L.P., | First lien senior secured loan",Pathstone Family Office LLC,Pathstone Family Office LLC,First Lien,,,,10400000.0,10400000.0,10400000.0,,100.0,4.5,8.24,,,False,,,USD,10400000.0,Financial Services,,First lien senior secured loan,SOFR,2029-05,2024-06,Provider of comprehensive wealth management services and registered investment advisor,,,,8.24,4.5,,Financials,Diversified Financials,First Lien,,Pathstone Family Office LLC
ARCC,0001287750,0001628280-26-050307,10-Q,2026-06-30,2026-07-29,"Pathstone Family Office LLC and Kelso XI Tailwind Co-Investment, L.P., | Limited partnership interests",Pathstone Family Office LLC,Pathstone Family Office LLC,LP Interest,,,,3800000.0,2000000.0,,1965100.0,190.0,,,,,False,,,USD,3800000.0,Financial Services,,Limited partnership interests,,,2023-09,Provider of comprehensive wealth management services and registered investment advisor,,,,,,,Financials,Diversified Financials,Common Equity,,Pathstone Family Office LLC
ARCC,0001287750,0001628280-26-050307,10-Q,2026-06-30,2026-07-29,"PCIA SPV-3, LLC and ASE Royal Aggregator, LLC, | First lien senior secured loan","PCIA SPV-3, LLC","PCIA SPV-3, LLC",First Lien,,,,5800000.0,5800000.0,5800000.0,,100.0,4.75,8.39,,,False,,,USD,5800000.0,Financial Services,,First lien senior secured loan,SOFR,2029-08,2023-08,Provider of comprehensive wealth management services,,,,8.39,4.75,,Financials,Diversified Financials,First Lien,,"PCIA SPV-3, LLC"
ARCC,0001287750,0001628280-26-050307,10-Q,2026-06-30,2026-07-29,"PCIA SPV-3, LLC and ASE Royal Aggregator, LLC, | Preferred units","PCIA SPV-3, LLC","PCIA SPV-3, LLC",Preferred Equity,,,,15200000.0,6500000.0,,6431667.0,233.85,,,,,False,,,USD,15200000.0,Financial Services,,Preferred units,,,2023-07,Provider of comprehensive wealth management services,,,,,,,Financials,Diversified Financials,Preferred Equity,,"PCIA SPV-3, LLC"
ARCC,0001287750,0001628280-26-050307,10-Q,2026-06-30,2026-07-29,"PCS MidCo, Inc. and PCS Parent, L.P. | First lien senior secured loan","PCS MidCo, Inc.","PCS MidCo, Inc.",First Lien,,,,8100000.0,8100000.0,8100000.0,,100.0,5.75,9.48,,,False,,,USD,8100000.0,Financial Services,,First lien senior secured loan,SOFR,2030-03,2024-03,Provider of 401K recordkeeping software solutions,,,,9.48,5.75,,Financials,Diversified Financials,First Lien,,"PCS MidCo, Inc."
ARCC,0001287750,0001628280-26-050307,10-Q,2026-06-30,2026-07-29,"PCS MidCo, Inc. and PCS Parent, L.P. | Class A units","PCS MidCo, Inc.","PCS MidCo, Inc.",Common Equity,,,,700000.0,800000.0,,785000.0,87.5,,,,,False,,,USD,700000.0,Financial Services,,Class A units,,,2024-03,Provider of 401K recordkeeping software solutions,,,,,,,Financials,Diversified Financials,Common Equity,,"PCS MidCo, Inc."
ARCC,0001287750,0001628280-26-050307,10-Q,2026-06-30,2026-07-29,"Perigon Wealth Management, LLC, Perigon Wealth Advisors Holdings Company, LLC and CWC Fund I Co-Invest (Prism) LP, | First lien senior secured loan","Perigon Wealth Management, LLC","Perigon Wealth Management, LLC",First Lien,,,,300000.0,300000.0,300000.0,,100.0,4.5,8.14,,,False,,,USD,300000.0,Financial Services,,First lien senior secured loan,SOFR,2031-03,2025-08,Wealth management and financial planning firm,,,,8.14,4.5,,Financials,Diversified Financials,First Lien,,"Perigon Wealth Management, LLC"
ARCC,0001287750,0001628280-26-050307,10-Q,2026-06-30,2026-07-29,"Perigon Wealth Management, LLC, Perigon Wealth Advisors Holdings Company, LLC and CWC Fund I Co-Invest (Prism) LP, Limited partnership interest","Perigon Wealth Management, LLC","Perigon Wealth Management, LLC",LP Interest,,,,2700000.0,2400000.0,,2374000.0,112.5,,,,,False,,,USD,2700000.0,Technology Hardware and  Equipment,,First lien senior secured loan,SOFR,2029-03,2024-05,Provider of analytical instrumentation and testing equipment and services,,,,8.17,4.5,,Information Technology,Technology Hardware & Equipment,Common Equity,,"Perigon Wealth Management, LLC"
ARCC,0001287750,0001628280-26-050307,10-Q,2026-06-30,2026-07-29,"Petrus Buyer, Inc. | First lien senior secured revolving loan",Petrus Buyer,Petrus Buyer,First Lien,,,,7200000.0,7200000.0,7200000.0,,100.0,4.75,8.42,,,False,,,USD,7200000.0,Financial Services,,First lien senior secured revolving loan,SOFR,2029-10,2022-11,Provider of REIT research data and analytics,,,,8.42,4.75,,Financials,Diversified Financials,First Lien,,Petrus Buyer
ARCC,0001287750,0001628280-26-050307,10-Q,2026-06-30,2026-07-29,"Petrus Buyer, Inc. | First lien senior secured loan 2",Petrus Buyer,Petrus Buyer,First Lien,,,,1200000.0,1200000.0,1200000.0,,100.0,4.5,8.14,,,False,,,USD,1200000.0,Financial Services,,First lien senior secured loan,SOFR,2029-10,2025-02,Provider of REIT research data and analytics,,,,8.14,4.5,,Financials,Diversified Financials,First Lien,,Petrus Buyer
ARCC,0001287750,0001628280-26-050307,10-Q,2026-06-30,2026-07-29,"Rialto Management Group, LLC | First lien senior secured revolving loan",Rialto Management Group,Rialto Management Group,First Lien,,,,0.0,0.0,0.0,,,,,,,False,,,USD,0.0,,,,,,,,,,,,,,Financials,Diversified Financials,First Lien,,Rialto Management Group
ARCC,0001287750,0001628280-26-050307,10-Q,2026-06-30,2026-07-29,"Rialto Management Group, LLC | First lien senior secured loan 1",Rialto Management Group,Rialto Management Group,First Lien,,,,28800000.0,28700000.0,28800000.0,,100.0,5.0,8.64,,,False,,,USD,28800000.0,Financial Services,,First lien senior secured loan,SOFR,2030-12,2024-12,Investment and asset management platform focused on real estate,,,,8.64,5.0,,Financials,Diversified Financials,First Lien,,Rialto Management Group
ARCC,0001287750,0001628280-26-050307,10-Q,2026-06-30,2026-07-29,"RWA Wealth Partners, LLC | First lien senior secured loan",RWA Wealth Partners,RWA Wealth Partners,First Lien,,,,9100000.0,9100000.0,9100000.0,,100.0,4.75,8.39,,,False,,,USD,9100000.0,Financial Services,,First lien senior secured loan,SOFR,2030-11,2024-11,Provider of comprehensive wealth management services,,,,8.39,4.75,,Financials,Diversified Financials,First Lien,,RWA Wealth Partners
ARCC,0001287750,0001628280-26-050307,10-Q,2026-06-30,2026-07-29,"Steward Partners Global Advisory, LLC, Steward Partners Investment Advisory, LLC, Steward Partners Intermediate II, LLC, and Steward Partners New Holdings, LLC | First lien senior secured loan 1","Steward Partners Global Advisory, LLC","Steward Partners Global Advisory, LLC",First Lien,,,,14400000.0,14400000.0,14400000.0,,100.0,5.0,8.64,,,False,,,USD,14400000.0,Financial Services,,First lien senior secured loan,SOFR,2028-10,2023-12,Wealth management platform,,,,8.64,5.0,,Financials,Diversified Financials,First Lien,,"Steward Partners Global Advisory, LLC"
ARCC,0001287750,0001628280-26-050307,10-Q,2026-06-30,2026-07-29,"Steward Partners Global Advisory, LLC, Steward Partners Investment Advisory, LLC, Steward Partners Intermediate II, LLC, and Steward Partners New Holdings, LLC | Senior subordinated loan","Steward Partners Global Advisory, LLC","Steward Partners Global Advisory, LLC",Senior Subordinated,,,,22800000.0,22500000.0,25000000.0,,91.2,,,,11.0,True,,,USD,22800000.0,Financial Services,,Senior subordinated loan,,2032-12,2025-12,Wealth management platform,,,,11.0,,,Financials,Diversified Financials,Subordinated,,"Steward Partners Global Advisory, LLC"
ARCC,0001287750,0001628280-26-050307,10-Q,2026-06-30,2026-07-29,"Steward Partners Global Advisory, LLC, Steward Partners Investment Advisory, LLC, Steward Partners Intermediate II, LLC, and Steward Partners New Holdings, LLC | Warrant to purchase common stock","Steward Partners Global Advisory, LLC","Steward Partners Global Advisory, LLC",Warrant,,,,2500000.0,2400000.0,,129164.0,104.17,,,,,False,,,USD,2500000.0,Financial Services,,Warrant to purchase common stock,,2032-12,2025-12,Wealth management platform,,,,,,,Financials,Diversified Financials,Warrant,,"Steward Partners Global Advisory, LLC"
ARCC,0001287750,0001628280-26-050307,10-Q,2026-06-30,2026-07-29,"The Mather Group, LLC, TVG-TMG Topco, Inc., and TVG-TMG Holdings, LLC | First lien senior secured loan","The Mather Group, LLC","The Mather Group, LLC",First Lien,,,,4400000.0,4400000.0,4400000.0,,100.0,5.25,9.13,,,False,,,USD,4400000.0,Financial Services,,First lien senior secured loan,SOFR,2028-03,2022-03,Provider of comprehensive wealth management services,,,,9.13,5.25,,Financials,Diversified Financials,First Lien,,"The Mather Group, LLC"
ARCC,0001287750,0001628280-26-050307,10-Q,2026-06-30,2026-07-29,"The Mather Group, LLC, TVG-TMG Topco, Inc., and TVG-TMG Holdings, LLC | Senior subordinated loan","The Mather Group, LLC","The Mather Group, LLC",Senior Subordinated,,,,4600000.0,4600000.0,4600000.0,,100.0,,,,12.0,True,,,USD,4600000.0,Financial Services,,Senior subordinated loan,,2029-03,2022-03,Provider of comprehensive wealth management services,,,,12.0,,,Financials,Diversified Financials,Subordinated,,"The Mather Group, LLC"
ARCC,0001287750,0001628280-26-050307,10-Q,2026-06-30,2026-07-29,"The Mather Group, LLC, TVG-TMG Topco, Inc., and TVG-TMG Holdings, LLC | Series A preferred units","The Mather Group, LLC","The Mather Group, LLC",Preferred Equity,,,,7200000.0,7200000.0,,7199.0,100.0,,,,,False,,,USD,7200000.0,Financial Services,,Series A preferred units,,,2022-03,Provider of comprehensive wealth management services,,,,,,,Financials,Diversified Financials,Preferred Equity,,"The Mather Group, LLC"
ARCC,0001287750,0001628280-26-050307,10-Q,2026-06-30,2026-07-29,"The Mather Group, LLC, TVG-TMG Topco, Inc., and TVG-TMG Holdings, LLC | Common units","The Mather Group, LLC","The Mather Group, LLC",Common Equity,,,,4100000.0,0.0,,7199.0,,,,,,False,,,USD,4100000.0,Financial Services,,Common units,,,2022-03,Provider of comprehensive wealth management services,,,,,,,Financials,Diversified Financials,Common Equity,,"The Mather Group, LLC"
ARCC,0001287750,0001628280-26-050307,10-Q,2026-06-30,2026-07-29,"The Ultimus Group Midco, LLC, The Ultimus Group, LLC, and The Ultimus Group Aggregator, LP | First lien senior secured loan","The Ultimus Group Midco, LLC","The Ultimus Group Midco, LLC",First Lien,,,,12600000.0,12700000.0,12700000.0,,99.21,4.5,8.23,,,False,,,USD,12600000.0,Financial Services,,First lien senior secured loan,SOFR,2032-07,2025-07,Provider of asset-servicing capabilities for fund managers,,,,8.23,4.5,,Financials,Diversified Financials,First Lien,,"The Ultimus Group Midco, LLC"
ARCC,0001287750,0001628280-26-050307,10-Q,2026-06-30,2026-07-29,"TPG IX Cardiff Debt HoldCo I, LLC, TPG IX Cardiff Debt Holdco II, LLC, TPG IX Cardiff CI I, L.P., and TPG IX Cardiff CI II, L.P. | Senior subordinated loan","TPG IX Cardiff Debt HoldCo I, LLC","TPG IX Cardiff Debt HoldCo I, LLC",Senior Subordinated,,,,11700000.0,11700000.0,11700000.0,,100.0,6.5,,,10.18,True,,,USD,11700000.0,Financial Services,,Senior subordinated loan,SOFR,2033-01,2025-01,Provider of comprehensive wealth management services,,,,10.18,6.5,,Financials,Diversified Financials,Subordinated,,"TPG IX Cardiff Debt HoldCo I, LLC"
ARCC,0001287750,0001628280-26-050307,10-Q,2026-06-30,2026-07-29,"TPG IX Cardiff Debt HoldCo I, LLC, TPG IX Cardiff Debt Holdco II, LLC, TPG IX Cardiff CI I, L.P., and TPG IX Cardiff CI II, L.P. | Limited partnership interest 1","TPG IX Cardiff Debt HoldCo I, LLC","TPG IX Cardiff Debt HoldCo I, LLC",LP Interest,,,,8200000.0,5800000.0,,5719511.0,141.38,,,,,False,,,USD,8200000.0,Financial Services,,Limited partnership interest,,,2024-11,Provider of comprehensive wealth management services,,,,,,,Financials,Diversified Financials,Common Equity,,"TPG IX Cardiff Debt HoldCo I, LLC"
ARCC,0001287750,0001628280-26-050307,10-Q,2026-06-30,2026-07-29,"TPG IX Cardiff Debt HoldCo I, LLC, TPG IX Cardiff Debt Holdco II, LLC, TPG IX Cardiff CI I, L.P., and TPG IX Cardiff CI II, L.P. | Limited partnership interest 2","TPG IX Cardiff Debt HoldCo I, LLC","TPG IX Cardiff Debt HoldCo I, LLC",LP Interest,,,,900000.0,600000.0,,636275.0,150.0,,,,,False,,,USD,900000.0,Software and Services,,First lien senior secured revolving loan,SOFR,2030-08,2024-04,Provider of secure SaaS solutions for board and leadership team documents,,,,8.65,5.0,,Information Technology,Software & Services,Common Equity,,"TPG IX Cardiff Debt HoldCo I, LLC"
ARCC,0001287750,0001628280-26-050307,10-Q,2026-06-30,2026-07-29,"Waverly Advisors, LLC and WAAM Topco, LLC | First lien senior secured revolving loan","Waverly Advisors, LLC","Waverly Advisors, LLC",First Lien,,,,1500000.0,1500000.0,1500000.0,,100.0,5.75,9.63,,,False,,,USD,1500000.0,Financial Services,,First lien senior secured revolving loan,SOFR,2028-03,2022-03,Wealth management and financial planning firm,,,,9.63,5.75,,Financials,Diversified Financials,First Lien,,"Waverly Advisors, LLC"
ARCC,0001287750,0001628280-26-050307,10-Q,2026-06-30,2026-07-29,"Waverly Advisors, LLC and WAAM Topco, LLC | First lien senior secured loan 1","Waverly Advisors, LLC","Waverly Advisors, LLC",First Lien,,,,38500000.0,38500000.0,38500000.0,,100.0,5.25,9.13,,,False,,,USD,38500000.0,Financial Services,,First lien senior secured loan,SOFR,2028-03,2025-01,Wealth management and financial planning firm,,,,9.13,5.25,,Financials,Diversified Financials,First Lien,,"Waverly Advisors, LLC"
ARCC,0001287750,0001628280-26-050307,10-Q,2026-06-30,2026-07-29,"Waverly Advisors, LLC and WAAM Topco, LLC | First lien senior secured loan 3","Waverly Advisors, LLC","Waverly Advisors, LLC",First Lien,,,,4900000.0,4900000.0,4900000.0,,100.0,5.5,9.38,,,False,,,USD,4900000.0,Financial Services,,First lien senior secured loan,SOFR,2028-03,2024-03,Wealth management and financial planning firm,,,,9.38,5.5,,Financials,Diversified Financials,First Lien,,"Waverly Advisors, LLC"
ARCC,0001287750,0001628280-26-050307,10-Q,2026-06-30,2026-07-29,"Waverly Advisors, LLC and WAAM Topco, LLC | Class A units","Waverly Advisors, LLC","Waverly Advisors, LLC",Common Equity,,,,6200000.0,2300000.0,,1584539.0,269.57,,,,,False,,,USD,6200000.0,Financial Services,,Class A units,,,2023-06,Wealth management and financial planning firm,,,,,,,Financials,Diversified Financials,Common Equity,,"Waverly Advisors, LLC"
ARCC,0001287750,0001628280-26-050307,10-Q,2026-06-30,2026-07-29,"Wealth Enhancement Group, LLC | First lien senior secured loan 1",Wealth Enhancement Group,Wealth Enhancement Group,First Lien,,,,32200000.0,32500000.0,32500000.0,,99.08,4.25,7.94,,,False,,,USD,32200000.0,Financial Services,,First lien senior secured loan,SOFR,2028-10,2021-06,Wealth management and financial planning firm,,,,7.94,4.25,,Financials,Diversified Financials,First Lien,,Wealth Enhancement Group
ARCC,0001287750,0001628280-26-050307,10-Q,2026-06-30,2026-07-29,Wellington-Altus Financial Inc. | First lien senior secured revolving loan,Wellington-Altus Financial Inc.,Wellington-Altus Financial Inc.,First Lien,,,,0.0,0.0,0.0,,,,,,,False,,,USD,0.0,,,,,,,,,,,,,,Financials,Diversified Financials,First Lien,,Wellington-Altus Financial Inc.
ARCC,0001287750,0001628280-26-050307,10-Q,2026-06-30,2026-07-29,Wellington-Altus Financial Inc. | First lien senior secured loan,Wellington-Altus Financial Inc.,Wellington-Altus Financial Inc.,First Lien,,,,800000.0,800000.0,800000.0,,100.0,5.0,7.61,,,False,,,USD,800000.0,Financial Services,,First lien senior secured loan,,2030-08,2024-08,Wealth management and advisory firm,,,,7.61,5.0,,Financials,Diversified Financials,First Lien,,Wellington-Altus Financial Inc.
ARCC,0001287750,0001628280-26-050307,10-Q,2026-06-30,2026-07-29,Wellington-Altus Financial Inc. | Common stock,Wellington-Altus Financial Inc.,Wellington-Altus Financial Inc.,Common Equity,,,,4600000.0,2700000.0,,76375.0,170.37,,,,,False,,,USD,4600000.0,Financial Services,,Common stock,,,2024-08,Wealth management and advisory firm,,,,,,,Financials,Diversified Financials,Common Equity,,Wellington-Altus Financial Inc.
ARCC,0001287750,0001628280-26-050307,10-Q,2026-06-30,2026-07-29,Wharf Street Ratings Acquisition LLC | First lien senior secured loan,Wharf Street Ratings Acquisition LLC,Wharf Street Ratings Acquisition LLC,First Lien,,,,5000000.0,4900000.0,5000000.0,,100.0,4.5,8.14,,,False,,,USD,5000000.0,Financial Services,,First lien senior secured loan,SOFR,2032-09,2025-09,Global credit rating agency,,,,8.14,4.5,,Financials,Diversified Financials,First Lien,,Wharf Street Ratings Acquisition LLC
ARCC,0001287750,0001628280-26-050307,10-Q,2026-06-30,2026-07-29,"Absolute Dental Group LLC and Absolute Dental Equity, LLC | First lien senior secured revolving loan",Absolute Dental Group LLC,Absolute Dental Group LLC,First Lien,,,,43000000.0,67500000.0,71600000.0,,60.06,,,,,False,,,USD,43000000.0,Health Care Equipment and Services,,First lien senior secured revolving loan,,2028-06,2021-06,Dental services provider,,,,,,,Health Care,Health Care Equipment & Services,First Lien,,Absolute Dental Group LLC
ARCC,0001287750,0001628280-26-050307,10-Q,2026-06-30,2026-07-29,"Absolute Dental Group LLC and Absolute Dental Equity, LLC | Class A preferred units",Absolute Dental Group LLC,Absolute Dental Group LLC,Preferred Equity,,,,0.0,16200000.0,,20000000.0,0.0,,,,,False,,,USD,0.0,,,,,,,,,,,,,,Health Care,Health Care Equipment & Services,Preferred Equity,,Absolute Dental Group LLC
ARCC,0001287750,0001628280-26-050307,10-Q,2026-06-30,2026-07-29,"Absolute Dental Group LLC and Absolute Dental Equity, LLC | Class A common units",Absolute Dental Group LLC,Absolute Dental Group LLC,Common Equity,,,,0.0,4700000.0,,6553553.0,0.0,,,,,False,,,USD,0.0,,,,,,,,,,,,,,Health Care,Health Care Equipment & Services,Common Equity,,Absolute Dental Group LLC
ARCC,0001287750,0001628280-26-050307,10-Q,2026-06-30,2026-07-29,"ADG, LLC, GEDC Equity, LLC and RC IV GEDC Investor LLC | First lien senior secured loan","ADG, LLC","ADG, LLC",First Lien,,,,15800000.0,15800000.0,15800000.0,,100.0,7.0,10.88,,3.0,True,,,USD,15800000.0,Health Care Equipment and Services,,Second lien senior secured loan,,2027-03,2023-06,Dental services provider,,,,,,,Health Care,Health Care Equipment & Services,First Lien,Great Expressions Dental Centers,"ADG, LLC"
ARCC,0001287750,0001628280-26-050307,10-Q,2026-06-30,2026-07-29,"ADG, LLC, GEDC Equity, LLC and RC IV GEDC Investor LLC | Second lien senior secured loan","ADG, LLC","ADG, LLC",Second Lien,,,,15700000.0,54200000.0,58100000.0,,27.02,,,,,False,,,USD,15700000.0,Health Care Equipment and Services,,Second lien senior secured loan,,2027-03,2023-06,Dental services provider,,,,,,,Health Care,Health Care Equipment & Services,Second Lien,Great Expressions Dental Centers,"ADG, LLC"
ARCC,0001287750,0001628280-26-050307,10-Q,2026-06-30,2026-07-29,"ADG, LLC, GEDC Equity, LLC and RC IV GEDC Investor LLC | Class A common units","ADG, LLC","ADG, LLC",Common Equity,,,,0.0,29400000.0,,7604889.0,0.0,,,,,False,,,USD,0.0,,,,,,,,,,,,,,Health Care,Health Care Equipment & Services,Common Equity,Great Expressions Dental Centers,"ADG, LLC"
ARCC,0001287750,0001628280-26-050307,10-Q,2026-06-30,2026-07-29,"Advarra Holdings, Inc. | First lien senior secured loan 1",Advarra Holdings,Advarra Holdings,First Lien,,,,5500000.0,5500000.0,5500000.0,,100.0,4.5,8.14,,,False,,,USD,5500000.0,Health Care Equipment and Services,,First lien senior secured loan,SOFR,2031-09,2022-08,Provider of central institutional review boards over clinical trials,,,,8.14,4.5,,Health Care,Health Care Equipment & Services,First Lien,,Advarra Holdings
ARCC,0001287750,0001628280-26-050307,10-Q,2026-06-30,2026-07-29,Aerin Medical Inc. | First lien senior secured loan,Aerin Medical Inc.,Aerin Medical Inc.,First Lien,,,,16000000.0,15900000.0,16100000.0,,99.38,7.75,11.48,,4.38,True,,,USD,16000000.0,Health Care Equipment and Services,,First lien senior secured loan,SOFR,2030-12,2024-12,Developer and manufacturer of non-invasive nasal treatment solutions,,,,11.48,7.75,4.38,Health Care,Health Care Equipment & Services,First Lien,,Aerin Medical Inc.
ARCC,0001287750,0001628280-26-050307,10-Q,2026-06-30,2026-07-29,Aerin Medical Inc. | Series G preferred shares,Aerin Medical Inc.,Aerin Medical Inc.,Preferred Equity,,,,900000.0,1000000.0,,877379.0,90.0,,,,,False,,,USD,900000.0,Health Care Equipment and Services,,Series G preferred shares,,,2024-12,Developer and manufacturer of non-invasive nasal treatment solutions,,,,,,,Health Care,Health Care Equipment & Services,Preferred Equity,,Aerin Medical Inc.
ARCC,0001287750,0001628280-26-050307,10-Q,2026-06-30,2026-07-29,"AHR Funding Holdings, Inc. and AHR Parent Holdings, LP | Series A preferred shares","AHR Funding Holdings, Inc.","AHR Funding Holdings, Inc.",Preferred Equity,,,,56500000.0,57700000.0,,35000.0,97.92,,,,12.75,True,,,USD,56500000.0,Health Care Equipment and Services,,Series A preferred shares,,2028-07,2022-07,Provider of revenue cycle management solutions to hospitals,,,,12.75,,,Health Care,Health Care Equipment & Services,Preferred Equity,Aspirion,"AHR Funding Holdings, Inc."
ARCC,0001287750,0001628280-26-050307,10-Q,2026-06-30,2026-07-29,"AHR Funding Holdings, Inc. and AHR Parent Holdings, LP | Preferred units","AHR Funding Holdings, Inc.","AHR Funding Holdings, Inc.",Preferred Equity,,,,6300000.0,13500000.0,,9900.0,46.67,,,,8.0,True,,,USD,6300000.0,Health Care Equipment and Services,,Preferred units,,,2022-07,Provider of revenue cycle management solutions to hospitals,,,,8.0,,,Health Care,Health Care Equipment & Services,Preferred Equity,Aspirion,"AHR Funding Holdings, Inc."
ARCC,0001287750,0001628280-26-050307,10-Q,2026-06-30,2026-07-29,"AHR Funding Holdings, Inc. and AHR Parent Holdings, LP | Class B common units","AHR Funding Holdings, Inc.","AHR Funding Holdings, Inc.",Common Equity,,,,0.0,100000.0,,100000.0,0.0,,,,,False,,,USD,0.0,,,,,,,,,,,,,,Health Care,Health Care Equipment & Services,Common Equity,Aspirion,"AHR Funding Holdings, Inc."
ARCC,0001287750,0001628280-26-050307,10-Q,2026-06-30,2026-07-29,"Alcresta Therapeutics, Inc. | First lien senior secured revolving loan",Alcresta Therapeutics,Alcresta Therapeutics,First Lien,,,,19100000.0,19100000.0,19100000.0,,100.0,5.25,8.92,,,False,,,USD,19100000.0,Health Care Equipment and Services,,First lien senior secured revolving loan,SOFR,2031-03,2025-12,A commercial-stage medical device company,,,,8.92,5.25,,Health Care,Health Care Equipment & Services,First Lien,,Alcresta Therapeutics
ARCC,0001287750,0001628280-26-050307,10-Q,2026-06-30,2026-07-29,"Aledade, Inc. | First lien senior secured revolving loan",Aledade,Aledade,First Lien,,,,26600000.0,26600000.0,26600000.0,,100.0,5.75,9.41,,,False,,,USD,26600000.0,Health Care Equipment and Services,,First lien senior secured revolving loan,SOFR,2028-11,2025-11,Network of independent primary care groups to serve patients through value-based care,,,,9.41,5.75,,Health Care,Health Care Equipment & Services,First Lien,,Aledade
ARCC,0001287750,0001628280-26-050307,10-Q,2026-06-30,2026-07-29,"Amerivet Partners Management, Inc. and AVE Holdings LP | Subordinated loan",Amerivet Partners Management,Amerivet Partners Management,Subordinated,,,,52400000.0,77000000.0,84600000.0,,61.94,,,,,False,,,USD,52400000.0,Health Care Equipment and Services,,Subordinated loan,,2030-12,2023-11,Veterinary practice management platform,,,,,,,Health Care,Health Care Equipment & Services,Subordinated,,Amerivet Partners Management
ARCC,0001287750,0001628280-26-050307,10-Q,2026-06-30,2026-07-29,"Amerivet Partners Management, Inc. and AVE Holdings LP | Class A units",Amerivet Partners Management,Amerivet Partners Management,Common Equity,,,,0.0,4300000.0,,10066.0,0.0,,,,,False,,,USD,0.0,,,,,,,,,,,,,,Health Care,Health Care Equipment & Services,Common Equity,,Amerivet Partners Management
ARCC,0001287750,0001628280-26-050307,10-Q,2026-06-30,2026-07-29,"Artivion, Inc. | First lien senior secured revolving loan",Artivion,Artivion,First Lien,,,,900000.0,900000.0,900000.0,,100.0,3.5,7.19,,,False,,,USD,900000.0,Health Care Equipment and Services,,First lien senior secured revolving loan,SOFR,2031-01,2024-01,"Manufacturer, processor and distributor of medical devices and implantable human tissues",,,,7.19,3.5,,Health Care,Health Care Equipment & Services,First Lien,,Artivion
ARCC,0001287750,0001628280-26-050307,10-Q,2026-06-30,2026-07-29,"AthenaHealth Group Inc., Minerva Holdco, Inc. and BCPE Co-Invest (A), LP | First lien senior secured loan",AthenaHealth Group Inc.,AthenaHealth Group Inc.,First Lien,,,,100000.0,100000.0,100000.0,,100.0,2.75,6.39,,,False,,,USD,100000.0,Health Care Equipment and Services,,First lien senior secured loan,SOFR,2029-02,2023-07,Revenue cycle management provider to the physician practices and acute care hospitals,,,,6.39,2.75,,Health Care,Health Care Equipment & Services,First Lien,athenahealth,AthenaHealth Group Inc.
ARCC,0001287750,0001628280-26-050307,10-Q,2026-06-30,2026-07-29,"AthenaHealth Group Inc., Minerva Holdco, Inc. and BCPE Co-Invest (A), LP | Series A preferred units",AthenaHealth Group Inc.,AthenaHealth Group Inc.,Preferred Equity,,,,317800000.0,317700000.0,,198505.0,100.03,,,,10.75,True,,,USD,317800000.0,Health Care Equipment and Services,,Series A preferred units,,,2022-02,Revenue cycle management provider to the physician practices and acute care hospitals,,,,10.75,,,Health Care,Health Care Equipment & Services,Preferred Equity,athenahealth,AthenaHealth Group Inc.
ARCC,0001287750,0001628280-26-050307,10-Q,2026-06-30,2026-07-29,"AthenaHealth Group Inc., Minerva Holdco, Inc. and BCPE Co-Invest (A), LP | Class A units",AthenaHealth Group Inc.,AthenaHealth Group Inc.,Common Equity,,,,14100000.0,10500000.0,,10487951.0,134.29,,,,,False,,,USD,14100000.0,Health Care Equipment and Services,,Class A units,,,2022-02,Revenue cycle management provider to the physician practices and acute care hospitals,,,,,,,Health Care,Health Care Equipment & Services,Common Equity,athenahealth,AthenaHealth Group Inc.
ARCC,0001287750,0001628280-26-050307,10-Q,2026-06-30,2026-07-29,"Avalign Holdings, Inc. and Avalign Technologies, Inc. | First lien senior secured revolving loan","Avalign Holdings, Inc.","Avalign Holdings, Inc.",First Lien,,,,24700000.0,43700000.0,44100000.0,,56.01,,,,,False,,,USD,24700000.0,Health Care Equipment and Services,,First lien senior secured revolving loan,,2028-12,2024-03,Full-service contract manufacturer of medical device components for the orthopedic OEM industry,,,,,,,Health Care,Health Care Equipment & Services,First Lien,,"Avalign Holdings, Inc."
ARCC,0001287750,0001628280-26-050307,10-Q,2026-06-30,2026-07-29,"BAART Programs, Inc., MedMark Services, Inc., and Canadian Addiction Treatment Centres LP | First lien senior secured loan","BAART Programs, Inc.","BAART Programs, Inc.",First Lien,,,,4900000.0,5900000.0,5900000.0,,83.05,,,,,False,,,USD,4900000.0,Health Care Equipment and Services,,First lien senior secured loan,,2027-06,2022-05,Opiod treatment provider,,,,,,,Health Care,Health Care Equipment & Services,First Lien,,"BAART Programs, Inc."
ARCC,0001287750,0001628280-26-050307,10-Q,2026-06-30,2026-07-29,"Bambino Group Holdings, LLC | Class A preferred units",Bambino Group Holdings,Bambino Group Holdings,Preferred Equity,,,,700000.0,1000000.0,,1000000.0,70.0,,,,,False,,,USD,700000.0,Health Care Equipment and Services,,Class A preferred units,,,2016-12,Dental services provider,,,,,,,Health Care,Health Care Equipment & Services,Preferred Equity,,Bambino Group Holdings
ARCC,0001287750,0001628280-26-050307,10-Q,2026-06-30,2026-07-29,"Bayou Intermediate II, LLC | First lien senior secured revolving loan",Bayou Intermediate II,Bayou Intermediate II,First Lien,,,,2000000.0,2000000.0,2000000.0,,100.0,4.75,8.45,,,False,,,USD,2000000.0,Health Care Equipment and Services,,First lien senior secured revolving loan,SOFR,2032-09,2025-09,Developer and manufacturer of vascular medical devices,,,,8.45,4.75,,Health Care,Health Care Equipment & Services,First Lien,,Bayou Intermediate II
ARCC,0001287750,0001628280-26-050307,10-Q,2026-06-30,2026-07-29,"Bayou Intermediate II, LLC | First lien senior secured loan",Bayou Intermediate II,Bayou Intermediate II,First Lien,,,,30800000.0,31100000.0,31100000.0,,99.04,4.75,8.48,,,False,,,USD,30800000.0,Software and Services,,Limited partnership interests,,,2022-09,"Provider of server, application and desktop virtualization, networking, software as a service, and cloud computing technologies",,,,,,,Information Technology,Software & Services,First Lien,,Bayou Intermediate II
ARCC,0001287750,0001628280-26-050307,10-Q,2026-06-30,2026-07-29,Beehive Acquisition Corp | First lien senior secured loan,Beehive Acquisition Corp,Beehive Acquisition Corp,First Lien,,,,9500000.0,9600000.0,9600000.0,,98.96,4.75,8.43,,,False,,,USD,9500000.0,Health Care Equipment and Services,,First lien senior secured loan,SOFR,2033-06,2026-06,"Provider of regulatory-driven testing, inspection, and compliance services for diagnostic imaging equipment across U.S. healthcare facilities",,,,8.43,4.75,,Health Care,Health Care Equipment & Services,First Lien,,Beehive Acquisition Corp
ARCC,0001287750,0001628280-26-050307,10-Q,2026-06-30,2026-07-29,"BrightStar Group Holdings, Inc. | First lien senior secured revolving loan",BrightStar Group Holdings,BrightStar Group Holdings,First Lien,,,,4000000.0,4000000.0,4000000.0,,100.0,3.75,10.5,,,False,,,USD,4000000.0,Health Care Equipment and Services,,First lien senior secured revolving loan,,2032-03,2025-02,Provider of private-pay home care services for patients,,,,10.5,3.75,,Health Care,Health Care Equipment & Services,First Lien,,BrightStar Group Holdings
ARCC,0001287750,0001628280-26-050307,10-Q,2026-06-30,2026-07-29,"BrightStar Group Holdings, Inc. | First lien senior secured loan",BrightStar Group Holdings,BrightStar Group Holdings,First Lien,,,,7000000.0,7000000.0,7000000.0,,100.0,4.75,8.38,,,False,,,USD,7000000.0,Health Care Equipment and Services,,First lien senior secured loan,SOFR,2032-03,2025-02,Provider of private-pay home care services for patients,,,,8.38,4.75,,Health Care,Health Care Equipment & Services,First Lien,,BrightStar Group Holdings
ARCC,0001287750,0001628280-26-050307,10-Q,2026-06-30,2026-07-29,"BVI Medical, Inc. and BVI Group Limited | First lien senior secured revolving loan",BVI Medical,BVI Medical,First Lien,,,,5200000.0,6200000.0,6200000.0,,83.87,6.0,9.61,,,False,,,USD,5200000.0,Health Care Equipment and Services,,First lien senior secured revolving loan,SOFR,2032-03,2025-03,"Developer, manufacturer, and distributor of diverse ophthalmic surgical products",,,,9.61,6.0,,Health Care,Health Care Equipment & Services,First Lien,,BVI Medical
ARCC,0001287750,0001628280-26-050307,10-Q,2026-06-30,2026-07-29,"BVI Medical, Inc. and BVI Group Limited | First lien senior secured loan 2",BVI Medical,BVI Medical,First Lien,,,,121000000.0,144100000.0,144100000.0,,83.97,6.25,9.91,,5.0,True,,,USD,121000000.0,Health Care Equipment and Services,,First lien senior secured loan,SOFR,2032-03,2025-03,"Developer, manufacturer, and distributor of diverse ophthalmic surgical products",,,,9.91,6.25,5.0,Health Care,Health Care Equipment & Services,First Lien,,BVI Medical
ARCC,0001287750,0001628280-26-050307,10-Q,2026-06-30,2026-07-29,"BVI Medical, Inc. and BVI Group Limited | Ordinary shares",BVI Medical,BVI Medical,Common Equity,,,,1800000.0,5000000.0,,3742.0,36.0,,,,,False,,,USD,1800000.0,Health Care Equipment and Services,,Ordinary shares,,,2025-03,"Developer, manufacturer, and distributor of diverse ophthalmic surgical products",,,,,,,Health Care,Health Care Equipment & Services,Common Equity,,BVI Medical
ARCC,0001287750,0001628280-26-050307,10-Q,2026-06-30,2026-07-29,"CMI Parent, Inc. | First lien senior secured loan",CMI Parent,CMI Parent,First Lien,,,,23400000.0,23600000.0,23600000.0,,99.15,4.5,8.23,,,False,,,USD,23400000.0,Health Care Equipment and Services,,First lien senior secured loan,SOFR,2033-01,2026-01,Developer and manufacturer of regenerative medical devices and implants,,,,8.23,4.5,,Health Care,Health Care Equipment & Services,First Lien,,CMI Parent
ARCC,0001287750,0001628280-26-050307,10-Q,2026-06-30,2026-07-29,"Color Intermediate, LLC | First lien senior secured loan",Color Intermediate,Color Intermediate,First Lien,,,,19700000.0,19700000.0,19700000.0,,100.0,4.75,8.58,,,False,,,USD,19700000.0,Health Care Equipment and Services,,First lien senior secured loan,SOFR,2029-10,2022-10,Provider of pre-payment integrity software solution,,,,8.58,4.75,,Health Care,Health Care Equipment & Services,First Lien,,Color Intermediate
ARCC,0001287750,0001628280-26-050307,10-Q,2026-06-30,2026-07-29,"Convey Health Solutions, Inc. | First lien senior secured loan 1",Convey Health Solutions,Convey Health Solutions,First Lien,,,,0.0,200000.0,200000.0,,0.0,,,,,False,,,USD,0.0,,,,,,,,,,,,,,Health Care,Health Care Equipment & Services,First Lien,,Convey Health Solutions
ARCC,0001287750,0001628280-26-050307,10-Q,2026-06-30,2026-07-29,"Convey Health Solutions, Inc. | First lien senior secured loan 3",Convey Health Solutions,Convey Health Solutions,First Lien,,,,300000.0,1900000.0,1900000.0,,15.79,,,,,False,,,USD,300000.0,Health Care Equipment and Services,,First lien senior secured loan,,2029-07,2019-09,Healthcare workforce management software provider,,,,,,,Health Care,Health Care Equipment & Services,First Lien,,Convey Health Solutions
ARCC,0001287750,0001628280-26-050307,10-Q,2026-06-30,2026-07-29,Cradle Lux Bidco S.A.R.L. and Hamilton Thorne Inc. | First lien senior secured loan 1,Cradle Lux Bidco S.A.R.L.,Cradle Lux Bidco S.A.R.L.,First Lien,,,,2900000.0,2900000.0,2900000.0,,100.0,5.5,9.17,,,False,,,USD,2900000.0,Health Care Equipment and Services,,First lien senior secured loan,SOFR,2031-11,2024-11,Provider of consumables and equipment for ART and IVF procedures,,,,9.17,5.5,,Health Care,Health Care Equipment & Services,First Lien,,Cradle Lux Bidco S.A.R.L.
ARCC,0001287750,0001628280-26-050307,10-Q,2026-06-30,2026-07-29,Cradle Lux Bidco S.A.R.L. and Hamilton Thorne Inc. | First lien senior secured loan 2,Cradle Lux Bidco S.A.R.L.,Cradle Lux Bidco S.A.R.L.,First Lien,,,,12100000.0,11400000.0,12100000.0,,100.0,5.5,7.73,,,False,,,USD,12100000.0,Health Care Equipment and Services,,First lien senior secured loan,EURIBOR,2031-11,2024-11,Provider of consumables and equipment for ART and IVF procedures,,,,7.73,5.5,,Health Care,Health Care Equipment & Services,First Lien,,Cradle Lux Bidco S.A.R.L.
ARCC,0001287750,0001628280-26-050307,10-Q,2026-06-30,2026-07-29,"Crown CT Parent Inc., Crown CT HoldCo Inc. and Crown CT Management LLC | First lien senior secured revolving loan",Crown CT Parent Inc.,Crown CT Parent Inc.,First Lien,,,,100000.0,100000.0,100000.0,,100.0,5.5,9.39,,,False,,,USD,100000.0,Health Care Equipment and Services,,First lien senior secured revolving loan,SOFR,2028-03,2022-03,Provider of medical devices and services for the treatment of positional plagiocephaly,,,,9.39,5.5,,Health Care,Health Care Equipment & Services,First Lien,,Crown CT Parent Inc.
ARCC,0001287750,0001628280-26-050307,10-Q,2026-06-30,2026-07-29,"Crown CT Parent Inc., Crown CT HoldCo Inc. and Crown CT Management LLC | First lien senior secured loan",Crown CT Parent Inc.,Crown CT Parent Inc.,First Lien,,,,23700000.0,23700000.0,23700000.0,,100.0,5.5,9.38,,,False,,,USD,23700000.0,Health Care Equipment and Services,,First lien senior secured loan,SOFR,2029-03,2022-03,Provider of medical devices and services for the treatment of positional plagiocephaly,,,,9.38,5.5,,Health Care,Health Care Equipment & Services,First Lien,,Crown CT Parent Inc.
ARCC,0001287750,0001628280-26-050307,10-Q,2026-06-30,2026-07-29,"Crown CT Parent Inc., Crown CT HoldCo Inc. and Crown CT Management LLC | Class A shares",Crown CT Parent Inc.,Crown CT Parent Inc.,Common Equity,,,,2900000.0,2200000.0,,223.0,131.82,,,,,False,,,USD,2900000.0,Health Care Equipment and Services,,Class A shares,,,2022-03,Provider of medical devices and services for the treatment of positional plagiocephaly,,,,,,,Health Care,Health Care Equipment & Services,Common Equity,,Crown CT Parent Inc.
ARCC,0001287750,0001628280-26-050307,10-Q,2026-06-30,2026-07-29,"CVP Holdco, Inc. and OMERS Wildcats Investment Holdings LLC | First lien senior secured loan",CVP Holdco,CVP Holdco,First Lien,,,,41800000.0,41800000.0,41800000.0,,100.0,4.75,8.39,,,False,,,USD,41800000.0,Health Care Equipment and Services,,First lien senior secured loan,SOFR,2031-06,2024-06,Veterinary hospital operator,,,,8.39,4.75,,Health Care,Health Care Equipment & Services,First Lien,,CVP Holdco
ARCC,0001287750,0001628280-26-050307,10-Q,2026-06-30,2026-07-29,"CVP Holdco, Inc. and OMERS Wildcats Investment Holdings LLC | Class A preferred units",CVP Holdco,CVP Holdco,Preferred Equity,,,,2000000.0,2600000.0,,3678.0,76.92,,,,,False,,,USD,2000000.0,Health Care Equipment and Services,,Class A preferred units,,,2023-08,Veterinary hospital operator,,,,,,,Health Care,Health Care Equipment & Services,Preferred Equity,,CVP Holdco
ARCC,0001287750,0001628280-26-050307,10-Q,2026-06-30,2026-07-29,"CVP Holdco, Inc. and OMERS Wildcats Investment Holdings LLC | Common stock",CVP Holdco,CVP Holdco,Common Equity,,,,22100000.0,14500000.0,,41443.0,152.41,,,,,False,,,USD,22100000.0,Health Care Equipment and Services,,Common stock,,,2019-10,Veterinary hospital operator,,,,,,,Health Care,Health Care Equipment & Services,Common Equity,,CVP Holdco
ARCC,0001287750,0001628280-26-050307,10-Q,2026-06-30,2026-07-29,"Empower Payments Investor, LLC | First lien senior secured loan 1",Empower Payments Investor,Empower Payments Investor,First Lien,,,,4100000.0,4100000.0,4200000.0,,97.62,4.5,8.14,,,False,,,USD,4100000.0,Health Care Equipment and Services,,First lien senior secured loan,SOFR,2031-03,2024-03,Financial communication and payment solutions provider,,,,8.14,4.5,,Health Care,Health Care Equipment & Services,First Lien,,Empower Payments Investor
ARCC,0001287750,0001628280-26-050307,10-Q,2026-06-30,2026-07-29,"Evolent Health LLC and Evolent Health, Inc. | First lien senior secured loan",Evolent Health LLC,Evolent Health LLC,First Lien,,,,18300000.0,18300000.0,18300000.0,,100.0,5.5,9.31,,,False,,,USD,18300000.0,Health Care Equipment and Services,,First lien senior secured loan,SOFR,2029-12,2024-12,Medical technology company focused on value based care services and payment solutions,,,,9.31,5.5,,Health Care,Health Care Equipment & Services,First Lien,,Evolent Health LLC
ARCC,0001287750,0001628280-26-050307,10-Q,2026-06-30,2026-07-29,"Evolent Health LLC and Evolent Health, Inc. | Second lien senior secured loan",Evolent Health LLC,Evolent Health LLC,Second Lien,,,,3900000.0,3800000.0,3800000.0,,102.63,6.0,9.83,,,False,,,USD,3900000.0,Health Care Equipment and Services,,Second lien senior secured loan,SOFR,2029-12,2025-08,Medical technology company focused on value based care services and payment solutions,,,,9.83,6.0,,Health Care,Health Care Equipment & Services,Second Lien,,Evolent Health LLC
ARCC,0001287750,0001628280-26-050307,10-Q,2026-06-30,2026-07-29,"Galaxy Buyer, Inc. and Galaxy Topco I, L.P. | First lien senior secured loan","Galaxy Buyer, Inc.","Galaxy Buyer, Inc.",First Lien,,,,16000000.0,16100000.0,16100000.0,,99.38,4.75,8.42,,,False,,,USD,16000000.0,Health Care Equipment and Services,,First lien senior secured loan,SOFR,2033-01,2026-01,Provider of Laboratory Information Management Systems (LIMS) and informatics solutions,,,,8.42,4.75,,Health Care,Health Care Equipment & Services,First Lien,,"Galaxy Buyer, Inc."
ARCC,0001287750,0001628280-26-050307,10-Q,2026-06-30,2026-07-29,"Galaxy Buyer, Inc. and Galaxy Topco I, L.P. | Class A-1 units","Galaxy Buyer, Inc.","Galaxy Buyer, Inc.",Common Equity,,,,1700000.0,1400000.0,,1406458.0,121.43,,,,,False,,,USD,1700000.0,Health Care Equipment and Services,,Class A-1 units,,,2026-01,Provider of Laboratory Information Management Systems (LIMS) and informatics solutions,,,,,,,Health Care,Health Care Equipment & Services,Common Equity,,"Galaxy Buyer, Inc."
ARCC,0001287750,0001628280-26-050307,10-Q,2026-06-30,2026-07-29,GHX Ultimate Parent Corporation and Nexus TopCo LP | First lien senior secured loan,GHX Ultimate Parent Corporation,GHX Ultimate Parent Corporation,First Lien,,,,108000000.0,109200000.0,109200000.0,,98.9,5.0,8.73,,2.5,True,,,USD,108000000.0,Health Care Equipment and Services,,First lien senior secured loan,SOFR,2033-02,2024-12,On-demand supply chain automation solutions provider to the healthcare industry,,,,8.73,5.0,2.5,Health Care,Health Care Equipment & Services,First Lien,GHX,GHX Ultimate Parent Corporation
ARCC,0001287750,0001628280-26-050307,10-Q,2026-06-30,2026-07-29,GHX Ultimate Parent Corporation and Nexus TopCo LP | Class C units,GHX Ultimate Parent Corporation,GHX Ultimate Parent Corporation,Common Equity,,,,0.0,0.0,,3208.0,,,,,,False,,,USD,0.0,,,,,,,,,,,,,,Health Care,Health Care Equipment & Services,Common Equity,GHX,GHX Ultimate Parent Corporation
ARCC,0001287750,0001628280-26-050307,10-Q,2026-06-30,2026-07-29,"Himalaya TopCo LLC and BCPE Hyperlink Holdings, LP | First lien senior secured revolving loan",Himalaya TopCo LLC,Himalaya TopCo LLC,First Lien,,,,5700000.0,5800000.0,5800000.0,,98.28,5.0,8.64,,,False,,,USD,5700000.0,Health Care Equipment and Services,,First lien senior secured revolving loan,SOFR,2032-06,2025-06,Provider of software solutions to healthcare payors,,,,8.64,5.0,,Health Care,Health Care Equipment & Services,First Lien,[Surf Internet],Himalaya TopCo LLC
ARCC,0001287750,0001628280-26-050307,10-Q,2026-06-30,2026-07-29,"Himalaya TopCo LLC and BCPE Hyperlink Holdings, LP | First lien senior secured loan 1",Himalaya TopCo LLC,Himalaya TopCo LLC,First Lien,,,,252800000.0,257800000.0,257900000.0,,98.02,5.25,8.89,,2.25,True,,,USD,252800000.0,Health Care Equipment and Services,,First lien senior secured loan,SOFR,2032-06,2025-09,Provider of software solutions to healthcare payors,,,,8.89,5.25,2.25,Health Care,Health Care Equipment & Services,First Lien,[Surf Internet],Himalaya TopCo LLC
ARCC,0001287750,0001628280-26-050307,10-Q,2026-06-30,2026-07-29,"Himalaya TopCo LLC and BCPE Hyperlink Holdings, LP | Class A units",Himalaya TopCo LLC,Himalaya TopCo LLC,Common Equity,,,,2300000.0,2500000.0,,253551.0,92.0,,,,,False,,,USD,2300000.0,Health Care Equipment and Services,,Class A units,,,2025-09,Provider of software solutions to healthcare payors,,,,,,,Health Care,Health Care Equipment & Services,Common Equity,[Surf Internet],Himalaya TopCo LLC
ARCC,0001287750,0001628280-26-050307,10-Q,2026-06-30,2026-07-29,HuFriedy Group Acquisition LLC | First lien senior secured revolving loan,HuFriedy Group Acquisition LLC,HuFriedy Group Acquisition LLC,First Lien,,,,600000.0,600000.0,600000.0,,100.0,5.5,9.23,,,False,,,USD,600000.0,Health Care Equipment and Services,,First lien senior secured revolving loan,SOFR,2030-05,2024-05,Manufacturer of surgical dental equipment and sterile instruments,,,,9.23,5.5,,Health Care,Health Care Equipment & Services,First Lien,Hu-Friedy,HuFriedy Group Acquisition LLC
ARCC,0001287750,0001628280-26-050307,10-Q,2026-06-30,2026-07-29,HuFriedy Group Acquisition LLC | First lien senior secured loan 1,HuFriedy Group Acquisition LLC,HuFriedy Group Acquisition LLC,First Lien,,,,15200000.0,15200000.0,15200000.0,,100.0,5.5,9.16,,,False,,,USD,15200000.0,Health Care Equipment and Services,,First lien senior secured loan,SOFR,2031-06,2025-10,Manufacturer of surgical dental equipment and sterile instruments,,,,9.16,5.5,,Health Care,Health Care Equipment & Services,First Lien,Hu-Friedy,HuFriedy Group Acquisition LLC
ARCC,0001287750,0001628280-26-050307,10-Q,2026-06-30,2026-07-29,HuFriedy Group Acquisition LLC | First lien senior secured loan 2,HuFriedy Group Acquisition LLC,HuFriedy Group Acquisition LLC,First Lien,,,,75700000.0,75700000.0,75700000.0,,100.0,5.5,9.18,,,False,,,USD,75700000.0,Health Care Equipment and Services,,First lien senior secured loan,SOFR,2031-05,2024-05,Manufacturer of surgical dental equipment and sterile instruments,,,,9.18,5.5,,Health Care,Health Care Equipment & Services,First Lien,Hu-Friedy,HuFriedy Group Acquisition LLC
ARCC,0001287750,0001628280-26-050307,10-Q,2026-06-30,2026-07-29,"KBHS Acquisition, LLC (d/b/a Alita Care, LLC) | First lien senior secured revolving loan","KBHS Acquisition, LLC (d/b/a Alita Care","KBHS Acquisition, LLC (d/b/a Alita Care",First Lien,,,,2500000.0,4100000.0,4800000.0,,52.08,,,,,False,,,USD,2500000.0,Health Care Equipment and Services,,First lien senior secured revolving loan,,2027-03,2017-03,Provider of behavioral health services,,,,,,,Health Care,Health Care Equipment & Services,First Lien,,"KBHS Acquisition, LLC (d/b/a Alita Care"
ARCC,0001287750,0001628280-26-050307,10-Q,2026-06-30,2026-07-29,"KBHS Acquisition, LLC (d/b/a Alita Care, LLC) | First lien senior secured loan","KBHS Acquisition, LLC (d/b/a Alita Care","KBHS Acquisition, LLC (d/b/a Alita Care",First Lien,,,,500000.0,500000.0,500000.0,,100.0,5.0,8.8,,,False,,,USD,500000.0,Health Care Equipment and Services,,First lien senior secured loan,SOFR,2033-03,2026-03,Provider of behavioral health services,,,,8.8,5.0,,Health Care,Health Care Equipment & Services,First Lien,,"KBHS Acquisition, LLC (d/b/a Alita Care"
ARCC,0001287750,0001628280-26-050307,10-Q,2026-06-30,2026-07-29,"LivTech Purchaser, Inc. | First lien senior secured loan",LivTech Purchaser,LivTech Purchaser,First Lien,,,,10300000.0,10400000.0,10400000.0,,99.04,5.0,8.65,,,False,,,USD,10300000.0,Health Care Equipment and Services,,First lien senior secured loan,SOFR,2031-11,2024-11,"Provider of senior care end-to-end software, payments and RCM platform",,,,8.65,5.0,,Health Care,Health Care Equipment & Services,First Lien,,LivTech Purchaser
ARCC,0001287750,0001628280-26-050307,10-Q,2026-06-30,2026-07-29,"Napa Management Services Corporation and ASP NAPA Holdings, LLC | Preferred units",Napa Management Services Corporation,Napa Management Services Corporation,Preferred Equity,,,,300000.0,300000.0,,1842.0,100.0,,,,15.0,True,,,USD,300000.0,Health Care Equipment and Services,,Preferred units,,,2020-06,Anesthesia management services provider,,,,15.0,,,Health Care,Health Care Equipment & Services,Preferred Equity,,Napa Management Services Corporation
ARCC,0001287750,0001628280-26-050307,10-Q,2026-06-30,2026-07-29,"Napa Management Services Corporation and ASP NAPA Holdings, LLC | Senior preferred units",Napa Management Services Corporation,Napa Management Services Corporation,Preferred Equity,,,,400000.0,400000.0,,5320.0,100.0,,,,8.0,True,,,USD,400000.0,Health Care Equipment and Services,,Senior preferred units,,,2020-06,Anesthesia management services provider,,,,8.0,,,Health Care,Health Care Equipment & Services,Preferred Equity,,Napa Management Services Corporation
ARCC,0001287750,0001628280-26-050307,10-Q,2026-06-30,2026-07-29,"Napa Management Services Corporation and ASP NAPA Holdings, LLC | Class A units",Napa Management Services Corporation,Napa Management Services Corporation,Common Equity,,,,2300000.0,2500000.0,,25277.0,92.0,,,,,False,,,USD,2300000.0,Health Care Equipment and Services,,Class A units,,,2016-04,Anesthesia management services provider,,,,,,,Health Care,Health Care Equipment & Services,Common Equity,,Napa Management Services Corporation
ARCC,0001287750,0001628280-26-050307,10-Q,2026-06-30,2026-07-29,"Next Holdco, LLC | First lien senior secured loan",Next Holdco,Next Holdco,First Lien,,,,6400000.0,6400000.0,6400000.0,,100.0,5.25,8.89,,,False,,,USD,6400000.0,Health Care Equipment and Services,,First lien senior secured loan,SOFR,2030-11,2023-11,Provider of electronic medical record and practice management software,,,,8.89,5.25,,Health Care,Health Care Equipment & Services,First Lien,,Next Holdco
ARCC,0001287750,0001628280-26-050307,10-Q,2026-06-30,2026-07-29,NMN Holdings III Corp. and NMN Holdings LP | First lien senior secured revolving loan,NMN Holdings III Corp.,NMN Holdings III Corp.,First Lien,,,,0.0,0.0,0.0,,,,,,,False,,,USD,0.0,,,,,,,,,,,,,,Health Care,Health Care Equipment & Services,First Lien,National Seating & Mobility,NMN Holdings III Corp.
ARCC,0001287750,0001628280-26-050307,10-Q,2026-06-30,2026-07-29,NMN Holdings III Corp. and NMN Holdings LP | First lien senior secured loan 1,NMN Holdings III Corp.,NMN Holdings III Corp.,First Lien,,,,69900000.0,69900000.0,69900000.0,,100.0,4.5,8.14,,,False,,,USD,69900000.0,Health Care Equipment and Services,,First lien senior secured loan,SOFR,2031-07,2024-07,Provider of complex rehabilitation technology solutions for patients with mobility loss,,,,8.14,4.5,,Health Care,Health Care Equipment & Services,First Lien,National Seating & Mobility,NMN Holdings III Corp.
ARCC,0001287750,0001628280-26-050307,10-Q,2026-06-30,2026-07-29,NMN Holdings III Corp. and NMN Holdings LP | First lien senior secured loan 2,NMN Holdings III Corp.,NMN Holdings III Corp.,First Lien,,,,12900000.0,13300000.0,12900000.0,,100.0,5.0,7.28,,,False,,,USD,12900000.0,Health Care Equipment and Services,,First lien senior secured loan,,2031-07,2025-09,Provider of complex rehabilitation technology solutions for patients with mobility loss,,,,7.28,5.0,,Health Care,Health Care Equipment & Services,First Lien,National Seating & Mobility,NMN Holdings III Corp.
ARCC,0001287750,0001628280-26-050307,10-Q,2026-06-30,2026-07-29,NMN Holdings III Corp. and NMN Holdings LP | First lien senior secured loan 3,NMN Holdings III Corp.,NMN Holdings III Corp.,First Lien,,,,7100000.0,7100000.0,7100000.0,,100.0,4.75,8.39,,,False,,,USD,7100000.0,Health Care Equipment and Services,,First lien senior secured loan,SOFR,2031-07,2025-09,Provider of complex rehabilitation technology solutions for patients with mobility loss,,,,8.39,4.75,,Health Care,Health Care Equipment & Services,First Lien,National Seating & Mobility,NMN Holdings III Corp.
ARCC,0001287750,0001628280-26-050307,10-Q,2026-06-30,2026-07-29,NMN Holdings III Corp. and NMN Holdings LP | Partnership units,NMN Holdings III Corp.,NMN Holdings III Corp.,LP Interest,,,,9500000.0,3000000.0,,30000.0,316.67,,,,,False,,,USD,9500000.0,Health Care Equipment and Services,,Partnership units,,,2018-11,Provider of complex rehabilitation technology solutions for patients with mobility loss,,,,,,,Health Care,Health Care Equipment & Services,Common Equity,National Seating & Mobility,NMN Holdings III Corp.
ARCC,0001287750,0001628280-26-050307,10-Q,2026-06-30,2026-07-29,"Nomi Health, Inc. | Warrant to purchase Series B preferred stock",Nomi Health,Nomi Health,Preferred Equity,,,,0.0,0.0,,9941.0,,,,,,False,,,USD,0.0,,,,,,,,,,,,,,Other,Other,Preferred Equity,,Nomi Health
ARCC,0001287750,0001628280-26-050307,10-Q,2026-06-30,2026-07-29,"Nomi Health, Inc. | Warrant to purchase Class A common stock",Nomi Health,Nomi Health,Warrant,,,,0.0,0.0,,22211.0,,,,,,False,,,USD,0.0,,,,,,,,,,,,,,Other,Other,Warrant,,Nomi Health
ARCC,0001287750,0001628280-26-050307,10-Q,2026-06-30,2026-07-29,"Olympia Acquisition, Inc., Olympia TopCo, L.P., and Asclepius Holdings LLC | Preferred units","Olympia Acquisition, Inc.","Olympia Acquisition, Inc.",Preferred Equity,,,,0.0,0.0,,425172.0,,,,,,False,,,USD,0.0,,,,,,,,,,,,,,Other,Other,Preferred Equity,,"Olympia Acquisition, Inc."
ARCC,0001287750,0001628280-26-050307,10-Q,2026-06-30,2026-07-29,"Olympia Acquisition, Inc., Olympia TopCo, L.P., and Asclepius Holdings LLC | Class A common units","Olympia Acquisition, Inc.","Olympia Acquisition, Inc.",Common Equity,,,,0.0,0.0,,9556584.0,,,,,,False,,,USD,0.0,,,,,,,,,,,,,,Other,Other,Common Equity,,"Olympia Acquisition, Inc."
ARCC,0001287750,0001628280-26-050307,10-Q,2026-06-30,2026-07-29,Pathway Vet Alliance LLC and Jedi Group Holdings LLC | First lien senior secured revolving loan,Pathway Vet Alliance LLC,Pathway Vet Alliance LLC,First Lien,,,,0.0,0.0,0.0,,,,,,,False,,,USD,0.0,,,,,,,,,,,,,,Health Care,Health Care Equipment & Services,First Lien,Thrive Pet Healthcare,Pathway Vet Alliance LLC
ARCC,0001287750,0001628280-26-050307,10-Q,2026-06-30,2026-07-29,Pathway Vet Alliance LLC and Jedi Group Holdings LLC | Second lien senior secured loan,Pathway Vet Alliance LLC,Pathway Vet Alliance LLC,Second Lien,,,,57500000.0,75500000.0,88400000.0,,65.05,,,,,False,,,USD,57500000.0,Health Care Equipment and Services,,Second lien senior secured loan,,2028-06,2020-03,Veterinary hospital operator,,,,,,,Health Care,Health Care Equipment & Services,Second Lien,Thrive Pet Healthcare,Pathway Vet Alliance LLC
ARCC,0001287750,0001628280-26-050307,10-Q,2026-06-30,2026-07-29,Pathway Vet Alliance LLC and Jedi Group Holdings LLC | Class R common units,Pathway Vet Alliance LLC,Pathway Vet Alliance LLC,Common Equity,,,,0.0,6000000.0,,6004768.0,0.0,,,,,False,,,USD,0.0,,,,,,,,,,,,,,Other,Other,Common Equity,Thrive Pet Healthcare,Pathway Vet Alliance LLC
ARCC,0001287750,0001628280-26-050307,10-Q,2026-06-30,2026-07-29,Pegasus Aggregator Parent LLC | Class B units,Pegasus Aggregator Parent LLC,Pegasus Aggregator Parent LLC,Common Equity,,,,50200000.0,43200000.0,,3952946.0,116.2,,,,,False,,,USD,50200000.0,Health Care Equipment and Services,,Class B units,,,2026-05,Emergency air medical services provider,,,,,,,Health Care,Health Care Equipment & Services,Common Equity,,Pegasus Aggregator Parent LLC
ARCC,0001287750,0001628280-26-050307,10-Q,2026-06-30,2026-07-29,"PetVet Care Centers, LLC | First lien senior secured revolving loan",PetVet Care Centers,PetVet Care Centers,First Lien,,,,6800000.0,8100000.0,8100000.0,,83.95,6.0,9.62,,,False,,,USD,6800000.0,Health Care Equipment and Services,,First lien senior secured revolving loan,SOFR,2029-11,2023-11,Veterinary hospital operator,,,,9.62,6.0,,Health Care,Health Care Equipment & Services,First Lien,,PetVet Care Centers
ARCC,0001287750,0001628280-26-050307,10-Q,2026-06-30,2026-07-29,"PetVet Care Centers, LLC | First lien senior secured loan",PetVet Care Centers,PetVet Care Centers,First Lien,,,,108700000.0,129500000.0,129500000.0,,83.94,6.0,9.64,,,False,,,USD,108700000.0,Health Care Equipment and Services,,First lien senior secured loan,SOFR,2030-11,2023-11,Veterinary hospital operator,,,,9.64,6.0,,Health Care,Health Care Equipment & Services,First Lien,,PetVet Care Centers
ARCC,0001287750,0001628280-26-050307,10-Q,2026-06-30,2026-07-29,Premise Health Holding Corp. and OMERS Bluejay Investment Holdings LP | First lien senior secured revolving loan,Premise Health Holding Corp.,Premise Health Holding Corp.,First Lien,,,,0.0,0.0,0.0,,,,,,,False,,,USD,0.0,,,,,,,,,,,,,,Health Care,Health Care Equipment & Services,First Lien,Premise Health,Premise Health Holding Corp.
ARCC,0001287750,0001628280-26-050307,10-Q,2026-06-30,2026-07-29,Premise Health Holding Corp. and OMERS Bluejay Investment Holdings LP | First lien senior secured loan 1,Premise Health Holding Corp.,Premise Health Holding Corp.,First Lien,,,,22500000.0,22500000.0,22500000.0,,100.0,4.75,8.48,,,False,,,USD,22500000.0,Health Care Equipment and Services,,First lien senior secured loan,SOFR,2032-11,2024-02,Provider of employer-sponsored onsite health and wellness clinics and pharmacies,,,,8.48,4.75,,Health Care,Health Care Equipment & Services,First Lien,Premise Health,Premise Health Holding Corp.
ARCC,0001287750,0001628280-26-050307,10-Q,2026-06-30,2026-07-29,Premise Health Holding Corp. and OMERS Bluejay Investment Holdings LP | Class A units,Premise Health Holding Corp.,Premise Health Holding Corp.,Common Equity,,,,18900000.0,5400000.0,,9775.0,350.0,,,,,False,,,USD,18900000.0,Health Care Equipment and Services,,Class A units,,,2018-07,Provider of employer-sponsored onsite health and wellness clinics and pharmacies,,,,,,,Health Care,Health Care Equipment & Services,Common Equity,Premise Health,Premise Health Holding Corp.
ARCC,0001287750,0001628280-26-050307,10-Q,2026-06-30,2026-07-29,"Project Alliance Buyer, LLC | First lien senior secured loan",Project Alliance Buyer,Project Alliance Buyer,First Lien,,,,6700000.0,6700000.0,6700000.0,,100.0,5.0,8.67,,,False,,,USD,6700000.0,Health Care Equipment and Services,,First lien senior secured loan,SOFR,2031-08,2025-08,Provider of technology solutions for specialty medication management,,,,8.67,5.0,,Health Care,Health Care Equipment & Services,First Lien,,Project Alliance Buyer
ARCC,0001287750,0001628280-26-050307,10-Q,2026-06-30,2026-07-29,"Revival Animal Health, LLC | First lien senior secured revolving loan",Revival Animal Health,Revival Animal Health,First Lien,,,,27600000.0,30400000.0,30400000.0,,90.79,6.0,9.73,,,False,,,USD,27600000.0,Health Care Equipment and Services,,First lien senior secured revolving loan,SOFR,2028-01,2025-01,B2B distributor of animal health products,,,,9.73,6.0,,Health Care,Health Care Equipment & Services,First Lien,,Revival Animal Health
ARCC,0001287750,0001628280-26-050307,10-Q,2026-06-30,2026-07-29,Signant Finance One Limited and Bracket Intermediate Holding Corp. | First lien senior secured revolving loan 1,Signant Finance One Limited,Signant Finance One Limited,First Lien,,,,63400000.0,64100000.0,64700000.0,,97.99,5.0,8.67,,,False,,,USD,63400000.0,Health Care Equipment and Services,,First lien senior secured revolving loan,SOFR,2031-10,2025-10,Provider of eClinical software solutions for clinical trial management,,,,8.67,5.0,,Health Care,Health Care Equipment & Services,First Lien,Signant Health,Signant Finance One Limited
ARCC,0001287750,0001628280-26-050307,10-Q,2026-06-30,2026-07-29,"SiroMed Physician Services, Inc. and SiroMed Equity Holdings, LLC | Common units","SiroMed Physician Services, Inc.","SiroMed Physician Services, Inc.",Common Equity,,,,1500000.0,4800000.0,,684854.0,31.25,,,,,False,,,USD,1500000.0,Health Care Equipment and Services,,Common units,,,2018-03,Outsourced anesthesia provider,,,,,,,Health Care,Health Care Equipment & Services,Common Equity,,"SiroMed Physician Services, Inc."
ARCC,0001287750,0001628280-26-050307,10-Q,2026-06-30,2026-07-29,"SOC Telemed, Inc. and PSC Spark Holdings, LP | First lien senior secured loan","SOC Telemed, Inc.","SOC Telemed, Inc.",First Lien,,,,107300000.0,109500000.0,110600000.0,,97.02,7.5,11.21,,2.0,True,,,USD,107300000.0,Health Care Equipment and Services,,First lien senior secured loan,SOFR,2027-08,2022-08,Provider of acute care telemedicine,,,,11.21,7.5,2.0,Health Care,Health Care Equipment & Services,First Lien,Access TeleCare,"SOC Telemed, Inc."
ARCC,0001287750,0001628280-26-050307,10-Q,2026-06-30,2026-07-29,"SOC Telemed, Inc. and PSC Spark Holdings, LP | Class A-2 units","SOC Telemed, Inc.","SOC Telemed, Inc.",Common Equity,,,,1500000.0,4900000.0,,4812.0,30.61,,,,,False,,,USD,1500000.0,Health Care Equipment and Services,,Class A-2 units,,,2022-08,Provider of acute care telemedicine,,,,,,,Health Care,Health Care Equipment & Services,Common Equity,Access TeleCare,"SOC Telemed, Inc."
ARCC,0001287750,0001628280-26-050307,10-Q,2026-06-30,2026-07-29,"SOC Telemed, Inc. and PSC Spark Holdings, LP | Warrant to purchase units of common stock","SOC Telemed, Inc.","SOC Telemed, Inc.",Warrant,,,,300000.0,4700000.0,,6118.0,6.38,,,,,False,,,USD,300000.0,Health Care Equipment and Services,,Warrant to purchase units of common stock,,2029-08,2022-08,Provider of acute care telemedicine,,,,,,,Health Care,Health Care Equipment & Services,Warrant,Access TeleCare,"SOC Telemed, Inc."
ARCC,0001287750,0001628280-26-050307,10-Q,2026-06-30,2026-07-29,Spruce Bidco II Inc. | First lien senior secured revolving loan,Spruce Bidco II Inc.,Spruce Bidco II Inc.,First Lien,,,,45200000.0,45200000.0,45200000.0,,100.0,4.75,8.41,,,False,,,USD,45200000.0,Health Care Equipment and Services,,First lien senior secured revolving loan,SOFR,2032-01,2025-01,Provider of medical devices relating to dialysis treatments and services for kidney disease,,,,8.41,4.75,,Health Care,Health Care Equipment & Services,First Lien,[Quanta Dialysis Technologies],Spruce Bidco II Inc.
ARCC,0001287750,0001628280-26-050307,10-Q,2026-06-30,2026-07-29,Spruce Bidco II Inc. | First lien senior secured loan 1,Spruce Bidco II Inc.,Spruce Bidco II Inc.,First Lien,,,,7400000.0,7200000.0,7400000.0,,100.0,4.75,7.05,,,False,,,USD,7400000.0,Health Care Equipment and Services,,First lien senior secured loan,,2032-01,2025-01,Provider of medical devices relating to dialysis treatments and services for kidney disease,,,,7.05,4.75,,Health Care,Health Care Equipment & Services,First Lien,[Quanta Dialysis Technologies],Spruce Bidco II Inc.
ARCC,0001287750,0001628280-26-050307,10-Q,2026-06-30,2026-07-29,Spruce Bidco II Inc. | First lien senior secured loan 2,Spruce Bidco II Inc.,Spruce Bidco II Inc.,First Lien,,,,24800000.0,25900000.0,24800000.0,,100.0,5.0,5.75,,,False,,,USD,24800000.0,Health Care Equipment and Services,,First lien senior secured loan,,2032-01,2025-01,Provider of medical devices relating to dialysis treatments and services for kidney disease,,,,5.75,5.0,,Health Care,Health Care Equipment & Services,First Lien,[Quanta Dialysis Technologies],Spruce Bidco II Inc.
ARCC,0001287750,0001628280-26-050307,10-Q,2026-06-30,2026-07-29,"Surescripts, LLC | First lien senior secured loan 1",Surescripts,Surescripts,First Lien,,,,4900000.0,4900000.0,4900000.0,,100.0,5.0,8.73,,,False,,,USD,4900000.0,Health Care Equipment and Services,,First lien senior secured loan,SOFR,2031-11,2024-11,"Healthcare network for e-prescription routing, patient eligibility checks, and secure exchange of medical records",,,,8.73,5.0,,Health Care,Health Care Equipment & Services,First Lien,,Surescripts
ARCC,0001287750,0001628280-26-050307,10-Q,2026-06-30,2026-07-29,"Surescripts, LLC | First lien senior secured loan 2",Surescripts,Surescripts,First Lien,,,,38100000.0,38100000.0,38100000.0,,100.0,4.75,8.48,,,False,,,USD,38100000.0,Health Care Equipment and Services,,First lien senior secured loan,SOFR,2031-11,2025-11,"Healthcare network for e-prescription routing, patient eligibility checks, and secure exchange of medical records",,,,8.48,4.75,,Health Care,Health Care Equipment & Services,First Lien,,Surescripts
ARCC,0001287750,0001628280-26-050307,10-Q,2026-06-30,2026-07-29,"Symplr Software Inc. and Symplr Software Intermediate Holdings, Inc. | First lien senior secured revolving loan 1",Symplr Software Inc.,Symplr Software Inc.,First Lien,,,,500000.0,800000.0,800000.0,,62.5,3.75,7.41,,,False,,,USD,500000.0,Health Care Equipment and Services,,First lien senior secured revolving loan,SOFR,2027-12,2020-12,SaaS based healthcare compliance platform provider,,,,7.41,3.75,,Health Care,Health Care Equipment & Services,First Lien,symplr,Symplr Software Inc.
ARCC,0001287750,0001628280-26-050307,10-Q,2026-06-30,2026-07-29,"Symplr Software Inc. and Symplr Software Intermediate Holdings, Inc. | First lien senior secured revolving loan 2",Symplr Software Inc.,Symplr Software Inc.,First Lien,,,,6000000.0,9200000.0,9200000.0,,65.22,2.75,9.5,,,False,,,USD,6000000.0,Health Care Equipment and Services,,First lien senior secured revolving loan,,2027-12,2020-12,SaaS based healthcare compliance platform provider,,,,9.5,2.75,,Health Care,Health Care Equipment & Services,First Lien,symplr,Symplr Software Inc.
ARCC,0001287750,0001628280-26-050307,10-Q,2026-06-30,2026-07-29,"Symplr Software Inc. and Symplr Software Intermediate Holdings, Inc. | First lien senior secured loan 1",Symplr Software Inc.,Symplr Software Inc.,First Lien,,,,11200000.0,17000000.0,17000000.0,,65.88,5.25,9.01,,,False,,,USD,11200000.0,Health Care Equipment and Services,,First lien senior secured loan,SOFR,2027-12,2024-04,SaaS based healthcare compliance platform provider,,,,9.01,5.25,,Health Care,Health Care Equipment & Services,First Lien,symplr,Symplr Software Inc.
ARCC,0001287750,0001628280-26-050307,10-Q,2026-06-30,2026-07-29,"Symplr Software Inc. and Symplr Software Intermediate Holdings, Inc. | First lien senior secured loan 2",Symplr Software Inc.,Symplr Software Inc.,First Lien,,,,18500000.0,27900000.0,28300000.0,,65.37,4.5,8.26,,,False,,,USD,18500000.0,Health Care Equipment and Services,,First lien senior secured loan,SOFR,2027-12,2022-02,SaaS based healthcare compliance platform provider,,,,8.26,4.5,,Health Care,Health Care Equipment & Services,First Lien,symplr,Symplr Software Inc.
ARCC,0001287750,0001628280-26-050307,10-Q,2026-06-30,2026-07-29,"Symplr Software Inc. and Symplr Software Intermediate Holdings, Inc. | Second lien senior secured loan 1",Symplr Software Inc.,Symplr Software Inc.,Second Lien,,,,51100000.0,76200000.0,76200000.0,,67.06,7.88,11.64,,,False,,,USD,51100000.0,Health Care Equipment and Services,,Second lien senior secured loan,SOFR,2028-12,2020-12,SaaS based healthcare compliance platform provider,,,,11.64,7.88,,Health Care,Health Care Equipment & Services,Second Lien,symplr,Symplr Software Inc.
ARCC,0001287750,0001628280-26-050307,10-Q,2026-06-30,2026-07-29,"Symplr Software Inc. and Symplr Software Intermediate Holdings, Inc. | Second lien senior secured loan 2",Symplr Software Inc.,Symplr Software Inc.,Second Lien,,,,39400000.0,56200000.0,56200000.0,,70.11,10.0,13.76,,4.0,True,,,USD,39400000.0,Health Care Equipment and Services,,Second lien senior secured loan,SOFR,2028-12,2024-04,SaaS based healthcare compliance platform provider,,,,13.76,10.0,4.0,Health Care,Health Care Equipment & Services,Second Lien,symplr,Symplr Software Inc.
ARCC,0001287750,0001628280-26-050307,10-Q,2026-06-30,2026-07-29,"Symplr Software Inc. and Symplr Software Intermediate Holdings, Inc. | Series C-1 preferred shares",Symplr Software Inc.,Symplr Software Inc.,Preferred Equity,,,,132800000.0,207600000.0,,116054.0,63.97,,,,11.0,True,,,USD,132800000.0,Health Care Equipment and Services,,Series C-1 preferred shares,,,2021-06,SaaS based healthcare compliance platform provider,,,,11.0,,,Health Care,Health Care Equipment & Services,Preferred Equity,symplr,Symplr Software Inc.
ARCC,0001287750,0001628280-26-050307,10-Q,2026-06-30,2026-07-29,Series C-3 preferred shares,Series C-3,Series C-3,Preferred Equity,,,,17300000.0,27000000.0,,16201.0,64.07,,,,11.0,True,,,USD,17300000.0,Consumer Durables and Apparel,,First lien senior secured loan,SONIA,2030-06,2024-06,Designer and manufacturer of branded premium-quality tableware,,,,8.98,5.25,,Consumer Discretionary,Consumer Durables & Apparel,Preferred Equity,,Series C-3
ARCC,0001287750,0001628280-26-050307,10-Q,2026-06-30,2026-07-29,"Tempus AI, Inc. | Common units",Tempus AI,Tempus AI,Common Equity,,,,3500000.0,1900000.0,,60821.0,184.21,,,,,False,,,USD,3500000.0,Health Care Equipment and Services,,Common units,,,2023-10,Provider of technology enabled precision medicine solutions,,,,,,,Health Care,Health Care Equipment & Services,Common Equity,,Tempus AI
ARCC,0001287750,0001628280-26-050307,10-Q,2026-06-30,2026-07-29,Therapy Brands Holdings LLC | Second lien senior secured loan,Therapy Brands Holdings LLC,Therapy Brands Holdings LLC,Second Lien,,,,22400000.0,29000000.0,29100000.0,,76.98,6.75,10.68,,,False,,,USD,22400000.0,Health Care Equipment and Services,,Second lien senior secured loan,SOFR,2029-05,2021-06,Provider of software solutions for the mental and behavioral health market segments,,,,10.68,6.75,,Health Care,Health Care Equipment & Services,Second Lien,,Therapy Brands Holdings LLC
ARCC,0001287750,0001628280-26-050307,10-Q,2026-06-30,2026-07-29,"U.S. Anesthesia Partners, Inc. & U.S. Anesthesia Partners Holdings, Inc. | Second lien senior secured loan","U.S. Anesthesia Partners, Inc.","U.S. Anesthesia Partners, Inc.",Second Lien,,,,147800000.0,147800000.0,147800000.0,,100.0,7.5,11.23,,,False,,,USD,147800000.0,Health Care Equipment and Services,,Second lien senior secured loan,SOFR,2029-10,2021-10,Anesthesiology service provider,,,,11.23,7.5,,Health Care,Health Care Equipment & Services,Second Lien,,"U.S. Anesthesia Partners, Inc."
ARCC,0001287750,0001628280-26-050307,10-Q,2026-06-30,2026-07-29,"U.S. Anesthesia Partners, Inc. & U.S. Anesthesia Partners Holdings, Inc. | Common stock","U.S. Anesthesia Partners, Inc.","U.S. Anesthesia Partners, Inc.",Common Equity,,,,12100000.0,12900000.0,,3671429.0,93.8,,,,,False,,,USD,12100000.0,Health Care Equipment and Services,,Common stock,,,2021-12,Anesthesiology service provider,,,,,,,Health Care,Health Care Equipment & Services,Common Equity,,"U.S. Anesthesia Partners, Inc."
ARCC,0001287750,0001628280-26-050307,10-Q,2026-06-30,2026-07-29,"U.S. Urology Partners, LLC, General Atlantic (USU) Blocker Collection Holdco, L.P., and General Atlantic (USU-2) Coinvest, L.P. | First lien senior secured revolving loan","U.S. Urology Partners, LLC","U.S. Urology Partners, LLC",First Lien,,,,17800000.0,17800000.0,17800000.0,,100.0,4.5,8.16,,,False,,,USD,17800000.0,Health Care Equipment and Services,,First lien senior secured revolving loan,SOFR,2032-04,2025-04,Integrated urologic care platform,,,,8.16,4.5,,Health Care,Health Care Equipment & Services,First Lien,,"U.S. Urology Partners, LLC"
ARCC,0001287750,0001628280-26-050307,10-Q,2026-06-30,2026-07-29,"U.S. Urology Partners, LLC, General Atlantic (USU) Blocker Collection Holdco, L.P., and General Atlantic (USU-2) Coinvest, L.P. | Common units","U.S. Urology Partners, LLC","U.S. Urology Partners, LLC",Common Equity,,,,4300000.0,2700000.0,,2632686.0,159.26,,,,,False,,,USD,4300000.0,Health Care Equipment and Services,,Common units,,,2025-10,Integrated urologic care platform,,,,,,,Health Care,Health Care Equipment & Services,Common Equity,,"U.S. Urology Partners, LLC"
ARCC,0001287750,0001628280-26-050307,10-Q,2026-06-30,2026-07-29,"United Digestive MSO Parent, LLC and Koln Co-Invest Unblocked, LP | First lien senior secured loan 1","United Digestive MSO Parent, LLC","United Digestive MSO Parent, LLC",First Lien,,,,14800000.0,14800000.0,14800000.0,,100.0,5.75,9.47,,,False,,,USD,14800000.0,Health Care Equipment and Services,,First lien senior secured loan,SOFR,2029-03,2023-03,Gastroenterology physician group,,,,9.47,5.75,,Health Care,Health Care Equipment & Services,First Lien,,"United Digestive MSO Parent, LLC"
ARCC,0001287750,0001628280-26-050307,10-Q,2026-06-30,2026-07-29,"United Digestive MSO Parent, LLC and Koln Co-Invest Unblocked, LP | Class A interests","United Digestive MSO Parent, LLC","United Digestive MSO Parent, LLC",Common Equity,,,,8300000.0,4600000.0,,4623.0,180.43,,,,,False,,,USD,8300000.0,Health Care Equipment and Services,,Class A interests,,,2023-03,Gastroenterology physician group,,,,,,,Health Care,Health Care Equipment & Services,Common Equity,,"United Digestive MSO Parent, LLC"
ARCC,0001287750,0001628280-26-050307,10-Q,2026-06-30,2026-07-29,"VPP Intermediate Holdings, LLC and VPP Group Holdings, L.P. | First lien senior secured loan 1","VPP Intermediate Holdings, LLC","VPP Intermediate Holdings, LLC",First Lien,,,,29700000.0,29700000.0,29700000.0,,100.0,5.75,9.49,,,False,,,USD,29700000.0,Health Care Equipment and Services,,First lien senior secured loan,SOFR,2027-12,2021-12,Veterinary hospital operator,,,,9.49,5.75,,Health Care,Health Care Equipment & Services,First Lien,Veterinary Practice Partners,"VPP Intermediate Holdings, LLC"
ARCC,0001287750,0001628280-26-050307,10-Q,2026-06-30,2026-07-29,"VPP Intermediate Holdings, LLC and VPP Group Holdings, L.P. | First lien senior secured loan 2","VPP Intermediate Holdings, LLC","VPP Intermediate Holdings, LLC",First Lien,,,,8700000.0,8700000.0,8700000.0,,100.0,5.25,8.89,,,False,,,USD,8700000.0,Health Care Equipment and Services,,First lien senior secured loan,SOFR,2027-12,2025-01,Veterinary hospital operator,,,,8.89,5.25,,Health Care,Health Care Equipment & Services,First Lien,Veterinary Practice Partners,"VPP Intermediate Holdings, LLC"
ARCC,0001287750,0001628280-26-050307,10-Q,2026-06-30,2026-07-29,"VPP Intermediate Holdings, LLC and VPP Group Holdings, L.P. | Class A-2 units 1","VPP Intermediate Holdings, LLC","VPP Intermediate Holdings, LLC",Common Equity,,,,9500000.0,7600000.0,,7569.0,125.0,,,,,False,,,USD,9500000.0,Health Care Equipment and Services,,Class A-2 units,,,2023-03,Veterinary hospital operator,,,,,,,Health Care,Health Care Equipment & Services,Common Equity,Veterinary Practice Partners,"VPP Intermediate Holdings, LLC"
ARCC,0001287750,0001628280-26-050307,10-Q,2026-06-30,2026-07-29,WSHP FC Acquisition LLC and WSHP FC Holdings LLC | First lien senior secured revolving loan,WSHP FC Acquisition LLC,WSHP FC Acquisition LLC,First Lien,,,,0.0,0.0,0.0,,,,,,,False,,,USD,0.0,,,,,,,,,,,,,,Health Care,Health Care Equipment & Services,First Lien,Discovery Life Sciences,WSHP FC Acquisition LLC
ARCC,0001287750,0001628280-26-050307,10-Q,2026-06-30,2026-07-29,WSHP FC Acquisition LLC and WSHP FC Holdings LLC | First lien senior secured loan 1,WSHP FC Acquisition LLC,WSHP FC Acquisition LLC,First Lien,,,,77700000.0,77700000.0,77700000.0,,100.0,8.0,11.73,,5.0,True,,,USD,77700000.0,Health Care Equipment and Services,,First lien senior secured loan,SOFR,2030-04,2025-08,Provider of biospecimen products for pharma research,,,,11.73,8.0,5.0,Health Care,Health Care Equipment & Services,First Lien,Discovery Life Sciences,WSHP FC Acquisition LLC
ARCC,0001287750,0001628280-26-050307,10-Q,2026-06-30,2026-07-29,WSHP FC Acquisition LLC and WSHP FC Holdings LLC | First lien senior secured loan 2,WSHP FC Acquisition LLC,WSHP FC Acquisition LLC,First Lien,,,,21500000.0,22100000.0,25000000.0,,86.0,,,,12.0,True,,,USD,21500000.0,Health Care Equipment and Services,,First lien senior secured loan,,2030-03,2025-08,Provider of biospecimen products for pharma research,,,,12.0,,,Health Care,Health Care Equipment & Services,First Lien,Discovery Life Sciences,WSHP FC Acquisition LLC
ARCC,0001287750,0001628280-26-050307,10-Q,2026-06-30,2026-07-29,WSHP FC Acquisition LLC and WSHP FC Holdings LLC | Class A preferred units,WSHP FC Acquisition LLC,WSHP FC Acquisition LLC,Preferred Equity,,,,0.0,300000.0,,455.0,0.0,,,,,False,,,USD,0.0,,,,,,,,,,,,,,Other,Other,Preferred Equity,Discovery Life Sciences,WSHP FC Acquisition LLC
ARCC,0001287750,0001628280-26-050307,10-Q,2026-06-30,2026-07-29,WSHP FC Acquisition LLC and WSHP FC Holdings LLC | Common units,WSHP FC Acquisition LLC,WSHP FC Acquisition LLC,Common Equity,,,,800000.0,5000000.0,,35299.0,16.0,,,,,False,,,USD,800000.0,Health Care Equipment and Services,,Common units,,,2022-07,Provider of biospecimen products for pharma research,,,,,,,Health Care,Health Care Equipment & Services,Common Equity,Discovery Life Sciences,WSHP FC Acquisition LLC
ARCC,0001287750,0001628280-26-050307,10-Q,2026-06-30,2026-07-29,"ZocDoc, Inc. | First lien senior secured loan 1",ZocDoc,ZocDoc,First Lien,,,,66500000.0,66500000.0,66500000.0,,100.0,5.25,8.89,,,False,,,USD,66500000.0,Health Care Equipment and Services,,First lien senior secured loan,SOFR,2030-07,2025-07,Healthcare marketplace connecting patients and providers,,,,8.89,5.25,,Health Care,Health Care Equipment & Services,First Lien,,ZocDoc
ARCC,0001287750,0001628280-26-050307,10-Q,2026-06-30,2026-07-29,Accommodations Plus Technologies LLC | First lien senior secured loan 1,Accommodations Plus Technologies LLC,Accommodations Plus Technologies LLC,First Lien,,,,116900000.0,116900000.0,116900000.0,,100.0,5.25,8.94,,,False,,,USD,116900000.0,Commercial and  Professional Services,,First lien senior secured loan,SOFR,2032-05,2025-05,Provider of outsourced crew accommodations and logistics management solutions to the airline industry,,,,8.94,5.25,,Industrials,Commercial & Professional Services,First Lien,,Accommodations Plus Technologies LLC
ARCC,0001287750,0001628280-26-050307,10-Q,2026-06-30,2026-07-29,Aldinger Company Inc | First lien senior secured revolving loan,Aldinger Company Inc,Aldinger Company Inc,First Lien,,,,12200000.0,12200000.0,12200000.0,,100.0,4.75,8.49,,,False,,,USD,12200000.0,Commercial and  Professional Services,,First lien senior secured revolving loan,SOFR,2030-10,2024-07,Provider of outsourced calibration and repair services,,,,8.49,4.75,,Industrials,Commercial & Professional Services,First Lien,,Aldinger Company Inc
ARCC,0001287750,0001628280-26-050307,10-Q,2026-06-30,2026-07-29,"AMCP Clean Acquisition Company, LLC | First lien senior secured loan",AMCP Clean Acquisition Company,AMCP Clean Acquisition Company,First Lien,,,,14900000.0,14900000.0,14900000.0,,100.0,4.25,7.98,,,False,,,USD,14900000.0,Commercial and  Professional Services,,First lien senior secured loan,SOFR,2030-06,2025-12,Provider of commercial laundry services,,,,7.98,4.25,,Industrials,Commercial & Professional Services,First Lien,,AMCP Clean Acquisition Company
ARCC,0001287750,0001628280-26-050307,10-Q,2026-06-30,2026-07-29,"ATI Restoration, LLC | First lien senior secured revolving loan",ATI Restoration,ATI Restoration,First Lien,,,,36700000.0,41600000.0,41600000.0,,88.22,6.5,10.23,,1.0,True,,,USD,36700000.0,Commercial and  Professional Services,,First lien senior secured revolving loan,SOFR,2029-01,2020-07,Provider of disaster recovery services,,,,10.23,6.5,1.0,Industrials,Commercial & Professional Services,First Lien,,ATI Restoration
ARCC,0001287750,0001628280-26-050307,10-Q,2026-06-30,2026-07-29,"ATI Restoration, LLC | First lien senior secured loan 3",ATI Restoration,ATI Restoration,First Lien,,,,47700000.0,54200000.0,54200000.0,,88.01,6.5,10.22,,1.0,True,,,USD,47700000.0,Commercial and  Professional Services,,First lien senior secured loan,SOFR,2026-07,2022-05,Provider of disaster recovery services,,,,10.22,6.5,1.0,Industrials,Commercial & Professional Services,First Lien,,ATI Restoration
ARCC,0001287750,0001628280-26-050307,10-Q,2026-06-30,2026-07-29,"Bluejack Fire Acquisition, Inc. and Bluejack Fire Holdings LLC | First lien senior secured revolving loan",Bluejack Fire Acquisition,Bluejack Fire Acquisition,First Lien,,,,8200000.0,8200000.0,8200000.0,,100.0,4.75,8.39,,,False,,,USD,8200000.0,Commercial and  Professional Services,,First lien senior secured revolving loan,SOFR,2031-01,2025-01,Provider of fire and life safety services including inspection and repair,,,,8.39,4.75,,Industrials,Commercial & Professional Services,First Lien,,Bluejack Fire Acquisition
ARCC,0001287750,0001628280-26-050307,10-Q,2026-06-30,2026-07-29,"Bluejack Fire Acquisition, Inc. and Bluejack Fire Holdings LLC | Class A-1 units",Bluejack Fire Acquisition,Bluejack Fire Acquisition,Common Equity,,,,1200000.0,1400000.0,,1368.0,85.71,,,,,False,,,USD,1200000.0,Commercial and  Professional Services,,Class A-1 units,,,2025-01,Provider of fire and life safety services including inspection and repair,,,,,,,Industrials,Commercial & Professional Services,Common Equity,,Bluejack Fire Acquisition
ARCC,0001287750,0001628280-26-050307,10-Q,2026-06-30,2026-07-29,"Bobtail AcquisitionCo, LLC | First lien senior secured revolving loan",Bobtail AcquisitionCo,Bobtail AcquisitionCo,First Lien,,,,10300000.0,10300000.0,10300000.0,,100.0,4.75,8.46,,,False,,,USD,10300000.0,Commercial and  Professional Services,,First lien senior secured revolving loan,SOFR,2031-09,2025-09,"Provider of non-hazardous liquid waste collection, transportation, processing, recycling, reclamation, and disposal services",,,,8.46,4.75,,Industrials,Commercial & Professional Services,First Lien,,Bobtail AcquisitionCo
ARCC,0001287750,0001628280-26-050307,10-Q,2026-06-30,2026-07-29,"Capstone Acquisition Holdings, Inc., Capstone Logistics Holdings, Inc. and Capstone Parent Holdings, LP | First lien senior secured revolving loan","Capstone Acquisition Holdings, Inc.","Capstone Acquisition Holdings, Inc.",First Lien,,,,0.0,0.0,0.0,,,,,,,False,,,USD,0.0,,,,,,,,,,,,,,Industrials,Commercial & Professional Services,First Lien,Capstone Logistics,"Capstone Acquisition Holdings, Inc."
ARCC,0001287750,0001628280-26-050307,10-Q,2026-06-30,2026-07-29,"Capstone Acquisition Holdings, Inc., Capstone Logistics Holdings, Inc. and Capstone Parent Holdings, LP | First lien senior secured loan","Capstone Acquisition Holdings, Inc.","Capstone Acquisition Holdings, Inc.",First Lien,,,,6500000.0,6500000.0,6500000.0,,100.0,4.5,8.24,,,False,,,USD,6500000.0,Commercial and Professional Services,,First lien senior secured loan,SOFR,2029-11,2024-08,Outsourced supply chain solutions provider to operators of distribution centers,,,,8.24,4.5,,Industrials,Commercial & Professional Services,First Lien,Capstone Logistics,"Capstone Acquisition Holdings, Inc."
ARCC,0001287750,0001628280-26-050307,10-Q,2026-06-30,2026-07-29,"Capstone Acquisition Holdings, Inc., Capstone Logistics Holdings, Inc. and Capstone Parent Holdings, LP | Second lien senior secured loan","Capstone Acquisition Holdings, Inc.","Capstone Acquisition Holdings, Inc.",Second Lien,,,,92700000.0,92700000.0,92700000.0,,100.0,8.5,12.24,,,False,,,USD,92700000.0,Commercial and Professional Services,,Second lien senior secured loan,SOFR,2030-11,2024-08,Outsourced supply chain solutions provider to operators of distribution centers,,,,12.24,8.5,,Industrials,Commercial & Professional Services,Second Lien,Capstone Logistics,"Capstone Acquisition Holdings, Inc."
ARCC,0001287750,0001628280-26-050307,10-Q,2026-06-30,2026-07-29,"Capstone Acquisition Holdings, Inc., Capstone Logistics Holdings, Inc. and Capstone Parent Holdings, LP | Class A units","Capstone Acquisition Holdings, Inc.","Capstone Acquisition Holdings, Inc.",Common Equity,,,,26300000.0,7300000.0,,10581.0,360.27,,,,,False,,,USD,26300000.0,Commercial and Professional Services,,Class A units,,,2020-11,Outsourced supply chain solutions provider to operators of distribution centers,,,,,,,Industrials,Commercial & Professional Services,Common Equity,Capstone Logistics,"Capstone Acquisition Holdings, Inc."
ARCC,0001287750,0001628280-26-050307,10-Q,2026-06-30,2026-07-29,"Cards-Live Oak Holdings, Inc. | First lien senior secured revolving loan 1",Cards-Live Oak Holdings,Cards-Live Oak Holdings,First Lien,,,,69600000.0,69600000.0,69600000.0,,100.0,4.75,8.48,,,False,,,USD,69600000.0,Commercial and Professional Services,,First lien senior secured revolving loan,SOFR,2032-10,2025-10,"Provider of solid waste collection services for residential, commercial, and industrial customers",,,,8.48,4.75,,Industrials,Commercial & Professional Services,First Lien,,Cards-Live Oak Holdings
ARCC,0001287750,0001628280-26-050307,10-Q,2026-06-30,2026-07-29,"Cards-Live Oak Holdings, Inc. | First lien senior secured revolving loan 2",Cards-Live Oak Holdings,Cards-Live Oak Holdings,First Lien,,,,2100000.0,2100000.0,2100000.0,,100.0,3.75,10.5,,,False,,,USD,2100000.0,Commercial and Professional Services,,First lien senior secured revolving loan,,2032-10,2025-10,"Provider of solid waste collection services for residential, commercial, and industrial customers",,,,10.5,3.75,,Industrials,Commercial & Professional Services,First Lien,,Cards-Live Oak Holdings
ARCC,0001287750,0001628280-26-050307,10-Q,2026-06-30,2026-07-29,"Covert HoldCo, LP | Senior subordinated loan",Covert HoldCo,Covert HoldCo,Senior Subordinated,,,,165200000.0,168600000.0,168600000.0,,97.98,5.75,9.48,,,False,,,USD,165200000.0,Commercial and Professional Services,,Senior subordinated loan,SOFR,2031-03,2026-03,Environmentally sustainable North American waste-management platform,,,,9.48,5.75,,Industrials,Commercial & Professional Services,Subordinated,,Covert HoldCo
ARCC,0001287750,0001628280-26-050307,10-Q,2026-06-30,2026-07-29,"Denali Intermediate Holdings, Inc. and Denali Parent Holdings, L.P. | First lien senior secured revolving loan","Denali Intermediate Holdings, Inc.","Denali Intermediate Holdings, Inc.",First Lien,,,,365800000.0,384100000.0,384100000.0,,95.24,5.5,9.12,,,False,,,USD,365800000.0,Commercial and Professional Services,,First lien senior secured revolving loan,SOFR,2032-08,2025-08,Provider of business decisioning data and analytics,,,,9.12,5.5,,Industrials,Commercial & Professional Services,First Lien,Dun & Bradstreet,"Denali Intermediate Holdings, Inc."
ARCC,0001287750,0001628280-26-050307,10-Q,2026-06-30,2026-07-29,"Denali Intermediate Holdings, Inc. and Denali Parent Holdings, L.P. | Series A units","Denali Intermediate Holdings, Inc.","Denali Intermediate Holdings, Inc.",Common Equity,,,,6200000.0,5800000.0,,540800.0,106.9,,,,8.0,True,,,USD,6200000.0,Commercial and Professional Services,,First lien senior secured revolving loan,SOFR,2032-08,2025-08,Provider of business decisioning data and analytics,,,,9.12,5.5,,Industrials,Commercial & Professional Services,Common Equity,Dun & Bradstreet,"Denali Intermediate Holdings, Inc."
ARCC,0001287750,0001628280-26-050307,10-Q,2026-06-30,2026-07-29,"Divisions Holding Corporation, Divisions, Inc. and RC V Tecmo Investor LLC | First lien senior secured revolving loan",Divisions Holding Corporation,Divisions Holding Corporation,First Lien,,,,2000000.0,2000000.0,2000000.0,,100.0,4.5,8.15,,,False,,,USD,2000000.0,Commercial and Professional Services,,First lien senior secured revolving loan,SOFR,2032-04,2025-04,Technology based aggregator for facility maintenance services,,,,8.15,4.5,,Industrials,Commercial & Professional Services,First Lien,,Divisions Holding Corporation
ARCC,0001287750,0001628280-26-050307,10-Q,2026-06-30,2026-07-29,"Divisions Holding Corporation, Divisions, Inc. and RC V Tecmo Investor LLC | Common member units",Divisions Holding Corporation,Divisions Holding Corporation,Equity,,,,16500000.0,6700000.0,,9624000.0,246.27,,,,,False,,,USD,16500000.0,Commercial and Professional Services,,Common member units,,,2020-08,Technology based aggregator for facility maintenance services,,,,,,,Industrials,Commercial & Professional Services,Common Equity,,Divisions Holding Corporation
ARCC,0001287750,0001628280-26-050307,10-Q,2026-06-30,2026-07-29,"Dorado Bidco, Inc. | First lien senior secured loan",Dorado Bidco,Dorado Bidco,First Lien,,,,7700000.0,7700000.0,7700000.0,,100.0,4.25,7.92,,,False,,,USD,7700000.0,Commercial and Professional Services,,First lien senior secured loan,SOFR,2031-09,2024-09,Provider of consumer and market insights for the food and beverage industry,,,,7.92,4.25,,Industrials,Commercial & Professional Services,First Lien,,Dorado Bidco
ARCC,0001287750,0001628280-26-050307,10-Q,2026-06-30,2026-07-29,"DP Flores Holdings, LLC | First lien senior secured loan",DP Flores Holdings,DP Flores Holdings,First Lien,,,,27800000.0,28100000.0,28100000.0,,98.93,6.5,10.17,,3.25,True,,,USD,27800000.0,Commercial and Professional Services,,First lien senior secured loan,SOFR,2030-09,2024-09,Benefits administrator of tax-advantaged reimbursement plans,,,,10.17,6.5,3.25,Industrials,Commercial & Professional Services,First Lien,,DP Flores Holdings
ARCC,0001287750,0001628280-26-050307,10-Q,2026-06-30,2026-07-29,Drogon Bidco Inc. & Drogon Aggregator LP | First lien senior secured revolving loan,Drogon Bidco Inc.,Drogon Bidco Inc.,First Lien,,,,100000.0,100000.0,100000.0,,100.0,5.0,8.64,,,False,,,USD,100000.0,Commercial and Professional Services,,First lien senior secured revolving loan,SOFR,2030-08,2024-08,Provider of fire safety and life safety services,,,,8.64,5.0,,Industrials,Commercial & Professional Services,First Lien,,Drogon Bidco Inc.
ARCC,0001287750,0001628280-26-050307,10-Q,2026-06-30,2026-07-29,Drogon Bidco Inc. & Drogon Aggregator LP | First lien senior secured loan,Drogon Bidco Inc.,Drogon Bidco Inc.,First Lien,,,,11000000.0,11000000.0,11000000.0,,100.0,5.0,8.64,,,False,,,USD,11000000.0,Commercial and Professional Services,,First lien senior secured loan,SOFR,2031-08,2024-08,Provider of fire safety and life safety services,,,,8.64,5.0,,Industrials,Commercial & Professional Services,First Lien,,Drogon Bidco Inc.
ARCC,0001287750,0001628280-26-050307,10-Q,2026-06-30,2026-07-29,Drogon Bidco Inc. & Drogon Aggregator LP | Class A-2 common units,Drogon Bidco Inc.,Drogon Bidco Inc.,Common Equity,,,,2400000.0,1900000.0,,1850000.0,126.32,,,,,False,,,USD,2400000.0,Commercial and Professional Services,,Class A-2 common units,,,2024-08,Provider of fire safety and life safety services,,,,,,,Industrials,Commercial & Professional Services,Common Equity,,Drogon Bidco Inc.
ARCC,0001287750,0001628280-26-050307,10-Q,2026-06-30,2026-07-29,"DTI Holdco, Inc. and OPE DTI Holdings, Inc. | Class A common stock","DTI Holdco, Inc.","DTI Holdco, Inc.",Common Equity,,,,9700000.0,7500000.0,,15000.0,129.33,,,,,False,,,USD,9700000.0,Commercial and Professional Services,,Class A common stock,,,2014-08,Provider of legal process outsourcing and managed services,,,,,,,Industrials,Commercial & Professional Services,Common Equity,,"DTI Holdco, Inc."
ARCC,0001287750,0001628280-26-050307,10-Q,2026-06-30,2026-07-29,Duraserv LLC | First lien senior secured revolving loan,Duraserv LLC,Duraserv LLC,First Lien,,,,500000.0,500000.0,500000.0,,100.0,5.0,8.65,,,False,,,USD,500000.0,Commercial and Professional Services,,First lien senior secured revolving loan,SOFR,2030-06,2024-06,Provider of commercial loading dock maintenance and remodeling services,,,,8.65,5.0,,Industrials,Commercial & Professional Services,First Lien,,Duraserv LLC
ARCC,0001287750,0001628280-26-050307,10-Q,2026-06-30,2026-07-29,Duraserv LLC | First lien senior secured loan 1,Duraserv LLC,Duraserv LLC,First Lien,,,,14900000.0,15000000.0,15000000.0,,99.33,5.0,8.65,,,False,,,USD,14900000.0,Commercial and Professional Services,,First lien senior secured loan,SOFR,2031-06,2024-06,Provider of commercial loading dock maintenance and remodeling services,,,,8.65,5.0,,Industrials,Commercial & Professional Services,First Lien,,Duraserv LLC
ARCC,0001287750,0001628280-26-050307,10-Q,2026-06-30,2026-07-29,"Elevation Services Parent Holdings, LLC | First lien senior secured revolving loan",Elevation Services Parent Holdings,Elevation Services Parent Holdings,First Lien,,,,26100000.0,26100000.0,26100000.0,,100.0,6.5,10.31,,,False,,,USD,26100000.0,Commercial and Professional Services,,First lien senior secured revolving loan,SOFR,2028-12,2020-12,Elevator service platform,,,,10.31,6.5,,Industrials,Commercial & Professional Services,First Lien,,Elevation Services Parent Holdings
ARCC,0001287750,0001628280-26-050307,10-Q,2026-06-30,2026-07-29,"Elliott Davis Advisory, LLC and Elliott Davis Advisory HoldCo, LLC | First lien senior secured loan","Elliott Davis Advisory, LLC","Elliott Davis Advisory, LLC",First Lien,,,,7300000.0,7300000.0,7300000.0,,100.0,4.75,8.33,,,False,,,USD,7300000.0,Commercial and Professional Services,,First lien senior secured loan,SOFR,2031-07,2025-07,"Provider of tax, comprehensive assurance and consulting services",,,,8.33,4.75,,Industrials,Commercial & Professional Services,First Lien,,"Elliott Davis Advisory, LLC"
ARCC,0001287750,0001628280-26-050307,10-Q,2026-06-30,2026-07-29,"Elliott Davis Advisory, LLC and Elliott Davis Advisory HoldCo, LLC | Common stock","Elliott Davis Advisory, LLC","Elliott Davis Advisory, LLC",Common Equity,,,,5600000.0,4300000.0,,4273000.0,130.23,,,,,False,,,USD,5600000.0,Commercial and Professional Services,,Common stock,,,2025-07,"Provider of tax, comprehensive assurance and consulting services",,,,,,,Industrials,Commercial & Professional Services,Common Equity,,"Elliott Davis Advisory, LLC"
ARCC,0001287750,0001628280-26-050307,10-Q,2026-06-30,2026-07-29,"EMB Purchaser, Inc. | First lien senior secured revolving loan",EMB Purchaser,EMB Purchaser,First Lien,,,,11100000.0,11400000.0,11400000.0,,97.37,4.5,8.16,,,False,,,USD,11100000.0,Commercial and Professional Services,,First lien senior secured revolving loan,SOFR,2032-03,2025-03,Provider of fire and life safety solutions,,,,8.16,4.5,,Industrials,Commercial & Professional Services,First Lien,,EMB Purchaser
ARCC,0001287750,0001628280-26-050307,10-Q,2026-06-30,2026-07-29,"Firebird Acquisition Corp, Inc. | First lien senior secured revolving loan",Firebird Acquisition Corp,Firebird Acquisition Corp,First Lien,,,,0.0,0.0,0.0,,,,,,,False,,,USD,0.0,,,,,,,,,,,,,,Industrials,Commercial & Professional Services,First Lien,,Firebird Acquisition Corp
ARCC,0001287750,0001628280-26-050307,10-Q,2026-06-30,2026-07-29,"Firebird Acquisition Corp, Inc. | First lien senior secured loan",Firebird Acquisition Corp,Firebird Acquisition Corp,First Lien,,,,4200000.0,4200000.0,4200000.0,,100.0,5.0,8.66,,2.75,True,,,USD,4200000.0,Commercial and Professional Services,,First lien senior secured loan,SOFR,2032-02,2025-01,Provider of fire safety and life safety services,,,,8.66,5.0,2.75,Industrials,Commercial & Professional Services,First Lien,,Firebird Acquisition Corp
ARCC,0001287750,0001628280-26-050307,10-Q,2026-06-30,2026-07-29,"Fly Wheel Acquireco, Inc. | First lien senior secured revolving loan",Fly Wheel Acquireco,Fly Wheel Acquireco,First Lien,,,,7400000.0,7400000.0,7400000.0,,100.0,6.25,9.88,,,False,,,USD,7400000.0,Commercial and Professional Services,,First lien senior secured revolving loan,SOFR,2028-05,2023-05,"Professional employer organization offering human resources, compliance and risk management services",,,,9.88,6.25,,Industrials,Commercial & Professional Services,First Lien,,Fly Wheel Acquireco
ARCC,0001287750,0001628280-26-050307,10-Q,2026-06-30,2026-07-29,"Fly Wheel Acquireco, Inc. | First lien senior secured loan",Fly Wheel Acquireco,Fly Wheel Acquireco,First Lien,,,,51200000.0,51200000.0,51200000.0,,100.0,6.25,9.89,,,False,,,USD,51200000.0,Commercial and Professional Services,,First lien senior secured loan,SOFR,2030-05,2023-05,"Professional employer organization offering human resources, compliance and risk management services",,,,9.89,6.25,,Industrials,Commercial & Professional Services,First Lien,,Fly Wheel Acquireco
ARCC,0001287750,0001628280-26-050307,10-Q,2026-06-30,2026-07-29,"Frontline Road Safety Operations, LLC | First lien senior secured revolving loan",Frontline Road Safety Operations,Frontline Road Safety Operations,First Lien,,,,0.0,0.0,0.0,,,,,,,False,,,USD,0.0,,,,,,,,,,,,,,Industrials,Commercial & Professional Services,First Lien,,Frontline Road Safety Operations
ARCC,0001287750,0001628280-26-050307,10-Q,2026-06-30,2026-07-29,"Frontline Road Safety Operations, LLC | First lien senior secured loan 1",Frontline Road Safety Operations,Frontline Road Safety Operations,First Lien,,,,23900000.0,24200000.0,24200000.0,,98.76,5.0,8.64,,2.0,True,,,USD,23900000.0,Commercial and Professional Services,,First lien senior secured loan,SOFR,2032-03,2025-03,Provider of pavement marking services to roadways,,,,8.64,5.0,2.0,Industrials,Commercial & Professional Services,First Lien,,Frontline Road Safety Operations
ARCC,0001287750,0001628280-26-050307,10-Q,2026-06-30,2026-07-29,"G702 Buyer, Inc. | First lien senior secured loan",G702 Buyer,G702 Buyer,First Lien,,,,10400000.0,10400000.0,10400000.0,,100.0,4.75,8.48,,,False,,,USD,10400000.0,Commercial and Professional Services,,First lien senior secured loan,SOFR,2031-07,2025-07,"Provider of standardized contracts and forms platform for the architecture, engineering, and construction industry",,,,8.48,4.75,,Industrials,Commercial & Professional Services,First Lien,,G702 Buyer
ARCC,0001287750,0001628280-26-050307,10-Q,2026-06-30,2026-07-29,"HH-Stella, Inc. and Bedrock Parent Holdings, LP | First lien senior secured revolving loan","HH-Stella, Inc.","HH-Stella, Inc.",First Lien,,,,0.0,0.0,0.0,,,,,,,False,,,USD,0.0,,,,,,,,,,,,,,Industrials,Commercial & Professional Services,First Lien,Stella Environmental Services,"HH-Stella, Inc."
ARCC,0001287750,0001628280-26-050307,10-Q,2026-06-30,2026-07-29,"HH-Stella, Inc. and Bedrock Parent Holdings, LP | First lien senior secured loan 1","HH-Stella, Inc.","HH-Stella, Inc.",First Lien,,,,66100000.0,66800000.0,66800000.0,,98.95,6.0,9.88,,,False,,,USD,66100000.0,Commercial and Professional Services,,First lien senior secured loan,SOFR,2028-04,2024-04,Provider of municipal solid waste transfer management services,,,,9.88,6.0,,Industrials,Commercial & Professional Services,First Lien,Stella Environmental Services,"HH-Stella, Inc."
ARCC,0001287750,0001628280-26-050307,10-Q,2026-06-30,2026-07-29,"HH-Stella, Inc. and Bedrock Parent Holdings, LP | Class A units","HH-Stella, Inc.","HH-Stella, Inc.",Common Equity,,,,2500000.0,3300000.0,,32982.0,75.76,,,,,False,,,USD,2500000.0,Commercial and Professional Services,,Class A units,,,2021-04,Provider of municipal solid waste transfer management services,,,,,,,Industrials,Commercial & Professional Services,Common Equity,Stella Environmental Services,"HH-Stella, Inc."
ARCC,0001287750,0001628280-26-050307,10-Q,2026-06-30,2026-07-29,"HP RSS Buyer, Inc. | First lien senior secured loan",HP RSS Buyer,HP RSS Buyer,First Lien,,,,16700000.0,16700000.0,16700000.0,,100.0,4.75,8.47,,,False,,,USD,16700000.0,Commercial and Professional Services,,First lien senior secured loan,SOFR,2029-12,2023-12,"Provider of road striping, and road safety related services",,,,8.47,4.75,,Industrials,Commercial & Professional Services,First Lien,,HP RSS Buyer
ARCC,0001287750,0001628280-26-050307,10-Q,2026-06-30,2026-07-29,"IRI Group Holdings, Inc. and Circana, LLC | First lien senior secured revolving loan","IRI Group Holdings, Inc.","IRI Group Holdings, Inc.",First Lien,,,,0.0,0.0,0.0,,,,,,,False,,,USD,0.0,,,,,,,,,,,,,,Industrials,Commercial & Professional Services,First Lien,Circana,"IRI Group Holdings, Inc."
ARCC,0001287750,0001628280-26-050307,10-Q,2026-06-30,2026-07-29,"IRI Group Holdings, Inc. and Circana, LLC | First lien senior secured loan","IRI Group Holdings, Inc.","IRI Group Holdings, Inc.",First Lien,,,,139900000.0,139800000.0,139900000.0,,100.0,4.25,7.89,,,False,,,USD,139900000.0,Commercial and Professional Services,,First lien senior secured loan,SOFR,2029-12,2022-08,Market research company focused on the consumer packaged goods industry,,,,7.89,4.25,,Industrials,Commercial & Professional Services,First Lien,Circana,"IRI Group Holdings, Inc."
ARCC,0001287750,0001628280-26-050307,10-Q,2026-06-30,2026-07-29,"ISQ Hawkeye Holdco, Inc. and ISQ Hawkeye Holdings, L.P. | First lien senior secured revolving loan","ISQ Hawkeye Holdco, Inc.","ISQ Hawkeye Holdco, Inc.",First Lien,,,,7100000.0,7100000.0,7100000.0,,100.0,4.0,7.69,,,False,,,USD,7100000.0,Commercial and Professional Services,,First lien senior secured revolving loan,SOFR,2030-08,2026-01,Provider of commercial and industrial waste processing and disposal services,,,,7.69,4.0,,Industrials,Commercial & Professional Services,First Lien,VLS Environmental Solutions,"ISQ Hawkeye Holdco, Inc."
ARCC,0001287750,0001628280-26-050307,10-Q,2026-06-30,2026-07-29,"ISQ Hawkeye Holdco, Inc. and ISQ Hawkeye Holdings, L.P. | First lien senior secured loan","ISQ Hawkeye Holdco, Inc.","ISQ Hawkeye Holdco, Inc.",First Lien,,,,63300000.0,63300000.0,63300000.0,,100.0,4.0,7.69,,,False,,,USD,63300000.0,Commercial and Professional Services,,First lien senior secured loan,SOFR,2031-08,2026-01,Provider of commercial and industrial waste processing and disposal services,,,,7.69,4.0,,Industrials,Commercial & Professional Services,First Lien,VLS Environmental Solutions,"ISQ Hawkeye Holdco, Inc."
ARCC,0001287750,0001628280-26-050307,10-Q,2026-06-30,2026-07-29,"ISQ Hawkeye Holdco, Inc. and ISQ Hawkeye Holdings, L.P. | Class A units","ISQ Hawkeye Holdco, Inc.","ISQ Hawkeye Holdco, Inc.",Common Equity,,,,27800000.0,14500000.0,,13587.0,191.72,,,,,False,,,USD,27800000.0,Commercial and Professional Services,,Class A units,,,2022-09,Provider of commercial and industrial waste processing and disposal services,,,,,,,Industrials,Commercial & Professional Services,Common Equity,VLS Environmental Solutions,"ISQ Hawkeye Holdco, Inc."
ARCC,0001287750,0001628280-26-050307,10-Q,2026-06-30,2026-07-29,"Jones Fish Hatcheries & Distributors, LLC and Pond Management Group Holdings, LLC | First lien senior secured loan","Jones Fish Hatcheries & Distributors, LLC","Jones Fish Hatcheries & Distributors, LLC",First Lien,,,,17100000.0,17100000.0,17100000.0,,100.0,4.25,7.89,,,False,,,USD,17100000.0,Commercial and Professional Services,,First lien senior secured loan,SOFR,2032-11,2025-11,Provider of lake and pond management services,,,,7.89,4.25,,Industrials,Commercial & Professional Services,First Lien,,"Jones Fish Hatcheries & Distributors, LLC"
ARCC,0001287750,0001628280-26-050307,10-Q,2026-06-30,2026-07-29,"Jones Fish Hatcheries & Distributors, LLC and Pond Management Group Holdings, LLC | Class A units","Jones Fish Hatcheries & Distributors, LLC","Jones Fish Hatcheries & Distributors, LLC",Common Equity,,,,2500000.0,2600000.0,,26260.0,96.15,,,,,False,,,USD,2500000.0,Commercial and Professional Services,,Class A units,,,2025-11,Provider of lake and pond management services,,,,,,,Industrials,Commercial & Professional Services,Common Equity,,"Jones Fish Hatcheries & Distributors, LLC"
ARCC,0001287750,0001628280-26-050307,10-Q,2026-06-30,2026-07-29,"Kellermeyer Bergensons Services, LLC and KBS TopCo, LLC | First lien senior secured loan","Kellermeyer Bergensons Services, LLC","Kellermeyer Bergensons Services, LLC",First Lien,,,,47700000.0,47700000.0,47800000.0,,99.79,5.25,,,9.06,True,,,USD,47700000.0,Commercial and Professional Services,,First lien senior secured loan,SOFR,2028-11,2019-11,Provider of janitorial and facilities management services,,,,9.06,5.25,,Industrials,Commercial & Professional Services,First Lien,,"Kellermeyer Bergensons Services, LLC"
ARCC,0001287750,0001628280-26-050307,10-Q,2026-06-30,2026-07-29,"Kellermeyer Bergensons Services, LLC and KBS TopCo, LLC | First lien senior secured loan 2","Kellermeyer Bergensons Services, LLC","Kellermeyer Bergensons Services, LLC",First Lien,,,,800000.0,13900000.0,16600000.0,,4.82,,,,,False,,,USD,800000.0,Commercial and Professional Services,,First lien senior secured loan,,2028-11,2023-12,Provider of janitorial and facilities management services,,,,,,,Industrials,Commercial & Professional Services,First Lien,,"Kellermeyer Bergensons Services, LLC"
ARCC,0001287750,0001628280-26-050307,10-Q,2026-06-30,2026-07-29,"Kellermeyer Bergensons Services, LLC and KBS TopCo, LLC | Preferred units","Kellermeyer Bergensons Services, LLC","Kellermeyer Bergensons Services, LLC",Preferred Equity,,,,0.0,7700000.0,,4042767.0,0.0,,,,,False,,,USD,0.0,,,,,,,,,,,,,,Industrials,Commercial & Professional Services,Preferred Equity,,"Kellermeyer Bergensons Services, LLC"
ARCC,0001287750,0001628280-26-050307,10-Q,2026-06-30,2026-07-29,"Kellermeyer Bergensons Services, LLC and KBS TopCo, LLC | Class A common units","Kellermeyer Bergensons Services, LLC","Kellermeyer Bergensons Services, LLC",Common Equity,,,,0.0,0.0,,4042767.0,,,,,,False,,,USD,0.0,,,,,,,,,,,,,,Industrials,Commercial & Professional Services,Common Equity,,"Kellermeyer Bergensons Services, LLC"
ARCC,0001287750,0001628280-26-050307,10-Q,2026-06-30,2026-07-29,"Kings Buyer, LLC | First lien senior secured revolving loan",Kings Buyer,Kings Buyer,First Lien,,,,2800000.0,3000000.0,3000000.0,,93.33,4.25,11.0,,,False,,,USD,2800000.0,Commercial and Professional Services,,First lien senior secured revolving loan,,2027-10,2023-09,Provider of comprehensive outsourced waste management consolidation services,,,,11.0,4.25,,Industrials,Commercial & Professional Services,First Lien,,Kings Buyer
ARCC,0001287750,0001628280-26-050307,10-Q,2026-06-30,2026-07-29,"Kings Buyer, LLC | First lien senior secured loan",Kings Buyer,Kings Buyer,First Lien,,,,14900000.0,16000000.0,16000000.0,,93.12,5.25,9.05,,,False,,,USD,14900000.0,Commercial and Professional Services,,First lien senior secured loan,SOFR,2027-10,2023-09,Provider of comprehensive outsourced waste management consolidation services,,,,9.05,5.25,,Industrials,Commercial & Professional Services,First Lien,,Kings Buyer
ARCC,0001287750,0001628280-26-050307,10-Q,2026-06-30,2026-07-29,KPS Global LLC and Cool Group LLC | First lien senior secured loan,KPS Global LLC,KPS Global LLC,First Lien,,,,5200000.0,5200000.0,5200000.0,,100.0,4.75,8.48,,,False,,,USD,5200000.0,Commercial and Professional Services,,First lien senior secured loan,SOFR,2030-09,2024-09,Manufacturer of walk-in cooler and freezer systems,,,,8.48,4.75,,Industrials,Commercial & Professional Services,First Lien,,KPS Global LLC
ARCC,0001287750,0001628280-26-050307,10-Q,2026-06-30,2026-07-29,Laboratories Bidco LLC and Laboratories Topco LLC | First lien senior secured revolving loan 1,Laboratories Bidco LLC,Laboratories Bidco LLC,First Lien,,,,7200000.0,8900000.0,9400000.0,,76.6,0.75,7.5,,,False,,,USD,7200000.0,Commercial and Professional Services,,First lien senior secured revolving loan,,2029-07,2021-07,Lab testing services for nicotine containing products,,,,7.5,0.75,,Industrials,Commercial & Professional Services,First Lien,Labstat,Laboratories Bidco LLC
ARCC,0001287750,0001628280-26-050307,10-Q,2026-06-30,2026-07-29,Laboratories Bidco LLC and Laboratories Topco LLC | First lien senior secured revolving loan 2,Laboratories Bidco LLC,Laboratories Bidco LLC,First Lien,,,,12100000.0,15100000.0,15700000.0,,77.07,1.75,5.63,,,False,,,USD,12100000.0,Commercial and Professional Services,,First lien senior secured revolving loan,SOFR,2029-07,2021-07,Lab testing services for nicotine containing products,,,,5.63,1.75,,Industrials,Commercial & Professional Services,First Lien,Labstat,Laboratories Bidco LLC
ARCC,0001287750,0001628280-26-050307,10-Q,2026-06-30,2026-07-29,Laboratories Bidco LLC and Laboratories Topco LLC | First lien senior secured loan 2,Laboratories Bidco LLC,Laboratories Bidco LLC,First Lien,,,,18400000.0,23900000.0,24000000.0,,76.67,1.75,4.19,,,False,,,USD,18400000.0,Health Care Equipment and Services,,First lien senior secured loan,SOFR,2029-12,2024-12,Medical technology company focused on value based care services and payment solutions,,,,9.31,5.5,,Health Care,Health Care Equipment & Services,First Lien,Labstat,Laboratories Bidco LLC
ARCC,0001287750,0001628280-26-050307,10-Q,2026-06-30,2026-07-29,Laboratories Bidco LLC and Laboratories Topco LLC | First lien senior secured loan 3,Laboratories Bidco LLC,Laboratories Bidco LLC,First Lien,,,,100000.0,100000.0,100000.0,,100.0,1.75,5.63,,,False,,,USD,100000.0,Software and Services,,First lien senior secured revolving loan,SOFR,2031-01,2024-01,"Provider of CRM, ERP and supply chain software application",,,,8.42,4.75,,Information Technology,Software & Services,First Lien,Labstat,Laboratories Bidco LLC
ARCC,0001287750,0001628280-26-050307,10-Q,2026-06-30,2026-07-29,Laboratories Bidco LLC and Laboratories Topco LLC | First lien senior secured loan 4,Laboratories Bidco LLC,Laboratories Bidco LLC,First Lien,,,,300000.0,400000.0,400000.0,,75.0,5.75,9.48,,,False,,,USD,300000.0,Financial Services,,First lien senior secured loan,SOFR,2031-03,2025-08,Wealth management and financial planning firm,,,,8.14,4.5,,Financials,Diversified Financials,First Lien,Labstat,Laboratories Bidco LLC
ARCC,0001287750,0001628280-26-050307,10-Q,2026-06-30,2026-07-29,Laboratories Bidco LLC and Laboratories Topco LLC | First lien senior secured loan 5,Laboratories Bidco LLC,Laboratories Bidco LLC,First Lien,,,,13700000.0,16800000.0,17800000.0,,76.97,1.75,5.63,,,False,,,USD,13700000.0,Financial Services,,Z2 preferred shares,,2031-08,2025-08,Global wealth management firm,,,,12.0,,6.0,Financials,Diversified Financials,First Lien,Labstat,Laboratories Bidco LLC
ARCC,0001287750,0001628280-26-050307,10-Q,2026-06-30,2026-07-29,Laboratories Bidco LLC and Laboratories Topco LLC | Class A units,Laboratories Bidco LLC,Laboratories Bidco LLC,Common Equity,,,,0.0,4600000.0,,3099335.0,0.0,,,,,False,,,USD,0.0,,,,,,,,,,,,,,Industrials,Commercial & Professional Services,Common Equity,Labstat,Laboratories Bidco LLC
ARCC,0001287750,0001628280-26-050307,10-Q,2026-06-30,2026-07-29,LBC Woodlands Purchaser LLC and LBC Woodlands Holdings LP | First lien senior secured revolving loan,LBC Woodlands Purchaser LLC,LBC Woodlands Purchaser LLC,First Lien,,,,200000.0,200000.0,200000.0,,100.0,5.0,8.66,,,False,,,USD,200000.0,Commercial and Professional Services,,First lien senior secured revolving loan,SOFR,2030-07,2024-07,Provider of human resources and workforce management solutions,,,,8.66,5.0,,Industrials,Commercial & Professional Services,First Lien,,LBC Woodlands Purchaser LLC
ARCC,0001287750,0001628280-26-050307,10-Q,2026-06-30,2026-07-29,LBC Woodlands Purchaser LLC and LBC Woodlands Holdings LP | First lien senior secured loan,LBC Woodlands Purchaser LLC,LBC Woodlands Purchaser LLC,First Lien,,,,18300000.0,18900000.0,18900000.0,,96.83,5.0,8.66,,,False,,,USD,18300000.0,Commercial and Professional Services,,First lien senior secured loan,SOFR,2031-07,2024-07,Provider of human resources and workforce management solutions,,,,8.66,5.0,,Industrials,Commercial & Professional Services,First Lien,,LBC Woodlands Purchaser LLC
ARCC,0001287750,0001628280-26-050307,10-Q,2026-06-30,2026-07-29,LBC Woodlands Purchaser LLC and LBC Woodlands Holdings LP | Class A common units,LBC Woodlands Purchaser LLC,LBC Woodlands Purchaser LLC,Common Equity,,,,800000.0,1200000.0,,1205000.0,66.67,,,,,False,,,USD,800000.0,Commercial and Professional Services,,Class A common units,,,2024-07,Provider of human resources and workforce management solutions,,,,,,,Industrials,Commercial & Professional Services,Common Equity,,LBC Woodlands Purchaser LLC
ARCC,0001287750,0001628280-26-050307,10-Q,2026-06-30,2026-07-29,"Lightbeam Bidco, Inc. | First lien senior secured revolving loan",Lightbeam Bidco,Lightbeam Bidco,First Lien,,,,0.0,0.0,0.0,,,,,,,False,,,USD,0.0,,,,,,,,,,,,,,Industrials,Commercial & Professional Services,First Lien,,Lightbeam Bidco
ARCC,0001287750,0001628280-26-050307,10-Q,2026-06-30,2026-07-29,"Lightbeam Bidco, Inc. | First lien senior secured loan 1",Lightbeam Bidco,Lightbeam Bidco,First Lien,,,,11800000.0,11800000.0,11800000.0,,100.0,4.8,8.46,,,False,,,USD,11800000.0,Commercial and Professional Services,,First lien senior secured loan,SOFR,2030-05,2025-12,Provider of yard management services,,,,8.46,4.8,,Industrials,Commercial & Professional Services,First Lien,,Lightbeam Bidco
ARCC,0001287750,0001628280-26-050307,10-Q,2026-06-30,2026-07-29,"LJP Purchaser, Inc. and LJP Topco, LP | First lien senior secured loan 1","LJP Purchaser, Inc.","LJP Purchaser, Inc.",First Lien,,,,29100000.0,29100000.0,29100000.0,,100.0,5.5,9.23,,,False,,,USD,29100000.0,Commercial and Professional Services,,First lien senior secured loan,SOFR,2030-09,2022-09,Provider of non-hazardous solid waste and recycling services,,,,9.23,5.5,,Industrials,Commercial & Professional Services,First Lien,,"LJP Purchaser, Inc."
ARCC,0001287750,0001628280-26-050307,10-Q,2026-06-30,2026-07-29,"LJP Purchaser, Inc. and LJP Topco, LP | Class A units","LJP Purchaser, Inc.","LJP Purchaser, Inc.",Common Equity,,,,7600000.0,8000000.0,,5884191.0,95.0,,,,8.0,True,,,USD,7600000.0,Commercial and Professional Services,,Class A units,,,2022-09,Provider of non-hazardous solid waste and recycling services,,,,8.0,,,Industrials,Commercial & Professional Services,Common Equity,,"LJP Purchaser, Inc."
ARCC,0001287750,0001628280-26-050307,10-Q,2026-06-30,2026-07-29,"Microstar Logistics LLC, Microstar Global Asset Management LLC, MStar Holding Corporation and Kegstar USA Inc. | First lien senior secured loan",Microstar Logistics LLC,Microstar Logistics LLC,First Lien,,,,134100000.0,134100000.0,134100000.0,,100.0,7.5,11.23,,,False,,,USD,134100000.0,Commercial and Professional Services,,First lien senior secured loan,SOFR,2030-12,2024-12,Keg management solutions provider,,,,11.23,7.5,,Industrials,Commercial & Professional Services,First Lien,MicroStar Logistics,Microstar Logistics LLC
ARCC,0001287750,0001628280-26-050307,10-Q,2026-06-30,2026-07-29,"MSIS Holdings, Inc. and MS Precision Parent, LP | First lien senior secured revolving loan","MSIS Holdings, Inc.","MSIS Holdings, Inc.",First Lien,,,,1000000.0,1000000.0,1000000.0,,100.0,3.75,10.5,,,False,,,USD,1000000.0,Commercial and Professional Services,,First lien senior secured revolving loan,,2031-03,2025-03,Provider of heavy industrial machinery maintenance and repair services,,,,10.5,3.75,,Industrials,Commercial & Professional Services,First Lien,,"MSIS Holdings, Inc."
ARCC,0001287750,0001628280-26-050307,10-Q,2026-06-30,2026-07-29,"MSIS Holdings, Inc. and MS Precision Parent, LP | First lien senior secured loan","MSIS Holdings, Inc.","MSIS Holdings, Inc.",First Lien,,,,23400000.0,23400000.0,23400000.0,,100.0,4.75,8.48,,,False,,,USD,23400000.0,Commercial and Professional Services,,First lien senior secured loan,SOFR,2031-03,2025-03,Provider of heavy industrial machinery maintenance and repair services,,,,8.48,4.75,,Industrials,Commercial & Professional Services,First Lien,,"MSIS Holdings, Inc."
ARCC,0001287750,0001628280-26-050307,10-Q,2026-06-30,2026-07-29,"MSIS Holdings, Inc. and MS Precision Parent, LP | Class A-1 units","MSIS Holdings, Inc.","MSIS Holdings, Inc.",Common Equity,,,,1500000.0,1200000.0,,1184000.0,125.0,,,,,False,,,USD,1500000.0,Commercial and Professional Services,,Class A-1 units,,,2025-03,Provider of heavy industrial machinery maintenance and repair services,,,,,,,Industrials,Commercial & Professional Services,Common Equity,,"MSIS Holdings, Inc."
ARCC,0001287750,0001628280-26-050307,10-Q,2026-06-30,2026-07-29,"NAS, LLC and Nationwide Marketing Group, LLC | First lien senior secured revolving loan","NAS, LLC","NAS, LLC",First Lien,,,,10600000.0,12500000.0,12500000.0,,84.8,,,,,False,,,USD,10600000.0,Commercial and Professional Services,,First lien senior secured revolving loan,,2026-05,2020-11,"Buying and marketing services organization for appliance, furniture and consumer electronics dealers",,,,,,,Industrials,Commercial & Professional Services,First Lien,,"NAS, LLC"
ARCC,0001287750,0001628280-26-050307,10-Q,2026-06-30,2026-07-29,Neptune Bidco US Inc. and Elliott Metron Co-Investor Aggregator L.P. | First lien senior secured revolving loan,Neptune Bidco US Inc.,Neptune Bidco US Inc.,First Lien,,,,0.0,0.0,0.0,,,,,,,False,,,USD,0.0,,,,,,,,,,,,,,Industrials,Commercial & Professional Services,First Lien,Nielsen,Neptune Bidco US Inc.
ARCC,0001287750,0001628280-26-050307,10-Q,2026-06-30,2026-07-29,Neptune Bidco US Inc. and Elliott Metron Co-Investor Aggregator L.P. | First lien senior secured notes,Neptune Bidco US Inc.,Neptune Bidco US Inc.,First Lien,,,,53900000.0,52100000.0,52800000.0,,102.08,,9.29,,,False,,,USD,53900000.0,Commercial and Professional Services,,First lien senior secured notes,,2029-04,2022-11,"Provider of audience insights, data and analytics to entertainment industry",,,,9.29,,,Industrials,Commercial & Professional Services,First Lien,Nielsen,Neptune Bidco US Inc.
ARCC,0001287750,0001628280-26-050307,10-Q,2026-06-30,2026-07-29,Neptune Bidco US Inc. and Elliott Metron Co-Investor Aggregator L.P. | First lien senior secured loan,Neptune Bidco US Inc.,Neptune Bidco US Inc.,First Lien,,,,49500000.0,50000000.0,50000000.0,,99.0,5.0,8.77,,,False,,,USD,49500000.0,Commercial and Professional Services,,First lien senior secured loan,SOFR,2033-02,2026-01,"Provider of audience insights, data and analytics to entertainment industry",,,,8.77,5.0,,Industrials,Commercial & Professional Services,First Lien,Nielsen,Neptune Bidco US Inc.
ARCC,0001287750,0001628280-26-050307,10-Q,2026-06-30,2026-07-29,Neptune Bidco US Inc. and Elliott Metron Co-Investor Aggregator L.P. | Limited partnership interests,Neptune Bidco US Inc.,Neptune Bidco US Inc.,LP Interest,,,,7200000.0,4100000.0,,4040000.0,175.61,,,,,False,,,USD,7200000.0,Commercial and Professional Services,,Limited partnership interests,,,2022-10,"Provider of audience insights, data and analytics to entertainment industry",,,,,,,Industrials,Commercial & Professional Services,Common Equity,Nielsen,Neptune Bidco US Inc.
ARCC,0001287750,0001628280-26-050307,10-Q,2026-06-30,2026-07-29,"Nest Topco Borrower Inc., KKR Nest Co-Invest L.P., and NBLY 2021-1 | Limited partner interest",Nest Topco Borrower Inc.,Nest Topco Borrower Inc.,LP Interest,,,,12500000.0,9700000.0,,9725000.0,128.87,,,,,False,,,USD,12500000.0,Commercial and Professional Services,,Limited partner interest,,,2021-09,Operator of multiple franchise concepts primarily related to home maintenance or repairs,,,,,,,Industrials,Commercial & Professional Services,Common Equity,,Nest Topco Borrower Inc.
ARCC,0001287750,0001628280-26-050307,10-Q,2026-06-30,2026-07-29,Priority Waste Holdings LLC and Priority Waste Holdings Indiana LLC | First lien senior secured loan 1,Priority Waste Holdings LLC,Priority Waste Holdings LLC,First Lien,,,,45100000.0,45100000.0,45100000.0,,100.0,5.75,,,9.44,True,,,USD,45100000.0,Commercial and Professional Services,,First lien senior secured loan,SOFR,2031-05,2026-05,Solid waste services provider,,,,9.44,5.75,,Industrials,Commercial & Professional Services,First Lien,Priority Waste,Priority Waste Holdings LLC
ARCC,0001287750,0001628280-26-050307,10-Q,2026-06-30,2026-07-29,Priority Waste Holdings LLC and Priority Waste Holdings Indiana LLC | First lien senior secured loan 2,Priority Waste Holdings LLC,Priority Waste Holdings LLC,First Lien,,,,2900000.0,2900000.0,2900000.0,,100.0,5.5,,,9.44,True,,,USD,2900000.0,Commercial and Professional Services,,First lien senior secured loan,SOFR,2031-05,2026-05,Solid waste services provider,,,,9.44,5.5,,Industrials,Commercial & Professional Services,First Lien,Priority Waste,Priority Waste Holdings LLC
ARCC,0001287750,0001628280-26-050307,10-Q,2026-06-30,2026-07-29,"Pritchard Industries, LLC and LJ Pritchard TopCo Holdings, LLC | First lien senior secured loan","Pritchard Industries, LLC","Pritchard Industries, LLC",First Lien,,,,17600000.0,18700000.0,18700000.0,,94.12,6.0,9.85,,,False,,,USD,17600000.0,Commercial and Professional Services,,First lien senior secured loan,SOFR,2027-10,2023-11,Provider of janitorial and facilities management services,,,,9.85,6.0,,Industrials,Commercial & Professional Services,First Lien,,"Pritchard Industries, LLC"
ARCC,0001287750,0001628280-26-050307,10-Q,2026-06-30,2026-07-29,"Pritchard Industries, LLC and LJ Pritchard TopCo Holdings, LLC | First lien senior secured loan 2","Pritchard Industries, LLC","Pritchard Industries, LLC",First Lien,,,,61300000.0,66000000.0,66000000.0,,92.88,5.75,9.6,,,False,,,USD,61300000.0,Commercial and Professional Services,,First lien senior secured loan,SOFR,2027-10,2021-10,Provider of janitorial and facilities management services,,,,9.6,5.75,,Industrials,Commercial & Professional Services,First Lien,,"Pritchard Industries, LLC"
ARCC,0001287750,0001628280-26-050307,10-Q,2026-06-30,2026-07-29,"Pritchard Industries, LLC and LJ Pritchard TopCo Holdings, LLC | Class A units","Pritchard Industries, LLC","Pritchard Industries, LLC",Common Equity,,,,6300000.0,9000000.0,,8749201.0,70.0,,,,,False,,,USD,6300000.0,Commercial and Professional Services,,Class A units,,,2021-10,Provider of janitorial and facilities management services,,,,,,,Industrials,Commercial & Professional Services,Common Equity,,"Pritchard Industries, LLC"
ARCC,0001287750,0001628280-26-050307,10-Q,2026-06-30,2026-07-29,PS Operating Company LLC and PS Op Holdings LLC | First lien senior secured revolving loan,PS Operating Company LLC,PS Operating Company LLC,First Lien,,,,4200000.0,19900000.0,25400000.0,,16.54,,,,,False,,,USD,4200000.0,Commercial and Professional Services,,First lien senior secured revolving loan,,2028-06,2021-12,Specialty distributor and solutions provider to the swine and poultry markets,,,,,,,Industrials,Commercial & Professional Services,First Lien,,PS Operating Company LLC
ARCC,0001287750,0001628280-26-050307,10-Q,2026-06-30,2026-07-29,PS Operating Company LLC and PS Op Holdings LLC | Common units,PS Operating Company LLC,PS Operating Company LLC,Common Equity,,,,0.0,7400000.0,,279200.0,0.0,,,,,False,,,USD,0.0,,,,,,,,,,,,,,Industrials,Commercial & Professional Services,Common Equity,,PS Operating Company LLC
ARCC,0001287750,0001628280-26-050307,10-Q,2026-06-30,2026-07-29,"PSC Parent, Inc. | First lien senior secured revolving loan",PSC Parent,PSC Parent,First Lien,,,,2300000.0,2300000.0,2300000.0,,100.0,5.25,8.89,,,False,,,USD,2300000.0,Commercial and Professional Services,,First lien senior secured revolving loan,SOFR,2030-04,2024-04,Provider of operational services for US petrochemical and refining companies,,,,8.89,5.25,,Industrials,Commercial & Professional Services,First Lien,,PSC Parent
ARCC,0001287750,0001628280-26-050307,10-Q,2026-06-30,2026-07-29,"PSC Parent, Inc. | First lien senior secured loan 1",PSC Parent,PSC Parent,First Lien,,,,58700000.0,58700000.0,58700000.0,,100.0,5.25,8.89,,,False,,,USD,58700000.0,Commercial and Professional Services,,First lien senior secured loan,SOFR,2031-04,2024-04,Provider of operational services for US petrochemical and refining companies,,,,8.89,5.25,,Industrials,Commercial & Professional Services,First Lien,,PSC Parent
ARCC,0001287750,0001628280-26-050307,10-Q,2026-06-30,2026-07-29,R2 Acquisition Corp. | Common stock,R2 Acquisition Corp.,R2 Acquisition Corp.,Common Equity,,,,300000.0,200000.0,,250000.0,150.0,,,,,False,,,USD,300000.0,Commercial and Professional Services,,Common stock,,,2007-05,Marketing services,,,,,,,Industrials,Commercial & Professional Services,Common Equity,,R2 Acquisition Corp.
ARCC,0001287750,0001628280-26-050307,10-Q,2026-06-30,2026-07-29,"RE Community Holdings GP, LLC and RE Community Holdings, LP | Limited partnership interest 1","RE Community Holdings GP, LLC","RE Community Holdings GP, LLC",LP Interest,,,,0.0,0.0,,,,,,,,False,,,USD,0.0,,,,,,,,,,,,,,Other,Other,Common Equity,,"RE Community Holdings GP, LLC"
ARCC,0001287750,0001628280-26-050307,10-Q,2026-06-30,2026-07-29,"Registrar Intermediate, LLC and PSP Registrar Co-Investment Fund, L.P. | First lien senior secured revolving loan","Registrar Intermediate, LLC","Registrar Intermediate, LLC",First Lien,,,,18000000.0,18500000.0,18500000.0,,97.3,5.0,8.68,,,False,,,USD,18000000.0,Commercial and Professional Services,,First lien senior secured revolving loan,SOFR,2029-08,2021-08,Provider of FDA registration and consulting services,,,,8.68,5.0,,Industrials,Commercial & Professional Services,First Lien,,"Registrar Intermediate, LLC"
ARCC,0001287750,0001628280-26-050307,10-Q,2026-06-30,2026-07-29,"Registrar Intermediate, LLC and PSP Registrar Co-Investment Fund, L.P. | Limited partner interests","Registrar Intermediate, LLC","Registrar Intermediate, LLC",LP Interest,,,,2000000.0,2700000.0,,,74.07,,,,,False,,,USD,2000000.0,Health Care Equipment and Services,,Class A preferred units,,,2023-08,Veterinary hospital operator,,,,,,,Health Care,Health Care Equipment & Services,Common Equity,,"Registrar Intermediate, LLC"
ARCC,0001287750,0001628280-26-050307,10-Q,2026-06-30,2026-07-29,"Research Now Group, LLC and Dynata, LLC and New Insight Holdings, Inc. | Common units","Research Now Group, LLC","Research Now Group, LLC",Common Equity,,,,0.0,0.0,,49.0,,,,,,False,,,USD,0.0,,,,,,,,,,,,,,Other,Other,Common Equity,,"Research Now Group, LLC"
ARCC,0001287750,0001628280-26-050307,10-Q,2026-06-30,2026-07-29,"Research Now Group, LLC and Dynata, LLC and New Insight Holdings, Inc. | Warrants to purchase shares of common stock","Research Now Group, LLC","Research Now Group, LLC",Warrant,,,,0.0,0.0,,142.0,,,,,,False,,,USD,0.0,,,,,,,,,,,,,,Other,Other,Warrant,,"Research Now Group, LLC"
ARCC,0001287750,0001628280-26-050307,10-Q,2026-06-30,2026-07-29,"Rocket Buyer, LLC | First lien senior secured revolving loan",Rocket Buyer,Rocket Buyer,First Lien,,,,17200000.0,17400000.0,17400000.0,,98.85,4.5,8.16,,,False,,,USD,17200000.0,Commercial and Professional Services,,First lien senior secured revolving loan,SOFR,2033-02,2026-02,Provider of security systems to enterprises,,,,8.16,4.5,,Industrials,Commercial & Professional Services,First Lien,,Rocket Buyer
ARCC,0001287750,0001628280-26-050307,10-Q,2026-06-30,2026-07-29,Rodeo AcquisitionCo LLC | First lien senior secured revolving loan,Rodeo AcquisitionCo LLC,Rodeo AcquisitionCo LLC,First Lien,,,,18600000.0,18600000.0,18600000.0,,100.0,4.75,8.48,,,False,,,USD,18600000.0,Commercial and Professional Services,,First lien senior secured revolving loan,SOFR,2029-07,2021-07,Provider of food inspection and recovery services,,,,8.48,4.75,,Industrials,Commercial & Professional Services,First Lien,,Rodeo AcquisitionCo LLC
ARCC,0001287750,0001628280-26-050307,10-Q,2026-06-30,2026-07-29,Saturn Purchaser Corp. | First lien senior secured loan,Saturn Purchaser Corp.,Saturn Purchaser Corp.,First Lien,,,,1700000.0,1700000.0,1700000.0,,100.0,4.85,8.52,,,False,,,USD,1700000.0,Commercial and Professional Services,,First lien senior secured loan,SOFR,2030-07,2023-07,Private aviation management company,,,,8.52,4.85,,Industrials,Commercial & Professional Services,First Lien,,Saturn Purchaser Corp.
ARCC,0001287750,0001628280-26-050307,10-Q,2026-06-30,2026-07-29,"SGM Acquisition Sub, LLC and Schill Holdings, LP | First lien senior secured revolving loan","SGM Acquisition Sub, LLC","SGM Acquisition Sub, LLC",First Lien,,,,27600000.0,27600000.0,27600000.0,,100.0,4.75,8.39,,,False,,,USD,27600000.0,Commercial and Professional Services,,First lien senior secured revolving loan,SOFR,2031-12,2025-12,"Provider of landscape design and planning, and snow removal services",,,,8.39,4.75,,Industrials,Commercial & Professional Services,First Lien,,"SGM Acquisition Sub, LLC"
ARCC,0001287750,0001628280-26-050307,10-Q,2026-06-30,2026-07-29,"SGM Acquisition Sub, LLC and Schill Holdings, LP | Common units","SGM Acquisition Sub, LLC","SGM Acquisition Sub, LLC",Common Equity,,,,1300000.0,1500000.0,,1492000.0,86.67,,,,,False,,,USD,1300000.0,Commercial and Professional Services,,Common units,,,2025-12,"Provider of landscape design and planning, and snow removal services",,,,,,,Industrials,Commercial & Professional Services,Common Equity,,"SGM Acquisition Sub, LLC"
ARCC,0001287750,0001628280-26-050307,10-Q,2026-06-30,2026-07-29,"Startec Equity, LLC | Member interest",Startec Equity,Startec Equity,LLC Interest,,,,0.0,0.0,,190581.0,,,,,,False,,,USD,0.0,,,,,,,,,,,,,,Other,Other,Common Equity,,Startec Equity
ARCC,0001287750,0001628280-26-050307,10-Q,2026-06-30,2026-07-29,"SV Newco 2, Inc. and Site 2020 Incorporated | First lien senior secured revolving loan 1",SV Newco 2,SV Newco 2,First Lien,,,,400000.0,400000.0,400000.0,,100.0,4.0,10.75,,,False,,,USD,400000.0,Commercial and Professional Services,,First lien senior secured revolving loan,,2031-06,2024-05,Provider of outsourced traffic control safety services,,,,10.75,4.0,,Industrials,Commercial & Professional Services,First Lien,,SV Newco 2
ARCC,0001287750,0001628280-26-050307,10-Q,2026-06-30,2026-07-29,"SV Newco 2, Inc. and Site 2020 Incorporated | First lien senior secured revolving loan 2",SV Newco 2,SV Newco 2,First Lien,,,,17700000.0,17700000.0,17700000.0,,100.0,5.0,8.68,,,False,,,USD,17700000.0,Commercial and Professional Services,,First lien senior secured revolving loan,SOFR,2031-06,2024-05,Provider of outsourced traffic control safety services,,,,8.68,5.0,,Industrials,Commercial & Professional Services,First Lien,,SV Newco 2
ARCC,0001287750,0001628280-26-050307,10-Q,2026-06-30,2026-07-29,"Systems Planning and Analysis, Inc. | First lien senior secured revolving loan",Systems Planning and Analysis,Systems Planning and Analysis,First Lien,,,,2500000.0,2400000.0,2500000.0,,100.0,4.75,8.45,,,False,,,USD,2500000.0,Commercial and Professional Services,,First lien senior secured revolving loan,SOFR,2027-08,2022-05,Provider of systems engineering and technical assistance to the US DoD,,,,8.45,4.75,,Industrials,Commercial & Professional Services,First Lien,,Systems Planning and Analysis
ARCC,0001287750,0001628280-26-050307,10-Q,2026-06-30,2026-07-29,Talon Buyer Inc. and Talon Holdings SCSP | First lien senior secured loan,Talon Buyer Inc.,Talon Buyer Inc.,First Lien,,,,15900000.0,16100000.0,16100000.0,,98.76,4.25,7.92,,,False,,,USD,15900000.0,Commercial and Professional Services,,First lien senior secured loan,SOFR,2032-07,2025-07,Provider of fire safety and life safety services,,,,7.92,4.25,,Industrials,Commercial & Professional Services,First Lien,,Talon Buyer Inc.
ARCC,0001287750,0001628280-26-050307,10-Q,2026-06-30,2026-07-29,Talon Buyer Inc. and Talon Holdings SCSP | Class A units,Talon Buyer Inc.,Talon Buyer Inc.,Common Equity,,,,7800000.0,6400000.0,,6445000.0,121.88,,,,,False,,,USD,7800000.0,Commercial and Professional Services,,Class A units,,,2025-07,Provider of fire safety and life safety services,,,,,,,Industrials,Commercial & Professional Services,Common Equity,,Talon Buyer Inc.
ARCC,0001287750,0001628280-26-050307,10-Q,2026-06-30,2026-07-29,"Thermostat Purchaser III, Inc. | First lien senior secured revolving loan",Thermostat Purchaser III,Thermostat Purchaser III,First Lien,,,,1100000.0,1100000.0,1100000.0,,100.0,3.0,9.75,,,False,,,USD,1100000.0,Commercial and Professional Services,,First lien senior secured revolving loan,,2028-08,2021-08,Provider of commercial HVAC equipment maintenance and repair services,,,,9.75,3.0,,Industrials,Commercial & Professional Services,First Lien,,Thermostat Purchaser III
ARCC,0001287750,0001628280-26-050307,10-Q,2026-06-30,2026-07-29,"Thermostat Purchaser III, Inc. | Second lien senior secured loan",Thermostat Purchaser III,Thermostat Purchaser III,Second Lien,,,,22800000.0,23000000.0,23000000.0,,99.13,7.25,11.07,,,False,,,USD,22800000.0,Commercial and Professional Services,,Second lien senior secured loan,SOFR,2029-08,2021-08,Provider of commercial HVAC equipment maintenance and repair services,,,,11.07,7.25,,Industrials,Commercial & Professional Services,Second Lien,,Thermostat Purchaser III
ARCC,0001287750,0001628280-26-050307,10-Q,2026-06-30,2026-07-29,"TSS Buyer, LLC | First lien senior secured loan 1",TSS Buyer,TSS Buyer,First Lien,,,,2900000.0,2800000.0,2900000.0,,100.0,5.0,8.69,,,False,,,USD,2900000.0,Commercial and Professional Services,,First lien senior secured loan,SOFR,2029-06,2026-03,"Provider of outsourced testing, inspection, certification, and compliance services to healthcare and life sciences end markets",,,,8.69,5.0,,Industrials,Commercial & Professional Services,First Lien,,TSS Buyer
ARCC,0001287750,0001628280-26-050307,10-Q,2026-06-30,2026-07-29,"TVG-MGT Upper Intermediate Holdings, LLC and Vistria Blocked MGT Investor, LP | Senior subordinated loan","TVG-MGT Upper Intermediate Holdings, LLC","TVG-MGT Upper Intermediate Holdings, LLC",Senior Subordinated,,,,27100000.0,27900000.0,27900000.0,,97.13,,,,14.0,True,,,USD,27100000.0,Commercial and Professional Services,,Senior subordinated loan,,2031-08,2025-08,"Management consulting firm servicing education, technology and public sectors",,,,14.0,,,Industrials,Commercial & Professional Services,Subordinated,,"TVG-MGT Upper Intermediate Holdings, LLC"
ARCC,0001287750,0001628280-26-050307,10-Q,2026-06-30,2026-07-29,"TVG-MGT Upper Intermediate Holdings, LLC and Vistria Blocked MGT Investor, LP | Class A common units","TVG-MGT Upper Intermediate Holdings, LLC","TVG-MGT Upper Intermediate Holdings, LLC",Common Equity,,,,3400000.0,4100000.0,,2712.0,82.93,,,,,False,,,USD,3400000.0,Commercial and Professional Services,,Class A common units,,,2025-08,"Management consulting firm servicing education, technology and public sectors",,,,,,,Industrials,Commercial & Professional Services,Common Equity,,"TVG-MGT Upper Intermediate Holdings, LLC"
ARCC,0001287750,0001628280-26-050307,10-Q,2026-06-30,2026-07-29,"Unifi Aviation North America LLC and Unifi Aviation Canada, Inc. | First lien senior secured loan 1",Unifi Aviation North America LLC,Unifi Aviation North America LLC,First Lien,,,,57200000.0,57200000.0,57200000.0,,100.0,5.25,9.07,,,False,,,USD,57200000.0,Commercial and Professional Services,,First lien senior secured loan,SOFR,2028-09,2024-04,"Provider of outsourced security guard services, outsourced facilities management and outsourced aviation services",,,,9.07,5.25,,Industrials,Commercial & Professional Services,First Lien,,Unifi Aviation North America LLC
ARCC,0001287750,0001628280-26-050307,10-Q,2026-06-30,2026-07-29,"Unity Purchaser, LLC and Unity Ultimate Holdings, LP | First lien senior secured loan","Unity Purchaser, LLC","Unity Purchaser, LLC",First Lien,,,,14100000.0,14200000.0,14200000.0,,99.3,5.0,8.73,,,False,,,USD,14100000.0,Commercial and Professional Services,,First lien senior secured loan,SOFR,2031-01,2025-01,"Provider of specialty mechanical services for critical HVAC, plumbing, and related systems",,,,8.73,5.0,,Industrials,Commercial & Professional Services,First Lien,,"Unity Purchaser, LLC"
ARCC,0001287750,0001628280-26-050307,10-Q,2026-06-30,2026-07-29,"Unity Purchaser, LLC and Unity Ultimate Holdings, LP | Class A-1 units","Unity Purchaser, LLC","Unity Purchaser, LLC",Common Equity,,,,2100000.0,2100000.0,,2068000.0,100.0,,,,,False,,,USD,2100000.0,Commercial and Professional Services,,Class A-1 units,,,2025-01,"Provider of specialty mechanical services for critical HVAC, plumbing, and related systems",,,,,,,Industrials,Commercial & Professional Services,Common Equity,,"Unity Purchaser, LLC"
ARCC,0001287750,0001628280-26-050307,10-Q,2026-06-30,2026-07-29,UP Intermediate II LLC and UPBW Blocker LLC | First lien senior secured revolving loan,UP Intermediate II LLC,UP Intermediate II LLC,First Lien,,,,600000.0,600000.0,600000.0,,100.0,3.5,10.25,,,False,,,USD,600000.0,Commercial and Professional Services,,First lien senior secured revolving loan,,2031-03,2024-03,"Provider of essential mechanical, electrical and plumbing services to commercial customers",,,,10.25,3.5,,Industrials,Commercial & Professional Services,First Lien,,UP Intermediate II LLC
ARCC,0001287750,0001628280-26-050307,10-Q,2026-06-30,2026-07-29,UP Intermediate II LLC and UPBW Blocker LLC | First lien senior secured loan,UP Intermediate II LLC,UP Intermediate II LLC,First Lien,,,,4700000.0,4700000.0,4700000.0,,100.0,4.5,8.23,,,False,,,USD,4700000.0,Commercial and Professional Services,,First lien senior secured loan,SOFR,2032-03,2024-03,"Provider of essential mechanical, electrical and plumbing services to commercial customers",,,,8.23,4.5,,Industrials,Commercial & Professional Services,First Lien,,UP Intermediate II LLC
ARCC,0001287750,0001628280-26-050307,10-Q,2026-06-30,2026-07-29,UP Intermediate II LLC and UPBW Blocker LLC | Senior preferred units,UP Intermediate II LLC,UP Intermediate II LLC,Preferred Equity,,,,1200000.0,1200000.0,,10340.0,100.0,,,,15.0,True,,,USD,1200000.0,Commercial and Professional Services,,Senior preferred units,,,2025-07,"Provider of essential mechanical, electrical and plumbing services to commercial customers",,,,15.0,,,Industrials,Commercial & Professional Services,Preferred Equity,,UP Intermediate II LLC
ARCC,0001287750,0001628280-26-050307,10-Q,2026-06-30,2026-07-29,UP Intermediate II LLC and UPBW Blocker LLC | Common units 1,UP Intermediate II LLC,UP Intermediate II LLC,Common Equity,,,,9200000.0,6000000.0,,60470.0,153.33,,,,,False,,,USD,9200000.0,Commercial and Professional Services,,Common units,,,2024-03,"Provider of essential mechanical, electrical and plumbing services to commercial customers",,,,,,,Industrials,Commercial & Professional Services,Common Equity,,UP Intermediate II LLC
ARCC,0001287750,0001628280-26-050307,10-Q,2026-06-30,2026-07-29,UP Intermediate II LLC and UPBW Blocker LLC | Common units 2,UP Intermediate II LLC,UP Intermediate II LLC,Common Equity,,,,600000.0,300000.0,,3918.0,200.0,,,,,False,,,USD,600000.0,Commercial and Professional Services,,First lien senior secured revolving loan,,2031-03,2024-03,"Provider of essential mechanical, electrical and plumbing services to commercial customers",,,,10.25,3.5,,Industrials,Commercial & Professional Services,Common Equity,,UP Intermediate II LLC
ARCC,0001287750,0001628280-26-050307,10-Q,2026-06-30,2026-07-29,"Valcourt Holdings II, LLC and Jobs Holdings, Inc. | First lien senior secured loan","Valcourt Holdings II, LLC","Valcourt Holdings II, LLC",First Lien,,,,117600000.0,117600000.0,117600000.0,,100.0,4.75,8.39,,,False,,,USD,117600000.0,Commercial and Professional Services,,First lien senior secured loan,SOFR,2033-05,2026-05,Provider of window cleaning and building facade maintenance and restoration services,,,,8.39,4.75,,Industrials,Commercial & Professional Services,First Lien,Valcourt,"Valcourt Holdings II, LLC"
ARCC,0001287750,0001628280-26-050307,10-Q,2026-06-30,2026-07-29,"Visual Edge Technology, Inc., VEIT, LLC, and VEIT Topco, LLC | First lien senior secured revolving loan","Visual Edge Technology, Inc.","Visual Edge Technology, Inc.",First Lien,,,,4800000.0,4800000.0,4800000.0,,100.0,5.0,8.84,,,False,,,USD,4800000.0,Commercial and Professional Services,,First lien senior secured revolving loan,SOFR,2029-01,2025-12,Provider of outsourced office solutions with a focus on printer and copier equipment and other parts and supplies,,,,8.84,5.0,,Industrials,Commercial & Professional Services,First Lien,Visual Edge IT,"Visual Edge Technology, Inc."
ARCC,0001287750,0001628280-26-050307,10-Q,2026-06-30,2026-07-29,"Visual Edge Technology, Inc., VEIT, LLC, and VEIT Topco, LLC | First lien senior secured loan 1","Visual Edge Technology, Inc.","Visual Edge Technology, Inc.",First Lien,,,,20700000.0,20600000.0,20700000.0,,100.0,12.15,16.0,,12.0,True,,,USD,20700000.0,Commercial and Professional Services,,First lien senior secured loan,SOFR,2029-01,2026-06,Provider of outsourced office solutions with a focus on printer and copier equipment and other parts and supplies,,,,16.0,12.15,12.0,Industrials,Commercial & Professional Services,First Lien,Visual Edge IT,"Visual Edge Technology, Inc."
ARCC,0001287750,0001628280-26-050307,10-Q,2026-06-30,2026-07-29,"Visual Edge Technology, Inc., VEIT, LLC, and VEIT Topco, LLC | First lien senior secured loan 5","Visual Edge Technology, Inc.","Visual Edge Technology, Inc.",First Lien,,,,34700000.0,34200000.0,34700000.0,,100.0,7.0,10.88,,3.5,True,,,USD,34700000.0,Commercial and Professional Services,,First lien senior secured loan,SOFR,2029-01,2023-07,Provider of outsourced office solutions with a focus on printer and copier equipment and other parts and supplies,,,,10.88,7.0,3.5,Industrials,Commercial & Professional Services,First Lien,Visual Edge IT,"Visual Edge Technology, Inc."
ARCC,0001287750,0001628280-26-050307,10-Q,2026-06-30,2026-07-29,"Visual Edge Technology, Inc., VEIT, LLC, and VEIT Topco, LLC | Limited partnership interests","Visual Edge Technology, Inc.","Visual Edge Technology, Inc.",LP Interest,,,,6700000.0,17500000.0,,947000.0,38.29,,,,,False,,,USD,6700000.0,Insurance,,First lien senior secured loan,SOFR,2032-03,2025-03,Developer and provider of administration software for managing service contracts and extended warranty products,,,,8.42,4.75,,Financials,Insurance,Common Equity,Visual Edge IT,"Visual Edge Technology, Inc."
ARCC,0001287750,0001628280-26-050307,10-Q,2026-06-30,2026-07-29,"VRC Companies, LLC | Senior subordinated loan",VRC Companies,VRC Companies,Senior Subordinated,,,,5400000.0,5400000.0,5400000.0,,100.0,,12.0,,2.0,True,,,USD,5400000.0,Commercial and Professional Services,,Senior subordinated loan,,2028-06,2022-05,Provider of records and information management services,,,,12.0,,2.0,Industrials,Commercial & Professional Services,Subordinated,,VRC Companies
ARCC,0001287750,0001628280-26-050307,10-Q,2026-06-30,2026-07-29,"VRS Buyer, Inc. | First lien senior secured loan",VRS Buyer,VRS Buyer,First Lien,,,,51100000.0,51700000.0,51700000.0,,98.84,3.5,7.23,,,False,,,USD,51100000.0,Commercial and Professional Services,,First lien senior secured loan,SOFR,2032-10,2025-10,Provider of on-site mobile and rail re-fueling solutions,,,,7.23,3.5,,Industrials,Commercial & Professional Services,First Lien,,VRS Buyer
ARCC,0001287750,0001628280-26-050307,10-Q,2026-06-30,2026-07-29,"W.S. Connelly & Co., LLC and WSC Ultimate Holdings, LLC | First lien senior secured loan 1","W.S. Connelly & Co., LLC","W.S. Connelly & Co., LLC",First Lien,,,,23400000.0,23400000.0,23400000.0,,100.0,5.25,8.98,,,False,,,USD,23400000.0,Commercial and Professional Services,,First lien senior secured loan,SOFR,2030-05,2024-05,"Provider of agronomics products for landscapers, contractors and golf course end users",,,,8.98,5.25,,Industrials,Commercial & Professional Services,First Lien,,"W.S. Connelly & Co., LLC"
ARCC,0001287750,0001628280-26-050307,10-Q,2026-06-30,2026-07-29,"W.S. Connelly & Co., LLC and WSC Ultimate Holdings, LLC | Class A preferred units 1","W.S. Connelly & Co., LLC","W.S. Connelly & Co., LLC",Preferred Equity,,,,1100000.0,1100000.0,,9260.0,100.0,,,,10.0,True,,,USD,1100000.0,Commercial and Professional Services,,Class A preferred units,,,2024-05,"Provider of agronomics products for landscapers, contractors and golf course end users",,,,10.0,,,Industrials,Commercial & Professional Services,Preferred Equity,,"W.S. Connelly & Co., LLC"
ARCC,0001287750,0001628280-26-050307,10-Q,2026-06-30,2026-07-29,"W.S. Connelly & Co., LLC and WSC Ultimate Holdings, LLC | Class A preferred units 2","W.S. Connelly & Co., LLC","W.S. Connelly & Co., LLC",Preferred Equity,,,,300000.0,0.0,,862.0,,,,,,False,,,USD,300000.0,Commercial and Professional Services,,Class A common units,,,2024-05,"Provider of agronomics products for landscapers, contractors and golf course end users",,,,,,,Industrials,Commercial & Professional Services,Preferred Equity,,"W.S. Connelly & Co., LLC"
ARCC,0001287750,0001628280-26-050307,10-Q,2026-06-30,2026-07-29,"XIFIN, Inc. and ACP Charger Co-Invest LLC | Class A units",XIFIN,XIFIN,Common Equity,,,,7000000.0,2700000.0,,226363.0,259.26,,,,,False,,,USD,7000000.0,Commercial and Professional Services,,Class A units,,,2020-02,Revenue cycle management provider to labs,,,,,,,Industrials,Commercial & Professional Services,Common Equity,,XIFIN
ARCC,0001287750,0001628280-26-050307,10-Q,2026-06-30,2026-07-29,"Zinc Buyer Corporation and Marmic Fire & Safety Co., Inc. | First lien senior secured revolving loan",Zinc Buyer Corporation,Zinc Buyer Corporation,First Lien,,,,12700000.0,12800000.0,12800000.0,,99.22,4.75,8.4,,,False,,,USD,12700000.0,Commercial and Professional Services,,First lien senior secured revolving loan,SOFR,2031-07,2024-07,Provider of recurring fire protection services,,,,8.4,4.75,,Industrials,Commercial & Professional Services,First Lien,,Zinc Buyer Corporation
ARCC,0001287750,0001628280-26-050307,10-Q,2026-06-30,2026-07-29,"Aimbridge Topco, LLC | Common units",Aimbridge Topco,Aimbridge Topco,Common Equity,,,,2900000.0,3300000.0,,56310.0,87.88,,,,,False,,,USD,2900000.0,Consumer Services,,Common units,,,2025-03,Hotel operator,,,,,,,Consumer Discretionary,Consumer Services,Common Equity,,Aimbridge Topco
ARCC,0001287750,0001628280-26-050307,10-Q,2026-06-30,2026-07-29,American Residential Services L.L.C. and Aragorn Parent Holdings LP | Series A preferred units,American Residential Services L.L.C.,American Residential Services L.L.C.,Preferred Equity,,,,8300000.0,3800000.0,,2531500.0,218.42,,,,10.0,True,,,USD,8300000.0,Consumer Services,,Series A preferred units,,,2020-10,"Heating, ventilation and air conditioning services provider",,,,10.0,,,Consumer Discretionary,Consumer Services,Preferred Equity,,American Residential Services L.L.C.
ARCC,0001287750,0001628280-26-050307,10-Q,2026-06-30,2026-07-29,"Apex Service Partners, LLC and Apex Service Partners Holdings, LLC | First lien senior secured revolving loan","Apex Service Partners, LLC","Apex Service Partners, LLC",First Lien,,,,4000000.0,4000000.0,4000000.0,,100.0,5.0,8.73,,,False,,,USD,4000000.0,Consumer Services,,First lien senior secured revolving loan,SOFR,2029-10,2023-10,"Provider of residential HVAC, plumbing, and electrical maintenance and repair services",,,,8.73,5.0,,Consumer Discretionary,Consumer Services,First Lien,,"Apex Service Partners, LLC"
ARCC,0001287750,0001628280-26-050307,10-Q,2026-06-30,2026-07-29,"Apex Service Partners, LLC and Apex Service Partners Holdings, LLC | First lien senior secured loan","Apex Service Partners, LLC","Apex Service Partners, LLC",First Lien,,,,198900000.0,198700000.0,198900000.0,,100.0,5.0,8.73,,,False,,,USD,198900000.0,Consumer Services,,First lien senior secured loan,SOFR,2030-10,2024-09,"Provider of residential HVAC, plumbing, and electrical maintenance and repair services",,,,8.73,5.0,,Consumer Discretionary,Consumer Services,First Lien,,"Apex Service Partners, LLC"
ARCC,0001287750,0001628280-26-050307,10-Q,2026-06-30,2026-07-29,"Apex Service Partners, LLC and Apex Service Partners Holdings, LLC | Series B common units","Apex Service Partners, LLC","Apex Service Partners, LLC",Common Equity,,,,12000000.0,7200000.0,,262165.0,166.67,,,,,False,,,USD,12000000.0,Consumer Services,,Series B common units,,,2023-10,"Provider of residential HVAC, plumbing, and electrical maintenance and repair services",,,,,,,Consumer Discretionary,Consumer Services,Common Equity,,"Apex Service Partners, LLC"
ARCC,0001287750,0001628280-26-050307,10-Q,2026-06-30,2026-07-29,"Belfor Holdings, Inc. | First lien senior secured revolving loan",Belfor Holdings,Belfor Holdings,First Lien,,,,0.0,0.0,0.0,,,,,,,False,,,USD,0.0,,,,,,,,,,,,,,Other,Other,First Lien,,Belfor Holdings
ARCC,0001287750,0001628280-26-050307,10-Q,2026-06-30,2026-07-29,"Birdie Bidco, Inc. | First lien senior secured loan 1",Birdie Bidco,Birdie Bidco,First Lien,,,,22900000.0,22900000.0,22900000.0,,100.0,4.75,8.48,,2.25,True,,,USD,22900000.0,Consumer Services,,First lien senior secured loan,SOFR,2032-11,2025-11,Golf club owner and operator,,,,8.48,4.75,2.25,Consumer Discretionary,Consumer Services,First Lien,,Birdie Bidco
ARCC,0001287750,0001628280-26-050307,10-Q,2026-06-30,2026-07-29,"Calera XXVIII, LLC | Common units",Calera XXVIII,Calera XXVIII,Common Equity,,,,5700000.0,5400000.0,,5420161.0,105.56,,,,,False,,,USD,5700000.0,Consumer Services,,Limited liability company interests,,,2025-12,Platform of residential floor coating and vinyl fence installers,,,,,,,Consumer Discretionary,Consumer Services,Common Equity,,Calera XXVIII
ARCC,0001287750,0001628280-26-050307,10-Q,2026-06-30,2026-07-29,"Clarion Home Services Group, LLC and LBC Breeze Holdings LLC | First lien senior secured revolving loan 1",Clarion Home Services Group,Clarion Home Services Group,First Lien,,,,800000.0,1000000.0,1000000.0,,80.0,6.0,9.79,,,False,,,USD,800000.0,Consumer Services,,First lien senior secured revolving loan,SOFR,2027-12,2021-12,Provider of HVAC and plumbing services to residential and commercial customers,,,,9.79,6.0,,Consumer Discretionary,Consumer Services,First Lien,,Clarion Home Services Group
ARCC,0001287750,0001628280-26-050307,10-Q,2026-06-30,2026-07-29,"Clarion Home Services Group, LLC and LBC Breeze Holdings LLC | First lien senior secured loan 1",Clarion Home Services Group,Clarion Home Services Group,First Lien,,,,2900000.0,3600000.0,3600000.0,,80.56,8.0,11.77,,6.0,True,,,USD,2900000.0,"Pharmaceuticals, Biotechnology and Life Sciences",,A ordinary shares,,,2021-05,"Organization providing discovery, development and manufacturing services to the pharmaceutical and biotechnology industries",,,,,,,Health Care,"Pharmaceuticals, Biotechnology & Life Sciences",First Lien,,Clarion Home Services Group
ARCC,0001287750,0001628280-26-050307,10-Q,2026-06-30,2026-07-29,"Clarion Home Services Group, LLC and LBC Breeze Holdings LLC | First lien senior secured loan 2",Clarion Home Services Group,Clarion Home Services Group,First Lien,,,,5700000.0,7000000.0,7000000.0,,81.43,8.25,12.04,,6.25,True,,,USD,5700000.0,Financial Services,,Limited partnership interests,,,2025-08,Registered investment adviser platform,,,,,,,Financials,Diversified Financials,First Lien,,Clarion Home Services Group
ARCC,0001287750,0001628280-26-050307,10-Q,2026-06-30,2026-07-29,"Clarion Home Services Group, LLC and LBC Breeze Holdings LLC | Class A units",Clarion Home Services Group,Clarion Home Services Group,Common Equity,,,,0.0,4300000.0,,4296.0,0.0,,,,,False,,,USD,0.0,,,,,,,,,,,,,,Consumer Discretionary,Consumer Services,Common Equity,,Clarion Home Services Group
ARCC,0001287750,0001628280-26-050307,10-Q,2026-06-30,2026-07-29,"CMG HoldCo, LLC and CMG Buyer Holdings, Inc. | First lien senior secured revolving loan","CMG HoldCo, LLC","CMG HoldCo, LLC",First Lien,,,,30600000.0,31700000.0,31700000.0,,96.53,5.0,8.66,,,False,,,USD,30600000.0,Consumer Services,,First lien senior secured revolving loan,SOFR,2030-11,2022-05,Provider of commercial HVAC equipment maintenance and repair services,,,,8.66,5.0,,Consumer Discretionary,Consumer Services,First Lien,Crete United,"CMG HoldCo, LLC"
ARCC,0001287750,0001628280-26-050307,10-Q,2026-06-30,2026-07-29,"CMG HoldCo, LLC and CMG Buyer Holdings, Inc. | Common stock","CMG HoldCo, LLC","CMG HoldCo, LLC",Common Equity,,,,3400000.0,3100000.0,,302.0,109.68,,,,,False,,,USD,3400000.0,Consumer Services,,First lien senior secured loan,SOFR,2030-11,2023-11,Provider of commercial HVAC equipment maintenance and repair services,,,,8.72,5.0,,Consumer Discretionary,Consumer Services,Common Equity,Crete United,"CMG HoldCo, LLC"
ARCC,0001287750,0001628280-26-050307,10-Q,2026-06-30,2026-07-29,CST Holding Company | First lien senior secured loan 1,CST Holding Company,CST Holding Company,First Lien,,,,11400000.0,11400000.0,11400000.0,,100.0,5.0,8.74,,,False,,,USD,11400000.0,Consumer Services,,First lien senior secured loan,SOFR,2028-11,2022-11,Provider of ignition interlock devices,,,,8.74,5.0,,Consumer Discretionary,Consumer Services,First Lien,Intoxalock,CST Holding Company
ARCC,0001287750,0001628280-26-050307,10-Q,2026-06-30,2026-07-29,Davidson Hotel Company LLC | First lien senior secured loan,Davidson Hotel Company LLC,Davidson Hotel Company LLC,First Lien,,,,9100000.0,9100000.0,9100000.0,,100.0,5.0,8.64,,,False,,,USD,9100000.0,Consumer Services,,First lien senior secured loan,SOFR,2031-10,2024-10,Provider of hotel operations solutions and advisory services,,,,8.64,5.0,,Consumer Discretionary,Consumer Services,First Lien,,Davidson Hotel Company LLC
ARCC,0001287750,0001628280-26-050307,10-Q,2026-06-30,2026-07-29,"Equinox Holdings, Inc. | First lien senior secured loan",Equinox Holdings,Equinox Holdings,First Lien,,,,46500000.0,45900000.0,46500000.0,,100.0,7.25,10.98,,,False,,,USD,46500000.0,Consumer Services,,First lien senior secured loan,SOFR,2029-03,2024-03,"Operator of luxury, full-service health fitness clubs",,,,10.98,7.25,,Consumer Discretionary,Consumer Services,First Lien,,Equinox Holdings
ARCC,0001287750,0001628280-26-050307,10-Q,2026-06-30,2026-07-29,"Equinox Holdings, Inc. | Second lien senior secured loan",Equinox Holdings,Equinox Holdings,Second Lien,,,,4900000.0,4900000.0,4900000.0,,100.0,,,,16.0,True,,,USD,4900000.0,Consumer Services,,Second lien senior secured loan,,2027-06,2024-03,"Operator of luxury, full-service health fitness clubs",,,,16.0,,,Consumer Discretionary,Consumer Services,Second Lien,,Equinox Holdings
ARCC,0001287750,0001628280-26-050307,10-Q,2026-06-30,2026-07-29,Essential Services Holding Corporation and OMERS Mahomes Investment Holdings LLC | First lien senior secured revolving loan,Essential Services Holding Corporation,Essential Services Holding Corporation,First Lien,,,,8100000.0,8600000.0,8600000.0,,94.19,5.25,8.91,,,False,,,USD,8100000.0,Consumer Services,,First lien senior secured revolving loan,SOFR,2030-06,2024-06,Provider of plumbing and HVAC services,,,,8.91,5.25,,Consumer Discretionary,Consumer Services,First Lien,Turnpoint,Essential Services Holding Corporation
ARCC,0001287750,0001628280-26-050307,10-Q,2026-06-30,2026-07-29,Essential Services Holding Corporation and OMERS Mahomes Investment Holdings LLC | First lien senior secured loan,Essential Services Holding Corporation,Essential Services Holding Corporation,First Lien,,,,143000000.0,152100000.0,152200000.0,,93.96,5.63,9.3,,,False,,,USD,143000000.0,Consumer Services,,First lien senior secured loan,SOFR,2031-06,2024-06,Provider of plumbing and HVAC services,,,,9.3,5.63,,Consumer Discretionary,Consumer Services,First Lien,Turnpoint,Essential Services Holding Corporation
ARCC,0001287750,0001628280-26-050307,10-Q,2026-06-30,2026-07-29,Essential Services Holding Corporation and OMERS Mahomes Investment Holdings LLC | Preferred units,Essential Services Holding Corporation,Essential Services Holding Corporation,Preferred Equity,,,,10800000.0,10800000.0,,768.0,100.0,,,,15.0,True,,,USD,10800000.0,Consumer Services,,Preferred units,,,2023-07,Provider of plumbing and HVAC services,,,,15.0,,,Consumer Discretionary,Consumer Services,Preferred Equity,Turnpoint,Essential Services Holding Corporation
ARCC,0001287750,0001628280-26-050307,10-Q,2026-06-30,2026-07-29,Essential Services Holding Corporation and OMERS Mahomes Investment Holdings LLC | Class A units,Essential Services Holding Corporation,Essential Services Holding Corporation,Common Equity,,,,8500000.0,22900000.0,,6447.0,37.12,,,,,False,,,USD,8500000.0,Consumer Services,,Class A units,,,2020-11,Provider of plumbing and HVAC services,,,,,,,Consumer Discretionary,Consumer Services,Common Equity,Turnpoint,Essential Services Holding Corporation
ARCC,0001287750,0001628280-26-050307,10-Q,2026-06-30,2026-07-29,Eternal Aus Bidco Pty Ltd | First lien senior secured loan,Eternal Aus Bidco Pty Ltd,Eternal Aus Bidco Pty Ltd,First Lien,,,,3900000.0,3700000.0,3900000.0,,100.0,5.0,9.5,,,False,,,USD,3900000.0,Consumer Services,,First lien senior secured loan,BBSY,2029-10,2023-11,"Operator of cemetery, crematoria and funeral services",,,,9.5,5.0,,Consumer Discretionary,Consumer Services,First Lien,,Eternal Aus Bidco Pty Ltd
ARCC,0001287750,0001628280-26-050307,10-Q,2026-06-30,2026-07-29,"Excel Fitness Consolidator LLC, Health Buyer LLC and Excel Fitness Holdings, Inc. | First lien senior secured revolving loan",Excel Fitness Consolidator LLC,Excel Fitness Consolidator LLC,First Lien,,,,9500000.0,9500000.0,9600000.0,,98.96,4.75,8.48,,,False,,,USD,9500000.0,Consumer Services,,First lien senior secured loan,SOFR,2030-04,2024-05,Fitness facility operator,,,,8.48,4.75,,Consumer Discretionary,Consumer Services,First Lien,,Excel Fitness Consolidator LLC
ARCC,0001287750,0001628280-26-050307,10-Q,2026-06-30,2026-07-29,"Fitness Ventures Holdings, Inc. and Meaningful Partners Fitness Ventures Co-Investment LP | First lien senior secured revolving loan",Fitness Ventures Holdings,Fitness Ventures Holdings,First Lien,,,,2400000.0,2400000.0,2400000.0,,100.0,4.0,7.64,,,False,,,USD,2400000.0,Consumer Services,,First lien senior secured revolving loan,SOFR,2030-08,2024-08,Crunch Fitness franchisee,,,,7.64,4.0,,Consumer Discretionary,Consumer Services,First Lien,,Fitness Ventures Holdings
ARCC,0001287750,0001628280-26-050307,10-Q,2026-06-30,2026-07-29,"Fitness Ventures Holdings, Inc. and Meaningful Partners Fitness Ventures Co-Investment LP | First lien senior secured loan 1",Fitness Ventures Holdings,Fitness Ventures Holdings,First Lien,,,,13700000.0,13700000.0,13700000.0,,100.0,4.75,8.39,,,False,,,USD,13700000.0,Consumer Services,,First lien senior secured loan,SOFR,2031-08,2024-08,Crunch Fitness franchisee,,,,8.39,4.75,,Consumer Discretionary,Consumer Services,First Lien,,Fitness Ventures Holdings
ARCC,0001287750,0001628280-26-050307,10-Q,2026-06-30,2026-07-29,"Fitness Ventures Holdings, Inc. and Meaningful Partners Fitness Ventures Co-Investment LP | Common units",Fitness Ventures Holdings,Fitness Ventures Holdings,Common Equity,,,,17300000.0,12000000.0,,11957000.0,144.17,,,,,False,,,USD,17300000.0,Consumer Services,,Common units,,,2024-07,Crunch Fitness franchisee,,,,,,,Consumer Discretionary,Consumer Services,Common Equity,,Fitness Ventures Holdings
ARCC,0001287750,0001628280-26-050307,10-Q,2026-06-30,2026-07-29,"Flinn Scientific, Inc. and WCI-Quantum Holdings, Inc. | First lien senior secured revolving loan 1","Flinn Scientific, Inc.","Flinn Scientific, Inc.",First Lien,,,,9700000.0,9900000.0,9900000.0,,97.98,5.5,9.26,,,False,,,USD,9700000.0,Consumer Services,,First lien senior secured revolving loan,SOFR,2027-04,2018-08,"Distributor of instructional products, services and resources",,,,9.26,5.5,,Consumer Discretionary,Consumer Services,First Lien,,"Flinn Scientific, Inc."
ARCC,0001287750,0001628280-26-050307,10-Q,2026-06-30,2026-07-29,"Flinn Scientific, Inc. and WCI-Quantum Holdings, Inc. | First lien senior secured revolving loan 2","Flinn Scientific, Inc.","Flinn Scientific, Inc.",First Lien,,,,4000000.0,4100000.0,4100000.0,,97.56,3.75,10.5,,,False,,,USD,4000000.0,Consumer Services,,First lien senior secured revolving loan,SOFR,2029-10,2023-10,"Provider of residential HVAC, plumbing, and electrical maintenance and repair services",,,,8.73,5.0,,Consumer Discretionary,Consumer Services,First Lien,,"Flinn Scientific, Inc."
ARCC,0001287750,0001628280-26-050307,10-Q,2026-06-30,2026-07-29,"Flinn Scientific, Inc. and WCI-Quantum Holdings, Inc. | First lien senior secured loan 1","Flinn Scientific, Inc.","Flinn Scientific, Inc.",First Lien,,,,41200000.0,42100000.0,42100000.0,,97.86,5.5,9.49,,,False,,,USD,41200000.0,Financial Services,,Series A preferred units,,,2022-03,Provider of comprehensive wealth management services,,,,,,,Financials,Diversified Financials,First Lien,,"Flinn Scientific, Inc."
ARCC,0001287750,0001628280-26-050307,10-Q,2026-06-30,2026-07-29,"Flinn Scientific, Inc. and WCI-Quantum Holdings, Inc. | Series A preferred stock","Flinn Scientific, Inc.","Flinn Scientific, Inc.",Preferred Equity,,,,300000.0,700000.0,,1272.0,42.86,,,,,False,,,USD,300000.0,Financial Services,,First lien senior secured loan,SOFR,2031-03,2025-08,Wealth management and financial planning firm,,,,8.14,4.5,,Financials,Diversified Financials,Preferred Equity,,"Flinn Scientific, Inc."
ARCC,0001287750,0001628280-26-050307,10-Q,2026-06-30,2026-07-29,"Flint OpCo, LLC | First lien senior secured loan 1",Flint OpCo,Flint OpCo,First Lien,,,,27900000.0,27900000.0,27900000.0,,100.0,4.75,8.41,,,False,,,USD,27900000.0,Consumer Services,,First lien senior secured loan,SOFR,2030-08,2024-05,Provider of residential HVAC and plumbing services,,,,8.41,4.75,,Consumer Discretionary,Consumer Services,First Lien,,Flint OpCo
ARCC,0001287750,0001628280-26-050307,10-Q,2026-06-30,2026-07-29,Goodlife Fitness Centers Inc. and AP Rainbow Co-Invest L.P. | First lien senior secured revolving loan,Goodlife Fitness Centers Inc.,Goodlife Fitness Centers Inc.,First Lien,,,,0.0,0.0,0.0,,,,,,,False,,,USD,0.0,,,,,,,,,,,,,,Consumer Discretionary,Consumer Services,First Lien,,Goodlife Fitness Centers Inc.
ARCC,0001287750,0001628280-26-050307,10-Q,2026-06-30,2026-07-29,Goodlife Fitness Centers Inc. and AP Rainbow Co-Invest L.P. | First lien senior secured loan,Goodlife Fitness Centers Inc.,Goodlife Fitness Centers Inc.,First Lien,,,,34900000.0,36000000.0,35300000.0,,98.87,5.25,7.54,,,False,,,USD,34900000.0,Consumer Services,,First lien senior secured loan,,2033-04,2026-04,Operator of fitness centers,,,,7.54,5.25,,Consumer Discretionary,Consumer Services,First Lien,,Goodlife Fitness Centers Inc.
ARCC,0001287750,0001628280-26-050307,10-Q,2026-06-30,2026-07-29,Goodlife Fitness Centers Inc. and AP Rainbow Co-Invest L.P. | Limited partnership interest,Goodlife Fitness Centers Inc.,Goodlife Fitness Centers Inc.,LP Interest,,,,7300000.0,7400000.0,,7321000.0,98.65,,,,,False,,,USD,7300000.0,Consumer Services,,Limited partnership interest,,,2026-03,Operator of fitness centers,,,,,,,Consumer Discretionary,Consumer Services,Common Equity,,Goodlife Fitness Centers Inc.
ARCC,0001287750,0001628280-26-050307,10-Q,2026-06-30,2026-07-29,GS SEER Group Borrower LLC and GS SEER Group Holdings LLC | First lien senior secured revolving loan,GS SEER Group Borrower LLC,GS SEER Group Borrower LLC,First Lien,,,,2100000.0,2400000.0,2400000.0,,87.5,6.75,10.38,,,False,,,USD,2100000.0,Consumer Services,,First lien senior secured revolving loan,SOFR,2029-04,2023-04,"Provider of commercial and residential HVAC, electrical, and plumbing services",,,,10.38,6.75,,Consumer Discretionary,Consumer Services,First Lien,,GS SEER Group Borrower LLC
ARCC,0001287750,0001628280-26-050307,10-Q,2026-06-30,2026-07-29,GS SEER Group Borrower LLC and GS SEER Group Holdings LLC | First lien senior secured loan,GS SEER Group Borrower LLC,GS SEER Group Borrower LLC,First Lien,,,,21800000.0,24200000.0,24200000.0,,90.08,6.75,10.48,,,False,,,USD,21800000.0,Consumer Services,,First lien senior secured loan,SOFR,2030-04,2023-04,"Provider of commercial and residential HVAC, electrical, and plumbing services",,,,10.48,6.75,,Consumer Discretionary,Consumer Services,First Lien,,GS SEER Group Borrower LLC
ARCC,0001287750,0001628280-26-050307,10-Q,2026-06-30,2026-07-29,GS SEER Group Borrower LLC and GS SEER Group Holdings LLC | Class A common units,GS SEER Group Borrower LLC,GS SEER Group Borrower LLC,Common Equity,,,,800000.0,4400000.0,,4424.0,18.18,,,,,False,,,USD,800000.0,Consumer Services,,Class A common units,,,2023-04,"Provider of commercial and residential HVAC, electrical, and plumbing services",,,,,,,Consumer Discretionary,Consumer Services,Common Equity,,GS SEER Group Borrower LLC
ARCC,0001287750,0001628280-26-050307,10-Q,2026-06-30,2026-07-29,"Helios Service Partners, LLC and Astra Service Partners, LLC | First lien senior secured loan","Helios Service Partners, LLC","Helios Service Partners, LLC",First Lien,,,,50900000.0,50900000.0,50900000.0,,100.0,4.5,8.23,,,False,,,USD,50900000.0,Consumer Services,,First lien senior secured loan,SOFR,2032-11,2025-11,"Critical HVAC, refrigeration, and plumbing services for commercial businesses",,,,8.23,4.5,,Consumer Discretionary,Consumer Services,First Lien,,"Helios Service Partners, LLC"
ARCC,0001287750,0001628280-26-050307,10-Q,2026-06-30,2026-07-29,"IFH Franchisee Holdings, LLC | First lien senior secured revolving loan",IFH Franchisee Holdings,IFH Franchisee Holdings,First Lien,,,,4300000.0,4300000.0,4300000.0,,100.0,4.0,7.64,,,False,,,USD,4300000.0,Consumer Services,,First lien senior secured revolving loan,SOFR,2029-12,2024-12,Operator of fitness centers,,,,7.64,4.0,,Consumer Discretionary,Consumer Services,First Lien,,IFH Franchisee Holdings
ARCC,0001287750,0001628280-26-050307,10-Q,2026-06-30,2026-07-29,"IFH Franchisee Holdings, LLC | First lien senior secured loan",IFH Franchisee Holdings,IFH Franchisee Holdings,First Lien,,,,54500000.0,54500000.0,54500000.0,,100.0,5.5,9.14,,,False,,,USD,54500000.0,Consumer Services,,First lien senior secured loan,SOFR,2029-12,2024-12,Operator of fitness centers,,,,9.14,5.5,,Consumer Discretionary,Consumer Services,First Lien,,IFH Franchisee Holdings
ARCC,0001287750,0001628280-26-050307,10-Q,2026-06-30,2026-07-29,"Infinity Home Services Holdco, Inc., D'Angelo & Sons Construction Limited and IHS Parent Holdings, L.P. | First lien senior secured revolving loan 1","Infinity Home Services Holdco, Inc.","Infinity Home Services Holdco, Inc.",First Lien,,,,0.0,0.0,0.0,,,,,,,False,,,USD,0.0,,,,,,,,,,,,,,Consumer Discretionary,Consumer Services,First Lien,,"Infinity Home Services Holdco, Inc."
ARCC,0001287750,0001628280-26-050307,10-Q,2026-06-30,2026-07-29,"Infinity Home Services Holdco, Inc., D'Angelo & Sons Construction Limited and IHS Parent Holdings, L.P. | First lien senior secured loan 1","Infinity Home Services Holdco, Inc.","Infinity Home Services Holdco, Inc.",First Lien,,,,20700000.0,20700000.0,20700000.0,,100.0,6.0,9.73,,,False,,,USD,20700000.0,Consumer Services,,First lien senior secured loan,SOFR,2028-12,2022-12,Provider of residential roofing and exterior repair and replacement services,,,,9.73,6.0,,Consumer Discretionary,Consumer Services,First Lien,,"Infinity Home Services Holdco, Inc."
ARCC,0001287750,0001628280-26-050307,10-Q,2026-06-30,2026-07-29,"Infinity Home Services Holdco, Inc., D'Angelo & Sons Construction Limited and IHS Parent Holdings, L.P. | First lien senior secured loan 3","Infinity Home Services Holdco, Inc.","Infinity Home Services Holdco, Inc.",First Lien,,,,5500000.0,5500000.0,5500000.0,,100.0,5.5,9.23,,,False,,,USD,5500000.0,Consumer Services,,First lien senior secured loan,SOFR,2028-12,2024-10,Provider of residential roofing and exterior repair and replacement services,,,,9.23,5.5,,Consumer Discretionary,Consumer Services,First Lien,,"Infinity Home Services Holdco, Inc."
ARCC,0001287750,0001628280-26-050307,10-Q,2026-06-30,2026-07-29,"Infinity Home Services Holdco, Inc., D'Angelo & Sons Construction Limited and IHS Parent Holdings, L.P. | First lien senior secured loan 5","Infinity Home Services Holdco, Inc.","Infinity Home Services Holdco, Inc.",First Lien,,,,1300000.0,900000.0,900000.0,,144.44,6.0,8.29,,,False,,,USD,1300000.0,Consumer Services,,First lien senior secured loan,SOFR,2027-08,2020-03,Planet Fitness franchisee,,,,9.08,5.33,,Consumer Discretionary,Consumer Services,First Lien,,"Infinity Home Services Holdco, Inc."
ARCC,0001287750,0001628280-26-050307,10-Q,2026-06-30,2026-07-29,"Infinity Home Services Holdco, Inc., D'Angelo & Sons Construction Limited and IHS Parent Holdings, L.P. | Class A units","Infinity Home Services Holdco, Inc.","Infinity Home Services Holdco, Inc.",Common Equity,,,,9000000.0,9500000.0,,9524000.0,94.74,,,,,False,,,USD,9000000.0,Household and  Personal Products,,First lien senior secured loan,SOFR,2028-11,2023-12,Provider of intimate wellness products,,,,9.48,5.75,,Consumer Staples,Household & Personal Products,Common Equity,,"Infinity Home Services Holdco, Inc."
ARCC,0001287750,0001628280-26-050307,10-Q,2026-06-30,2026-07-29,"Invited, Inc. and KSL Longdrive Co-Invest, L.P. | First lien senior secured loan","Invited, Inc.","Invited, Inc.",First Lien,,,,179500000.0,181300000.0,181300000.0,,99.01,5.25,8.98,,,False,,,USD,179500000.0,Consumer Services,,First lien senior secured loan,SOFR,2032-06,2026-06,A manager of golf & country clubs throughout the United States,,,,8.98,5.25,,Consumer Discretionary,Consumer Services,First Lien,,"Invited, Inc."
ARCC,0001287750,0001628280-26-050307,10-Q,2026-06-30,2026-07-29,"Invited, Inc. and KSL Longdrive Co-Invest, L.P. | Limited partnership interest","Invited, Inc.","Invited, Inc.",LP Interest,,,,4500000.0,4500000.0,,4492000.0,100.0,,,,,False,,,USD,4500000.0,Consumer Services,,Limited partnership interest,,,2026-05,A manager of golf & country clubs throughout the United States,,,,,,,Consumer Discretionary,Consumer Services,Common Equity,,"Invited, Inc."
ARCC,0001287750,0001628280-26-050307,10-Q,2026-06-30,2026-07-29,"Leviathan Intermediate Holdco, LLC and Leviathan Holdings, L.P. | First lien senior secured loan 1","Leviathan Intermediate Holdco, LLC","Leviathan Intermediate Holdco, LLC",First Lien,,,,30600000.0,31200000.0,31200000.0,,98.08,6.0,9.73,,,False,,,USD,30600000.0,Consumer Services,,First lien senior secured loan,SOFR,2027-12,2025-01,Franchising platform offering adolescent development programs,,,,9.73,6.0,,Consumer Discretionary,Consumer Services,First Lien,,"Leviathan Intermediate Holdco, LLC"
ARCC,0001287750,0001628280-26-050307,10-Q,2026-06-30,2026-07-29,"Leviathan Intermediate Holdco, LLC and Leviathan Holdings, L.P. | Limited partnership interests","Leviathan Intermediate Holdco, LLC","Leviathan Intermediate Holdco, LLC",LP Interest,,,,2300000.0,2100000.0,,2149690.0,109.52,,,,,False,,,USD,2300000.0,Consumer Services,,Limited partnership interests,,,2022-12,Franchising platform offering adolescent development programs,,,,,,,Consumer Discretionary,Consumer Services,Common Equity,,"Leviathan Intermediate Holdco, LLC"
ARCC,0001287750,0001628280-26-050307,10-Q,2026-06-30,2026-07-29,"LHS Borrower, LLC, LH Equity Investors, L.P., Leaf Home, LLC and GC Fund IV Blocker LLC | First lien senior secured revolving loan","LHS Borrower, LLC","LHS Borrower, LLC",First Lien,,,,168800000.0,174100000.0,174100000.0,,96.96,5.25,8.89,,,False,,,USD,168800000.0,Consumer Services,,First lien senior secured revolving loan,SOFR,2031-09,2025-09,A direct-to-consumer home solutions and residential improvements platform,,,,8.89,5.25,,Consumer Discretionary,Consumer Services,First Lien,Leaf Home,"LHS Borrower, LLC"
ARCC,0001287750,0001628280-26-050307,10-Q,2026-06-30,2026-07-29,"LHS Borrower, LLC, LH Equity Investors, L.P., Leaf Home, LLC and GC Fund IV Blocker LLC | Limited partnership units","LHS Borrower, LLC","LHS Borrower, LLC",LP Interest,,,,73000000.0,67300000.0,,64787.0,108.47,,,,,False,,,USD,73000000.0,Consumer Services,,Limited partnership units,,,2025-09,A direct-to-consumer home solutions and residential improvements platform,,,,,,,Consumer Discretionary,Consumer Services,Common Equity,Leaf Home,"LHS Borrower, LLC"
ARCC,0001287750,0001628280-26-050307,10-Q,2026-06-30,2026-07-29,ME Equity LLC | Common stock,ME Equity LLC,ME Equity LLC,Common Equity,,,,4100000.0,3000000.0,,3000000.0,136.67,,,,,False,,,USD,4100000.0,Consumer Services,,Common stock,,,2012-09,Franchisor in the massage industry,,,,,,,Consumer Discretionary,Consumer Services,Common Equity,,ME Equity LLC
ARCC,0001287750,0001628280-26-050307,10-Q,2026-06-30,2026-07-29,"Modigent, LLC and OMERS PMC Investment Holdings LLC | First lien senior secured loan 1",Modigent,Modigent,First Lien,,,,18400000.0,18400000.0,18400000.0,,100.0,5.25,8.98,,,False,,,USD,18400000.0,Consumer Services,,First lien senior secured loan,SOFR,2028-08,2023-09,Provider of commercial HVAC services,,,,8.98,5.25,,Consumer Discretionary,Consumer Services,First Lien,,Modigent
ARCC,0001287750,0001628280-26-050307,10-Q,2026-06-30,2026-07-29,"Modigent, LLC and OMERS PMC Investment Holdings LLC | Preferred units",Modigent,Modigent,Preferred Equity,,,,1000000.0,1000000.0,,82.0,100.0,,,,14.0,True,,,USD,1000000.0,Consumer Services,,Preferred units,,,2025-05,Provider of commercial HVAC services,,,,14.0,,,Consumer Discretionary,Consumer Services,Preferred Equity,,Modigent
ARCC,0001287750,0001628280-26-050307,10-Q,2026-06-30,2026-07-29,"Modigent, LLC and OMERS PMC Investment Holdings LLC | Class A units",Modigent,Modigent,Common Equity,,,,11100000.0,9700000.0,,1001.0,114.43,,,,,False,,,USD,11100000.0,Consumer Services,,Class A units,,,2022-08,Provider of commercial HVAC services,,,,,,,Consumer Discretionary,Consumer Services,Common Equity,,Modigent
ARCC,0001287750,0001628280-26-050307,10-Q,2026-06-30,2026-07-29,"Mustang Prospects Purchaser, LLC, Senske Acquisition, Inc., and Mustang Prospects Holdco, LLC | First lien senior secured revolving loan","Mustang Prospects Purchaser, LLC","Mustang Prospects Purchaser, LLC",First Lien,,,,0.0,0.0,0.0,,,,,,,False,,,USD,0.0,,,,,,,,,,,,,,Consumer Discretionary,Consumer Services,First Lien,,"Mustang Prospects Purchaser, LLC"
ARCC,0001287750,0001628280-26-050307,10-Q,2026-06-30,2026-07-29,"Mustang Prospects Purchaser, LLC, Senske Acquisition, Inc., and Mustang Prospects Holdco, LLC | First lien senior secured loan 1","Mustang Prospects Purchaser, LLC","Mustang Prospects Purchaser, LLC",First Lien,,,,30700000.0,30700000.0,30700000.0,,100.0,5.25,8.98,,,False,,,USD,30700000.0,Consumer Services,,First lien senior secured loan,SOFR,2031-06,2026-03,"Provider of lawn care, tree care and pest control services",,,,8.98,5.25,,Consumer Discretionary,Consumer Services,First Lien,,"Mustang Prospects Purchaser, LLC"
ARCC,0001287750,0001628280-26-050307,10-Q,2026-06-30,2026-07-29,"Mustang Prospects Purchaser, LLC, Senske Acquisition, Inc., and Mustang Prospects Holdco, LLC | Class A preferred units","Mustang Prospects Purchaser, LLC","Mustang Prospects Purchaser, LLC",Preferred Equity,,,,700000.0,700000.0,,690.0,100.0,,,,,False,,,USD,700000.0,Consumer Services,,Class A preferred units,,,2024-09,"Provider of lawn care, tree care and pest control services",,,,,,,Consumer Discretionary,Consumer Services,Preferred Equity,,"Mustang Prospects Purchaser, LLC"
ARCC,0001287750,0001628280-26-050307,10-Q,2026-06-30,2026-07-29,"Mustang Prospects Purchaser, LLC, Senske Acquisition, Inc., and Mustang Prospects Holdco, LLC | Class B common units","Mustang Prospects Purchaser, LLC","Mustang Prospects Purchaser, LLC",Common Equity,,,,300000.0,300000.0,,690179.0,100.0,,,,,False,,,USD,300000.0,Consumer Services,,Class B common units,,,2024-09,"Provider of lawn care, tree care and pest control services",,,,,,,Consumer Discretionary,Consumer Services,Common Equity,,"Mustang Prospects Purchaser, LLC"
ARCC,0001287750,0001628280-26-050307,10-Q,2026-06-30,2026-07-29,"North Haven Fairway Buyer, LLC and Fairway Lawns, LLC | First lien senior secured revolving loan","North Haven Fairway Buyer, LLC","North Haven Fairway Buyer, LLC",First Lien,,,,39700000.0,39700000.0,39700000.0,,100.0,5.0,8.7,,,False,,,USD,39700000.0,Consumer Services,,First lien senior secured revolving loan,SOFR,2028-05,2022-12,Provider of lawncare services,,,,8.7,5.0,,Consumer Discretionary,Consumer Services,First Lien,,"North Haven Fairway Buyer, LLC"
ARCC,0001287750,0001628280-26-050307,10-Q,2026-06-30,2026-07-29,"North Haven Fairway Buyer, LLC and Fairway Lawns, LLC | First lien senior secured loan 4","North Haven Fairway Buyer, LLC","North Haven Fairway Buyer, LLC",First Lien,,,,2000000.0,2000000.0,2000000.0,,100.0,5.0,8.66,,,False,,,USD,2000000.0,Insurance Services,,First lien senior secured revolving loan,SOFR,2031-10,2025-10,Manufacturer of industrial chain and complementary power transmission products for industrial applications,,,,10.14,6.5,,Financials,Insurance,First Lien,,"North Haven Fairway Buyer, LLC"
ARCC,0001287750,0001628280-26-050307,10-Q,2026-06-30,2026-07-29,"Northwinds Holding, Inc. and Northwinds Services Group LLC | First lien senior secured loan 1",Northwinds Holding,Northwinds Holding,First Lien,,,,35400000.0,35400000.0,35400000.0,,100.0,5.25,9.08,,,False,,,USD,35400000.0,Consumer Services,,First lien senior secured loan,SOFR,2029-05,2024-08,Provider of HVAC and plumbing services,,,,9.08,5.25,,Consumer Discretionary,Consumer Services,First Lien,,Northwinds Holding
ARCC,0001287750,0001628280-26-050307,10-Q,2026-06-30,2026-07-29,"Northwinds Holding, Inc. and Northwinds Services Group LLC | Common units",Northwinds Holding,Northwinds Holding,Common Equity,,,,5000000.0,4000000.0,,2911607.0,125.0,,,,,False,,,USD,5000000.0,Consumer Services,,Common units,,,2023-05,Provider of HVAC and plumbing services,,,,,,,Consumer Discretionary,Consumer Services,Common Equity,,Northwinds Holding
ARCC,0001287750,0001628280-26-050307,10-Q,2026-06-30,2026-07-29,"OTG Concessions Management, LLC and Octa Parent Holdings, LLC | Second lien notes","OTG Concessions Management, LLC","OTG Concessions Management, LLC",Second Lien,,,,7300000.0,9700000.0,9700000.0,,75.26,,,,,False,,,USD,7300000.0,Consumer Services,,Second lien notes,,2031-02,2024-02,Airport restaurant operator,,,,,,,Consumer Discretionary,Consumer Services,Second Lien,,"OTG Concessions Management, LLC"
ARCC,0001287750,0001628280-26-050307,10-Q,2026-06-30,2026-07-29,"OTG Concessions Management, LLC and Octa Parent Holdings, LLC | Participation rights","OTG Concessions Management, LLC","OTG Concessions Management, LLC",Participation,,,,0.0,0.0,,1.0,,,,,,False,,,USD,0.0,,,,,,,,,,,,,,Consumer Discretionary,Consumer Services,Other,,"OTG Concessions Management, LLC"
ARCC,0001287750,0001628280-26-050307,10-Q,2026-06-30,2026-07-29,"PestCo Holdings, LLC and PestCo, LLC | First lien senior secured revolving loan","PestCo Holdings, LLC","PestCo Holdings, LLC",First Lien,,,,500000.0,500000.0,500000.0,,100.0,3.75,10.5,,,False,,,USD,500000.0,Consumer Services,,First lien senior secured revolving loan,,2030-08,2025-08,Provider of pest control services to the residential and commercial markets,,,,10.5,3.75,,Consumer Discretionary,Consumer Services,First Lien,,"PestCo Holdings, LLC"
ARCC,0001287750,0001628280-26-050307,10-Q,2026-06-30,2026-07-29,"PestCo Holdings, LLC and PestCo, LLC | First lien senior secured loan","PestCo Holdings, LLC","PestCo Holdings, LLC",First Lien,,,,16600000.0,16500000.0,16600000.0,,100.0,4.75,8.41,,,False,,,USD,16600000.0,Consumer Services,,First lien senior secured loan,SOFR,2030-08,2025-08,Provider of pest control services to the residential and commercial markets,,,,8.41,4.75,,Consumer Discretionary,Consumer Services,First Lien,,"PestCo Holdings, LLC"
ARCC,0001287750,0001628280-26-050307,10-Q,2026-06-30,2026-07-29,"PestCo Holdings, LLC and PestCo, LLC | Class A units","PestCo Holdings, LLC","PestCo Holdings, LLC",Common Equity,,,,3100000.0,1900000.0,,139.0,163.16,,,,,False,,,USD,3100000.0,Consumer Services,,Class A units,,,2023-01,Provider of pest control services to the residential and commercial markets,,,,,,,Consumer Discretionary,Consumer Services,Common Equity,,"PestCo Holdings, LLC"
ARCC,0001287750,0001628280-26-050307,10-Q,2026-06-30,2026-07-29,"Pinnacle MEP Intermediate Holdco LLC and BPCP Pinnacle Holdings, Inc. | First lien senior secured revolving loan",Pinnacle MEP Intermediate Holdco LLC,Pinnacle MEP Intermediate Holdco LLC,First Lien,,,,6400000.0,7100000.0,7100000.0,,90.14,6.75,10.47,,1.5,True,,,USD,6400000.0,Consumer Services,,First lien senior secured revolving loan,SOFR,2030-10,2024-10,"Provider of commercial and residential HVAC, electrical & plumbing services",,,,10.47,6.75,1.5,Consumer Discretionary,Consumer Services,First Lien,,Pinnacle MEP Intermediate Holdco LLC
ARCC,0001287750,0001628280-26-050307,10-Q,2026-06-30,2026-07-29,"Pinnacle MEP Intermediate Holdco LLC and BPCP Pinnacle Holdings, Inc. | Preferred units",Pinnacle MEP Intermediate Holdco LLC,Pinnacle MEP Intermediate Holdco LLC,Preferred Equity,,,,100000.0,100000.0,,84.0,100.0,,,,20.0,True,,,USD,100000.0,Consumer Services,,Preferred units,,2028-01,2026-01,"Provider of commercial and residential HVAC, electrical & plumbing services",,,,20.0,,,Consumer Discretionary,Consumer Services,Preferred Equity,,Pinnacle MEP Intermediate Holdco LLC
ARCC,0001287750,0001628280-26-050307,10-Q,2026-06-30,2026-07-29,"Pinnacle MEP Intermediate Holdco LLC and BPCP Pinnacle Holdings, Inc. | Common stock",Pinnacle MEP Intermediate Holdco LLC,Pinnacle MEP Intermediate Holdco LLC,Common Equity,,,,0.0,700000.0,,667.0,0.0,,,,,False,,,USD,0.0,,,,,,,,,,,,,,Consumer Discretionary,Consumer Services,Common Equity,,Pinnacle MEP Intermediate Holdco LLC
ARCC,0001287750,0001628280-26-050307,10-Q,2026-06-30,2026-07-29,"Premiere Buyer, LLC | First lien senior secured loan 1",Premiere Buyer,Premiere Buyer,First Lien,,,,6500000.0,6500000.0,6500000.0,,100.0,4.5,8.23,,,False,,,USD,6500000.0,Consumer Services,,First lien senior secured loan,SOFR,2031-05,2024-05,Third-party residential property manager for multi-family residential properties in the United States,,,,8.23,4.5,,Consumer Discretionary,Consumer Services,First Lien,,Premiere Buyer
ARCC,0001287750,0001628280-26-050307,10-Q,2026-06-30,2026-07-29,"Pyramid-BMC IntermediateCo I, LLC  and Pyramid Investors, LLC | First lien senior secured loan 1","Pyramid-BMC IntermediateCo I, LLC","Pyramid-BMC IntermediateCo I, LLC",First Lien,,,,9900000.0,9900000.0,9900000.0,,100.0,5.25,8.92,,,False,,,USD,9900000.0,Consumer Services,,First lien senior secured loan,SOFR,2028-01,2024-10,Hotel operator,,,,8.92,5.25,,Consumer Discretionary,Consumer Services,First Lien,,"Pyramid-BMC IntermediateCo I, LLC"
ARCC,0001287750,0001628280-26-050307,10-Q,2026-06-30,2026-07-29,"Pyramid-BMC IntermediateCo I, LLC  and Pyramid Investors, LLC | Preferred membership units","Pyramid-BMC IntermediateCo I, LLC","Pyramid-BMC IntermediateCo I, LLC",Equity,,,,3500000.0,1300000.0,,996833.0,269.23,,,,8.0,True,,,USD,3500000.0,Consumer Services,,Preferred membership units,,,2016-07,Hotel operator,,,,8.0,,,Consumer Discretionary,Consumer Services,Common Equity,,"Pyramid-BMC IntermediateCo I, LLC"
ARCC,0001287750,0001628280-26-050307,10-Q,2026-06-30,2026-07-29,"Quick Quack Car Wash Holdings, LLC and KKR Game Changer Co-Invest Feeder II L.P. | First lien senior secured loan 1",Quick Quack Car Wash Holdings,Quick Quack Car Wash Holdings,First Lien,,,,16500000.0,16500000.0,16500000.0,,100.0,5.0,8.64,,,False,,,USD,16500000.0,Consumer Services,,First lien senior secured loan,SOFR,2031-06,2024-05,Car wash operator,,,,8.64,5.0,,Consumer Discretionary,Consumer Services,First Lien,,Quick Quack Car Wash Holdings
ARCC,0001287750,0001628280-26-050307,10-Q,2026-06-30,2026-07-29,"Quick Quack Car Wash Holdings, LLC and KKR Game Changer Co-Invest Feeder II L.P. | Limited partnership interest",Quick Quack Car Wash Holdings,Quick Quack Car Wash Holdings,LP Interest,,,,11200000.0,11200000.0,,11184000.0,100.0,,,,,False,,,USD,11200000.0,Consumer Services,,Limited partnership interest,,,2024-06,Car wash operator,,,,,,,Consumer Discretionary,Consumer Services,Common Equity,,Quick Quack Car Wash Holdings
ARCC,0001287750,0001628280-26-050307,10-Q,2026-06-30,2026-07-29,"Radiant Intermediate Holding, LLC | First lien senior secured loan",Radiant Intermediate Holding,Radiant Intermediate Holding,First Lien,,,,2100000.0,2100000.0,2100000.0,,100.0,5.75,9.52,,,False,,,USD,2100000.0,Consumer Services,,First lien senior secured loan,SOFR,2026-11,2023-04,"Provider of HVAC, plumbing and electrical services",,,,9.52,5.75,,Consumer Discretionary,Consumer Services,First Lien,,Radiant Intermediate Holding
ARCC,0001287750,0001628280-26-050307,10-Q,2026-06-30,2026-07-29,Redwood Services LP | First lien senior secured revolving loan,Redwood Services LP,Redwood Services LP,First Lien,,,,0.0,0.0,0.0,,,,,,,False,,,USD,0.0,,,,,,,,,,,,,,Consumer Discretionary,Consumer Services,First Lien,,Redwood Services LP
ARCC,0001287750,0001628280-26-050307,10-Q,2026-06-30,2026-07-29,Redwood Services LP | First lien senior secured loan,Redwood Services LP,Redwood Services LP,First Lien,,,,6600000.0,6600000.0,6600000.0,,100.0,4.25,7.98,,,False,,,USD,6600000.0,Consumer Services,,First lien senior secured loan,SOFR,2032-06,2025-06,Provider of residential HVAC and plumbing services,,,,7.98,4.25,,Consumer Discretionary,Consumer Services,First Lien,,Redwood Services LP
ARCC,0001287750,0001628280-26-050307,10-Q,2026-06-30,2026-07-29,"Saber Parent Holdings Corp. and MSHC, Inc. | First lien senior secured revolving loan",Saber Parent Holdings Corp.,Saber Parent Holdings Corp.,First Lien,,,,1800000.0,1800000.0,1800000.0,,100.0,3.5,10.25,,,False,,,USD,1800000.0,Consumer Services,,First lien senior secured revolving loan,,2032-12,2025-12,"Provider of aftermarket maintenance, repair, and replacement services for commercial HVAC equipments",,,,10.25,3.5,,Consumer Discretionary,Consumer Services,First Lien,Saber Healthcare,Saber Parent Holdings Corp.
ARCC,0001287750,0001628280-26-050307,10-Q,2026-06-30,2026-07-29,"Saber Parent Holdings Corp. and MSHC, Inc. | First lien senior secured loan 1",Saber Parent Holdings Corp.,Saber Parent Holdings Corp.,First Lien,,,,23900000.0,24300000.0,24300000.0,,98.35,4.75,8.38,,2.25,True,,,USD,23900000.0,Consumer Services,,First lien senior secured loan,SOFR,2032-12,2025-12,"Provider of aftermarket maintenance, repair, and replacement services for commercial HVAC equipments",,,,8.38,4.75,2.25,Consumer Discretionary,Consumer Services,First Lien,Saber Healthcare,Saber Parent Holdings Corp.
ARCC,0001287750,0001628280-26-050307,10-Q,2026-06-30,2026-07-29,"Safe Home Security, Inc., Security Systems Inc., Safe Home Monitoring, Inc., National Protective Services, Inc., Bright Integrations LLC and Medguard Alert, Inc. | First lien senior secured loan","Safe Home Security, Inc.","Safe Home Security, Inc.",First Lien,,,,24500000.0,25000000.0,25000000.0,,98.0,6.0,9.76,,1.0,True,,,USD,24500000.0,Consumer Services,,First lien senior secured loan,SOFR,2026-12,2020-08,Provider of safety systems for business and residential customers,,,,9.76,6.0,1.0,Consumer Discretionary,Consumer Services,First Lien,,"Safe Home Security, Inc."
ARCC,0001287750,0001628280-26-050307,10-Q,2026-06-30,2026-07-29,"SGP Shaka HoldCo, LLC and SGP Shaka JV, LLC | First lien senior secured loan","SGP Shaka HoldCo, LLC","SGP Shaka HoldCo, LLC",First Lien,,,,5800000.0,5800000.0,5800000.0,,100.0,6.25,9.98,,,False,,,USD,5800000.0,Consumer Services,,First lien senior secured loan,SOFR,2031-01,2026-01,Surf park operator,,,,9.98,6.25,,Black Box,JV / Fund of Funds,First Lien,,"SGP Shaka HoldCo, LLC"
ARCC,0001287750,0001628280-26-050307,10-Q,2026-06-30,2026-07-29,"SGP Shaka HoldCo, LLC and SGP Shaka JV, LLC | Series A preferred units","SGP Shaka HoldCo, LLC","SGP Shaka HoldCo, LLC",Preferred Equity,,,,7700000.0,7700000.0,,7308.0,100.0,,,,13.25,True,,,USD,7700000.0,Consumer Services,,Series A preferred units,,,2026-01,Surf park operator,,,,13.25,,,Black Box,JV / Fund of Funds,Preferred Equity,,"SGP Shaka HoldCo, LLC"
ARCC,0001287750,0001628280-26-050307,10-Q,2026-06-30,2026-07-29,"SGP Shaka HoldCo, LLC and SGP Shaka JV, LLC | Warrant to purchase common units","SGP Shaka HoldCo, LLC","SGP Shaka HoldCo, LLC",Warrant,,,,0.0,0.0,,913500.0,,,,,,False,,,USD,0.0,,,,,,,,,,,,,,Black Box,JV / Fund of Funds,Warrant,,"SGP Shaka HoldCo, LLC"
ARCC,0001287750,0001628280-26-050307,10-Q,2026-06-30,2026-07-29,"Taymax Group, L.P., Taymax Group G.P., LLC, PF Salem Canada ULC and TCP Fit Parent, L.P. | First lien senior secured loan 1","Taymax Group, L.P.","Taymax Group, L.P.",First Lien,,,,1300000.0,1300000.0,1300000.0,,100.0,5.33,9.08,,,False,,,USD,1300000.0,Consumer Services,,First lien senior secured loan,SOFR,2027-08,2020-03,Planet Fitness franchisee,,,,9.08,5.33,,Consumer Discretionary,Consumer Services,First Lien,,"Taymax Group, L.P."
ARCC,0001287750,0001628280-26-050307,10-Q,2026-06-30,2026-07-29,"Taymax Group, L.P., Taymax Group G.P., LLC, PF Salem Canada ULC and TCP Fit Parent, L.P. | First lien senior secured loan 2","Taymax Group, L.P.","Taymax Group, L.P.",First Lien,,,,6300000.0,6300000.0,6300000.0,,100.0,4.75,8.49,,,False,,,USD,6300000.0,Consumer Services,,First lien senior secured loan,SOFR,2027-07,2025-11,Planet Fitness franchisee,,,,8.49,4.75,,Consumer Discretionary,Consumer Services,First Lien,,"Taymax Group, L.P."
ARCC,0001287750,0001628280-26-050307,10-Q,2026-06-30,2026-07-29,"Taymax Group, L.P., Taymax Group G.P., LLC, PF Salem Canada ULC and TCP Fit Parent, L.P. | First lien senior secured loan 3","Taymax Group, L.P.","Taymax Group, L.P.",First Lien,,,,400000.0,400000.0,400000.0,,100.0,5.5,9.24,,,False,,,USD,400000.0,Consumer Services,,First lien senior secured loan,SOFR,2027-08,2024-01,Planet Fitness franchisee,,,,9.24,5.5,,Consumer Discretionary,Consumer Services,First Lien,,"Taymax Group, L.P."
ARCC,0001287750,0001628280-26-050307,10-Q,2026-06-30,2026-07-29,"Taymax Group, L.P., Taymax Group G.P., LLC, PF Salem Canada ULC and TCP Fit Parent, L.P. | Class A units","Taymax Group, L.P.","Taymax Group, L.P.",Common Equity,,,,8100000.0,3800000.0,,37020.0,213.16,,,,,False,,,USD,8100000.0,Consumer Services,,Class A units,,,2018-07,Planet Fitness franchisee,,,,,,,Consumer Discretionary,Consumer Services,Common Equity,,"Taymax Group, L.P."
ARCC,0001287750,0001628280-26-050307,10-Q,2026-06-30,2026-07-29,"The Arcticom Group, LLC and AMCP Mechanical Holdings, LP | First lien senior secured revolving loan","The Arcticom Group, LLC","The Arcticom Group, LLC",First Lien,,,,31900000.0,31900000.0,31900000.0,,100.0,8.0,11.62,,,False,,,USD,31900000.0,Consumer Services,,First lien senior secured revolving loan,SOFR,2027-12,2021-12,"Refrigeration, heating, ventilation and air conditioning services provider",,,,11.62,8.0,4.5,Consumer Discretionary,Consumer Services,First Lien,,"The Arcticom Group, LLC"
ARCC,0001287750,0001628280-26-050307,10-Q,2026-06-30,2026-07-29,"The Arcticom Group, LLC and AMCP Mechanical Holdings, LP | Preferred units","The Arcticom Group, LLC","The Arcticom Group, LLC",Preferred Equity,,,,600000.0,500000.0,,544260.0,120.0,,,,,False,,,USD,600000.0,Consumer Services,,Preferred units,,,2026-01,"Refrigeration, heating, ventilation and air conditioning services provider",,,,,,,Consumer Discretionary,Consumer Services,Preferred Equity,,"The Arcticom Group, LLC"
ARCC,0001287750,0001628280-26-050307,10-Q,2026-06-30,2026-07-29,"The Arcticom Group, LLC and AMCP Mechanical Holdings, LP | Class A units","The Arcticom Group, LLC","The Arcticom Group, LLC",Common Equity,,,,9700000.0,8500000.0,,8827208.0,114.12,,,,,False,,,USD,9700000.0,Consumer Services,,Class A units,,,2021-12,"Refrigeration, heating, ventilation and air conditioning services provider",,,,,,,Consumer Discretionary,Consumer Services,Common Equity,,"The Arcticom Group, LLC"
ARCC,0001287750,0001628280-26-050307,10-Q,2026-06-30,2026-07-29,"TopGolf International, LLC and TopGolf Topco, LLC | First lien senior secured revolving loan","TopGolf International, LLC","TopGolf International, LLC",First Lien,,,,0.0,0.0,0.0,,,,,,,False,,,USD,0.0,,,,,,,,,,,,,,Consumer Discretionary,Consumer Services,First Lien,Topgolf,"TopGolf International, LLC"
ARCC,0001287750,0001628280-26-050307,10-Q,2026-06-30,2026-07-29,"TopGolf International, LLC and TopGolf Topco, LLC | First lien senior secured loan","TopGolf International, LLC","TopGolf International, LLC",First Lien,,,,57100000.0,57700000.0,57700000.0,,98.96,4.5,8.18,,,False,,,USD,57100000.0,Consumer Services,,First lien senior secured loan,SOFR,2033-01,2026-01,Golf focused entertainment complex,,,,8.18,4.5,,Consumer Discretionary,Consumer Services,First Lien,Topgolf,"TopGolf International, LLC"
ARCC,0001287750,0001628280-26-050307,10-Q,2026-06-30,2026-07-29,"TopGolf International, LLC and TopGolf Topco, LLC | Common units","TopGolf International, LLC","TopGolf International, LLC",Common Equity,,,,18400000.0,18400000.0,,184355.0,100.0,,,,,False,,,USD,18400000.0,Consumer Services,,Common units,,,2026-01,Golf focused entertainment complex,,,,,,,Consumer Discretionary,Consumer Services,Common Equity,Topgolf,"TopGolf International, LLC"
ARCC,0001287750,0001628280-26-050307,10-Q,2026-06-30,2026-07-29,"Triple JJJ Lube, Corp. and TCC Buyer Holdco, LLC | First lien senior secured loan","Triple JJJ Lube, Corp.","Triple JJJ Lube, Corp.",First Lien,,,,34300000.0,34300000.0,34300000.0,,100.0,6.0,9.67,,,False,,,USD,34300000.0,Consumer Services,,First lien senior secured loan,SOFR,2032-01,2026-01,Automotive repair services retailer,,,,9.67,6.0,,Consumer Discretionary,Consumer Services,First Lien,Jiffy Lube (Team Car Care),"Triple JJJ Lube, Corp."
ARCC,0001287750,0001628280-26-050307,10-Q,2026-06-30,2026-07-29,"Triple JJJ Lube, Corp. and TCC Buyer Holdco, LLC | Class A preferred units","Triple JJJ Lube, Corp.","Triple JJJ Lube, Corp.",Preferred Equity,,,,43200000.0,32100000.0,,32086.0,134.58,,,,,False,,,USD,43200000.0,Consumer Services,,Class A preferred units,,,2026-01,Automotive repair services retailer,,,,,,,Consumer Discretionary,Consumer Services,Preferred Equity,Jiffy Lube (Team Car Care),"Triple JJJ Lube, Corp."
ARCC,0001287750,0001628280-26-050307,10-Q,2026-06-30,2026-07-29,"Triwizard Holdings, Inc. and Triwizard Parent, LP | First lien senior secured revolving loan 1","Triwizard Holdings, Inc.","Triwizard Holdings, Inc.",First Lien,,,,26100000.0,26100000.0,26100000.0,,100.0,5.0,8.65,,,False,,,USD,26100000.0,Consumer Services,,First lien senior secured revolving loan,SOFR,2029-06,2023-06,Parking management and hospitality services provider,,,,8.65,5.0,,Consumer Discretionary,Consumer Services,First Lien,,"Triwizard Holdings, Inc."
ARCC,0001287750,0001628280-26-050307,10-Q,2026-06-30,2026-07-29,"Triwizard Holdings, Inc. and Triwizard Parent, LP, Class A-2 common units","Triwizard Holdings, Inc.","Triwizard Holdings, Inc.",Common Equity,,,,5600000.0,3000000.0,,30000.0,186.67,,,,,False,,,USD,5600000.0,Consumer Services,,Class A-2 common units,,,2023-06,Parking management and hospitality services provider,,,,,,,Consumer Discretionary,Consumer Services,Common Equity,,"Triwizard Holdings, Inc."
ARCC,0001287750,0001628280-26-050307,10-Q,2026-06-30,2026-07-29,"TSWT Acquisition, Inc. and TSWT Holdings, LLC | First lien senior secured revolving loan 1","TSWT Acquisition, Inc.","TSWT Acquisition, Inc.",First Lien,,,,1400000.0,1400000.0,1400000.0,,100.0,4.0,10.75,,,False,,,USD,1400000.0,Consumer Services,,First lien senior secured revolving loan,,2031-11,2025-11,"Provider of residential home services specializing in HVAC, electrical and plumbing services",,,,10.75,4.0,,Consumer Discretionary,Consumer Services,First Lien,,"TSWT Acquisition, Inc."
ARCC,0001287750,0001628280-26-050307,10-Q,2026-06-30,2026-07-29,"TSWT Acquisition, Inc. and TSWT Holdings, LLC | First lien senior secured loan","TSWT Acquisition, Inc.","TSWT Acquisition, Inc.",First Lien,,,,19700000.0,19700000.0,19700000.0,,100.0,5.0,8.67,,,False,,,USD,19700000.0,Consumer Services,,First lien senior secured loan,SOFR,2031-11,2025-11,"Provider of residential home services specializing in HVAC, electrical and plumbing services",,,,8.67,5.0,,Consumer Discretionary,Consumer Services,First Lien,,"TSWT Acquisition, Inc."
ARCC,0001287750,0001628280-26-050307,10-Q,2026-06-30,2026-07-29,"TSWT Acquisition, Inc. and TSWT Holdings, LLC | Class A units","TSWT Acquisition, Inc.","TSWT Acquisition, Inc.",Common Equity,,,,1100000.0,900000.0,,42.0,122.22,,,,,False,,,USD,1100000.0,Consumer Services,,Class A units,,,2025-11,"Provider of residential home services specializing in HVAC, electrical and plumbing services",,,,,,,Consumer Discretionary,Consumer Services,Common Equity,,"TSWT Acquisition, Inc."
ARCC,0001287750,0001628280-26-050307,10-Q,2026-06-30,2026-07-29,"Vertex Service Partners, LLC and Vertex Service Partners Holdings, LLC | First lien senior secured revolving loan","Vertex Service Partners, LLC","Vertex Service Partners, LLC",First Lien,,,,16900000.0,19700000.0,19700000.0,,85.79,6.0,9.74,,,False,,,USD,16900000.0,Consumer Services,,First lien senior secured revolving loan,SOFR,2030-11,2023-11,Provider of residential roofing repair & replacement,,,,9.74,6.0,,Consumer Discretionary,Consumer Services,First Lien,,"Vertex Service Partners, LLC"
ARCC,0001287750,0001628280-26-050307,10-Q,2026-06-30,2026-07-29,"Vertex Service Partners, LLC and Vertex Service Partners Holdings, LLC | Class B common units","Vertex Service Partners, LLC","Vertex Service Partners, LLC",Common Equity,,,,200000.0,200000.0,,212.0,100.0,,,,,False,,,USD,200000.0,Consumer Services,,Class B common units,,,2023-11,Provider of residential roofing repair & replacement,,,,,,,Consumer Discretionary,Consumer Services,Common Equity,,"Vertex Service Partners, LLC"
ARCC,0001287750,0001628280-26-050307,10-Q,2026-06-30,2026-07-29,"Vista Higher Learning, LLC | First lien senior secured loan 1",Vista Higher Learning,Vista Higher Learning,First Lien,,,,32100000.0,32800000.0,32800000.0,,97.87,4.75,8.42,,,False,,,USD,32100000.0,Consumer Services,,First lien senior secured loan,SOFR,2031-09,2025-09,Developer of print and digital language learning solutions for K–12 and higher education institutions,,,,8.42,4.75,,Consumer Discretionary,Consumer Services,First Lien,,Vista Higher Learning
ARCC,0001287750,0001628280-26-050307,10-Q,2026-06-30,2026-07-29,"Vista Higher Learning, LLC | First lien senior secured loan 2",Vista Higher Learning,Vista Higher Learning,First Lien,,,,100000.0,100000.0,100000.0,,100.0,4.75,8.48,,,False,,,USD,100000.0,Software and Services,,First lien senior secured revolving loan,SOFR,2031-01,2024-01,"Provider of CRM, ERP and supply chain software application",,,,8.42,4.75,,Information Technology,Software & Services,First Lien,,Vista Higher Learning
ARCC,0001287750,0001628280-26-050307,10-Q,2026-06-30,2026-07-29,"Vista Higher Learning, LLC | First lien senior secured loan 3",Vista Higher Learning,Vista Higher Learning,First Lien,,,,3600000.0,3600000.0,3600000.0,,100.0,4.75,8.48,,,False,,,USD,3600000.0,Software and Services,,First lien senior secured loan,SOFR,2029-10,2025-08,Provider of technology solutions and hardware to U.S. state and local governments and motor vehicle agencies,,,,8.69,5.0,,Information Technology,Software & Services,First Lien,,Vista Higher Learning
ARCC,0001287750,0001628280-26-050307,10-Q,2026-06-30,2026-07-29,"ZBS Mechanical Group Co-Invest Fund 2, LLC and ZBS Mechanical Group Co-Invest II Fund 2, LLC | Membership interest 1","ZBS Mechanical Group Co-Invest Fund 2, LLC","ZBS Mechanical Group Co-Invest Fund 2, LLC",LLC Interest,,,,8000000.0,1400000.0,,2771000.0,571.43,,,,,False,,,USD,8000000.0,Consumer Services,,Membership interest,,,2021-10,Provider of residential HVAC and plumbing services,,,,,,,Consumer Discretionary,Consumer Services,Common Equity,,"ZBS Mechanical Group Co-Invest Fund 2, LLC"
ARCC,0001287750,0001628280-26-050307,10-Q,2026-06-30,2026-07-29,"ZBS Mechanical Group Co-Invest Fund 2, LLC and ZBS Mechanical Group Co-Invest II Fund 2, LLC | Membership interest 2","ZBS Mechanical Group Co-Invest Fund 2, LLC","ZBS Mechanical Group Co-Invest Fund 2, LLC",LLC Interest,,,,1500000.0,300000.0,,264161.0,500.0,,,,,False,,,USD,1500000.0,Software and Services,,First lien senior secured revolving loan,SOFR,2031-01,2025-01,Vertical software businesses holding company,,,,9.15,5.5,,Information Technology,Software & Services,Common Equity,,"ZBS Mechanical Group Co-Invest Fund 2, LLC"
ARCC,0001287750,0001628280-26-050307,10-Q,2026-06-30,2026-07-29,15484880 Canada Inc. and 15484910 Canada Inc. | First lien senior secured loan 1,15484880 Canada Inc. and 15484910 Canada Inc.,15484880 Canada Inc. and 15484910 Canada Inc.,First Lien,,,,37500000.0,37700000.0,37500000.0,,100.0,5.25,7.83,,,False,,,USD,37500000.0,Insurance,,First lien senior secured revolving loan,,2031-04,2025-04,Independent insurance broker,,,,7.83,5.25,,Financials,Insurance,First Lien,,15484880 Canada Inc. and 15484910 Canada Inc.
ARCC,0001287750,0001628280-26-050307,10-Q,2026-06-30,2026-07-29,15484880 Canada Inc. and 15484910 Canada Inc. | First lien senior secured loan 4,15484880 Canada Inc. and 15484910 Canada Inc.,15484880 Canada Inc. and 15484910 Canada Inc.,First Lien,,,,7600000.0,7800000.0,7600000.0,,100.0,5.25,7.72,,,False,,,USD,7600000.0,Insurance,,First lien senior secured loan,EURIBOR,2031-04,2026-03,Independent insurance broker,,,,7.72,5.25,,Financials,Insurance,First Lien,,15484880 Canada Inc. and 15484910 Canada Inc.
ARCC,0001287750,0001628280-26-050307,10-Q,2026-06-30,2026-07-29,15484880 Canada Inc. and 15484910 Canada Inc. | Senior subordinated loan,15484880 Canada Inc. and 15484910 Canada Inc.,15484880 Canada Inc. and 15484910 Canada Inc.,Senior Subordinated,,,,15200000.0,15200000.0,15200000.0,,100.0,,,,14.0,True,,,USD,15200000.0,Insurance,,Senior subordinated loan,,2035-04,2025-04,Independent insurance broker,,,,14.0,,,Financials,Insurance,Subordinated,,15484880 Canada Inc. and 15484910 Canada Inc.
ARCC,0001287750,0001628280-26-050307,10-Q,2026-06-30,2026-07-29,15484880 Canada Inc. and 15484910 Canada Inc. | Class A2 shares,15484880 Canada Inc. and 15484910 Canada Inc.,15484880 Canada Inc. and 15484910 Canada Inc.,Common Equity,,,,14800000.0,13800000.0,,19825189.0,107.25,,,,,False,,,USD,14800000.0,Insurance,,Class A2 shares,,,2025-04,Independent insurance broker,,,,,,,Financials,Insurance,Common Equity,,15484880 Canada Inc. and 15484910 Canada Inc.
ARCC,0001287750,0001628280-26-050307,10-Q,2026-06-30,2026-07-29,"AQ Sunshine, Inc. and BayPine Regal Co-Invest, LP | First lien senior secured loan","AQ Sunshine, Inc.","AQ Sunshine, Inc.",First Lien,,,,138900000.0,140300000.0,140300000.0,,99.0,5.0,8.66,,,False,,,USD,138900000.0,Insurance,,First lien senior secured loan,SOFR,2033-07,2026-06,Specialized insurance broker,,,,8.66,5.0,,Financials,Insurance,First Lien,Relation Insurance,"AQ Sunshine, Inc."
ARCC,0001287750,0001628280-26-050307,10-Q,2026-06-30,2026-07-29,"AQ Sunshine, Inc. and BayPine Regal Co-Invest, LP | Limited partnership interests","AQ Sunshine, Inc.","AQ Sunshine, Inc.",LP Interest,,,,5000000.0,5000000.0,,5000000.0,100.0,,,,,False,,,USD,5000000.0,Insurance,,Limited partnership interests,,,2026-05,Specialized insurance broker,,,,,,,Financials,Insurance,Common Equity,Relation Insurance,"AQ Sunshine, Inc."
ARCC,0001287750,0001628280-26-050307,10-Q,2026-06-30,2026-07-29,"Ardonagh Midco 3 Limited, Ardonagh Group Finco Pty Limited, Ardonagh Finco LLC, Ardonagh Finco B.V., and MDCP Co-Investors (Jade I), L.P. | Limited partnership interest",Ardonagh Midco 3 Limited,Ardonagh Midco 3 Limited,LP Interest,,,,23200000.0,24100000.0,,17510000.0,96.27,,,,,False,,,USD,23200000.0,Insurance,,Limited partnership interest,,,2025-06,Insurance broker and underwriting servicer,,,,,,,Financials,Insurance,Common Equity,,Ardonagh Midco 3 Limited
ARCC,0001287750,0001628280-26-050307,10-Q,2026-06-30,2026-07-29,"Bellwether Buyer, L.L.C. and Bellwether Topco V Buyer, Inc. | First lien senior secured loan","Bellwether Buyer, L.L.C.","Bellwether Buyer, L.L.C.",First Lien,,,,1100000.0,1100000.0,1100000.0,,100.0,4.5,8.15,,,False,,,USD,1100000.0,Insurance,,First lien senior secured loan,SOFR,2032-04,2025-04,Insurance program administrator,,,,8.15,4.5,,Financials,Insurance,First Lien,,"Bellwether Buyer, L.L.C."
ARCC,0001287750,0001628280-26-050307,10-Q,2026-06-30,2026-07-29,"Benecon Midco II LLC and Benecon Holdings, LLC | First lien senior secured loan",Benecon Midco II LLC,Benecon Midco II LLC,First Lien,,,,17900000.0,17900000.0,17900000.0,,100.0,4.5,8.24,,,False,,,USD,17900000.0,Insurance,,First lien senior secured loan,SOFR,2031-01,2024-01,Employee benefits provider for small and mid-size employers,,,,8.24,4.5,,Financials,Insurance,First Lien,The Benecon Group,Benecon Midco II LLC
ARCC,0001287750,0001628280-26-050307,10-Q,2026-06-30,2026-07-29,"Benecon Midco II LLC and Benecon Holdings, LLC | Class A units",Benecon Midco II LLC,Benecon Midco II LLC,Common Equity,,,,35700000.0,27100000.0,,7796550.0,131.73,,,,,False,,,USD,35700000.0,Insurance,,Class A units,,,2024-01,Employee benefits provider for small and mid-size employers,,,,,,,Financials,Insurance,Common Equity,The Benecon Group,Benecon Midco II LLC
ARCC,0001287750,0001628280-26-050307,10-Q,2026-06-30,2026-07-29,"Daylight Beta Parent LLC and CFCo, LLC | First lien senior secured loan 1",Daylight Beta Parent LLC,Daylight Beta Parent LLC,First Lien,,,,600000.0,12000000.0,15400000.0,,3.9,,,,,False,,,USD,600000.0,Insurance,,First lien senior secured loan,,2033-09,2023-09,Health insurance sales platform provider,,,,,,,Financials,Insurance,First Lien,,Daylight Beta Parent LLC
ARCC,0001287750,0001628280-26-050307,10-Q,2026-06-30,2026-07-29,"Daylight Beta Parent LLC and CFCo, LLC | First lien senior secured loan 2",Daylight Beta Parent LLC,Daylight Beta Parent LLC,First Lien,,,,0.0,500000.0,20800000.0,,0.0,,,,,False,,,USD,0.0,,,,,,,,,,,,,,Financials,Insurance,First Lien,,Daylight Beta Parent LLC
ARCC,0001287750,0001628280-26-050307,10-Q,2026-06-30,2026-07-29,"Daylight Beta Parent LLC and CFCo, LLC | Class B units",Daylight Beta Parent LLC,Daylight Beta Parent LLC,Common Equity,,,,0.0,0.0,,32391330.0,,,,,,False,,,USD,0.0,,,,,,,,,,,,,,Financials,Insurance,Common Equity,,Daylight Beta Parent LLC
ARCC,0001287750,0001628280-26-050307,10-Q,2026-06-30,2026-07-29,Diamond Mezzanine 24 LLC | First lien senior secured revolving loan,Diamond Mezzanine 24 LLC,Diamond Mezzanine 24 LLC,First Lien,,,,6500000.0,6500000.0,6500000.0,,100.0,4.5,8.16,,,False,,,USD,6500000.0,Insurance,,First lien senior secured revolving loan,SOFR,2030-10,2024-10,Property and casualty insurance underwriting and distribution platform,,,,8.16,4.5,,Financials,Insurance,First Lien,United Risk,Diamond Mezzanine 24 LLC
ARCC,0001287750,0001628280-26-050307,10-Q,2026-06-30,2026-07-29,"DOXA Insurance Holdings LLC and Rocket Co-Invest, SLP | First lien senior secured revolving loan",DOXA Insurance Holdings LLC,DOXA Insurance Holdings LLC,First Lien,,,,500000.0,500000.0,500000.0,,100.0,4.5,8.23,,,False,,,USD,500000.0,Insurance,,First lien senior secured revolving loan,SOFR,2029-12,2023-12,Managing general agent insurance distribution platform,,,,8.23,4.5,,Financials,Insurance,First Lien,,DOXA Insurance Holdings LLC
ARCC,0001287750,0001628280-26-050307,10-Q,2026-06-30,2026-07-29,"DOXA Insurance Holdings LLC and Rocket Co-Invest, SLP | First lien senior secured loan",DOXA Insurance Holdings LLC,DOXA Insurance Holdings LLC,First Lien,,,,8700000.0,8800000.0,8800000.0,,98.86,4.5,8.23,,,False,,,USD,8700000.0,Insurance,,First lien senior secured loan,SOFR,2030-12,2023-12,Managing general agent insurance distribution platform,,,,8.23,4.5,,Financials,Insurance,First Lien,,DOXA Insurance Holdings LLC
ARCC,0001287750,0001628280-26-050307,10-Q,2026-06-30,2026-07-29,"DOXA Insurance Holdings LLC and Rocket Co-Invest, SLP | Limited partnership interest",DOXA Insurance Holdings LLC,DOXA Insurance Holdings LLC,LP Interest,,,,1900000.0,1300000.0,,1348309.0,146.15,,,,,False,,,USD,1900000.0,Insurance,,Limited partnership interest,,,2024-03,Managing general agent insurance distribution platform,,,,,,,Financials,Insurance,Common Equity,,DOXA Insurance Holdings LLC
ARCC,0001287750,0001628280-26-050307,10-Q,2026-06-30,2026-07-29,"Forza Insurance Holdings, LLC | First lien senior secured loan",Forza Insurance Holdings,Forza Insurance Holdings,First Lien,,,,38500000.0,38500000.0,38500000.0,,100.0,5.75,9.48,,,False,,,USD,38500000.0,Insurance,,First lien senior secured loan,SOFR,2030-02,2025-02,Operator of insurance brands and platforms,,,,9.48,5.75,,Financials,Insurance,First Lien,,Forza Insurance Holdings
ARCC,0001287750,0001628280-26-050307,10-Q,2026-06-30,2026-07-29,"Foundation Risk Partners, Corp. | First lien senior secured revolving loan",Foundation Risk Partners,Foundation Risk Partners,First Lien,,,,9600000.0,9600000.0,9600000.0,,100.0,4.75,8.48,,,False,,,USD,9600000.0,Insurance,,First lien senior secured revolving loan,SOFR,2029-10,2021-10,Full service independent insurance agency,,,,8.48,4.75,,Financials,Insurance,First Lien,,Foundation Risk Partners
ARCC,0001287750,0001628280-26-050307,10-Q,2026-06-30,2026-07-29,"Foundation Risk Partners, Corp. | First lien senior secured loan 1",Foundation Risk Partners,Foundation Risk Partners,First Lien,,,,91700000.0,91700000.0,91700000.0,,100.0,4.75,8.48,,,False,,,USD,91700000.0,Insurance,,First lien senior secured loan,SOFR,2030-10,2022-04,Full service independent insurance agency,,,,8.48,4.75,,Financials,Insurance,First Lien,,Foundation Risk Partners
ARCC,0001287750,0001628280-26-050307,10-Q,2026-06-30,2026-07-29,Galway Borrower LLC | First lien senior secured revolving loan,Galway Borrower LLC,Galway Borrower LLC,First Lien,,,,50700000.0,51300000.0,51300000.0,,98.83,4.5,8.24,,,False,,,USD,50700000.0,Insurance,,First lien senior secured revolving loan,SOFR,2028-09,2021-09,Insurance service provider,,,,8.24,4.5,,Financials,Insurance,First Lien,EPIC Insurance Brokers,Galway Borrower LLC
ARCC,0001287750,0001628280-26-050307,10-Q,2026-06-30,2026-07-29,Gestion ABS Bidco Inc. / ABS Bidco Holdings Inc. | First lien senior secured loan 1,Gestion ABS Bidco Inc. / ABS Bidco Holdings Inc.,Gestion ABS Bidco Inc. / ABS Bidco Holdings Inc.,First Lien,,,,10400000.0,10800000.0,10400000.0,,100.0,5.0,7.27,,,False,,,USD,10400000.0,Insurance,,First lien senior secured loan,,2031-03,2024-03,Insurance broker,,,,7.27,5.0,,Financials,Insurance,First Lien,,Gestion ABS Bidco Inc. / ABS Bidco Holdings Inc.
ARCC,0001287750,0001628280-26-050307,10-Q,2026-06-30,2026-07-29,Gestion ABS Bidco Inc. / ABS Bidco Holdings Inc. | First lien senior secured loan 2,Gestion ABS Bidco Inc. / ABS Bidco Holdings Inc.,Gestion ABS Bidco Inc. / ABS Bidco Holdings Inc.,First Lien,,,,500000.0,500000.0,500000.0,,100.0,5.0,7.28,,,False,,,USD,500000.0,Insurance,,First lien senior secured loan,CDOR,2031-03,2024-03,Insurance broker,,,,7.28,5.0,,Financials,Insurance,First Lien,,Gestion ABS Bidco Inc. / ABS Bidco Holdings Inc.
ARCC,0001287750,0001628280-26-050307,10-Q,2026-06-30,2026-07-29,"Higginbotham Insurance Agency, Inc., HIG Operations Holdings, Inc., and HIG Intermediate, Inc.  | First lien senior secured loan 1","Higginbotham Insurance Agency, Inc.","Higginbotham Insurance Agency, Inc.",First Lien,,,,16800000.0,16800000.0,16800000.0,,100.0,4.5,8.14,,,False,,,USD,16800000.0,Insurance,,First lien senior secured loan,SOFR,2031-06,2025-12,Independent retail insurance broker,,,,8.14,4.5,,Financials,Insurance,First Lien,,"Higginbotham Insurance Agency, Inc."
ARCC,0001287750,0001628280-26-050307,10-Q,2026-06-30,2026-07-29,"Higginbotham Insurance Agency, Inc., HIG Operations Holdings, Inc., and HIG Intermediate, Inc.  | Series A preferred shares","Higginbotham Insurance Agency, Inc.","Higginbotham Insurance Agency, Inc.",Preferred Equity,,,,1000000.0,1000000.0,,1000.0,100.0,,10.5,,,False,,,USD,1000000.0,Insurance,,Series A preferred shares,,,2024-12,Independent retail insurance broker,,,,10.5,,,Financials,Insurance,Preferred Equity,,"Higginbotham Insurance Agency, Inc."
ARCC,0001287750,0001628280-26-050307,10-Q,2026-06-30,2026-07-29,"High Street Buyer, Inc. and High Street Holdco LLC | First lien senior secured loan 1",High Street Buyer,High Street Buyer,First Lien,,,,45400000.0,45400000.0,45400000.0,,100.0,4.25,7.98,,,False,,,USD,45400000.0,Insurance,,First lien senior secured loan,SOFR,2028-04,2021-04,Insurance brokerage platform,,,,7.98,4.25,,Financials,Insurance,First Lien,,High Street Buyer
ARCC,0001287750,0001628280-26-050307,10-Q,2026-06-30,2026-07-29,"High Street Buyer, Inc. and High Street Holdco LLC | Series A preferred units 1",High Street Buyer,High Street Buyer,Preferred Equity,,,,293500000.0,293500000.0,,198211695.0,100.0,,,,10.0,True,,,USD,293500000.0,Insurance,,Series A preferred units,,,2023-12,Insurance brokerage platform,,,,10.0,,,Financials,Insurance,Preferred Equity,,High Street Buyer
ARCC,0001287750,0001628280-26-050307,10-Q,2026-06-30,2026-07-29,"High Street Buyer, Inc. and High Street Holdco LLC | Series A common units",High Street Buyer,High Street Buyer,Common Equity,,,,45400000.0,15000000.0,,15605749.0,302.67,,,,10.0,True,,,USD,45400000.0,Insurance,,Series A units,,,2021-04,Insurance brokerage platform,,,,10.0,,,Financials,Insurance,Common Equity,,High Street Buyer
ARCC,0001287750,0001628280-26-050307,10-Q,2026-06-30,2026-07-29,"Inszone Mid, LLC and INSZ Holdings, LLC | First lien senior secured loan 1","Inszone Mid, LLC","Inszone Mid, LLC",First Lien,,,,89600000.0,89600000.0,89600000.0,,100.0,5.25,8.98,,,False,,,USD,89600000.0,Insurance,,First lien senior secured loan,SOFR,2029-11,2023-12,Insurance brokerage firm,,,,8.98,5.25,,Financials,Insurance,First Lien,Inszone Insurance,"Inszone Mid, LLC"
ARCC,0001287750,0001628280-26-050307,10-Q,2026-06-30,2026-07-29,"Inszone Mid, LLC and INSZ Holdings, LLC | First lien senior secured loan 3","Inszone Mid, LLC","Inszone Mid, LLC",First Lien,,,,22400000.0,22700000.0,22700000.0,,98.68,4.5,8.23,,,False,,,USD,22400000.0,Insurance,,First lien senior secured loan,SOFR,2029-11,2025-10,Insurance brokerage firm,,,,8.23,4.5,,Financials,Insurance,First Lien,Inszone Insurance,"Inszone Mid, LLC"
ARCC,0001287750,0001628280-26-050307,10-Q,2026-06-30,2026-07-29,"Inszone Mid, LLC and INSZ Holdings, LLC | Common units","Inszone Mid, LLC","Inszone Mid, LLC",Common Equity,,,,21700000.0,10200000.0,,10619088.0,212.75,,,,,False,,,USD,21700000.0,Insurance,,Common units,,,2023-11,Insurance brokerage firm,,,,,,,Financials,Insurance,Common Equity,Inszone Insurance,"Inszone Mid, LLC"
ARCC,0001287750,0001628280-26-050307,10-Q,2026-06-30,2026-07-29,"King Risk Partners, LLC | First lien senior secured loan",King Risk Partners,King Risk Partners,First Lien,,,,8400000.0,8400000.0,8400000.0,,100.0,4.5,8.14,,,False,,,USD,8400000.0,Insurance,,First lien senior secured loan,SOFR,2031-04,2025-04,Retail insurance brokerage firm,,,,8.14,4.5,,Financials,Insurance,First Lien,,King Risk Partners
ARCC,0001287750,0001628280-26-050307,10-Q,2026-06-30,2026-07-29,"Knight AcquireCo, LLC and Knight Holdings, LP | First lien senior secured loan","Knight AcquireCo, LLC","Knight AcquireCo, LLC",First Lien,,,,11800000.0,11800000.0,11900000.0,,99.16,4.5,8.15,,,False,,,USD,11800000.0,Insurance,,First lien senior secured loan,SOFR,2032-11,2025-11,Insurance agency and regulatory services provider,,,,8.15,4.5,,Financials,Insurance,First Lien,,"Knight AcquireCo, LLC"
ARCC,0001287750,0001628280-26-050307,10-Q,2026-06-30,2026-07-29,"Knight AcquireCo, LLC and Knight Holdings, LP | Class A-1 common units","Knight AcquireCo, LLC","Knight AcquireCo, LLC",Common Equity,,,,2300000.0,2100000.0,,213806.0,109.52,,,,,False,,,USD,2300000.0,Insurance,,Class A-1 common units,,,2025-11,Insurance agency and regulatory services provider,,,,,,,Financials,Insurance,Common Equity,,"Knight AcquireCo, LLC"
ARCC,0001287750,0001628280-26-050307,10-Q,2026-06-30,2026-07-29,"Koala Investment Holdings, Inc. | First lien senior secured revolving loan",Koala Investment Holdings,Koala Investment Holdings,First Lien,,,,24800000.0,25400000.0,25400000.0,,97.64,4.25,7.96,,,False,,,USD,24800000.0,Insurance,,First lien senior secured revolving loan,SOFR,2032-08,2025-08,Insurance brokerage platform,,,,7.96,4.25,,Financials,Insurance,First Lien,,Koala Investment Holdings
ARCC,0001287750,0001628280-26-050307,10-Q,2026-06-30,2026-07-29,"OakBridge Insurance Agency LLC and Maple Acquisition Holdings, LP | First lien senior secured revolving loan",OakBridge Insurance Agency LLC,OakBridge Insurance Agency LLC,First Lien,,,,7400000.0,7400000.0,7400000.0,,100.0,4.75,8.39,,,False,,,USD,7400000.0,Insurance,,First lien senior secured revolving loan,SOFR,2029-11,2023-11,Insurance brokerage platform,,,,8.39,4.75,,Financials,Insurance,First Lien,,OakBridge Insurance Agency LLC
ARCC,0001287750,0001628280-26-050307,10-Q,2026-06-30,2026-07-29,"OakBridge Insurance Agency LLC and Maple Acquisition Holdings, LP | Class A2 units",OakBridge Insurance Agency LLC,OakBridge Insurance Agency LLC,Common Equity,,,,3200000.0,2300000.0,,115928.0,139.13,,,,,False,,,USD,3200000.0,Insurance,,Class A2 units,,,2023-11,Insurance brokerage platform,,,,,,,Financials,Insurance,Common Equity,,OakBridge Insurance Agency LLC
ARCC,0001287750,0001628280-26-050307,10-Q,2026-06-30,2026-07-29,"Patriot Growth Insurance Services, LLC | First lien senior secured loan",Patriot Growth Insurance Services,Patriot Growth Insurance Services,First Lien,,,,15000000.0,15300000.0,15400000.0,,97.4,5.0,8.88,,,False,,,USD,15000000.0,Insurance,,First lien senior secured loan,SOFR,2028-10,2021-10,National retail insurance agency,,,,8.88,5.0,,Financials,Insurance,First Lien,,Patriot Growth Insurance Services
ARCC,0001287750,0001628280-26-050307,10-Q,2026-06-30,2026-07-29,People Corporation | First lien senior secured loan 1,People Corporation,People Corporation,First Lien,,,,109100000.0,116800000.0,109100000.0,,100.0,5.0,7.62,,,False,,,USD,109100000.0,Insurance,,First lien senior secured loan,,2031-02,2021-02,"Provider of group benefits, group retirement and human resources services",,,,7.62,5.0,,Financials,Insurance,First Lien,,People Corporation
ARCC,0001287750,0001628280-26-050307,10-Q,2026-06-30,2026-07-29,People Corporation | First lien senior secured loan 5,People Corporation,People Corporation,First Lien,,,,19000000.0,19400000.0,19000000.0,,100.0,5.0,7.62,,,False,,,USD,19000000.0,Insurance,,First lien senior secured loan,,2028-02,2024-12,"Provider of group benefits, group retirement and human resources services",,,,7.62,5.0,,Financials,Insurance,First Lien,,People Corporation
ARCC,0001287750,0001628280-26-050307,10-Q,2026-06-30,2026-07-29,"SageSure Holdings, LLC and SageSure LLC | First lien senior secured loan 1",SageSure Holdings,SageSure Holdings,First Lien,,,,58200000.0,58200000.0,58200000.0,,100.0,4.5,8.26,,,False,,,USD,58200000.0,Insurance,,First lien senior secured loan,SOFR,2030-01,2025-01,Insurance service provider,,,,8.26,4.5,,Financials,Insurance,First Lien,,SageSure Holdings
ARCC,0001287750,0001628280-26-050307,10-Q,2026-06-30,2026-07-29,"SageSure Holdings, LLC and SageSure LLC | Series A units",SageSure Holdings,SageSure Holdings,Common Equity,,,,129100000.0,70000000.0,,710.0,184.43,,,,,False,,,USD,129100000.0,Insurance,,Series A units,,,2025-05,Insurance service provider,,,,,,,Financials,Insurance,Common Equity,,SageSure Holdings
ARCC,0001287750,0001628280-26-050307,10-Q,2026-06-30,2026-07-29,"SelectQuote, Inc. and SQ ABS Issuer, LLC | First lien senior secured notes 1","SelectQuote, Inc.","SelectQuote, Inc.",First Lien,,,,1200000.0,1200000.0,1200000.0,,100.0,,9.65,,,False,,,USD,1200000.0,Insurance,,First lien senior secured notes,,2039-10,2024-10,Direct to consumer insurance distribution platform,,,,9.65,,,Financials,Insurance,First Lien,,"SelectQuote, Inc."
ARCC,0001287750,0001628280-26-050307,10-Q,2026-06-30,2026-07-29,"SelectQuote, Inc. and SQ ABS Issuer, LLC | First lien senior secured notes 2","SelectQuote, Inc.","SelectQuote, Inc.",First Lien,,,,1800000.0,1800000.0,1800000.0,,100.0,,7.8,,,False,,,USD,1800000.0,Insurance,,First lien senior secured notes,,2039-10,2024-10,Direct to consumer insurance distribution platform,,,,7.8,,,Financials,Insurance,First Lien,,"SelectQuote, Inc."
ARCC,0001287750,0001628280-26-050307,10-Q,2026-06-30,2026-07-29,"SelectQuote, Inc. and SQ ABS Issuer, LLC | Warrant to purchase shares of common stock","SelectQuote, Inc.","SelectQuote, Inc.",Warrant,,,,0.0,0.0,,179068.0,,,,,,False,,,USD,0.0,,,,,,,,,,,,,,Financials,Insurance,Warrant,,"SelectQuote, Inc."
ARCC,0001287750,0001628280-26-050307,10-Q,2026-06-30,2026-07-29,"SG Acquisition, Inc. | First lien senior secured loan",SG Acquisition,SG Acquisition,First Lien,,,,13100000.0,13100000.0,13100000.0,,100.0,4.75,8.43,,,False,,,USD,13100000.0,Insurance,,First lien senior secured loan,SOFR,2030-04,2024-04,Provider of insurance solutions for car sales,,,,8.43,4.75,,Financials,Insurance,First Lien,,SG Acquisition
ARCC,0001287750,0001628280-26-050307,10-Q,2026-06-30,2026-07-29,"SIG Parent Holdings, LLC | First lien senior secured loan",SIG Parent Holdings,SIG Parent Holdings,First Lien,,,,11700000.0,11700000.0,11700000.0,,100.0,4.75,8.39,,,False,,,USD,11700000.0,Insurance,,First lien senior secured loan,SOFR,2031-08,2024-08,Independent insurance brokerage,,,,8.39,4.75,,Financials,Insurance,First Lien,,SIG Parent Holdings
ARCC,0001287750,0001628280-26-050307,10-Q,2026-06-30,2026-07-29,Slaine Holdings LLC | Senior subordinated loan,Slaine Holdings LLC,Slaine Holdings LLC,Senior Subordinated,,,,49200000.0,49200000.0,49200000.0,,100.0,6.5,10.14,,,False,,,USD,49200000.0,Insurance,,Senior subordinated loan,SOFR,2030-05,2025-05,Holding company of insurance service providers,,,,10.14,6.5,,Financials,Insurance,Subordinated,SageSure,Slaine Holdings LLC
ARCC,0001287750,0001628280-26-050307,10-Q,2026-06-30,2026-07-29,"THG Acquisition, LLC | First lien senior secured revolving loan",THG Acquisition,THG Acquisition,First Lien,,,,5300000.0,5300000.0,5300000.0,,100.0,4.75,8.39,,,False,,,USD,5300000.0,Insurance,,First lien senior secured revolving loan,SOFR,2031-10,2024-10,Multi-line insurance broker,,,,8.39,4.75,,Financials,Insurance,First Lien,,THG Acquisition
ARCC,0001287750,0001628280-26-050307,10-Q,2026-06-30,2026-07-29,"THG Acquisition, LLC | First lien senior secured loan",THG Acquisition,THG Acquisition,First Lien,,,,35700000.0,35700000.0,35700000.0,,100.0,4.75,8.39,,,False,,,USD,35700000.0,Insurance,,Class A units,,,2024-01,Employee benefits provider for small and mid-size employers,,,,,,,Financials,Insurance,First Lien,,THG Acquisition
ARCC,0001287750,0001628280-26-050307,10-Q,2026-06-30,2026-07-29,"Truist Insurance Holdings, LLC and McGriff Insurance Services, LLC | First lien senior secured revolving loan","Truist Insurance Holdings, LLC","Truist Insurance Holdings, LLC",First Lien,,,,200000.0,100000.0,200000.0,,100.0,3.25,6.92,,,False,,,USD,200000.0,Insurance Services,,First lien senior secured revolving loan,SOFR,2029-05,2024-05,Insurance brokerage firm,,,,6.92,3.25,,Financials,Insurance,First Lien,,"Truist Insurance Holdings, LLC"
ARCC,0001287750,0001628280-26-050307,10-Q,2026-06-30,2026-07-29,"Truist Insurance Holdings, LLC and McGriff Insurance Services, LLC | First lien senior secured loan","Truist Insurance Holdings, LLC","Truist Insurance Holdings, LLC",First Lien,,,,100000.0,100000.0,100000.0,,100.0,2.75,6.48,,,False,,,USD,100000.0,Insurance Services,,First lien senior secured loan,SOFR,2031-05,2024-03,Insurance brokerage firm,,,,6.48,2.75,,Financials,Insurance,First Lien,,"Truist Insurance Holdings, LLC"
ARCC,0001287750,0001628280-26-050307,10-Q,2026-06-30,2026-07-29,"World Insurance Associates, LLC and World Associates Holdings, LLC | First lien senior secured loan","World Insurance Associates, LLC","World Insurance Associates, LLC",First Lien,,,,11600000.0,11700000.0,11700000.0,,99.15,5.0,8.73,,,False,,,USD,11600000.0,Insurance Services,,First lien senior secured loan,SOFR,2030-04,2023-10,Insurance service provider,,,,8.73,5.0,,Financials,Insurance,First Lien,,"World Insurance Associates, LLC"
ARCC,0001287750,0001628280-26-050307,10-Q,2026-06-30,2026-07-29,"AeriTek Global US Acquisition Inc., AeriTek Global Holdings LLC, and Minus Forty QBD Corp. | First lien senior secured revolving loan",AeriTek Global US Acquisition Inc.,AeriTek Global US Acquisition Inc.,First Lien,,,,6900000.0,6900000.0,6900000.0,,100.0,6.5,10.16,,,False,,,USD,6900000.0,Capital Goods,,First lien senior secured revolving loan,SOFR,2030-08,2025-08,Manufacturer of commercial refrigeration and foodservice equipment,,,,10.16,6.5,,Industrials,Capital Goods,First Lien,,AeriTek Global US Acquisition Inc.
ARCC,0001287750,0001628280-26-050307,10-Q,2026-06-30,2026-07-29,"AeriTek Global US Acquisition Inc., AeriTek Global Holdings LLC, and Minus Forty QBD Corp. | First lien senior secured loan 1",AeriTek Global US Acquisition Inc.,AeriTek Global US Acquisition Inc.,First Lien,,,,52700000.0,52700000.0,52700000.0,,100.0,6.75,10.42,,,False,,,USD,52700000.0,Capital Goods,,First lien senior secured loan,SOFR,2030-08,2025-08,Manufacturer of commercial refrigeration and foodservice equipment,,,,10.42,6.75,,Industrials,Capital Goods,First Lien,,AeriTek Global US Acquisition Inc.
ARCC,0001287750,0001628280-26-050307,10-Q,2026-06-30,2026-07-29,"Airx Climate Solutions, Inc. | First lien senior secured revolving loan",Airx Climate Solutions,Airx Climate Solutions,First Lien,,,,10200000.0,10200000.0,10200000.0,,100.0,5.75,9.4,,,False,,,USD,10200000.0,Capital Goods,,First lien senior secured revolving loan,SOFR,2029-11,2023-11,Provider of commercial HVAC equipment and services,,,,9.4,5.75,,Industrials,Capital Goods,First Lien,,Airx Climate Solutions
ARCC,0001287750,0001628280-26-050307,10-Q,2026-06-30,2026-07-29,"Airx Climate Solutions, Inc. | First lien senior secured loan 2",Airx Climate Solutions,Airx Climate Solutions,First Lien,,,,12300000.0,12400000.0,12400000.0,,99.19,5.0,8.63,,,False,,,USD,12300000.0,Capital Goods,,First lien senior secured loan,SOFR,2029-11,2024-07,Provider of commercial HVAC equipment and services,,,,8.63,5.0,,Industrials,Capital Goods,First Lien,,Airx Climate Solutions
ARCC,0001287750,0001628280-26-050307,10-Q,2026-06-30,2026-07-29,"Align Precision Group, LLC and Align Precision Topco, L.P. | First lien senior secured loan","Align Precision Group, LLC","Align Precision Group, LLC",First Lien,,,,31300000.0,15600000.0,15700000.0,,200.64,6.75,,,10.45,True,,,USD,31300000.0,Capital Goods,,First lien senior secured loan,SOFR,2030-07,2025-07,Manufacturer of precision machined components for defense and high-tech industrial platforms,,,,10.45,6.75,,Industrials,Capital Goods,First Lien,,"Align Precision Group, LLC"
ARCC,0001287750,0001628280-26-050307,10-Q,2026-06-30,2026-07-29,"Align Precision Group, LLC and Align Precision Topco, L.P. | Class A-2 units","Align Precision Group, LLC","Align Precision Group, LLC",Common Equity,,,,100000.0,0.0,,6310.0,,,,,,False,,,USD,100000.0,Capital Goods,,Class A-2 units,,,2025-07,Manufacturer of precision machined components for defense and high-tech industrial platforms,,,,,,,Industrials,Capital Goods,Common Equity,,"Align Precision Group, LLC"
ARCC,0001287750,0001628280-26-050307,10-Q,2026-06-30,2026-07-29,"Allclear Commercial Inc., Allclear Military Inc., Allclear Space Inc., and Allclear Group LLC | First lien senior secured revolving loan",Allclear Commercial Inc.,Allclear Commercial Inc.,First Lien,,,,4100000.0,3300000.0,4400000.0,,93.18,5.5,9.38,,,False,,,USD,4100000.0,Capital Goods,,First lien senior secured revolving loan,SOFR,2030-05,2025-06,"Provider of military aircraft aftermarket parts and distribution, repair and logistics services",,,,9.38,5.5,,Industrials,Capital Goods,First Lien,,Allclear Commercial Inc.
ARCC,0001287750,0001628280-26-050307,10-Q,2026-06-30,2026-07-29,"Allclear Commercial Inc., Allclear Military Inc., Allclear Space Inc., and Allclear Group LLC | First lien senior secured loan 4",Allclear Commercial Inc.,Allclear Commercial Inc.,First Lien,,,,700000.0,600000.0,1700000.0,,41.18,7.0,10.99,,6.0,True,,,USD,700000.0,Capital Goods,,First lien senior secured loan,SOFR,2030-05,2025-05,"Provider of military aircraft aftermarket parts and distribution, repair and logistics services",,,,10.99,7.0,6.0,Industrials,Capital Goods,First Lien,,Allclear Commercial Inc.
ARCC,0001287750,0001628280-26-050307,10-Q,2026-06-30,2026-07-29,"Allclear Commercial Inc., Allclear Military Inc., Allclear Space Inc., and Allclear Group LLC | Membership interest",Allclear Commercial Inc.,Allclear Commercial Inc.,LLC Interest,,,,0.0,0.0,,4015.0,,,,,,False,,,USD,0.0,,,,,,,,,,,,,,Industrials,Capital Goods,Common Equity,,Allclear Commercial Inc.
ARCC,0001287750,0001628280-26-050307,10-Q,2026-06-30,2026-07-29,"Arrowhead Holdco Company and Arrowhead GS Holdings, Inc. | First lien senior secured loan",Arrowhead Holdco Company and Arrowhead GS Holdings,Arrowhead Holdco Company and Arrowhead GS Holdings,First Lien,,,,100000.0,100000.0,100000.0,,100.0,2.25,6.13,,,False,,,USD,100000.0,Capital Goods,,First lien senior secured loan,SOFR,2028-08,2021-08,"Distributor of non-discretionary, mission-critical aftermarket replacement parts",,,,6.13,2.25,,Industrials,Capital Goods,First Lien,,Arrowhead Holdco Company and Arrowhead GS Holdings
ARCC,0001287750,0001628280-26-050307,10-Q,2026-06-30,2026-07-29,"Arrowhead Holdco Company and Arrowhead GS Holdings, Inc. | Common stock",Arrowhead Holdco Company and Arrowhead GS Holdings,Arrowhead Holdco Company and Arrowhead GS Holdings,Common Equity,,,,0.0,5100000.0,,5054.0,0.0,,,,,False,,,USD,0.0,,,,,,,,,,,,,,Industrials,Capital Goods,Common Equity,,Arrowhead Holdco Company and Arrowhead GS Holdings
ARCC,0001287750,0001628280-26-050307,10-Q,2026-06-30,2026-07-29,"Arxis, Inc. (fka Qnnect, LLC and Connector TopCo, LP) | Class A common stock","Arxis, Inc.","Arxis, Inc.",Common Equity,,,,57500000.0,9900000.0,,1245139.0,580.81,,,,,False,,,USD,57500000.0,Consumer Services,,First lien senior secured loan,SOFR,2033-01,2026-01,Golf focused entertainment complex,,,,8.18,4.5,,Consumer Discretionary,Consumer Services,Common Equity,,"Arxis, Inc."
ARCC,0001287750,0001628280-26-050307,10-Q,2026-06-30,2026-07-29,"Bells Parent, Inc. | First lien senior secured loan 1",Bells Parent,Bells Parent,First Lien,,,,54100000.0,54800000.0,54800000.0,,98.72,5.0,8.73,,,False,,,USD,54100000.0,Insurance Services,,First lien senior secured loan,SOFR,2033-04,2026-04,"A consulting, engineering, surveying, construction, and environmental services firm",,,,8.73,5.0,,Financials,Insurance,First Lien,,Bells Parent
ARCC,0001287750,0001628280-26-050307,10-Q,2026-06-30,2026-07-29,"BGIF IV Fearless Utility Services, Inc. | First lien senior secured revolving loan",BGIF IV Fearless Utility Services,BGIF IV Fearless Utility Services,First Lien,,,,200000.0,200000.0,200000.0,,100.0,5.0,8.65,,,False,,,USD,200000.0,Insurance Services,,First lien senior secured revolving loan,SOFR,2030-06,2024-06,Maintenance and installation service provider for electric transmission and distribution infrastructure,,,,8.65,5.0,,Financials,Insurance,First Lien,,BGIF IV Fearless Utility Services
ARCC,0001287750,0001628280-26-050307,10-Q,2026-06-30,2026-07-29,"BGIF IV Fearless Utility Services, Inc. | First lien senior secured loan",BGIF IV Fearless Utility Services,BGIF IV Fearless Utility Services,First Lien,,,,19900000.0,19900000.0,19900000.0,,100.0,5.0,8.65,,,False,,,USD,19900000.0,Insurance Services,,First lien senior secured loan,SOFR,2031-06,2024-06,Maintenance and installation service provider for electric transmission and distribution infrastructure,,,,8.65,5.0,,Financials,Insurance,First Lien,,BGIF IV Fearless Utility Services
ARCC,0001287750,0001628280-26-050307,10-Q,2026-06-30,2026-07-29,"Blue Raven Solutions, LLC, Triman Industries, Inc., and Crestwood Technology Group, LLC | First lien senior secured loan","Blue Raven Solutions, LLC","Blue Raven Solutions, LLC",First Lien,,,,28500000.0,29100000.0,29100000.0,,97.94,6.0,9.73,,,False,,,USD,28500000.0,Insurance Services,,First lien senior secured loan,SOFR,2032-01,2026-01,"Provider of  distribution, supply chain, and repair management services for the military aftermarket",,,,9.73,6.0,,Financials,Insurance,First Lien,,"Blue Raven Solutions, LLC"
ARCC,0001287750,0001628280-26-050307,10-Q,2026-06-30,2026-07-29,Burgess Point Purchaser Corporation | First lien senior secured loan 1,Burgess Point Purchaser Corporation,Burgess Point Purchaser Corporation,First Lien,,,,19700000.0,20800000.0,21500000.0,,91.63,5.25,9.01,,,False,,,USD,19700000.0,Insurance Services,,First lien senior secured loan,SOFR,2029-07,2022-07,"Remanufacturer of mission-critical and non-discretionary aftermarket vehicle, industrial, energy storage, and solar replacement parts",,,,9.01,5.25,,Financials,Insurance,First Lien,BBB Industries,Burgess Point Purchaser Corporation
ARCC,0001287750,0001628280-26-050307,10-Q,2026-06-30,2026-07-29,Burgess Point Purchaser Corporation | First lien senior secured loan 2,Burgess Point Purchaser Corporation,Burgess Point Purchaser Corporation,First Lien,,,,29800000.0,31500000.0,31500000.0,,94.6,6.0,9.66,,,False,,,USD,29800000.0,Insurance Services,,First lien senior secured loan,SOFR,2029-07,2026-01,"Remanufacturer of mission-critical and non-discretionary aftermarket vehicle, industrial, energy storage, and solar replacement parts",,,,9.66,6.0,,Financials,Insurance,First Lien,BBB Industries,Burgess Point Purchaser Corporation
ARCC,0001287750,0001628280-26-050307,10-Q,2026-06-30,2026-07-29,CPIG Holdco Inc. | First lien senior secured loan,CPIG Holdco Inc.,CPIG Holdco Inc.,First Lien,,,,14300000.0,14300000.0,14300000.0,,100.0,6.0,9.78,,,False,,,USD,14300000.0,Insurance Services,,First lien senior secured loan,SOFR,2028-04,2023-04,Distributor of engineered fluid power and complex machined solutions,,,,9.78,6.0,,Financials,Insurance,First Lien,,CPIG Holdco Inc.
ARCC,0001287750,0001628280-26-050307,10-Q,2026-06-30,2026-07-29,"DFS Holding Company, Inc. | First lien senior secured loan",DFS Holding Company,DFS Holding Company,First Lien,,,,2000000.0,2100000.0,2100000.0,,95.24,7.5,11.23,,5.0,True,,,USD,2000000.0,Insurance Services,,First lien senior secured loan,SOFR,2029-01,2023-01,"Distributor of maintenance, repair, and operations parts, supplies, and equipment to the foodservice industry",,,,11.23,7.5,5.0,Financials,Insurance,First Lien,,DFS Holding Company
ARCC,0001287750,0001628280-26-050307,10-Q,2026-06-30,2026-07-29,"Dynamic NC Aerospace Holdings, LLC and Dynamic NC Investment Holdings, LP | Common units","Dynamic NC Aerospace Holdings, LLC","Dynamic NC Aerospace Holdings, LLC",Common Equity,,,,17800000.0,9800000.0,,9773000.0,181.63,,,,,False,,,USD,17800000.0,Insurance Services,,Common units,,,2020-12,Provider of aerospace technology and equipment,,,,,,,Financials,Insurance,Common Equity,,"Dynamic NC Aerospace Holdings, LLC"
ARCC,0001287750,0001628280-26-050307,10-Q,2026-06-30,2026-07-29,"EIS Legacy Holdco, LLC | First lien senior secured loan",EIS Legacy Holdco,EIS Legacy Holdco,First Lien,,,,6000000.0,6000000.0,6000000.0,,100.0,4.5,8.16,,,False,,,USD,6000000.0,Insurance Services,,First lien senior secured loan,SOFR,2031-11,2024-11,Distributor of electric applicator components,,,,8.16,4.5,,Financials,Insurance,First Lien,,EIS Legacy Holdco
ARCC,0001287750,0001628280-26-050307,10-Q,2026-06-30,2026-07-29,"ELM DebtCo, LLC | First lien senior secured revolving loan",ELM DebtCo,ELM DebtCo,First Lien,,,,100000.0,100000.0,100000.0,,100.0,3.5,10.25,,,False,,,USD,100000.0,Insurance Services,,First lien senior secured revolving loan,,2031-11,2025-11,Provider of underground utility locating services with a focus on the natural gas & electric end markets,,,,10.25,3.5,,Financials,Insurance,First Lien,,ELM DebtCo
ARCC,0001287750,0001628280-26-050307,10-Q,2026-06-30,2026-07-29,"ELM DebtCo, LLC | First lien senior secured loan",ELM DebtCo,ELM DebtCo,First Lien,,,,5200000.0,5200000.0,5200000.0,,100.0,4.5,8.23,,,False,,,USD,5200000.0,Insurance Services,,First lien senior secured loan,SOFR,2031-11,2025-11,Provider of underground utility locating services with a focus on the natural gas & electric end markets,,,,8.23,4.5,,Financials,Insurance,First Lien,,ELM DebtCo
ARCC,0001287750,0001628280-26-050307,10-Q,2026-06-30,2026-07-29,Endurance PT Technology Buyer Corporation and Endurance PT Technology Holdings LLC | First lien senior secured revolving loan,Endurance PT Technology Buyer Corporation,Endurance PT Technology Buyer Corporation,First Lien,,,,57800000.0,57800000.0,57800000.0,,100.0,6.5,10.14,,,False,,,USD,57800000.0,Insurance Services,,First lien senior secured revolving loan,SOFR,2031-10,2025-10,Manufacturer of industrial chain and complementary power transmission products for industrial applications,,,,10.14,6.5,,Financials,Insurance,First Lien,,Endurance PT Technology Buyer Corporation
ARCC,0001287750,0001628280-26-050307,10-Q,2026-06-30,2026-07-29,Endurance PT Technology Buyer Corporation and Endurance PT Technology Holdings LLC | Preferred equity,Endurance PT Technology Buyer Corporation,Endurance PT Technology Buyer Corporation,Preferred Equity,,,,8300000.0,8300000.0,,8163.0,100.0,,,,8.0,True,,,USD,8300000.0,Insurance Services,,Preferred units,,,2025-10,Manufacturer of industrial chain and complementary power transmission products for industrial applications,,,,8.0,,,Financials,Insurance,Preferred Equity,,Endurance PT Technology Buyer Corporation
ARCC,0001287750,0001628280-26-050307,10-Q,2026-06-30,2026-07-29,Endurance PT Technology Buyer Corporation and Endurance PT Technology Holdings LLC | Common units,Endurance PT Technology Buyer Corporation,Endurance PT Technology Buyer Corporation,Common Equity,,,,800000.0,900000.0,,9070.0,88.89,,,,,False,,,USD,800000.0,Insurance Services,,Common units,,,2025-10,Manufacturer of industrial chain and complementary power transmission products for industrial applications,,,,,,,Financials,Insurance,Common Equity,,Endurance PT Technology Buyer Corporation
ARCC,0001287750,0001628280-26-050307,10-Q,2026-06-30,2026-07-29,"ESCP PPG Holdings, LLC | Class A-1 units",ESCP PPG Holdings,ESCP PPG Holdings,Common Equity,,,,0.0,5800000.0,,100397.0,0.0,,,,,False,,,USD,0.0,,,,,,,,,,,,,,Other,Other,Common Equity,,ESCP PPG Holdings
ARCC,0001287750,0001628280-26-050307,10-Q,2026-06-30,2026-07-29,"Generator US Buyer, Inc. and Total Power Limited | First lien senior secured revolving loan",Generator US Buyer,Generator US Buyer,First Lien,,,,900000.0,900000.0,900000.0,,100.0,4.5,6.79,,,False,,,USD,900000.0,Insurance Services,,First lien senior secured revolving loan,,2030-07,2024-07,Provider of generator-based power solutions,,,,6.79,4.5,,Financials,Insurance,First Lien,,Generator US Buyer
ARCC,0001287750,0001628280-26-050307,10-Q,2026-06-30,2026-07-29,"Ground Penetrating Radar Systems, LLC and RC VI Buckeye Holdings LLC | First lien senior secured revolving loan",Ground Penetrating Radar Systems,Ground Penetrating Radar Systems,First Lien,,,,500000.0,500000.0,500000.0,,100.0,4.5,8.23,,,False,,,USD,500000.0,Insurance Services,,First lien senior secured revolving loan,SOFR,2032-01,2025-01,Provider of underground utility locating and concrete scanning,,,,8.23,4.5,,Financials,Insurance,First Lien,,Ground Penetrating Radar Systems
ARCC,0001287750,0001628280-26-050307,10-Q,2026-06-30,2026-07-29,"Ground Penetrating Radar Systems, LLC and RC VI Buckeye Holdings LLC | Member units",Ground Penetrating Radar Systems,Ground Penetrating Radar Systems,Equity,,,,20200000.0,17500000.0,,20000000.0,115.43,,,,,False,,,USD,20200000.0,Insurance Services,,Member units,,,2025-01,Provider of underground utility locating and concrete scanning,,,,,,,Financials,Insurance,Common Equity,,Ground Penetrating Radar Systems
ARCC,0001287750,0001628280-26-050307,10-Q,2026-06-30,2026-07-29,"GSV Purchaser, Inc. | First lien senior secured loan",GSV Purchaser,GSV Purchaser,First Lien,,,,100000.0,100000.0,100000.0,,100.0,4.5,8.18,,,False,,,USD,100000.0,Insurance Services,,First lien senior secured loan,SOFR,2031-08,2024-08,"Provider of maintenance, repair, and sales services for commercial emergency power backup generators",,,,8.18,4.5,,Financials,Insurance,First Lien,,GSV Purchaser
ARCC,0001287750,0001628280-26-050307,10-Q,2026-06-30,2026-07-29,"Harvey Tool Company, LLC | First lien senior secured loan",Harvey Tool Company,Harvey Tool Company,First Lien,,,,12600000.0,12600000.0,12600000.0,,100.0,4.5,8.23,,,False,,,USD,12600000.0,Insurance Services,,First lien senior secured loan,SOFR,2032-08,2021-10,Manufacturer of cutting tools used in the metalworking industry,,,,8.23,4.5,,Financials,Insurance,First Lien,,Harvey Tool Company
ARCC,0001287750,0001628280-26-050307,10-Q,2026-06-30,2026-07-29,"Horizon Avionics Buyer, LLC and Horizon CTS Buyer, LLC | First lien senior secured revolving loan","Horizon Avionics Buyer, LLC","Horizon Avionics Buyer, LLC",First Lien,,,,26400000.0,26400000.0,26400000.0,,100.0,4.75,8.48,,,False,,,USD,26400000.0,Insurance Services,,First lien senior secured revolving loan,SOFR,2032-03,2025-03,"Manufacturer of mission critical, IP-driven avionics products and provider of an integrated suite of pilot training solutions",,,,8.48,4.75,,Financials,Insurance,First Lien,Acron Aviation,"Horizon Avionics Buyer, LLC"
ARCC,0001287750,0001628280-26-050307,10-Q,2026-06-30,2026-07-29,"HPCC Parent, Inc. and Patriot Container Corp. | First lien senior secured loan 1",HPCC Parent,HPCC Parent,First Lien,,,,87100000.0,87100000.0,87100000.0,,100.0,,13.0,,7.0,True,,,USD,87100000.0,Insurance Services,,First lien senior secured loan,,2030-09,2024-09,Manufacturer of waste handling and recycling equipment,,,,13.0,,7.0,Financials,Insurance,First Lien,,HPCC Parent
ARCC,0001287750,0001628280-26-050307,10-Q,2026-06-30,2026-07-29,"HPCC Parent, Inc. and Patriot Container Corp. | First lien senior secured loan 2",HPCC Parent,HPCC Parent,First Lien,,,,4000000.0,4000000.0,4000000.0,,100.0,,11.5,,,False,,,USD,4000000.0,Insurance Services,,First lien senior secured loan,,2030-09,2026-03,Manufacturer of waste handling and recycling equipment,,,,11.5,,,Financials,Insurance,First Lien,,HPCC Parent
ARCC,0001287750,0001628280-26-050307,10-Q,2026-06-30,2026-07-29,"HPCC Parent, Inc. and Patriot Container Corp. | Common stock",HPCC Parent,HPCC Parent,Common Equity,,,,4800000.0,4900000.0,,513867.0,97.96,,,,,False,,,USD,4800000.0,Insurance Services,,Common stock,,,2024-09,Manufacturer of waste handling and recycling equipment,,,,,,,Financials,Insurance,Common Equity,,HPCC Parent
ARCC,0001287750,0001628280-26-050307,10-Q,2026-06-30,2026-07-29,"Imaging Business Machines, L.L.C. and Scanner Holdings Corporation | Senior subordinated loan",Imaging Business Machines,Imaging Business Machines,Senior Subordinated,,,,20500000.0,20300000.0,20500000.0,,100.0,,14.0,,7.0,True,,,USD,20500000.0,Insurance Services,,Senior subordinated loan,,2028-12,2017-01,Provider of high-speed intelligent document scanning hardware and software,,,,14.0,,7.0,Financials,Insurance,Subordinated,,Imaging Business Machines
ARCC,0001287750,0001628280-26-050307,10-Q,2026-06-30,2026-07-29,"Imaging Business Machines, L.L.C. and Scanner Holdings Corporation | Class A common stock",Imaging Business Machines,Imaging Business Machines,Common Equity,,,,84500000.0,14800000.0,,48544.0,570.95,,,,,False,,,USD,84500000.0,Insurance Services,,Class A common stock,,,2017-01,Provider of high-speed intelligent document scanning hardware and software,,,,,,,Financials,Insurance,Common Equity,,Imaging Business Machines
ARCC,0001287750,0001628280-26-050307,10-Q,2026-06-30,2026-07-29,"JSG II, Inc. and Checkers USA, Inc. | First lien senior secured loan","JSG II, Inc.","JSG II, Inc.",First Lien,,,,29900000.0,29700000.0,29900000.0,,100.0,4.5,8.12,,,False,,,USD,29900000.0,Insurance Services,,First lien senior secured loan,SOFR,2032-09,2025-09,Manufacturer and supplier of non-PPE safety solutions for compliance-driven end markets,,,,8.12,4.5,,Financials,Insurance,First Lien,Justrite Safety Group,"JSG II, Inc."
ARCC,0001287750,0001628280-26-050307,10-Q,2026-06-30,2026-07-29,LEG Purchaser Inc. | First lien senior secured revolving loan,LEG Purchaser Inc.,LEG Purchaser Inc.,First Lien,,,,1600000.0,1600000.0,1600000.0,,100.0,4.5,11.25,,,False,,,USD,1600000.0,Insurance Services,,First lien senior secured revolving loan,,2032-01,2026-01,Manufacturer of refuse collection vehicles and related parts,,,,11.25,4.5,,Financials,Insurance,First Lien,,LEG Purchaser Inc.
ARCC,0001287750,0001628280-26-050307,10-Q,2026-06-30,2026-07-29,LEG Purchaser Inc. | First lien senior secured loan,LEG Purchaser Inc.,LEG Purchaser Inc.,First Lien,,,,21500000.0,20800000.0,20900000.0,,102.87,5.5,9.17,,,False,,,USD,21500000.0,Insurance Services,,First lien senior secured loan,SOFR,2032-01,2026-01,Manufacturer of refuse collection vehicles and related parts,,,,9.17,5.5,,Financials,Insurance,First Lien,,LEG Purchaser Inc.
ARCC,0001287750,0001628280-26-050307,10-Q,2026-06-30,2026-07-29,"Livewire Acquisition, Inc. and Livewire Co-Invest Holdings, LP | First lien senior secured revolving loan","Livewire Acquisition, Inc.","Livewire Acquisition, Inc.",First Lien,,,,10900000.0,11000000.0,11000000.0,,99.09,4.25,7.98,,,False,,,USD,10900000.0,Insurance Services,,First lien senior secured revolving loan,SOFR,2032-12,2026-01,"Provider of construction, industrial, mechanical, electrical and inspection services to commercial clients",,,,7.98,4.25,,Financials,Insurance,First Lien,[LiveWire],"Livewire Acquisition, Inc."
ARCC,0001287750,0001628280-26-050307,10-Q,2026-06-30,2026-07-29,"Livewire Acquisition, Inc. and Livewire Co-Invest Holdings, LP | Common units","Livewire Acquisition, Inc.","Livewire Acquisition, Inc.",Common Equity,,,,1100000.0,800000.0,,842.0,137.5,,,,,False,,,USD,1100000.0,Insurance Services,,Common units,,,2026-01,"Provider of construction, industrial, mechanical, electrical and inspection services to commercial clients",,,,,,,Financials,Insurance,Common Equity,[LiveWire],"Livewire Acquisition, Inc."
ARCC,0001287750,0001628280-26-050307,10-Q,2026-06-30,2026-07-29,"LTG Acquisition, Inc. | Class A membership units",LTG Acquisition,LTG Acquisition,Equity,,,,0.0,5100000.0,,5000.0,0.0,,,,,False,,,USD,0.0,,,,,,,,,,,,,,Other,Other,Common Equity,,LTG Acquisition
ARCC,0001287750,0001628280-26-050307,10-Q,2026-06-30,2026-07-29,"NCWS Intermediate, Inc. and NCWS Holdings LP | Class A-2 common units",NCWS Intermediate,NCWS Intermediate,Common Equity,,,,2700000.0,12900000.0,,12296000.0,20.93,,,,,False,,,USD,2700000.0,Insurance Services,,Class A-2 common units,,,2020-12,"Manufacturer and supplier of car wash equipment, parts and supplies to the conveyorized car wash market",,,,,,,Financials,Insurance,Common Equity,,NCWS Intermediate
ARCC,0001287750,0001628280-26-050307,10-Q,2026-06-30,2026-07-29,"OPH NEP Investment, LLC | Senior subordinated loan",OPH NEP Investment,OPH NEP Investment,Senior Subordinated,,,,37100000.0,36800000.0,38200000.0,,97.12,,10.0,,7.0,True,,,USD,37100000.0,Insurance Services,,Senior subordinated loan,,2032-05,2025-03,"Provider of energy services for multi-family property owners, developers, and managers",,,,10.0,,7.0,Financials,Insurance,Subordinated,,OPH NEP Investment
ARCC,0001287750,0001628280-26-050307,10-Q,2026-06-30,2026-07-29,"OPH NEP Investment, LLC | Class B common units",OPH NEP Investment,OPH NEP Investment,Common Equity,,,,3800000.0,1900000.0,,8.0,200.0,,,,,False,,,USD,3800000.0,Insurance Services,,Class B common units,,,2024-05,"Provider of energy services for multi-family property owners, developers, and managers",,,,,,,Financials,Insurance,Common Equity,,OPH NEP Investment
ARCC,0001287750,0001628280-26-050307,10-Q,2026-06-30,2026-07-29,"Osmose Utilities Services, Inc. and Pine Intermediate Holding LLC | Second lien senior secured loan",Osmose Utilities Services,Osmose Utilities Services,Second Lien,,,,54700000.0,55300000.0,55300000.0,,98.92,6.75,10.51,,,False,,,USD,54700000.0,Insurance Services,,Second lien senior secured loan,SOFR,2029-06,2021-06,Provider of structural integrity management services to transmission and distribution infrastructure,,,,10.51,6.75,,Financials,Insurance,Second Lien,,Osmose Utilities Services
ARCC,0001287750,0001628280-26-050307,10-Q,2026-06-30,2026-07-29,"Paris US Holdco, Inc. & 1001028292 Ontario Inc. | First lien senior secured revolving loan",Paris US Holdco,Paris US Holdco,First Lien,,,,20400000.0,20400000.0,20400000.0,,100.0,4.75,8.39,,,False,,,USD,20400000.0,Insurance Services,,First lien senior secured revolving loan,SOFR,2031-12,2024-12,Manufacturer of high-tolerance precision machined components and assemblies for the aerospace and defense industry,,,,8.39,4.75,,Financials,Insurance,First Lien,,Paris US Holdco
ARCC,0001287750,0001628280-26-050307,10-Q,2026-06-30,2026-07-29,"Paris US Holdco, Inc. & 1001028292 Ontario Inc. | First lien senior secured loan 2",Paris US Holdco,Paris US Holdco,First Lien,,,,3700000.0,3700000.0,3700000.0,,100.0,5.0,8.64,,,False,,,USD,3700000.0,Insurance Services,,First lien senior secured loan,SOFR,2031-12,2026-06,Manufacturer of high-tolerance precision machined components and assemblies for the aerospace and defense industry,,,,8.64,5.0,,Financials,Insurance,First Lien,,Paris US Holdco
ARCC,0001287750,0001628280-26-050307,10-Q,2026-06-30,2026-07-29,"Pave America Holding, LLC | First lien senior secured revolving loan",Pave America Holding,Pave America Holding,First Lien,,,,3400000.0,3400000.0,3400000.0,,100.0,4.75,8.46,,,False,,,USD,3400000.0,Insurance Services,,First lien senior secured revolving loan,SOFR,2032-08,2025-08,Provider of high-quality asphalt and concrete services for commercial properties,,,,8.46,4.75,,Financials,Insurance,First Lien,,Pave America Holding
ARCC,0001287750,0001628280-26-050307,10-Q,2026-06-30,2026-07-29,"Pave America Holding, LLC | First lien senior secured loan",Pave America Holding,Pave America Holding,First Lien,,,,26800000.0,26800000.0,26800000.0,,100.0,5.25,8.98,,2.88,True,,,USD,26800000.0,Insurance Services,,First lien senior secured loan,SOFR,2032-08,2025-08,Provider of high-quality asphalt and concrete services for commercial properties,,,,8.98,5.25,2.88,Financials,Insurance,First Lien,,Pave America Holding
ARCC,0001287750,0001628280-26-050307,10-Q,2026-06-30,2026-07-29,Pike Corporation | First lien senior secured loan,Pike Corporation,Pike Corporation,First Lien,,,,160600000.0,162200000.0,162200000.0,,99.01,4.25,7.89,,,False,,,USD,160600000.0,Insurance Services,,First lien senior secured loan,SOFR,2032-12,2025-12,"Provider of a full suite of outsourced construction, repair and engineering services",,,,7.89,4.25,,Financials,Insurance,First Lien,Pike,Pike Corporation
ARCC,0001287750,0001628280-26-050307,10-Q,2026-06-30,2026-07-29,"PumpTech, LLC and Impel CV-B, LP | First lien senior secured revolving loan","PumpTech, LLC","PumpTech, LLC",First Lien,,,,17100000.0,17800000.0,17800000.0,,96.07,5.0,8.64,,,False,,,USD,17100000.0,Insurance Services,,First lien senior secured loan,SOFR,2031-01,2025-01,"Provider of flow control equipment and related services including pumping products and process solutions for water, wastewater, and industrial applications",,,,8.64,5.0,,Financials,Insurance,First Lien,,"PumpTech, LLC"
ARCC,0001287750,0001628280-26-050307,10-Q,2026-06-30,2026-07-29,"PumpTech, LLC and Impel CV-B, LP | Limited partnership interests","PumpTech, LLC","PumpTech, LLC",LP Interest,,,,400000.0,800000.0,,752822.0,50.0,,,,,False,,,USD,400000.0,Financial Services,,First lien senior secured loan,SOFR,2028-03,2025-05,Provider of comprehensive wealth management services,,,,9.13,5.25,,Financials,Diversified Financials,Common Equity,,"PumpTech, LLC"
ARCC,0001287750,0001628280-26-050307,10-Q,2026-06-30,2026-07-29,"Radius Aerospace, Inc. and Radius Aerospace Europe Limited | First lien senior secured revolving loan 1",Radius Aerospace,Radius Aerospace,First Lien,,,,10300000.0,10300000.0,10300000.0,,100.0,5.75,9.64,,,False,,,USD,10300000.0,Utilities,,First lien senior secured revolving loan,SOFR,2027-03,2019-03,Metal fabricator in the aerospace industry,,,,9.64,5.75,,Utilities,Utilities,First Lien,,Radius Aerospace
ARCC,0001287750,0001628280-26-050307,10-Q,2026-06-30,2026-07-29,"Radius Aerospace, Inc. and Radius Aerospace Europe Limited | First lien senior secured revolving loan 2",Radius Aerospace,Radius Aerospace,First Lien,,,,2000000.0,1900000.0,2000000.0,,100.0,5.75,9.48,,,False,,,USD,2000000.0,Utilities,,First lien senior secured revolving loan,SONIA,2027-03,2019-11,Metal fabricator in the aerospace industry,,,,9.48,5.75,,Utilities,Utilities,First Lien,,Radius Aerospace
ARCC,0001287750,0001628280-26-050307,10-Q,2026-06-30,2026-07-29,"Radwell Parent, LLC | First lien senior secured revolving loan",Radwell Parent,Radwell Parent,First Lien,,,,4100000.0,4000000.0,4100000.0,,100.0,4.75,8.48,,,False,,,USD,4100000.0,Utilities,,First lien senior secured revolving loan,SOFR,2029-04,2022-12,"Distributor of maintenance, repair, and operations parts",,,,8.48,4.75,,Utilities,Utilities,First Lien,,Radwell Parent
ARCC,0001287750,0001628280-26-050307,10-Q,2026-06-30,2026-07-29,"Radwell Parent, LLC | First lien senior secured loan 1",Radwell Parent,Radwell Parent,First Lien,,,,12300000.0,12400000.0,12400000.0,,99.19,4.75,8.48,,,False,,,USD,12300000.0,Utilities,,First lien senior secured loan,SOFR,2030-04,2022-12,"Distributor of maintenance, repair, and operations parts",,,,8.48,4.75,,Utilities,Utilities,First Lien,,Radwell Parent
ARCC,0001287750,0001628280-26-050307,10-Q,2026-06-30,2026-07-29,"Sunk Rock Foundry Partners LP, Hatteras Electrical Manufacturing Holding Company and Sigma Electric Manufacturing Corporation | First lien senior secured revolving loan",Sunk Rock Foundry Partners LP,Sunk Rock Foundry Partners LP,First Lien,,,,22400000.0,22400000.0,22400000.0,,100.0,5.75,9.49,,,False,,,USD,22400000.0,Utilities,,First lien senior secured revolving loan,SOFR,2027-12,2017-10,"Manufacturer of metal castings, precision machined components and sub-assemblies in the electrical products, power transmission and distribution and general industrial markets",,,,9.49,5.75,,Utilities,Utilities,First Lien,,Sunk Rock Foundry Partners LP
ARCC,0001287750,0001628280-26-050307,10-Q,2026-06-30,2026-07-29,"Sunvair Aerospace Group, Inc. and GB Helios Holdings, L.P. | First lien senior secured revolving loan","Sunvair Aerospace Group, Inc.","Sunvair Aerospace Group, Inc.",First Lien,,,,68100000.0,68100000.0,68100000.0,,100.0,5.0,8.66,,,False,,,USD,68100000.0,Utilities,,First lien senior secured revolving loan,SOFR,2031-05,2024-05,"Provider of aircraft component maintenance, repair, and overhaul services",,,,8.66,5.0,,Utilities,Utilities,First Lien,,"Sunvair Aerospace Group, Inc."
ARCC,0001287750,0001628280-26-050307,10-Q,2026-06-30,2026-07-29,"Sunvair Aerospace Group, Inc. and GB Helios Holdings, L.P. | Series A common units","Sunvair Aerospace Group, Inc.","Sunvair Aerospace Group, Inc.",Common Equity,,,,2100000.0,1000000.0,,1042.0,210.0,,,,,False,,,USD,2100000.0,Utilities,,Series A common units,,,2024-05,"Provider of aircraft component maintenance, repair, and overhaul services",,,,,,,Utilities,Utilities,Common Equity,,"Sunvair Aerospace Group, Inc."
ARCC,0001287750,0001628280-26-050307,10-Q,2026-06-30,2026-07-29,Titan BW Borrower L.P. | First lien senior secured loan,Titan BW Borrower L.P.,Titan BW Borrower L.P.,First Lien,,,,36900000.0,37100000.0,37300000.0,,98.93,5.38,9.01,,2.88,True,,,USD,36900000.0,Utilities,,First lien senior secured loan,SOFR,2032-07,2025-07,Provider of aftermarket and OEM solutions to the commercial and military aerospace industry,,,,9.01,5.38,2.88,Utilities,Utilities,First Lien,,Titan BW Borrower L.P.
ARCC,0001287750,0001628280-26-050307,10-Q,2026-06-30,2026-07-29,"Two Six Labs, LLC | First lien senior secured loan",Two Six Labs,Two Six Labs,First Lien,,,,21800000.0,21800000.0,21800000.0,,100.0,5.0,8.73,,,False,,,USD,21800000.0,Utilities,,First lien senior secured loan,SOFR,2030-08,2022-05,"Provider of information operations, cyber, and data analytics products and services for government and defense contracts",,,,8.73,5.0,,Utilities,Utilities,First Lien,,Two Six Labs
ARCC,0001287750,0001628280-26-050307,10-Q,2026-06-30,2026-07-29,Werner Finco LP. | First lien senior secured loan,Werner Finco LP.,Werner Finco LP.,First Lien,,,,109200000.0,109200000.0,109200000.0,,100.0,5.25,8.92,,,False,,,USD,109200000.0,Utilities,,First lien senior secured loan,SOFR,2031-06,2025-06,"Provider of safety access and secure storage products across access equipment, ladders, and truck & van solutions",,,,8.92,5.25,,Utilities,Utilities,First Lien,Werner,Werner Finco LP.
ARCC,0001287750,0001628280-26-050307,10-Q,2026-06-30,2026-07-29,"Zenith AcquisitionCo, LLC. | First lien senior secured loan",Zenith AcquisitionCo,Zenith AcquisitionCo,First Lien,,,,66300000.0,67000000.0,67000000.0,,98.96,4.5,8.17,,,False,,,USD,66300000.0,Utilities,,First lien senior secured loan,SOFR,2033-01,2026-01,A family of precision aerospace and defense component companies,,,,8.17,4.5,,Utilities,Utilities,First Lien,,Zenith AcquisitionCo
ARCC,0001287750,0001628280-26-050307,10-Q,2026-06-30,2026-07-29,"Balrog Acquisition, Inc., Balrog Topco, Inc. and Balrog Parent, L.P. | First lien senior secured loan","Balrog Acquisition, Inc.","Balrog Acquisition, Inc.",First Lien,,,,12600000.0,16900000.0,17200000.0,,73.26,4.5,8.26,,,False,,,USD,12600000.0,Consumer Distribution and Retail,,First lien senior secured loan,SOFR,2028-09,2023-07,Manufacturer and distributor of specialty bakery ingredients,,,,8.26,4.5,,Consumer Discretionary,Retailing,First Lien,Bakemark,"Balrog Acquisition, Inc."
ARCC,0001287750,0001628280-26-050307,10-Q,2026-06-30,2026-07-29,"Balrog Acquisition, Inc., Balrog Topco, Inc. and Balrog Parent, L.P. | First lien senior secured loan 1","Balrog Acquisition, Inc.","Balrog Acquisition, Inc.",First Lien,,,,2700000.0,2600000.0,3600000.0,,75.0,4.0,7.76,,,False,,,USD,2700000.0,Consumer Distribution and Retail,,First lien senior secured loan,SOFR,2028-09,2026-03,Manufacturer and distributor of specialty bakery ingredients,,,,7.76,4.0,,Consumer Discretionary,Retailing,First Lien,Bakemark,"Balrog Acquisition, Inc."
ARCC,0001287750,0001628280-26-050307,10-Q,2026-06-30,2026-07-29,"Balrog Acquisition, Inc., Balrog Topco, Inc. and Balrog Parent, L.P. | Second lien senior secured loan","Balrog Acquisition, Inc.","Balrog Acquisition, Inc.",Second Lien,,,,22700000.0,29500000.0,29500000.0,,76.95,7.0,10.76,,,False,,,USD,22700000.0,Consumer Distribution and Retail,,Second lien senior secured loan,SOFR,2029-09,2021-09,Manufacturer and distributor of specialty bakery ingredients,,,,10.76,7.0,,Consumer Discretionary,Retailing,Second Lien,Bakemark,"Balrog Acquisition, Inc."
ARCC,0001287750,0001628280-26-050307,10-Q,2026-06-30,2026-07-29,"Balrog Acquisition, Inc., Balrog Topco, Inc. and Balrog Parent, L.P. | Class A preferred units","Balrog Acquisition, Inc.","Balrog Acquisition, Inc.",Preferred Equity,,,,6000000.0,8000000.0,,5484.0,75.0,,,,8.0,True,,,USD,6000000.0,Consumer Distribution and Retail,,Class A preferred units,,2051-08,2021-09,Manufacturer and distributor of specialty bakery ingredients,,,,8.0,,,Consumer Discretionary,Retailing,Preferred Equity,Bakemark,"Balrog Acquisition, Inc."
ARCC,0001287750,0001628280-26-050307,10-Q,2026-06-30,2026-07-29,"Balrog Acquisition, Inc., Balrog Topco, Inc. and Balrog Parent, L.P. | Series A preferred shares","Balrog Acquisition, Inc.","Balrog Acquisition, Inc.",Preferred Equity,,,,27600000.0,37300000.0,,21921.0,73.99,,,,11.0,True,,,USD,27600000.0,Consumer Distribution and Retail,,Series A preferred shares,,2051-08,2021-09,Manufacturer and distributor of specialty bakery ingredients,,,,11.0,,,Consumer Discretionary,Retailing,Preferred Equity,Bakemark,"Balrog Acquisition, Inc."
ARCC,0001287750,0001628280-26-050307,10-Q,2026-06-30,2026-07-29,"Bamboo Purchaser, Inc. | First lien senior secured loan",Bamboo Purchaser,Bamboo Purchaser,First Lien,,,,3600000.0,8500000.0,22200000.0,,16.22,,,,,False,,,USD,3600000.0,Consumer Distribution and Retail,,First lien senior secured loan,,2029-12,2025-11,"Provider of nursery, garden, and greenhouse products",,,,,,,Consumer Discretionary,Retailing,First Lien,,Bamboo Purchaser
ARCC,0001287750,0001628280-26-050307,10-Q,2026-06-30,2026-07-29,"BGI Purchaser, Inc. | First lien senior secured revolving loan",BGI Purchaser,BGI Purchaser,First Lien,,,,10500000.0,10500000.0,10500000.0,,100.0,3.75,7.42,,,False,,,USD,10500000.0,Consumer Distribution and Retail,,First lien senior secured revolving loan,SOFR,2030-05,2024-05,Developer and manufacturer of customized natural and clean flavorings for the food & beverage end market,,,,7.42,3.75,,Consumer Discretionary,Retailing,First Lien,,BGI Purchaser
ARCC,0001287750,0001628280-26-050307,10-Q,2026-06-30,2026-07-29,"BGI Purchaser, Inc. | First lien senior secured loan",BGI Purchaser,BGI Purchaser,First Lien,,,,6500000.0,6500000.0,6500000.0,,100.0,4.5,8.17,,,False,,,USD,6500000.0,Consumer Distribution and Retail,,First lien senior secured loan,SOFR,2031-05,2024-05,Developer and manufacturer of customized natural and clean flavorings for the food & beverage end market,,,,8.17,4.5,,Consumer Discretionary,Retailing,First Lien,,BGI Purchaser
ARCC,0001287750,0001628280-26-050307,10-Q,2026-06-30,2026-07-29,"Blazing Star Parent, LLC | First lien senior secured loan",Blazing Star Parent,Blazing Star Parent,First Lien,,,,98900000.0,98900000.0,98900000.0,,100.0,7.0,10.67,,,False,,,USD,98900000.0,Consumer Distribution and Retail,,First lien senior secured loan,SOFR,2030-08,2025-08,"Healthcare, pharmacy and retail provider",,,,10.67,7.0,,Consumer Discretionary,Retailing,First Lien,,Blazing Star Parent
ARCC,0001287750,0001628280-26-050307,10-Q,2026-06-30,2026-07-29,"BR PJK Produce, LLC | First lien senior secured loan",BR PJK Produce,BR PJK Produce,First Lien,,,,5000000.0,5300000.0,5300000.0,,94.34,6.25,10.09,,,False,,,USD,5000000.0,Consumer Distribution and Retail,,First lien senior secured loan,SOFR,2027-11,2024-09,Specialty produce distributor,,,,10.09,6.25,,Consumer Discretionary,Retailing,First Lien,,BR PJK Produce
ARCC,0001287750,0001628280-26-050307,10-Q,2026-06-30,2026-07-29,Carrera Bidco Limited | Senior subordinated loan,Carrera Bidco Limited,Carrera Bidco Limited,Senior Subordinated,,,,133300000.0,135400000.0,133300000.0,,100.0,5.25,7.75,,,False,,,USD,133300000.0,Consumer Distribution and Retail,,Senior subordinated loan,EURIBOR,2032-11,2025-11,Fuel and convenience retailer,,,,7.75,5.25,,Consumer Discretionary,Retailing,Subordinated,,Carrera Bidco Limited
ARCC,0001287750,0001628280-26-050307,10-Q,2026-06-30,2026-07-29,City Line Distributors LLC and City Line Investments LLC | First lien senior secured revolving loan,City Line Distributors LLC,City Line Distributors LLC,First Lien,,,,4700000.0,4700000.0,4700000.0,,100.0,6.0,9.9,,,False,,,USD,4700000.0,Consumer Distribution and Retail,,First lien senior secured revolving loan,SOFR,2028-08,2023-08,Specialty food distributor,,,,9.9,6.0,,Consumer Discretionary,Retailing,First Lien,,City Line Distributors LLC
ARCC,0001287750,0001628280-26-050307,10-Q,2026-06-30,2026-07-29,City Line Distributors LLC and City Line Investments LLC | Class A units,City Line Distributors LLC,City Line Distributors LLC,Common Equity,,,,3700000.0,5100000.0,,4172852.0,72.55,,,,8.0,True,,,USD,3700000.0,Consumer Distribution and Retail,,Class A units,,,2023-08,Specialty food distributor,,,,8.0,,,Consumer Discretionary,Retailing,Common Equity,,City Line Distributors LLC
ARCC,0001287750,0001628280-26-050307,10-Q,2026-06-30,2026-07-29,"DecoPac, Inc. and KCAKE Holdings Inc. | First lien senior secured loan",DecoPac,DecoPac,First Lien,,,,129600000.0,129600000.0,129600000.0,,100.0,5.0,8.67,,,False,,,USD,129600000.0,Consumer Distribution and Retail,,First lien senior secured loan,SOFR,2030-05,2024-09,Supplier of cake decorating solutions and products to in-store bakeries,,,,8.67,5.0,,Consumer Discretionary,Retailing,First Lien,,DecoPac
ARCC,0001287750,0001628280-26-050307,10-Q,2026-06-30,2026-07-29,"DecoPac, Inc. and KCAKE Holdings Inc. | Common stock",DecoPac,DecoPac,Common Equity,,,,12600000.0,7400000.0,,9599.0,170.27,,,,,False,,,USD,12600000.0,Consumer Distribution and Retail,,Common stock,,,2021-05,Supplier of cake decorating solutions and products to in-store bakeries,,,,,,,Consumer Discretionary,Retailing,Common Equity,,DecoPac
ARCC,0001287750,0001628280-26-050307,10-Q,2026-06-30,2026-07-29,"Display Holding Company, Inc., Saldon Holdings, Inc. and Fastsigns Holdings Inc. | First lien senior secured loan","Display Holding Company, Inc.","Display Holding Company, Inc.",First Lien,,,,23100000.0,23100000.0,23100000.0,,100.0,5.25,8.97,,,False,,,USD,23100000.0,Consumer Distribution and Retail,,First lien senior secured loan,SOFR,2028-03,2024-01,Provider of visual communications solutions,,,,8.97,5.25,,Consumer Discretionary,Retailing,First Lien,,"Display Holding Company, Inc."
ARCC,0001287750,0001628280-26-050307,10-Q,2026-06-30,2026-07-29,"Display Holding Company, Inc., Saldon Holdings, Inc. and Fastsigns Holdings Inc. | First lien senior secured loan 2","Display Holding Company, Inc.","Display Holding Company, Inc.",First Lien,,,,200000.0,200000.0,200000.0,,100.0,5.25,8.97,,,False,,,USD,200000.0,Commercial and Professional Services,,First lien senior secured loan,SOFR,2029-07,2020-10,Business Description,,,,5.63,1.75,,Industrials,Commercial & Professional Services,First Lien,,"Display Holding Company, Inc."
ARCC,0001287750,0001628280-26-050307,10-Q,2026-06-30,2026-07-29,"Display Holding Company, Inc., Saldon Holdings, Inc. and Fastsigns Holdings Inc. | First lien senior secured loan 3","Display Holding Company, Inc.","Display Holding Company, Inc.",First Lien,,,,15000000.0,15000000.0,15000000.0,,100.0,5.25,8.97,,,False,,,USD,15000000.0,Commercial and  Professional Services,,First lien senior secured loan,SOFR,2030-06,2025-12,Provider of commercial laundry services,,,,7.98,4.25,,Industrials,Commercial & Professional Services,First Lien,,"Display Holding Company, Inc."
ARCC,0001287750,0001628280-26-050307,10-Q,2026-06-30,2026-07-29,"Display Holding Company, Inc., Saldon Holdings, Inc. and Fastsigns Holdings Inc. | Class A units","Display Holding Company, Inc.","Display Holding Company, Inc.",Common Equity,,,,1200000.0,600000.0,,600.0,200.0,,,,,False,,,USD,1200000.0,Consumer Distribution and Retail,,Common units,,,2019-03,Business Description,,,,,,,Consumer Discretionary,Retailing,Common Equity,,"Display Holding Company, Inc."
ARCC,0001287750,0001628280-26-050307,10-Q,2026-06-30,2026-07-29,"FS Squared Holding Corp. and FS Squared, LLC | First lien senior secured revolving loan",FS Squared Holding Corp.,FS Squared Holding Corp.,First Lien,,,,0.0,0.0,0.0,,,,,,,False,,,USD,0.0,,,,,,,,,,,,,,Consumer Discretionary,Retailing,First Lien,,FS Squared Holding Corp.
ARCC,0001287750,0001628280-26-050307,10-Q,2026-06-30,2026-07-29,"FS Squared Holding Corp. and FS Squared, LLC | First lien senior secured loan",FS Squared Holding Corp.,FS Squared Holding Corp.,First Lien,,,,50700000.0,50700000.0,50700000.0,,100.0,4.75,8.39,,,False,,,USD,50700000.0,Consumer Distribution and Retail,,First lien senior secured loan,SOFR,2030-12,2024-12,Provider of on-site vending and micro market solutions,,,,8.39,4.75,,Consumer Discretionary,Retailing,First Lien,,FS Squared Holding Corp.
ARCC,0001287750,0001628280-26-050307,10-Q,2026-06-30,2026-07-29,"GMF Parent, Inc. and GMF Group Holdings, LP | First lien senior secured revolving loan","GMF Parent, Inc.","GMF Parent, Inc.",First Lien,,,,39900000.0,41200000.0,41200000.0,,96.84,4.5,8.23,,,False,,,USD,39900000.0,Consumer Distribution and Retail,,First lien senior secured revolving loan,SOFR,2032-12,2025-12,Distributor of Mediterranean food and beverages,,,,8.23,4.5,,Consumer Discretionary,Retailing,First Lien,Global Market Foods,"GMF Parent, Inc."
ARCC,0001287750,0001628280-26-050307,10-Q,2026-06-30,2026-07-29,"GMF Parent, Inc. and GMF Group Holdings, LP | Class A2 units","GMF Parent, Inc.","GMF Parent, Inc.",Common Equity,,,,5400000.0,7000000.0,,7003.0,77.14,,,,,False,,,USD,5400000.0,Consumer Distribution and Retail,,Class A2 units,,,2025-12,Distributor of Mediterranean food and beverages,,,,,,,Consumer Discretionary,Retailing,Common Equity,Global Market Foods,"GMF Parent, Inc."
ARCC,0001287750,0001628280-26-050307,10-Q,2026-06-30,2026-07-29,"GPM Investments, LLC and ARKO Corp. | Common stock",GPM Investments,GPM Investments,Common Equity,,,,16800000.0,19800000.0,,2088478.0,84.85,,,,,False,,,USD,16800000.0,Consumer Distribution and Retail,,Common stock,,,2020-12,Convenience store operator,,,,,,,Consumer Discretionary,Retailing,Common Equity,,GPM Investments
ARCC,0001287750,0001628280-26-050307,10-Q,2026-06-30,2026-07-29,"Hills Distribution, Inc., Hills Intermediate FT Holdings, LLC and GMP Hills, LP | First lien senior secured revolving loan","Hills Distribution, Inc.","Hills Distribution, Inc.",First Lien,,,,4700000.0,4700000.0,4700000.0,,100.0,4.0,7.7,,,False,,,USD,4700000.0,Consumer Distribution and Retail,,First lien senior secured revolving loan,SOFR,2029-11,2023-11,"Distributor of HVAC, plumbing, and water heater equipment, parts, supplies and fixtures",,,,7.7,4.0,,Consumer Discretionary,Retailing,First Lien,,"Hills Distribution, Inc."
ARCC,0001287750,0001628280-26-050307,10-Q,2026-06-30,2026-07-29,"Hills Distribution, Inc., Hills Intermediate FT Holdings, LLC and GMP Hills, LP | First lien senior secured loan","Hills Distribution, Inc.","Hills Distribution, Inc.",First Lien,,,,10000000.0,10000000.0,10000000.0,,100.0,5.5,9.19,,,False,,,USD,10000000.0,Consumer Distribution and Retail,,First lien senior secured loan,SOFR,2029-11,2025-12,"Distributor of HVAC, plumbing, and water heater equipment, parts, supplies and fixtures",,,,9.19,5.5,,Consumer Discretionary,Retailing,First Lien,,"Hills Distribution, Inc."
ARCC,0001287750,0001628280-26-050307,10-Q,2026-06-30,2026-07-29,"Hills Distribution, Inc., Hills Intermediate FT Holdings, LLC and GMP Hills, LP | Limited partnership interest","Hills Distribution, Inc.","Hills Distribution, Inc.",LP Interest,,,,9300000.0,5900000.0,,5441000.0,157.63,,,,,False,,,USD,9300000.0,Consumer Distribution and Retail,,Limited partnership interest,,,2023-11,"Distributor of HVAC, plumbing, and water heater equipment, parts, supplies and fixtures",,,,,,,Consumer Discretionary,Retailing,Common Equity,,"Hills Distribution, Inc."
ARCC,0001287750,0001628280-26-050307,10-Q,2026-06-30,2026-07-29,"LJ Perimeter Buyer, Inc. and LJ Perimeter Co-Invest, L.P. | First lien senior secured loan","LJ Perimeter Buyer, Inc.","LJ Perimeter Buyer, Inc.",First Lien,,,,38600000.0,38900000.0,38900000.0,,99.23,5.5,9.31,,,False,,,USD,38600000.0,Consumer Distribution and Retail,,First lien senior secured loan,SOFR,2031-10,2026-05,Distributor of specialty foods,,,,9.31,5.5,,Consumer Discretionary,Retailing,First Lien,Lipari Foods,"LJ Perimeter Buyer, Inc."
ARCC,0001287750,0001628280-26-050307,10-Q,2026-06-30,2026-07-29,"LJ Perimeter Buyer, Inc. and LJ Perimeter Co-Invest, L.P. | Limited partnership interests","LJ Perimeter Buyer, Inc.","LJ Perimeter Buyer, Inc.",LP Interest,,,,8200000.0,11600000.0,,11563845.0,70.69,,,,,False,,,USD,8200000.0,Consumer Distribution and Retail,,Limited partnership interests,,,2022-10,Distributor of specialty foods,,,,,,,Consumer Discretionary,Retailing,Common Equity,Lipari Foods,"LJ Perimeter Buyer, Inc."
ARCC,0001287750,0001628280-26-050307,10-Q,2026-06-30,2026-07-29,"Marcone Yellowstone Buyer Inc. and Marcone Yellowstone Holdings, LLC | First lien senior secured loan",Marcone Yellowstone Buyer Inc.,Marcone Yellowstone Buyer Inc.,First Lien,,,,500000.0,600000.0,600000.0,,83.33,3.75,7.58,,,False,,,USD,500000.0,Consumer Distribution and Retail,,First lien senior secured loan,SOFR,2028-06,2021-12,Distributor of OEM appliance aftermarket parts,,,,7.58,3.75,,Consumer Discretionary,Retailing,First Lien,Marcone,Marcone Yellowstone Buyer Inc.
ARCC,0001287750,0001628280-26-050307,10-Q,2026-06-30,2026-07-29,"Marcone Yellowstone Buyer Inc. and Marcone Yellowstone Holdings, LLC | Class A common units",Marcone Yellowstone Buyer Inc.,Marcone Yellowstone Buyer Inc.,Common Equity,,,,0.0,6100000.0,,5796.0,0.0,,,,,False,,,USD,0.0,,,,,,,,,,,,,,Consumer Discretionary,Retailing,Common Equity,Marcone,Marcone Yellowstone Buyer Inc.
ARCC,0001287750,0001628280-26-050307,10-Q,2026-06-30,2026-07-29,"Mavis Tire Express Services Topco Corp., Metis HoldCo, Inc., and Metis TopCo, LP | First lien senior secured revolving loan",Mavis Tire Express Services Topco Corp.,Mavis Tire Express Services Topco Corp.,First Lien,,,,0.0,0.0,0.0,,,,,,,False,,,USD,0.0,,,,,,,,,,,,,,Consumer Discretionary,Retailing,First Lien,Mavis,Mavis Tire Express Services Topco Corp.
ARCC,0001287750,0001628280-26-050307,10-Q,2026-06-30,2026-07-29,"Mavis Tire Express Services Topco Corp., Metis HoldCo, Inc., and Metis TopCo, LP | Class A-1 units",Mavis Tire Express Services Topco Corp.,Mavis Tire Express Services Topco Corp.,Common Equity,,,,52200000.0,24600000.0,,24586.0,212.2,,,,,False,,,USD,52200000.0,Consumer Distribution and Retail,,Class A-1 units,,,2021-05,Auto parts retailer,,,,,,,Consumer Discretionary,Retailing,Common Equity,Mavis,Mavis Tire Express Services Topco Corp.
ARCC,0001287750,0001628280-26-050307,10-Q,2026-06-30,2026-07-29,"Midco Holding, LLC and Nivel Topco, LLC | First lien senior secured loan","Midco Holding, LLC","Midco Holding, LLC",First Lien,,,,11700000.0,11700000.0,11700000.0,,100.0,7.5,11.15,,5.0,True,,,USD,11700000.0,Consumer Distribution and Retail,,First lien senior secured loan,SOFR,2029-11,2025-11,Manufacturer of aftermarket golf cart parts and accessories,,,,11.15,7.5,5.0,Consumer Discretionary,Retailing,First Lien,,"Midco Holding, LLC"
ARCC,0001287750,0001628280-26-050307,10-Q,2026-06-30,2026-07-29,"Midco Holding, LLC and Nivel Topco, LLC | Preferred units","Midco Holding, LLC","Midco Holding, LLC",Preferred Equity,,,,2000000.0,2700000.0,,6943696.0,74.07,,,,,False,,,USD,2000000.0,Consumer Distribution and Retail,,Preferred units,,,2025-11,Manufacturer of aftermarket golf cart parts and accessories,,,,,,,Consumer Discretionary,Retailing,Preferred Equity,,"Midco Holding, LLC"
ARCC,0001287750,0001628280-26-050307,10-Q,2026-06-30,2026-07-29,"Midco Holding, LLC and Nivel Topco, LLC | Class A units","Midco Holding, LLC","Midco Holding, LLC",Common Equity,,,,0.0,0.0,,5341305.0,,,,,,False,,,USD,0.0,,,,,,,,,,,,,,Consumer Discretionary,Retailing,Common Equity,,"Midco Holding, LLC"
ARCC,0001287750,0001628280-26-050307,10-Q,2026-06-30,2026-07-29,"Monolith Brands Group, Inc. | Series A-1 preferred stock",Monolith Brands Group,Monolith Brands Group,Preferred Equity,,,,0.0,15500000.0,,701255.0,0.0,,,,,False,,,USD,0.0,,,,,,,,,,,,,,Other,Other,Preferred Equity,,Monolith Brands Group
ARCC,0001287750,0001628280-26-050307,10-Q,2026-06-30,2026-07-29,"Moon Valley Nursery of Arizona Retail, LLC, Moon Valley Nursery Farm Holdings, LLC, Moon Valley Nursery RE Holdings LLC, and Stonecourt IV Partners, LP | Limited partnership interests","Moon Valley Nursery of Arizona Retail, LLC","Moon Valley Nursery of Arizona Retail, LLC",LP Interest,,,,11000000.0,20800000.0,,21939152.0,52.88,,,,,False,,,USD,11000000.0,Consumer Distribution and Retail,,Limited partnership interests,,,2021-10,Operator of retail and wholesale tree and plant nurseries,,,,,,,Consumer Discretionary,Retailing,Common Equity,,"Moon Valley Nursery of Arizona Retail, LLC"
ARCC,0001287750,0001628280-26-050307,10-Q,2026-06-30,2026-07-29,Mountaineer Merger Corporation | First lien senior secured revolving loan,Mountaineer Merger Corporation,Mountaineer Merger Corporation,First Lien,,,,7700000.0,8000000.0,8100000.0,,95.06,6.25,9.91,,1.25,True,,,USD,7700000.0,Consumer Distribution and Retail,,First lien senior secured revolving loan,SOFR,2027-10,2024-10,"Discount retailer that specialized in apparel, housewares, accessories, and a selection of other products",,,,9.91,6.25,1.25,Consumer Discretionary,Retailing,First Lien,,Mountaineer Merger Corporation
ARCC,0001287750,0001628280-26-050307,10-Q,2026-06-30,2026-07-29,"Mr. Greens Intermediate, LLC, Florida Veg Investments LLC, MRG Texas, LLC and Restaurant Produce and Services Blocker, LLC | First lien senior secured revolving loan","Mr. Greens Intermediate, LLC","Mr. Greens Intermediate, LLC",First Lien,,,,0.0,0.0,0.0,,,,,,,False,,,USD,0.0,,,,,,,,,,,,,,Consumer Discretionary,Retailing,First Lien,,"Mr. Greens Intermediate, LLC"
ARCC,0001287750,0001628280-26-050307,10-Q,2026-06-30,2026-07-29,"Mr. Greens Intermediate, LLC, Florida Veg Investments LLC, MRG Texas, LLC and Restaurant Produce and Services Blocker, LLC | First lien senior secured loan","Mr. Greens Intermediate, LLC","Mr. Greens Intermediate, LLC",First Lien,,,,15600000.0,15600000.0,15600000.0,,100.0,5.75,9.52,,,False,,,USD,15600000.0,Consumer Distribution and Retail,,First lien senior secured loan,SOFR,2031-05,2025-06,Produce distribution platform,,,,9.52,5.75,,Consumer Discretionary,Retailing,First Lien,,"Mr. Greens Intermediate, LLC"
ARCC,0001287750,0001628280-26-050307,10-Q,2026-06-30,2026-07-29,"Mr. Greens Intermediate, LLC, Florida Veg Investments LLC, MRG Texas, LLC and Restaurant Produce and Services Blocker, LLC | Class B limited liability company interest","Mr. Greens Intermediate, LLC","Mr. Greens Intermediate, LLC",,,,,9500000.0,10200000.0,,,93.14,,,,,False,,,USD,9500000.0,Consumer Distribution and Retail,,Class B limited liability company interest,,,2023-05,Produce distribution platform,,,,,,,Consumer Discretionary,Retailing,Other,,"Mr. Greens Intermediate, LLC"
ARCC,0001287750,0001628280-26-050307,10-Q,2026-06-30,2026-07-29,"Project Cardinal Acquisition, LLC, First lien senior secured loan","Project Cardinal Acquisition, LLC","Project Cardinal Acquisition, LLC",First Lien,,,,6700000.0,6800000.0,6800000.0,,98.53,4.5,8.23,,,False,,,USD,6700000.0,Consumer Distribution and Retail,,First lien senior secured loan,SOFR,2032-10,2025-10,Provider of outsourced foodservice to K-12 school districts,,,,8.23,4.5,,Consumer Discretionary,Retailing,First Lien,,"Project Cardinal Acquisition, LLC"
ARCC,0001287750,0001628280-26-050307,10-Q,2026-06-30,2026-07-29,"Quirch Foods Holdings, LLC | First lien senior secured loan",Quirch Foods Holdings,Quirch Foods Holdings,First Lien,,,,114400000.0,114400000.0,114400000.0,,100.0,6.5,10.19,,,False,,,USD,114400000.0,Consumer Distribution and Retail,,First lien senior secured loan,SOFR,2030-11,2025-11,Specialty food distributor,,,,10.19,6.5,,Consumer Discretionary,Retailing,First Lien,,Quirch Foods Holdings
ARCC,0001287750,0001628280-26-050307,10-Q,2026-06-30,2026-07-29,Reddy Ice LLC | First lien senior secured revolving loan,Reddy Ice LLC,Reddy Ice LLC,First Lien,,,,328500000.0,328500000.0,328500000.0,,100.0,5.25,8.9,,,False,,,USD,328500000.0,Consumer Distribution and Retail,,First lien senior secured revolving loan,SOFR,2029-04,2024-04,Packaged ice manufacturer and distributor,,,,8.9,5.25,,Consumer Discretionary,Retailing,First Lien,,Reddy Ice LLC
ARCC,0001287750,0001628280-26-050307,10-Q,2026-06-30,2026-07-29,Reddy Ice LLC | First lien senior secured revolving loan 1,Reddy Ice LLC,Reddy Ice LLC,First Lien,,,,15100000.0,15100000.0,15100000.0,,100.0,4.25,11.0,,,False,,,USD,15100000.0,Consumer Distribution and Retail,,First lien senior secured revolving loan,,2029-04,2024-04,Packaged ice manufacturer and distributor,,,,11.0,4.25,,Consumer Discretionary,Retailing,First Lien,,Reddy Ice LLC
ARCC,0001287750,0001628280-26-050307,10-Q,2026-06-30,2026-07-29,"Royal Borrower, LLC and Royal Parent, LP | First lien senior secured revolving loan","Royal Borrower, LLC","Royal Borrower, LLC",First Lien,,,,0.0,0.0,0.0,,,,,,,False,,,USD,0.0,,,,,,,,,,,,,,Consumer Discretionary,Retailing,First Lien,,"Royal Borrower, LLC"
ARCC,0001287750,0001628280-26-050307,10-Q,2026-06-30,2026-07-29,"Royal Borrower, LLC and Royal Parent, LP | First lien senior secured loan","Royal Borrower, LLC","Royal Borrower, LLC",First Lien,,,,25200000.0,25200000.0,25200000.0,,100.0,5.75,9.39,,,False,,,USD,25200000.0,Consumer Distribution and Retail,,First lien senior secured loan,SOFR,2030-07,2024-07,Distributor of fresh produce and dairy products,,,,9.39,5.75,,Consumer Discretionary,Retailing,First Lien,,"Royal Borrower, LLC"
ARCC,0001287750,0001628280-26-050307,10-Q,2026-06-30,2026-07-29,"Royal Borrower, LLC and Royal Parent, LP | Class A preferred units","Royal Borrower, LLC","Royal Borrower, LLC",Preferred Equity,,,,2400000.0,2700000.0,,2255000.0,88.89,,,,10.0,True,,,USD,2400000.0,Consumer Distribution and Retail,,Class A preferred units,,,2024-07,Distributor of fresh produce and dairy products,,,,10.0,,,Consumer Discretionary,Retailing,Preferred Equity,,"Royal Borrower, LLC"
ARCC,0001287750,0001628280-26-050307,10-Q,2026-06-30,2026-07-29,"Shur-Co Acquisition, Inc. and Shur-Co Holdco, Inc. | First lien senior secured loan","Shur-Co Acquisition, Inc.","Shur-Co Acquisition, Inc.",First Lien,,,,6000000.0,6000000.0,6000000.0,,100.0,5.5,9.14,,,False,,,USD,6000000.0,Consumer Distribution and Retail,,First lien senior secured loan,SOFR,2030-07,2023-03,"Provider of tarp systems and accessories for trucks, trailers, carts, and specialty equipment used in the agriculture, construction and flatbed markets",,,,9.14,5.5,,Consumer Discretionary,Retailing,First Lien,Shur-Co,"Shur-Co Acquisition, Inc."
ARCC,0001287750,0001628280-26-050307,10-Q,2026-06-30,2026-07-29,"Shur-Co Acquisition, Inc. and Shur-Co Holdco, Inc. | First lien senior secured loan 1","Shur-Co Acquisition, Inc.","Shur-Co Acquisition, Inc.",First Lien,,,,12500000.0,12500000.0,12500000.0,,100.0,5.5,9.14,,,False,,,USD,12500000.0,Software and Services,,First lien senior secured revolving loan,SOFR,2028-03,2021-06,"Provider of information, insight, analytics, software and other outsourced services primarily to the mortgage, real estate and insurance sectors",,,,7.01,3.25,,Information Technology,Software & Services,First Lien,Shur-Co,"Shur-Co Acquisition, Inc."
ARCC,0001287750,0001628280-26-050307,10-Q,2026-06-30,2026-07-29,"Shur-Co Acquisition, Inc. and Shur-Co Holdco, Inc. | First lien senior secured loan 2","Shur-Co Acquisition, Inc.","Shur-Co Acquisition, Inc.",First Lien,,,,30900000.0,30900000.0,30900000.0,,100.0,5.5,9.14,,,False,,,USD,30900000.0,Consumer Durables and Apparel,,First lien senior secured loan,SOFR,2028-10,2025-07,Provider of footwear and other accessories,,,,9.74,6.0,,Consumer Discretionary,Consumer Durables & Apparel,First Lien,Shur-Co,"Shur-Co Acquisition, Inc."
ARCC,0001287750,0001628280-26-050307,10-Q,2026-06-30,2026-07-29,"Shur-Co Acquisition, Inc. and Shur-Co Holdco, Inc. | First lien senior secured loan 3","Shur-Co Acquisition, Inc.","Shur-Co Acquisition, Inc.",First Lien,,,,15000000.0,15000000.0,15000000.0,,100.0,5.5,9.14,,,False,,,USD,15000000.0,Consumer Distribution and Retail,,Class A2 units,,,2025-12,Distributor of Mediterranean food and beverages,,,,,,,Consumer Discretionary,Retailing,First Lien,Shur-Co,"Shur-Co Acquisition, Inc."
ARCC,0001287750,0001628280-26-050307,10-Q,2026-06-30,2026-07-29,"Worldwide Produce Acquisition, LLC and REP WWP Coinvest IV, L.P. | First lien senior secured revolving loan","Worldwide Produce Acquisition, LLC","Worldwide Produce Acquisition, LLC",First Lien,,,,200000.0,300000.0,300000.0,,66.67,6.75,10.4,,,False,,,USD,200000.0,Consumer Distribution and Retail,,First lien senior secured revolving loan,SOFR,2029-01,2023-02,Fresh and specialty food distributor,,,,10.4,6.75,,Consumer Discretionary,Retailing,First Lien,,"Worldwide Produce Acquisition, LLC"
ARCC,0001287750,0001628280-26-050307,10-Q,2026-06-30,2026-07-29,"Worldwide Produce Acquisition, LLC and REP WWP Coinvest IV, L.P. | First lien senior secured loan","Worldwide Produce Acquisition, LLC","Worldwide Produce Acquisition, LLC",First Lien,,,,7400000.0,8500000.0,8500000.0,,87.06,8.75,12.41,,,False,,,USD,7400000.0,Consumer Distribution and Retail,,First lien senior secured loan,SOFR,2029-01,2023-02,Fresh and specialty food distributor,,,,12.41,8.75,,Consumer Discretionary,Retailing,First Lien,,"Worldwide Produce Acquisition, LLC"
ARCC,0001287750,0001628280-26-050307,10-Q,2026-06-30,2026-07-29,"Worldwide Produce Acquisition, LLC and REP WWP Coinvest IV, L.P. | Common units","Worldwide Produce Acquisition, LLC","Worldwide Produce Acquisition, LLC",Common Equity,,,,0.0,1700000.0,,1673000.0,0.0,,,,,False,,,USD,0.0,,,,,,,,,,,,,,Consumer Discretionary,Retailing,Common Equity,,"Worldwide Produce Acquisition, LLC"
ARCC,0001287750,0001628280-26-050307,10-Q,2026-06-30,2026-07-29,ACAS Equity Holdings Corporation | Common stock,ACAS Equity Holdings Corporation,ACAS Equity Holdings Corporation,Common Equity,,,,400000.0,400000.0,,589.0,100.0,,,,,False,,,USD,400000.0,Investment Funds and Vehicles,,Common stock,,,2017-01,Investment company,,,,,,,Black Box,JV / Fund of Funds,Common Equity,,ACAS Equity Holdings Corporation
ARCC,0001287750,0001628280-26-050307,10-Q,2026-06-30,2026-07-29,"Constellation Wealth Capital Fund, L.P., Constellation Wealth Capital Fund II LP, and CWC Fund II GP Capital LP | Limited partner interests","Constellation Wealth Capital Fund, L.P.","Constellation Wealth Capital Fund, L.P.",LP Interest,,,,6400000.0,5700000.0,,11065197.0,112.28,,,,,False,,,USD,6400000.0,Investment Funds and Vehicles,,Limited partner interests,,,2024-01,Specialist alternative asset management platform,,,,,,,Black Box,JV / Fund of Funds,Common Equity,,"Constellation Wealth Capital Fund, L.P."
ARCC,0001287750,0001628280-26-050307,10-Q,2026-06-30,2026-07-29,CREST Exeter Street Solar 2004-1 | Preferred shares,CREST Exeter Street Solar 2004-1,CREST Exeter Street Solar 2004-1,Preferred Equity,,,,0.0,0.0,,3500000.0,,,,,,False,,,USD,0.0,,,,,,,,,,,,,,Other,Other,Preferred Equity,,CREST Exeter Street Solar 2004-1
ARCC,0001287750,0001628280-26-050307,10-Q,2026-06-30,2026-07-29,CWC Fund I Co-Invest (ALTI) LP | Limited partnership interest,CWC Fund I Co-Invest (ALTI) LP,CWC Fund I Co-Invest (ALTI) LP,LP Interest,,,,7800000.0,6300000.0,,6224000.0,123.81,,,,,False,,,USD,7800000.0,Investment Funds and Vehicles,,Limited partnership interest,,,2024-03,Global wealth and alternatives manager,,,,,,,Black Box,JV / Fund of Funds,Common Equity,,CWC Fund I Co-Invest (ALTI) LP
ARCC,0001287750,0001628280-26-050307,10-Q,2026-06-30,2026-07-29,European Capital UK SME Debt LP | Limited partnership interest,European Capital UK SME Debt LP,European Capital UK SME Debt LP,LP Interest,,,,400000.0,0.0,,,,,,,,False,,,USD,400000.0,Investment Funds and Vehicles,,Limited partnership interest,,,2017-01,Investment partnership,,,,,,,Black Box,JV / Fund of Funds,Common Equity,,European Capital UK SME Debt LP
ARCC,0001287750,0001628280-26-050307,10-Q,2026-06-30,2026-07-29,"HCI Equity, LLC | Member interest",HCI Equity,HCI Equity,LLC Interest,,,,0.0,0.0,,,,,,,,False,,,USD,0.0,,,,,,,,,,,,,,Other,Other,Common Equity,,HCI Equity
ARCC,0001287750,0001628280-26-050307,10-Q,2026-06-30,2026-07-29,Linden Structured Capital Fund II-A LP | Limited partnership interest,Linden Structured Capital Fund II-A LP,Linden Structured Capital Fund II-A LP,LP Interest,,,,2200000.0,1300000.0,,1828249.0,169.23,,,,,False,,,USD,2200000.0,Investment Funds and Vehicles,,Limited partnership interest,,,2024-07,Investment partnership,,,,,,,Black Box,JV / Fund of Funds,Common Equity,,Linden Structured Capital Fund II-A LP
ARCC,0001287750,0001628280-26-050307,10-Q,2026-06-30,2026-07-29,"Partnership Capital Growth Investors III, L.P. | Limited partnership interest",Partnership Capital Growth Investors III,Partnership Capital Growth Investors III,LP Interest,,,,2300000.0,700000.0,,,328.57,,,,,False,,,USD,2300000.0,Investment Funds and Vehicles,,Limited partnership interest,,,2011-10,Investment partnership,,,,,,,Black Box,JV / Fund of Funds,Common Equity,,Partnership Capital Growth Investors III
ARCC,0001287750,0001628280-26-050307,10-Q,2026-06-30,2026-07-29,"PCG-Ares Sidecar Investment, L.P. | Limited partnership interest",PCG-Ares Sidecar Investment,PCG-Ares Sidecar Investment,LP Interest,,,,200000.0,4500000.0,,,4.44,,,,,False,,,USD,200000.0,Investment Funds and Vehicles,,Limited partnership interest,,,2014-05,Investment partnership,,,,,,,Black Box,JV / Fund of Funds,Common Equity,,PCG-Ares Sidecar Investment
ARCC,0001287750,0001628280-26-050307,10-Q,2026-06-30,2026-07-29,"PCG-TAC-CV, LP | Limited partnership interest",PCG-TAC-CV,PCG-TAC-CV,LP Interest,,,,6800000.0,0.0,,,,,,,,False,,,USD,6800000.0,Investment Funds and Vehicles,,Limited partnership interest,,,2025-01,Investment partnership,,,,,,,Black Box,JV / Fund of Funds,Common Equity,,PCG-TAC-CV
ARCC,0001287750,0001628280-26-050307,10-Q,2026-06-30,2026-07-29,"Piper Jaffray Merchant Banking Fund I, L.P. | Limited partnership interest",Piper Jaffray Merchant Banking Fund I,Piper Jaffray Merchant Banking Fund I,LP Interest,,,,500000.0,100000.0,,,500.0,,,,,False,,,USD,500000.0,Investment Funds and Vehicles,,Limited partnership interest,,,2012-08,Investment partnership,,,,,,,Black Box,JV / Fund of Funds,Common Equity,,Piper Jaffray Merchant Banking Fund I
ARCC,0001287750,0001628280-26-050307,10-Q,2026-06-30,2026-07-29,"Senior Direct Lending Program, LLC | Subordinated certificates",Senior Direct Lending Program,Senior Direct Lending Program,Subordinated,,,,1153700000.0,1140400000.0,1153700000.0,,100.0,8.0,11.73,,,False,,,USD,1153700000.0,Investment Funds and Vehicles,,Subordinated certificates,SOFR,2036-12,2016-07,Co-investment vehicle,,,,11.73,8.0,,Black Box,JV / Fund of Funds,Subordinated,,Senior Direct Lending Program
ARCC,0001287750,0001628280-26-050307,10-Q,2026-06-30,2026-07-29,"Senior Direct Lending Program, LLC | Membership interest",Senior Direct Lending Program,Senior Direct Lending Program,LLC Interest,,,,0.0,0.0,,,,,,,,False,,,USD,0.0,,,,,,,,,,,,,,Black Box,JV / Fund of Funds,Common Equity,,Senior Direct Lending Program
ARCC,0001287750,0001628280-26-050307,10-Q,2026-06-30,2026-07-29,22 HoldCo Limited | Senior subordinated loan,22 HoldCo Limited,22 HoldCo Limited,Senior Subordinated,,,,72100000.0,69600000.0,72100000.0,,100.0,7.5,,,11.55,True,,,USD,72100000.0,"Sports, Media and Entertainment",,Senior subordinated loan,SONIA,2033-08,2023-08,Sports and entertainment platform,,,,11.55,7.5,,Communication Services,Media & Entertainment,Subordinated,Chelsea FC,22 HoldCo Limited
ARCC,0001287750,0001628280-26-050307,10-Q,2026-06-30,2026-07-29,3 Step Sports LLC | First lien senior secured revolving loan,3 Step Sports LLC,3 Step Sports LLC,First Lien,,,,1400000.0,1400000.0,1400000.0,,100.0,6.5,10.15,,,False,,,USD,1400000.0,"Sports, Media and Entertainment",,First lien senior secured revolving loan,SOFR,2028-10,2023-10,Provider of integrated youth sports solutions,,,,10.15,6.5,,Communication Services,Media & Entertainment,First Lien,,3 Step Sports LLC
ARCC,0001287750,0001628280-26-050307,10-Q,2026-06-30,2026-07-29,3 Step Sports LLC | First lien senior secured loan,3 Step Sports LLC,3 Step Sports LLC,First Lien,,,,15400000.0,15400000.0,15400000.0,,100.0,6.5,10.23,,,False,,,USD,15400000.0,"Sports, Media and Entertainment",,First lien senior secured loan,SOFR,2029-10,2023-10,Provider of integrated youth sports solutions,,,,10.23,6.5,,Communication Services,Media & Entertainment,First Lien,,3 Step Sports LLC
ARCC,0001287750,0001628280-26-050307,10-Q,2026-06-30,2026-07-29,Aventine Intermediate LLC & Aventine Holdings II LLC | First lien senior secured loan,Aventine Intermediate LLC,Aventine Intermediate LLC,First Lien,,,,5800000.0,6300000.0,6300000.0,,92.06,6.0,9.8,,3.5,True,,,USD,5800000.0,"Sports, Media and Entertainment",,First lien senior secured loan,SOFR,2029-06,2021-12,Media and production company,,,,9.8,6.0,3.5,Communication Services,Media & Entertainment,First Lien,,Aventine Intermediate LLC
ARCC,0001287750,0001628280-26-050307,10-Q,2026-06-30,2026-07-29,Aventine Intermediate LLC & Aventine Holdings II LLC | Second lien senior secured loan,Aventine Intermediate LLC,Aventine Intermediate LLC,Second Lien,,,,40800000.0,55300000.0,55900000.0,,72.99,,,,,False,,,USD,40800000.0,"Sports, Media and Entertainment",,Second lien senior secured loan,,2030-12,2021-12,Media and production company,,,,,,,Communication Services,Media & Entertainment,Second Lien,,Aventine Intermediate LLC
ARCC,0001287750,0001628280-26-050307,10-Q,2026-06-30,2026-07-29,"Axiomatic, LLC | First lien senior secured notes",Axiomatic,Axiomatic,First Lien,,,,100000.0,100000.0,100000.0,,100.0,,,,,False,,,USD,100000.0,"Sports, Media and Entertainment",,First lien senior secured notes,,2027-12,2026-06,Premiere e-sports and video game investment platform,,,,,,,Communication Services,Media & Entertainment,First Lien,,Axiomatic
ARCC,0001287750,0001628280-26-050307,10-Q,2026-06-30,2026-07-29,"Axiomatic, LLC | Class A-1 units",Axiomatic,Axiomatic,Common Equity,,,,5900000.0,4700000.0,,500000.0,125.53,,,,,False,,,USD,5900000.0,"Sports, Media and Entertainment",,Class A-1 units,,,2022-05,Premiere e-sports and video game investment platform,,,,,,,Communication Services,Media & Entertainment,Common Equity,,Axiomatic
ARCC,0001287750,0001628280-26-050307,10-Q,2026-06-30,2026-07-29,"Bad Vibes Forever, LLC and Bad Vibes Forever Publishing, LLC | First lien senior secured loan","Bad Vibes Forever, LLC","Bad Vibes Forever, LLC",First Lien,,,,20400000.0,20400000.0,20400000.0,,100.0,5.5,9.35,,,False,,,USD,20400000.0,"Sports, Media and Entertainment",,First lien senior secured loan,SOFR,2032-06,2025-06,The estate and entity that owns the music copyright of the artist XXXTentacion,,,,9.35,5.5,,Communication Services,Media & Entertainment,First Lien,,"Bad Vibes Forever, LLC"
ARCC,0001287750,0001628280-26-050307,10-Q,2026-06-30,2026-07-29,CFC Funding LLC | Loan instrument units,CFC Funding LLC,CFC Funding LLC,Equity,,,,21200000.0,21200000.0,,16680.0,100.0,,,,9.75,True,,,USD,21200000.0,"Sports, Media and Entertainment",,Loan instrument units,,,2023-07,SME-related SPV,,,,9.75,,,Communication Services,Media & Entertainment,Common Equity,,CFC Funding LLC
ARCC,0001287750,0001628280-26-050307,10-Q,2026-06-30,2026-07-29,"CMW Parent LLC (fka Black Arrow, Inc.) | Series A units",CMW Parent LLC,CMW Parent LLC,Common Equity,,,,0.0,0.0,,32.0,,,,,,False,,,USD,0.0,,,,,,,,,,,,,,Other,Other,Common Equity,,CMW Parent LLC
ARCC,0001287750,0001628280-26-050307,10-Q,2026-06-30,2026-07-29,"Create Music Holdings, LLC | Second lien senior secured loan",Create Music Holdings,Create Music Holdings,Second Lien,,,,28700000.0,29200000.0,29200000.0,,98.29,6.25,10.14,,3.25,True,,,USD,28700000.0,"Sports, Media and Entertainment",,Second lien senior secured loan,SOFR,2033-02,2026-02,Music rights management company,,,,10.14,6.25,3.25,Communication Services,Media & Entertainment,Second Lien,,Create Music Holdings
ARCC,0001287750,0001628280-26-050307,10-Q,2026-06-30,2026-07-29,"Create Music Holdings, LLC | Class A common stock",Create Music Holdings,Create Music Holdings,Common Equity,,,,7100000.0,7100000.0,,642138.0,100.0,,,,,False,,,USD,7100000.0,"Sports, Media and Entertainment",,Class A common stock,,,2026-02,Music rights management company,,,,,,,Communication Services,Media & Entertainment,Common Equity,,Create Music Holdings
ARCC,0001287750,0001628280-26-050307,10-Q,2026-06-30,2026-07-29,"Dundee Eros, LP | Limited partnership interest",Dundee Eros,Dundee Eros,LP Interest,,,,5100000.0,4800000.0,,4803441.0,106.25,,,,,False,,,USD,5100000.0,"Sports, Media and Entertainment",,Limited partnership interest,,,2024-11,Catalog of premier music intellectual property,,,,,,,Communication Services,Media & Entertainment,Common Equity,,Dundee Eros
ARCC,0001287750,0001628280-26-050307,10-Q,2026-06-30,2026-07-29,Eagle Football Holdings BidCo Limited | Common stock,Eagle Football Holdings BidCo Limited,Eagle Football Holdings BidCo Limited,Common Equity,,,,2600000.0,2600000.0,,2550171.0,100.0,,,,,False,,,USD,2600000.0,"Sports, Media and Entertainment",,Common stock,,,2026-06,Multi-club sports platform,,,,,,,Communication Services,Media & Entertainment,Common Equity,,Eagle Football Holdings BidCo Limited
ARCC,0001287750,0001628280-26-050307,10-Q,2026-06-30,2026-07-29,"FEH Group, LLC. | Class A common interest",FEH Group,FEH Group,Common Equity,,,,276200000.0,187100000.0,,78.0,147.62,,,,,False,,,USD,276200000.0,"Sports, Media and Entertainment",,Class A common interest,,,2024-12,Professional sports team and entertainment complex,,,,,,,Communication Services,Media & Entertainment,Common Equity,,FEH Group
ARCC,0001287750,0001628280-26-050307,10-Q,2026-06-30,2026-07-29,"Fever Labs, Inc. | First lien senior secured revolving loan",Fever Labs,Fever Labs,First Lien,,,,31600000.0,30500000.0,31600000.0,,100.0,,11.0,,,False,,,USD,31600000.0,"Sports, Media and Entertainment",,First lien senior secured revolving loan,,2028-11,2024-08,Technology led marketing and ticketing platform for live events,,,,11.0,,,Communication Services,Media & Entertainment,First Lien,,Fever Labs
ARCC,0001287750,0001628280-26-050307,10-Q,2026-06-30,2026-07-29,"Fever Labs, Inc. | First lien senior secured loan",Fever Labs,Fever Labs,First Lien,,,,5700000.0,5700000.0,5700000.0,,100.0,,10.5,,,False,,,USD,5700000.0,"Sports, Media and Entertainment",,First lien senior secured loan,,2028-11,2026-01,Technology led marketing and ticketing platform for live events,,,,10.5,,,Communication Services,Media & Entertainment,First Lien,,Fever Labs
ARCC,0001287750,0001628280-26-050307,10-Q,2026-06-30,2026-07-29,"Fever Labs, Inc. | Series B redeemable preferred stock",Fever Labs,Fever Labs,Preferred Equity,,,,10200000.0,10200000.0,,8824.0,100.0,,,,13.5,True,,,USD,10200000.0,"Sports, Media and Entertainment",,Series B redeemable preferred stock,,,2025-06,Technology led marketing and ticketing platform for live events,,,,13.5,,,Communication Services,Media & Entertainment,Preferred Equity,,Fever Labs
ARCC,0001287750,0001628280-26-050307,10-Q,2026-06-30,2026-07-29,"Fever Labs, Inc. | Series E-5 convertible shares",Fever Labs,Fever Labs,Equity,,,,1500000.0,900000.0,,217907.0,166.67,,,,,False,,,USD,1500000.0,Software and Services,,First lien senior secured revolving loan,SOFR,2031-01,2025-01,Vertical software businesses holding company,,,,9.15,5.5,,Information Technology,Software & Services,Common Equity,,Fever Labs
ARCC,0001287750,0001628280-26-050307,10-Q,2026-06-30,2026-07-29,"Fever Labs, Inc. | Warrant to purchase common stock",Fever Labs,Fever Labs,Warrant,,,,700000.0,0.0,,177076.0,,,,,,False,,,USD,700000.0,Software and Services,,Preferred equity,,,2019-07,"Provider of environmental, health and safety software to track compliance data",,,,9.0,,,Information Technology,Software & Services,Warrant,,Fever Labs
ARCC,0001287750,0001628280-26-050307,10-Q,2026-06-30,2026-07-29,"Firebird Music Holdings, LLC | Common units",Firebird Music Holdings,Firebird Music Holdings,Common Equity,,,,4200000.0,4200000.0,,2955319.0,100.0,,,,,False,,,USD,4200000.0,Media and Entertainment,,Common units,,,2026-06,Acquiror of music companies primarily focused on artist and rights management,,,,,,,Communication Services,Media & Entertainment,Common Equity,,Firebird Music Holdings
ARCC,0001287750,0001628280-26-050307,10-Q,2026-06-30,2026-07-29,Firebird Music Rights I LP | Limited partnership interests,Firebird Music Rights I LP,Firebird Music Rights I LP,LP Interest,,,,300000.0,300000.0,,340110.0,100.0,,,,10.0,True,,,USD,300000.0,Media and Entertainment,,Limited partnership interests,,,2026-06,Acquiror of music companies primarily focused on artist and rights management,,,,10.0,,,Communication Services,Media & Entertainment,Common Equity,,Firebird Music Rights I LP
ARCC,0001287750,0001628280-26-050307,10-Q,2026-06-30,2026-07-29,"Global Music Rights, LLC | First lien senior secured revolving loan",Global Music Rights,Global Music Rights,First Lien,,,,78800000.0,78000000.0,78000000.0,,101.03,4.25,7.88,,,False,,,USD,78800000.0,Media and Entertainment,,First lien senior secured revolving loan,SOFR,2031-12,2024-12,Music right management company,,,,7.88,4.25,,Communication Services,Media & Entertainment,First Lien,,Global Music Rights
ARCC,0001287750,0001628280-26-050307,10-Q,2026-06-30,2026-07-29,GSM Rights Fund II LP | Class B interest,GSM Rights Fund II LP,GSM Rights Fund II LP,Common Equity,,,,5200000.0,5100000.0,,5123898.0,101.96,,,,,False,,,USD,5200000.0,Media and Entertainment,,Class B interest,,2031-03,2025-03,Private investment firm specializing in music rights and IP assets,,,,,,,Communication Services,Media & Entertainment,Common Equity,,GSM Rights Fund II LP
ARCC,0001287750,0001628280-26-050307,10-Q,2026-06-30,2026-07-29,"League One Volleyball Clubs, LLC and League One Volleyball, Inc. | Series B preferred stock","League One Volleyball Clubs, LLC","League One Volleyball Clubs, LLC",Preferred Equity,,,,0.0,0.0,,261.0,,,,,,False,,,USD,0.0,,,,,,,,,,,,,,Other,Other,Preferred Equity,,"League One Volleyball Clubs, LLC"
ARCC,0001287750,0001628280-26-050307,10-Q,2026-06-30,2026-07-29,"League One Volleyball Clubs, LLC and League One Volleyball, Inc. | Warrant to purchase common stock","League One Volleyball Clubs, LLC","League One Volleyball Clubs, LLC",Warrant,,,,0.0,0.0,,8.0,,,,,,False,,,USD,0.0,,,,,,,,,,,,,,Other,Other,Warrant,,"League One Volleyball Clubs, LLC"
ARCC,0001287750,0001628280-26-050307,10-Q,2026-06-30,2026-07-29,"Legends Hospitality Holding Company, LLC, ASM Buyer, Inc., Legends ASM Holdco I, LLC, and Stadium Coinvest (B)-III, L.P. | First lien senior secured revolving loan","Legends Hospitality Holding Company, LLC","Legends Hospitality Holding Company, LLC",First Lien,,,,3000000.0,3000000.0,3000000.0,,100.0,5.0,8.64,,,False,,,USD,3000000.0,Media and Entertainment,,First lien senior secured revolving loan,SOFR,2030-08,2024-08,Hospitality platform provider of premium experiential services,,,,8.64,5.0,,Communication Services,Media & Entertainment,First Lien,Legends,"Legends Hospitality Holding Company, LLC"
ARCC,0001287750,0001628280-26-050307,10-Q,2026-06-30,2026-07-29,"Legends Hospitality Holding Company, LLC, ASM Buyer, Inc., Legends ASM Holdco I, LLC, and Stadium Coinvest (B)-III, L.P. | First lien senior secured loan","Legends Hospitality Holding Company, LLC","Legends Hospitality Holding Company, LLC",First Lien,,,,3300000.0,3300000.0,3300000.0,,100.0,5.0,8.66,,,False,,,USD,3300000.0,Media and Entertainment,,First lien senior secured loan,SOFR,2031-08,2024-08,Hospitality platform provider of premium experiential services,,,,8.66,5.0,,Communication Services,Media & Entertainment,First Lien,Legends,"Legends Hospitality Holding Company, LLC"
ARCC,0001287750,0001628280-26-050307,10-Q,2026-06-30,2026-07-29,"Legends Hospitality Holding Company, LLC, ASM Buyer, Inc., Legends ASM Holdco I, LLC, and Stadium Coinvest (B)-III, L.P. | First lien senior secured loan 1","Legends Hospitality Holding Company, LLC","Legends Hospitality Holding Company, LLC",First Lien,,,,58000000.0,58600000.0,58600000.0,,98.98,5.5,9.16,,2.75,True,,,USD,58000000.0,Media and Entertainment,,First lien senior secured loan,SOFR,2031-08,2024-08,Hospitality platform provider of premium experiential services,,,,9.16,5.5,2.75,Communication Services,Media & Entertainment,First Lien,Legends,"Legends Hospitality Holding Company, LLC"
ARCC,0001287750,0001628280-26-050307,10-Q,2026-06-30,2026-07-29,"Legends Hospitality Holding Company, LLC, ASM Buyer, Inc., Legends ASM Holdco I, LLC, and Stadium Coinvest (B)-III, L.P. | Limited partnership interest","Legends Hospitality Holding Company, LLC","Legends Hospitality Holding Company, LLC",LP Interest,,,,6200000.0,6700000.0,,6555000.0,92.54,,,,,False,,,USD,6200000.0,Media and Entertainment,,Limited partnership interest,,,2025-02,Hospitality platform provider of premium experiential services,,,,,,,Communication Services,Media & Entertainment,Common Equity,Legends,"Legends Hospitality Holding Company, LLC"
ARCC,0001287750,0001628280-26-050307,10-Q,2026-06-30,2026-07-29,"LiveBarn Inc., LiveBarn US, LLC, LiveBarn Canada I, ULC, and Royal Topco Holdings, LLC | First lien senior secured revolving loan",LiveBarn Inc.,LiveBarn Inc.,First Lien,,,,1500000.0,1500000.0,1500000.0,,100.0,4.5,6.78,,,False,,,USD,1500000.0,Media and Entertainment,,First lien senior secured revolving loan,,2033-03,2026-03,Provider of Live & On Demand broadcasting of amateur and youth sporting events,,,,6.78,4.5,,Communication Services,Media & Entertainment,First Lien,,LiveBarn Inc.
ARCC,0001287750,0001628280-26-050307,10-Q,2026-06-30,2026-07-29,"LiveBarn Inc., LiveBarn US, LLC, LiveBarn Canada I, ULC, and Royal Topco Holdings, LLC | Class A units",LiveBarn Inc.,LiveBarn Inc.,Common Equity,,,,5600000.0,5500000.0,,5430.0,101.82,,,,8.0,True,,,USD,5600000.0,Media and Entertainment,,Class A units,,,2026-03,Provider of Live & On Demand broadcasting of amateur and youth sporting events,,,,8.0,,,Communication Services,Media & Entertainment,Common Equity,,LiveBarn Inc.
ARCC,0001287750,0001628280-26-050307,10-Q,2026-06-30,2026-07-29,"LiveBarn Inc., LiveBarn US, LLC, LiveBarn Canada I, ULC, and Royal Topco Holdings, LLC | Vested Class B units",LiveBarn Inc.,LiveBarn Inc.,Common Equity,,,,0.0,0.0,,5429644.0,,,,,,False,,,USD,0.0,,,,,,,,,,,,,,Communication Services,Media & Entertainment,Common Equity,,LiveBarn Inc.
ARCC,0001287750,0001628280-26-050307,10-Q,2026-06-30,2026-07-29,Mari Events Midco LLC and AE EventsCo Holdings LLC | First lien senior secured loan,Mari Events Midco LLC,Mari Events Midco LLC,First Lien,,,,5300000.0,5300000.0,5300000.0,,100.0,4.0,7.73,,,False,,,USD,5300000.0,Media and Entertainment,,First lien senior secured loan,SOFR,2032-10,2025-10,Sports and entertainment company,,,,7.73,4.0,,Communication Services,Media & Entertainment,First Lien,,Mari Events Midco LLC
ARCC,0001287750,0001628280-26-050307,10-Q,2026-06-30,2026-07-29,Mari Events Midco LLC and AE EventsCo Holdings LLC | Class A-1 units,Mari Events Midco LLC,Mari Events Midco LLC,Common Equity,,,,15100000.0,13700000.0,,1370.0,110.22,,,,,False,,,USD,15100000.0,Media and Entertainment,,Class A-1 units,,,2025-10,Sports and entertainment company,,,,,,,Communication Services,Media & Entertainment,Common Equity,,Mari Events Midco LLC
ARCC,0001287750,0001628280-26-050307,10-Q,2026-06-30,2026-07-29,"Mari Miami II LLC and South Florida Tennis, LLC | First lien senior secured loan",Mari Miami II LLC,Mari Miami II LLC,First Lien,,,,5800000.0,5800000.0,5800000.0,,100.0,5.0,8.73,,,False,,,USD,5800000.0,Media and Entertainment,,First lien senior secured loan,SOFR,2032-10,2025-10,Professional sporting event,,,,8.73,5.0,,Communication Services,Media & Entertainment,First Lien,,Mari Miami II LLC
ARCC,0001287750,0001628280-26-050307,10-Q,2026-06-30,2026-07-29,"Mari Miami II LLC and South Florida Tennis, LLC | Class A common interests",Mari Miami II LLC,Mari Miami II LLC,Common Equity,,,,7800000.0,2300000.0,,26.0,339.13,,,,,False,,,USD,7800000.0,Financial Services,,First lien senior secured loan,SOFR,2032-08,2026-05,Provider of comprehensive wealth management services,,,,8.89,5.25,,Financials,Diversified Financials,Common Equity,,Mari Miami II LLC
ARCC,0001287750,0001628280-26-050307,10-Q,2026-06-30,2026-07-29,Miami Beckham United LLC | Class A preferred units,Miami Beckham United LLC,Miami Beckham United LLC,Preferred Equity,,,,187200000.0,187200000.0,,127500.0,100.0,,,,9.5,True,,,USD,187200000.0,Media and Entertainment,,Class A preferred units,,,2021-09,American professional soccer club,,,,9.5,,,Communication Services,Media & Entertainment,Preferred Equity,Inter Miami CF,Miami Beckham United LLC
ARCC,0001287750,0001628280-26-050307,10-Q,2026-06-30,2026-07-29,"Production Resource Group, L.L.C. and PRG III, LLC | First lien senior secured loan","Production Resource Group, L.L.C.","Production Resource Group, L.L.C.",First Lien,,,,81300000.0,80900000.0,81300000.0,,100.0,7.5,,,11.17,True,,,USD,81300000.0,Media and Entertainment,,First lien senior secured loan,SOFR,2030-10,2020-07,"Provider of rental equipment, labor, production management, scenery, and other products to various entertainment end-markets",,,,11.17,7.5,,Communication Services,Media & Entertainment,First Lien,PRG,"Production Resource Group, L.L.C."
ARCC,0001287750,0001628280-26-050307,10-Q,2026-06-30,2026-07-29,"Production Resource Group, L.L.C. and PRG III, LLC | Membership interest","Production Resource Group, L.L.C.","Production Resource Group, L.L.C.",LLC Interest,,,,3100000.0,13600000.0,,151988.0,22.79,,,,,False,,,USD,3100000.0,Media and Entertainment,,Membership interest,,,2025-10,"Provider of rental equipment, labor, production management, scenery, and other products to various entertainment end-markets",,,,,,,Communication Services,Media & Entertainment,Common Equity,PRG,"Production Resource Group, L.L.C."
ARCC,0001287750,0001628280-26-050307,10-Q,2026-06-30,2026-07-29,"Professional Fighters League, LLC, PFL MMA LLC and PFL MMA, Inc. | First lien senior secured loan","Professional Fighters League, LLC","Professional Fighters League, LLC",First Lien,,,,14200000.0,14200000.0,14200000.0,,100.0,,,,14.0,True,,,USD,14200000.0,Media and Entertainment,,First lien senior secured loan,,2029-01,2021-01,Mixed martial arts league,,,,14.0,,,Communication Services,Media & Entertainment,First Lien,,"Professional Fighters League, LLC"
ARCC,0001287750,0001628280-26-050307,10-Q,2026-06-30,2026-07-29,"Professional Fighters League, LLC, PFL MMA LLC and PFL MMA, Inc. | Senior subordinated loan","Professional Fighters League, LLC","Professional Fighters League, LLC",Senior Subordinated,,,,200000.0,200000.0,300000.0,,66.67,,,,8.0,True,,,USD,200000.0,Media and Entertainment,,Senior subordinated loan,,2036-01,2022-11,Mixed martial arts league,,,,8.0,,,Communication Services,Media & Entertainment,Subordinated,,"Professional Fighters League, LLC"
ARCC,0001287750,0001628280-26-050307,10-Q,2026-06-30,2026-07-29,"Professional Fighters League, LLC, PFL MMA LLC and PFL MMA, Inc. | Warrant to purchase common units","Professional Fighters League, LLC","Professional Fighters League, LLC",Warrant,,,,0.0,0.0,,86.0,,,,,,False,,,USD,0.0,,,,,,,,,,,,,,Communication Services,Media & Entertainment,Warrant,,"Professional Fighters League, LLC"
ARCC,0001287750,0001628280-26-050307,10-Q,2026-06-30,2026-07-29,Propagate Content LLC | Preferred units,Propagate Content LLC,Propagate Content LLC,Preferred Equity,,,,3700000.0,3700000.0,,3.0,100.0,,,,8.0,True,,,USD,3700000.0,Media and Entertainment,,Preferred units,,,2025-10,"Developer, producer and distributor of programming content and artist and talent management company",,,,8.0,,,Communication Services,Media & Entertainment,Preferred Equity,,Propagate Content LLC
ARCC,0001287750,0001628280-26-050307,10-Q,2026-06-30,2026-07-29,"Sandlot Action Sports, LLC | Common units",Sandlot Action Sports,Sandlot Action Sports,Common Equity,,,,0.0,0.0,,3384.0,,,,,,False,,,USD,0.0,,,,,,,,,,,,,,Other,Other,Common Equity,,Sandlot Action Sports
ARCC,0001287750,0001628280-26-050307,10-Q,2026-06-30,2026-07-29,"Shout! Factory, LLC | First lien senior secured revolving loan",Shout! Factory,Shout! Factory,First Lien,,,,18200000.0,18500000.0,18500000.0,,98.38,5.25,8.9,,,False,,,USD,18200000.0,Media and Entertainment,,First lien senior secured revolving loan,SOFR,2031-06,2025-07,"Multi-platform media company specialized in film and TV distribution, development and production",,,,8.9,5.25,,Communication Services,Media & Entertainment,First Lien,,Shout! Factory
ARCC,0001287750,0001628280-26-050307,10-Q,2026-06-30,2026-07-29,"South Florida Motorsports, LLC | Class A common interest",South Florida Motorsports,South Florida Motorsports,Common Equity,,,,29900000.0,5500000.0,,26.0,543.64,,,,,False,,,USD,29900000.0,Media and Entertainment,,Class A common interest,,,2024-12,Professional sporting event,,,,,,,Communication Services,Media & Entertainment,Common Equity,,South Florida Motorsports
ARCC,0001287750,0001628280-26-050307,10-Q,2026-06-30,2026-07-29,"The Teaching Company Holdings, Inc. | Preferred stock",The Teaching Company Holdings,The Teaching Company Holdings,Preferred Equity,,,,800000.0,1100000.0,,10663.0,72.73,,,,,False,,,USD,800000.0,Media and Entertainment,,Preferred stock,,,2006-09,Education publications provider,,,,,,,Communication Services,Media & Entertainment,Preferred Equity,,The Teaching Company Holdings
ARCC,0001287750,0001628280-26-050307,10-Q,2026-06-30,2026-07-29,"The Teaching Company Holdings, Inc. | Common stock",The Teaching Company Holdings,The Teaching Company Holdings,Common Equity,,,,0.0,0.0,,15393.0,,,,,,False,,,USD,0.0,,,,,,,,,,,,,,Communication Services,Media & Entertainment,Common Equity,,The Teaching Company Holdings
ARCC,0001287750,0001628280-26-050307,10-Q,2026-06-30,2026-07-29,WRE Sports Investments LLC | First lien senior secured loan,WRE Sports Investments LLC,WRE Sports Investments LLC,First Lien,,,,29800000.0,29800000.0,29800000.0,,100.0,,11.0,,5.5,True,,,USD,29800000.0,Media and Entertainment,,First lien senior secured loan,,2031-07,2024-07,Professional sports club,,,,11.0,,5.5,Communication Services,Media & Entertainment,First Lien,,WRE Sports Investments LLC
ARCC,0001287750,0001628280-26-050307,10-Q,2026-06-30,2026-07-29,"Abzena Holdings, Inc. and Astro Group Holdings Ltd. | A ordinary shares",Abzena Holdings,Abzena Holdings,Common Equity,,,,2900000.0,5700000.0,,2476744.0,50.88,,,,,False,,,USD,2900000.0,"Pharmaceuticals, Biotechnology and Life Sciences",,A ordinary shares,,,2021-05,"Organization providing discovery, development and manufacturing services to the pharmaceutical and biotechnology industries",,,,,,,Health Care,"Pharmaceuticals, Biotechnology & Life Sciences",Common Equity,,Abzena Holdings
ARCC,0001287750,0001628280-26-050307,10-Q,2026-06-30,2026-07-29,"Alcami Corporation and ACM Note Holdings, LLC | First lien senior secured loan",Alcami Corporation,Alcami Corporation,First Lien,,,,7200000.0,7200000.0,7200000.0,,100.0,5.5,9.25,,,False,,,USD,7200000.0,"Pharmaceuticals, Biotechnology and Life Sciences",,First lien senior secured loan,SOFR,2029-12,2026-04,Outsourced drug development services provider,,,,9.25,5.5,,Health Care,"Pharmaceuticals, Biotechnology & Life Sciences",First Lien,Alcami,Alcami Corporation
ARCC,0001287750,0001628280-26-050307,10-Q,2026-06-30,2026-07-29,"Alcami Corporation and ACM Note Holdings, LLC | First lien senior secured loan 1",Alcami Corporation,Alcami Corporation,First Lien,,,,9800000.0,9800000.0,9800000.0,,100.0,5.5,9.31,,,False,,,USD,9800000.0,"Pharmaceuticals, Biotechnology and Life Sciences",,First lien senior secured loan,SOFR,2028-12,2022-12,Outsourced drug development services provider,,,,9.31,5.5,,Health Care,"Pharmaceuticals, Biotechnology & Life Sciences",First Lien,Alcami,Alcami Corporation
ARCC,0001287750,0001628280-26-050307,10-Q,2026-06-30,2026-07-29,"Alcami Corporation and ACM Note Holdings, LLC | Senior subordinated loan",Alcami Corporation,Alcami Corporation,Senior Subordinated,,,,24500000.0,26000000.0,26000000.0,,94.23,,,,12.0,True,,,USD,24500000.0,"Pharmaceuticals, Biotechnology and Life Sciences",,Senior subordinated loan,,2029-06,2022-12,Outsourced drug development services provider,,,,12.0,,,Health Care,"Pharmaceuticals, Biotechnology & Life Sciences",Subordinated,Alcami,Alcami Corporation
ARCC,0001287750,0001628280-26-050307,10-Q,2026-06-30,2026-07-29,Artemis BidCo 2 LLC | First lien senior secured loan,Artemis BidCo 2 LLC,Artemis BidCo 2 LLC,First Lien,,,,38100000.0,38000000.0,38100000.0,,100.0,5.0,8.73,,,False,,,USD,38100000.0,"Pharmaceuticals, Biotechnology and Life Sciences",,First lien senior secured loan,SOFR,2031-10,2025-10,Developer and manufacturer of in vitro diagnostic immunoassays,,,,8.73,5.0,,Health Care,"Pharmaceuticals, Biotechnology & Life Sciences",First Lien,,Artemis BidCo 2 LLC
ARCC,0001287750,0001628280-26-050307,10-Q,2026-06-30,2026-07-29,Bamboo US BidCo LLC | First lien senior secured revolving loan,Bamboo US BidCo LLC,Bamboo US BidCo LLC,First Lien,,,,3500000.0,3500000.0,3500000.0,,100.0,5.25,8.89,,,False,,,USD,3500000.0,"Pharmaceuticals, Biotechnology and Life Sciences",,First lien senior secured revolving loan,SOFR,2029-10,2023-09,Biopharmaceutical company,,,,8.89,5.25,,Health Care,"Pharmaceuticals, Biotechnology & Life Sciences",First Lien,Simtra BioPharma Solutions,Bamboo US BidCo LLC
ARCC,0001287750,0001628280-26-050307,10-Q,2026-06-30,2026-07-29,Bamboo US BidCo LLC | First lien senior secured loan,Bamboo US BidCo LLC,Bamboo US BidCo LLC,First Lien,,,,40800000.0,41300000.0,41300000.0,,98.79,5.25,8.91,,,False,,,USD,40800000.0,"Pharmaceuticals, Biotechnology and Life Sciences",,First lien senior secured loan,SOFR,2030-09,2024-11,Biopharmaceutical company,,,,8.91,5.25,,Health Care,"Pharmaceuticals, Biotechnology & Life Sciences",First Lien,Simtra BioPharma Solutions,Bamboo US BidCo LLC
ARCC,0001287750,0001628280-26-050307,10-Q,2026-06-30,2026-07-29,"Cobalt Buyer Sub, Inc.,  Cobalt Holdings I, LP, and Cobalt Intermediate I, Inc. | First lien senior secured revolving loan","Cobalt Buyer Sub, Inc.","Cobalt Buyer Sub, Inc.",First Lien,,,,6400000.0,7100000.0,7100000.0,,90.14,5.75,9.42,,,False,,,USD,6400000.0,"Pharmaceuticals, Biotechnology and Life Sciences",,First lien senior secured revolving loan,SOFR,2027-10,2021-10,Provider of biological products to life science and pharmaceutical companies,,,,9.42,5.75,,Health Care,"Pharmaceuticals, Biotechnology & Life Sciences",First Lien,BioVectra,"Cobalt Buyer Sub, Inc."
ARCC,0001287750,0001628280-26-050307,10-Q,2026-06-30,2026-07-29,"Cobalt Buyer Sub, Inc.,  Cobalt Holdings I, LP, and Cobalt Intermediate I, Inc. | First lien senior secured loan","Cobalt Buyer Sub, Inc.","Cobalt Buyer Sub, Inc.",First Lien,,,,43400000.0,48700000.0,48700000.0,,89.12,5.75,9.42,,,False,,,USD,43400000.0,"Pharmaceuticals, Biotechnology and Life Sciences",,First lien senior secured loan,SOFR,2028-10,2024-08,Provider of biological products to life science and pharmaceutical companies,,,,9.42,5.75,,Health Care,"Pharmaceuticals, Biotechnology & Life Sciences",First Lien,BioVectra,"Cobalt Buyer Sub, Inc."
ARCC,0001287750,0001628280-26-050307,10-Q,2026-06-30,2026-07-29,"Cobalt Buyer Sub, Inc.,  Cobalt Holdings I, LP, and Cobalt Intermediate I, Inc. | Preferred units","Cobalt Buyer Sub, Inc.","Cobalt Buyer Sub, Inc.",Preferred Equity,,,,100000.0,4400000.0,,3020.0,2.27,,,,8.0,True,,,USD,100000.0,"Pharmaceuticals, Biotechnology and Life Sciences",,Preferred units,,2051-10,2021-10,Provider of biological products to life science and pharmaceutical companies,,,,8.0,,,Health Care,"Pharmaceuticals, Biotechnology & Life Sciences",Preferred Equity,BioVectra,"Cobalt Buyer Sub, Inc."
ARCC,0001287750,0001628280-26-050307,10-Q,2026-06-30,2026-07-29,"Cobalt Buyer Sub, Inc.,  Cobalt Holdings I, LP, and Cobalt Intermediate I, Inc. | Series A preferred shares","Cobalt Buyer Sub, Inc.","Cobalt Buyer Sub, Inc.",Preferred Equity,,,,107400000.0,115500000.0,,60236.0,92.99,,,,13.75,True,,,USD,107400000.0,"Pharmaceuticals, Biotechnology and Life Sciences",,Series A preferred shares,,,2021-10,Provider of biological products to life science and pharmaceutical companies,,,,13.75,,,Health Care,"Pharmaceuticals, Biotechnology & Life Sciences",Preferred Equity,BioVectra,"Cobalt Buyer Sub, Inc."
ARCC,0001287750,0001628280-26-050307,10-Q,2026-06-30,2026-07-29,"Cobalt Buyer Sub, Inc.,  Cobalt Holdings I, LP, and Cobalt Intermediate I, Inc. | Class A common units","Cobalt Buyer Sub, Inc.","Cobalt Buyer Sub, Inc.",Common Equity,,,,0.0,0.0,,30500.0,,,,,,False,,,USD,0.0,,,,,,,,,,,,,,Health Care,"Pharmaceuticals, Biotechnology & Life Sciences",Common Equity,BioVectra,"Cobalt Buyer Sub, Inc."
ARCC,0001287750,0001628280-26-050307,10-Q,2026-06-30,2026-07-29,"CoreRx, Inc. | First lien senior secured loan",CoreRx,CoreRx,First Lien,,,,9700000.0,9900000.0,9900000.0,,97.98,7.25,10.98,,,False,,,USD,9700000.0,"Pharmaceuticals, Biotechnology and Life Sciences",,First lien senior secured loan,SOFR,2030-12,2025-12,Small molecule contract development and manufacturing provider,,,,10.98,7.25,,Health Care,"Pharmaceuticals, Biotechnology & Life Sciences",First Lien,,CoreRx
ARCC,0001287750,0001628280-26-050307,10-Q,2026-06-30,2026-07-29,"Creek Parent, Inc. and Creek Feeder, L.P. | First lien senior secured revolving loan","Creek Parent, Inc.","Creek Parent, Inc.",First Lien,,,,0.0,0.0,0.0,,,,,,,False,,,USD,0.0,,,,,,,,,,,,,,Health Care,"Pharmaceuticals, Biotechnology & Life Sciences",First Lien,Catalent,"Creek Parent, Inc."
ARCC,0001287750,0001628280-26-050307,10-Q,2026-06-30,2026-07-29,"Creek Parent, Inc. and Creek Feeder, L.P. | First lien senior secured loan","Creek Parent, Inc.","Creek Parent, Inc.",First Lien,,,,206100000.0,206100000.0,206100000.0,,100.0,5.0,8.64,,,False,,,USD,206100000.0,"Pharmaceuticals, Biotechnology and Life Sciences",,First lien senior secured loan,SOFR,2031-12,2024-12,"Provider of delivery technologies, development, drug manufacturing, biologics, gene therapies and consumer health products",,,,8.64,5.0,,Health Care,"Pharmaceuticals, Biotechnology & Life Sciences",First Lien,Catalent,"Creek Parent, Inc."
ARCC,0001287750,0001628280-26-050307,10-Q,2026-06-30,2026-07-29,"Creek Parent, Inc. and Creek Feeder, L.P. | Limited partnership interest","Creek Parent, Inc.","Creek Parent, Inc.",LP Interest,,,,8300000.0,6900000.0,,6891000.0,120.29,,,,,False,,,USD,8300000.0,"Pharmaceuticals, Biotechnology and Life Sciences",,Limited partnership interest,,,2024-12,"Provider of delivery technologies, development, drug manufacturing, biologics, gene therapies and consumer health products",,,,,,,Health Care,"Pharmaceuticals, Biotechnology & Life Sciences",Common Equity,Catalent,"Creek Parent, Inc."
ARCC,0001287750,0001628280-26-050307,10-Q,2026-06-30,2026-07-29,"Gula Buyer Inc. and Gula Co-Invest II, L.P. | First lien senior secured loan",Gula Buyer Inc.,Gula Buyer Inc.,First Lien,,,,18500000.0,18500000.0,18500000.0,,100.0,4.5,8.13,,,False,,,USD,18500000.0,"Pharmaceuticals, Biotechnology and Life Sciences",,First lien senior secured loan,SOFR,2031-10,2024-10,Distributor and manufacturer of veterinarian-grade pet prescription medications and health products,,,,8.13,4.5,,Health Care,"Pharmaceuticals, Biotechnology & Life Sciences",First Lien,,Gula Buyer Inc.
ARCC,0001287750,0001628280-26-050307,10-Q,2026-06-30,2026-07-29,"Gula Buyer Inc. and Gula Co-Invest II, L.P. | Common units",Gula Buyer Inc.,Gula Buyer Inc.,Common Equity,,,,700000.0,500000.0,,434.0,140.0,,,,,False,,,USD,700000.0,"Pharmaceuticals, Biotechnology and Life Sciences",,Common units,,,2025-03,Distributor and manufacturer of veterinarian-grade pet prescription medications and health products,,,,,,,Health Care,"Pharmaceuticals, Biotechnology & Life Sciences",Common Equity,,Gula Buyer Inc.
ARCC,0001287750,0001628280-26-050307,10-Q,2026-06-30,2026-07-29,"Maravai Intermediate Holdings, LLC | First lien senior secured loan",Maravai Intermediate Holdings,Maravai Intermediate Holdings,First Lien,,,,27700000.0,28100000.0,28100000.0,,98.58,5.0,8.73,,,False,,,USD,27700000.0,"Pharmaceuticals, Biotechnology and Life Sciences",,First lien senior secured loan,SOFR,2032-06,2026-06,Life sciences tools platform,,,,8.73,5.0,,Health Care,"Pharmaceuticals, Biotechnology & Life Sciences",First Lien,,Maravai Intermediate Holdings
ARCC,0001287750,0001628280-26-050307,10-Q,2026-06-30,2026-07-29,"Moderna, Inc. | First lien senior secured loan",Moderna,Moderna,First Lien,,,,109900000.0,111600000.0,111600000.0,,98.48,5.5,9.23,,,False,,,USD,109900000.0,"Pharmaceuticals, Biotechnology and Life Sciences",,First lien senior secured loan,SOFR,2030-11,2025-11,Biotechnology company,,,,9.23,5.5,,Health Care,"Pharmaceuticals, Biotechnology & Life Sciences",First Lien,,Moderna
ARCC,0001287750,0001628280-26-050307,10-Q,2026-06-30,2026-07-29,"NAMSA Holdco, LLC, North American Science Associates, LLC and Cardinal Topco Holdings L.P. | First lien senior secured loan","NAMSA Holdco, LLC","NAMSA Holdco, LLC",First Lien,,,,90100000.0,90800000.0,91000000.0,,99.01,4.75,8.38,,,False,,,USD,90100000.0,"Pharmaceuticals, Biotechnology and Life Sciences",,First lien senior secured loan,SOFR,2033-03,2026-03,Contract research organization providing research and development and testing of medical devices,,,,8.38,4.75,,Health Care,"Pharmaceuticals, Biotechnology & Life Sciences",First Lien,NAMSA,"NAMSA Holdco, LLC"
ARCC,0001287750,0001628280-26-050307,10-Q,2026-06-30,2026-07-29,"NAMSA Holdco, LLC, North American Science Associates, LLC and Cardinal Topco Holdings L.P. | Senior subordinated loan","NAMSA Holdco, LLC","NAMSA Holdco, LLC",Senior Subordinated,,,,2000000.0,2000000.0,2000000.0,,100.0,,,,11.0,True,,,USD,2000000.0,"Pharmaceuticals, Biotechnology and Life Sciences",,Senior subordinated loan,,2027-03,2023-03,Contract research organization providing research and development and testing of medical devices,,,,11.0,,,Health Care,"Pharmaceuticals, Biotechnology & Life Sciences",Subordinated,NAMSA,"NAMSA Holdco, LLC"
ARCC,0001287750,0001628280-26-050307,10-Q,2026-06-30,2026-07-29,"NAMSA Holdco, LLC, North American Science Associates, LLC and Cardinal Topco Holdings L.P. | Class A preferred units","NAMSA Holdco, LLC","NAMSA Holdco, LLC",Preferred Equity,,,,38100000.0,21300000.0,,13528.0,178.87,,,,8.0,True,,,USD,38100000.0,"Pharmaceuticals, Biotechnology and Life Sciences",,Class A preferred units,,,2020-09,Contract research organization providing research and development and testing of medical devices,,,,8.0,,,Health Care,"Pharmaceuticals, Biotechnology & Life Sciences",Preferred Equity,NAMSA,"NAMSA Holdco, LLC"
ARCC,0001287750,0001628280-26-050307,10-Q,2026-06-30,2026-07-29,"NMC Skincare Intermediate Holdings II, LLC | First lien senior secured revolving loan",NMC Skincare Intermediate Holdings II,NMC Skincare Intermediate Holdings II,First Lien,,,,37200000.0,40100000.0,40100000.0,,92.77,6.5,10.32,,,False,,,USD,37200000.0,"Pharmaceuticals, Biotechnology and Life Sciences",,First lien senior secured revolving loan,SOFR,2028-10,2022-05,"Developer, manufacturer and marketer of skincare products",,,,10.32,6.5,,Health Care,"Pharmaceuticals, Biotechnology & Life Sciences",First Lien,,NMC Skincare Intermediate Holdings II
ARCC,0001287750,0001628280-26-050307,10-Q,2026-06-30,2026-07-29,"Verista, Inc. | First lien senior secured revolving loan",Verista,Verista,First Lien,,,,900000.0,1000000.0,1100000.0,,81.82,6.0,9.74,,,False,,,USD,900000.0,"Pharmaceuticals, Biotechnology and Life Sciences",,First lien senior secured revolving loan,SOFR,2027-02,2022-05,"Provides systems consulting for compliance, automation, validation, and packaging solutions to the healthcare sector",,,,9.74,6.0,,Health Care,"Pharmaceuticals, Biotechnology & Life Sciences",First Lien,,Verista
ARCC,0001287750,0001628280-26-050307,10-Q,2026-06-30,2026-07-29,"Verista, Inc. | First lien senior secured loan",Verista,Verista,First Lien,,,,600000.0,800000.0,800000.0,,75.0,7.0,10.75,,1.0,True,,,USD,600000.0,"Pharmaceuticals, Biotechnology and Life Sciences",,First lien senior secured loan,SOFR,2027-02,2022-05,"Provides systems consulting for compliance, automation, validation, and packaging solutions to the healthcare sector",,,,10.75,7.0,1.0,Health Care,"Pharmaceuticals, Biotechnology & Life Sciences",First Lien,,Verista
ARCC,0001287750,0001628280-26-050307,10-Q,2026-06-30,2026-07-29,"WCI-BXC Purchaser, LLC and WCI-BXC Investment Holdings, L.P. | Limited partnership interest","WCI-BXC Purchaser, LLC","WCI-BXC Purchaser, LLC",LP Interest,,,,1300000.0,1500000.0,,1529000.0,86.67,,,,,False,,,USD,1300000.0,"Pharmaceuticals, Biotechnology and Life Sciences",,Limited partnership interest,,,2023-11,Manufacturer of monoclonal antibodies,,,,,,,Health Care,"Pharmaceuticals, Biotechnology & Life Sciences",Common Equity,,"WCI-BXC Purchaser, LLC"
ARCC,0001287750,0001628280-26-050307,10-Q,2026-06-30,2026-07-29,Adonis Acquisition Holdings LLC and Adonis Acquisition Holdings Parent LLC | First lien senior secured loan,Adonis Acquisition Holdings LLC,Adonis Acquisition Holdings LLC,First Lien,,,,19500000.0,19500000.0,19500000.0,,100.0,5.5,,,9.29,True,,,USD,19500000.0,Materials,,First lien senior secured loan,SOFR,2030-02,2025-11,Producer and filler of aluminum beverage cans,,,,9.29,5.5,,Materials,Materials,First Lien,,Adonis Acquisition Holdings LLC
ARCC,0001287750,0001628280-26-050307,10-Q,2026-06-30,2026-07-29,Adonis Acquisition Holdings LLC and Adonis Acquisition Holdings Parent LLC | Common units,Adonis Acquisition Holdings LLC,Adonis Acquisition Holdings LLC,Common Equity,,,,7700000.0,17600000.0,,268223.0,43.75,,,,,False,,,USD,7700000.0,Materials,,Common units,,,2025-02,Producer and filler of aluminum beverage cans,,,,,,,Materials,Materials,Common Equity,,Adonis Acquisition Holdings LLC
ARCC,0001287750,0001628280-26-050307,10-Q,2026-06-30,2026-07-29,"AP Adhesives Holdings, LLC | First lien senior secured loan",AP Adhesives Holdings,AP Adhesives Holdings,First Lien,,,,31800000.0,32100000.0,32100000.0,,99.07,4.75,8.42,,,False,,,USD,31800000.0,Materials,,First lien senior secured loan,SOFR,2032-04,2025-04,Distributor of industrial adhesives and equipment,,,,8.42,4.75,,Materials,Materials,First Lien,,AP Adhesives Holdings
ARCC,0001287750,0001628280-26-050307,10-Q,2026-06-30,2026-07-29,ASP-r-pac Acquisition CO LLC and ASP-r-pac Holdings LP | First lien senior secured loan,ASP-r-pac Acquisition CO LLC,ASP-r-pac Acquisition CO LLC,First Lien,,,,2800000.0,2800000.0,2800000.0,,100.0,5.25,8.89,,,False,,,USD,2800000.0,Materials,,First lien senior secured loan,SOFR,2030-12,2021-12,Manufacturer and supplier of printed packaging and trimmings,,,,8.89,5.25,,Materials,Materials,First Lien,,ASP-r-pac Acquisition CO LLC
ARCC,0001287750,0001628280-26-050307,10-Q,2026-06-30,2026-07-29,ASP-r-pac Acquisition CO LLC and ASP-r-pac Holdings LP | Class A units,ASP-r-pac Acquisition CO LLC,ASP-r-pac Acquisition CO LLC,Common Equity,,,,18000000.0,20200000.0,,201557.0,89.11,,,,,False,,,USD,18000000.0,Materials,,Class A units,,,2021-12,Manufacturer and supplier of printed packaging and trimmings,,,,,,,Materials,Materials,Common Equity,,ASP-r-pac Acquisition CO LLC
ARCC,0001287750,0001628280-26-050307,10-Q,2026-06-30,2026-07-29,"Bulab Holdings, Inc. and Buckman PPC Co-Invest LP | First lien senior secured revolving loan",Bulab Holdings,Bulab Holdings,First Lien,,,,0.0,0.0,0.0,,,,,,,False,,,USD,0.0,,,,,,,,,,,,,,Materials,Materials,First Lien,,Bulab Holdings
ARCC,0001287750,0001628280-26-050307,10-Q,2026-06-30,2026-07-29,"Bulab Holdings, Inc. and Buckman PPC Co-Invest LP | First lien senior secured loan",Bulab Holdings,Bulab Holdings,First Lien,,,,6500000.0,6500000.0,6500000.0,,100.0,4.75,8.42,,,False,,,USD,6500000.0,Materials,,First lien senior secured loan,SOFR,2032-07,2025-06,"A privately held, global specialty chemical company that provides process and water treatment chemistry for various industries",,,,8.42,4.75,,Materials,Materials,First Lien,,Bulab Holdings
ARCC,0001287750,0001628280-26-050307,10-Q,2026-06-30,2026-07-29,"Bulab Holdings, Inc. and Buckman PPC Co-Invest LP | Limited partnership interest",Bulab Holdings,Bulab Holdings,LP Interest,,,,2400000.0,2000000.0,,1968000.0,120.0,,,,,False,,,USD,2400000.0,Materials,,Limited partnership interest,,,2025-06,"A privately held, global specialty chemical company that provides process and water treatment chemistry for various industries",,,,,,,Materials,Materials,Common Equity,,Bulab Holdings
ARCC,0001287750,0001628280-26-050307,10-Q,2026-06-30,2026-07-29,"Halex Holdings, Inc. | Common stock",Halex Holdings,Halex Holdings,Common Equity,,,,0.0,0.0,,51853.0,,,,,,False,,,USD,0.0,,,,,,,,,,,,,,Other,Other,Common Equity,,Halex Holdings
ARCC,0001287750,0001628280-26-050307,10-Q,2026-06-30,2026-07-29,"Meyer Laboratory, LLC and Meyer Parent, LLC | First lien senior secured revolving loan","Meyer Laboratory, LLC","Meyer Laboratory, LLC",First Lien,,,,32000000.0,33300000.0,33300000.0,,96.1,6.75,10.46,,3.75,True,,,USD,32000000.0,Materials,,First lien senior secured revolving loan,SOFR,2030-02,2024-02,Provider of industrial and institutional cleaning chemicals and application systems,,,,10.46,6.75,3.75,Materials,Materials,First Lien,,"Meyer Laboratory, LLC"
ARCC,0001287750,0001628280-26-050307,10-Q,2026-06-30,2026-07-29,"Meyer Laboratory, LLC and Meyer Parent, LLC | First lien senior secured revolving loan 1","Meyer Laboratory, LLC","Meyer Laboratory, LLC",First Lien,,,,100000.0,100000.0,100000.0,,100.0,5.75,12.5,,3.75,True,,,USD,100000.0,Materials,,First lien senior secured revolving loan,,2030-02,2024-02,Provider of industrial and institutional cleaning chemicals and application systems,,,,12.5,5.75,3.75,Materials,Materials,First Lien,,"Meyer Laboratory, LLC"
ARCC,0001287750,0001628280-26-050307,10-Q,2026-06-30,2026-07-29,"Meyer Laboratory, LLC and Meyer Parent, LLC | Common units","Meyer Laboratory, LLC","Meyer Laboratory, LLC",Common Equity,,,,300000.0,400000.0,,440000.0,75.0,,,,,False,,,USD,300000.0,Materials,,Common units,,,2024-02,Provider of industrial and institutional cleaning chemicals and application systems,,,,,,,Materials,Materials,Common Equity,,"Meyer Laboratory, LLC"
ARCC,0001287750,0001628280-26-050307,10-Q,2026-06-30,2026-07-29,"MP Midco Holdings, LLC and MP Topco Holdings, LLC | First lien senior secured loan","MP Midco Holdings, LLC","MP Midco Holdings, LLC",First Lien,,,,9000000.0,8900000.0,8900000.0,,101.12,6.5,10.23,,,False,,,USD,9000000.0,Materials,,First lien senior secured loan,SOFR,2030-03,2025-03,Food contract manufacturer,,,,10.23,6.5,,Materials,Materials,First Lien,,"MP Midco Holdings, LLC"
ARCC,0001287750,0001628280-26-050307,10-Q,2026-06-30,2026-07-29,"MP Midco Holdings, LLC and MP Topco Holdings, LLC | Common units","MP Midco Holdings, LLC","MP Midco Holdings, LLC",Common Equity,,,,11600000.0,4800000.0,,639359.0,241.67,,,,,False,,,USD,11600000.0,Materials,,Common units,,,2025-03,Food contract manufacturer,,,,,,,Materials,Materials,Common Equity,,"MP Midco Holdings, LLC"
ARCC,0001287750,0001628280-26-050307,10-Q,2026-06-30,2026-07-29,"NCP-MSI Buyer, Inc. and NCP MSI Co-Invest, LP | First lien senior secured revolving loan","NCP-MSI Buyer, Inc.","NCP-MSI Buyer, Inc.",First Lien,,,,4800000.0,4800000.0,4800000.0,,100.0,3.75,7.48,,,False,,,USD,4800000.0,Materials,,First lien senior secured revolving loan,SOFR,2031-03,2025-03,Manufacturing and packaging company for major brands,,,,7.48,3.75,,Materials,Materials,First Lien,,"NCP-MSI Buyer, Inc."
ARCC,0001287750,0001628280-26-050307,10-Q,2026-06-30,2026-07-29,"NCP-MSI Buyer, Inc. and NCP MSI Co-Invest, LP | First lien senior secured loan","NCP-MSI Buyer, Inc.","NCP-MSI Buyer, Inc.",First Lien,,,,32700000.0,32700000.0,32700000.0,,100.0,5.0,8.73,,,False,,,USD,32700000.0,Materials,,First lien senior secured loan,SOFR,2031-03,2025-03,Manufacturing and packaging company for major brands,,,,8.73,5.0,,Materials,Materials,First Lien,,"NCP-MSI Buyer, Inc."
ARCC,0001287750,0001628280-26-050307,10-Q,2026-06-30,2026-07-29,"NCP-MSI Buyer, Inc. and NCP MSI Co-Invest, LP | Limited partnership interest","NCP-MSI Buyer, Inc.","NCP-MSI Buyer, Inc.",LP Interest,,,,600000.0,900000.0,,852666.0,66.67,,,,,False,,,USD,600000.0,Materials,,Limited partnership interest,,,2025-03,Manufacturing and packaging company for major brands,,,,,,,Materials,Materials,Common Equity,,"NCP-MSI Buyer, Inc."
ARCC,0001287750,0001628280-26-050307,10-Q,2026-06-30,2026-07-29,"Nelipak Holding Company, Nelipak European Holdings Cooperatief U.A., KNPAK Holdings, LP and PAKNK Netherlands Treasury B.V. | First lien senior secured loan","Nelipak Holding Company, Nelipak European Holdings Cooperatief U.A.","Nelipak Holding Company, Nelipak European Holdings Cooperatief U.A.",First Lien,,,,24800000.0,24800000.0,24800000.0,,100.0,5.5,9.23,,,False,,,USD,24800000.0,Materials,,First lien senior secured loan,SOFR,2032-03,2024-03,Manufacturer of thermoformed packaging for medical devices,,,,9.23,5.5,,Materials,Materials,First Lien,Nelipak,"Nelipak Holding Company, Nelipak European Holdings Cooperatief U.A."
ARCC,0001287750,0001628280-26-050307,10-Q,2026-06-30,2026-07-29,"Nelipak Holding Company, Nelipak European Holdings Cooperatief U.A., KNPAK Holdings, LP and PAKNK Netherlands Treasury B.V. | First lien senior secured loan 1","Nelipak Holding Company, Nelipak European Holdings Cooperatief U.A.","Nelipak Holding Company, Nelipak European Holdings Cooperatief U.A.",First Lien,,,,4700000.0,4700000.0,4700000.0,,100.0,5.5,9.23,,,False,,,USD,4700000.0,Materials,,First lien senior secured loan,SOFR,2031-03,2026-04,Manufacturer of thermoformed packaging for medical devices,,,,9.23,5.5,,Materials,Materials,First Lien,Nelipak,"Nelipak Holding Company, Nelipak European Holdings Cooperatief U.A."
ARCC,0001287750,0001628280-26-050307,10-Q,2026-06-30,2026-07-29,"Nelipak Holding Company, Nelipak European Holdings Cooperatief U.A., KNPAK Holdings, LP and PAKNK Netherlands Treasury B.V. | First lien senior secured loan 3","Nelipak Holding Company, Nelipak European Holdings Cooperatief U.A.","Nelipak Holding Company, Nelipak European Holdings Cooperatief U.A.",First Lien,,,,37300000.0,35600000.0,37300000.0,,100.0,5.5,7.79,,,False,,,USD,37300000.0,Materials,,First lien senior secured loan,EURIBOR,2032-03,2024-03,Manufacturer of thermoformed packaging for medical devices,,,,7.79,5.5,,Materials,Materials,First Lien,Nelipak,"Nelipak Holding Company, Nelipak European Holdings Cooperatief U.A."
ARCC,0001287750,0001628280-26-050307,10-Q,2026-06-30,2026-07-29,"Nelipak Holding Company, Nelipak European Holdings Cooperatief U.A., KNPAK Holdings, LP and PAKNK Netherlands Treasury B.V. | Class A units","Nelipak Holding Company, Nelipak European Holdings Cooperatief U.A.","Nelipak Holding Company, Nelipak European Holdings Cooperatief U.A.",Common Equity,,,,9100000.0,6800000.0,,6762668.0,133.82,,,,,False,,,USD,9100000.0,Materials,,Class A units,,,2019-07,Manufacturer of thermoformed packaging for medical devices,,,,,,,Materials,Materials,Common Equity,Nelipak,"Nelipak Holding Company, Nelipak European Holdings Cooperatief U.A."
ARCC,0001287750,0001628280-26-050307,10-Q,2026-06-30,2026-07-29,"Novipax Buyer, L.L.C. and Novipax Parent Holding Company, L.L.C. | First lien senior secured loan","Novipax Buyer, L.L.C.","Novipax Buyer, L.L.C.",First Lien,,,,22700000.0,22700000.0,22700000.0,,100.0,8.25,12.06,,1.0,True,,,USD,22700000.0,Materials,,First lien senior secured loan,SOFR,2028-12,2020-12,Developer and manufacturer of absorbent pads for food products,,,,12.06,8.25,1.0,Materials,Materials,First Lien,,"Novipax Buyer, L.L.C."
ARCC,0001287750,0001628280-26-050307,10-Q,2026-06-30,2026-07-29,"Novipax Buyer, L.L.C. and Novipax Parent Holding Company, L.L.C. | Class A preferred units","Novipax Buyer, L.L.C.","Novipax Buyer, L.L.C.",Preferred Equity,,,,3800000.0,4600000.0,,4772.0,82.61,,,,,False,,,USD,3800000.0,Materials,,Class A preferred units,,,2020-12,Developer and manufacturer of absorbent pads for food products,,,,,,,Materials,Materials,Preferred Equity,,"Novipax Buyer, L.L.C."
ARCC,0001287750,0001628280-26-050307,10-Q,2026-06-30,2026-07-29,"Novipax Buyer, L.L.C. and Novipax Parent Holding Company, L.L.C. | Class C units","Novipax Buyer, L.L.C.","Novipax Buyer, L.L.C.",Common Equity,,,,0.0,0.0,,4772.0,,,,,,False,,,USD,0.0,,,,,,,,,,,,,,Materials,Materials,Common Equity,,"Novipax Buyer, L.L.C."
ARCC,0001287750,0001628280-26-050307,10-Q,2026-06-30,2026-07-29,Plaskolite PPC Intermediate II LLC and Plaskolite PPC Blocker LLC | First lien senior secured revolving loan,Plaskolite PPC Intermediate II LLC,Plaskolite PPC Intermediate II LLC,First Lien,,,,4500000.0,4800000.0,4800000.0,,93.75,7.0,10.65,,,False,,,USD,4500000.0,Materials,,First lien senior secured revolving loan,SOFR,2030-02,2025-05,Manufacturer of specialized acrylic and polycarbonate sheets,,,,10.65,7.0,,Materials,Materials,First Lien,Plaskolite,Plaskolite PPC Intermediate II LLC
ARCC,0001287750,0001628280-26-050307,10-Q,2026-06-30,2026-07-29,Plaskolite PPC Intermediate II LLC and Plaskolite PPC Blocker LLC | First lien senior secured loan,Plaskolite PPC Intermediate II LLC,Plaskolite PPC Intermediate II LLC,First Lien,,,,249400000.0,268100000.0,268200000.0,,92.99,8.0,11.65,,4.0,True,,,USD,249400000.0,Materials,,First lien senior secured loan,SOFR,2030-05,2025-05,Manufacturer of specialized acrylic and polycarbonate sheets,,,,11.65,8.0,4.0,Materials,Materials,First Lien,Plaskolite,Plaskolite PPC Intermediate II LLC
ARCC,0001287750,0001628280-26-050307,10-Q,2026-06-30,2026-07-29,Plaskolite PPC Intermediate II LLC and Plaskolite PPC Blocker LLC | Preferred units,Plaskolite PPC Intermediate II LLC,Plaskolite PPC Intermediate II LLC,Preferred Equity,,,,600000.0,500000.0,,26866.0,120.0,,,,,False,,,USD,600000.0,Materials,,Preferred units,,,2025-05,Manufacturer of specialized acrylic and polycarbonate sheets,,,,,,,Materials,Materials,Preferred Equity,Plaskolite,Plaskolite PPC Intermediate II LLC
ARCC,0001287750,0001628280-26-050307,10-Q,2026-06-30,2026-07-29,Plaskolite PPC Intermediate II LLC and Plaskolite PPC Blocker LLC | Co-invest units,Plaskolite PPC Intermediate II LLC,Plaskolite PPC Intermediate II LLC,Equity,,,,0.0,600000.0,,5969.0,0.0,,,,,False,,,USD,0.0,,,,,,,,,,,,,,Other,Other,Common Equity,Plaskolite,Plaskolite PPC Intermediate II LLC
ARCC,0001287750,0001628280-26-050307,10-Q,2026-06-30,2026-07-29,PLZ Corp. | Second lien senior secured loan,PLZ Corp.,PLZ Corp.,Second Lien,,,,74100000.0,76400000.0,76400000.0,,96.99,,14.25,,7.25,True,,,USD,74100000.0,Materials,,Second lien senior secured loan,,2033-03,2026-03,Manufacturer of specialty aerosol and liquid products,,,,14.25,,7.25,Materials,Materials,Second Lien,PLZ Aeroscience,PLZ Corp.
ARCC,0001287750,0001628280-26-050307,10-Q,2026-06-30,2026-07-29,"Precision Concepts Parent Inc., Precision Concepts International LLC, and Precision Concepts Canada Corporation | First lien senior secured revolving loan",Precision Concepts Parent Inc.,Precision Concepts Parent Inc.,First Lien,,,,33100000.0,33400000.0,33400000.0,,99.1,4.75,8.41,,,False,,,USD,33100000.0,Materials,,First lien senior secured revolving loan,SOFR,2032-08,2025-07,Manufacturer of diversified packaging solutions and plastic injection molded products,,,,8.41,4.75,,Materials,Materials,First Lien,,Precision Concepts Parent Inc.
ARCC,0001287750,0001628280-26-050307,10-Q,2026-06-30,2026-07-29,"Precision Concepts Parent Inc., Precision Concepts International LLC, and Precision Concepts Canada Corporation | First lien senior secured revolving loan 1",Precision Concepts Parent Inc.,Precision Concepts Parent Inc.,First Lien,,,,100000.0,100000.0,100000.0,,100.0,3.75,10.5,,,False,,,USD,100000.0,Materials,,First lien senior secured revolving loan,,2032-08,2025-07,Manufacturer of diversified packaging solutions and plastic injection molded products,,,,10.5,3.75,,Materials,Materials,First Lien,,Precision Concepts Parent Inc.
ARCC,0001287750,0001628280-26-050307,10-Q,2026-06-30,2026-07-29,"Reagent Chemical & Research, LLC | First lien senior secured revolving loan",Reagent Chemical & Research,Reagent Chemical & Research,First Lien,,,,0.0,0.0,0.0,,,,,,,False,,,USD,0.0,,,,,,,,,,,,,,Materials,Materials,First Lien,,Reagent Chemical & Research
ARCC,0001287750,0001628280-26-050307,10-Q,2026-06-30,2026-07-29,"Reagent Chemical & Research, LLC | First lien senior secured loan",Reagent Chemical & Research,Reagent Chemical & Research,First Lien,,,,22300000.0,22200000.0,22300000.0,,100.0,5.25,8.89,,,False,,,USD,22300000.0,Materials,,First lien senior secured loan,SOFR,2031-04,2025-10,Supplier of liquid hydrochloric acid,,,,8.89,5.25,,Materials,Materials,First Lien,,Reagent Chemical & Research
ARCC,0001287750,0001628280-26-050307,10-Q,2026-06-30,2026-07-29,"SCI PH Parent, Inc. | Series B shares",SCI PH Parent,SCI PH Parent,Common Equity,,,,1400000.0,1100000.0,,11.0,127.27,,,,,False,,,USD,1400000.0,Materials,,Series B shares,,,2018-08,"Industrial container manufacturer, reconditioner and servicer",,,,,,,Materials,Materials,Common Equity,,SCI PH Parent
ARCC,0001287750,0001628280-26-050307,10-Q,2026-06-30,2026-07-29,Sterilex LLC | First lien senior secured loan,Sterilex LLC,Sterilex LLC,First Lien,,,,5200000.0,5200000.0,5200000.0,,100.0,5.0,8.64,,,False,,,USD,5200000.0,Materials,,First lien senior secured loan,SOFR,2030-09,2025-09,Provider of enhanced sanitation technologies and solutions within the food supply chain,,,,8.64,5.0,,Materials,Materials,First Lien,,Sterilex LLC
ARCC,0001287750,0001628280-26-050307,10-Q,2026-06-30,2026-07-29,"Bowhunter Holdings, LLC | Common units",Bowhunter Holdings,Bowhunter Holdings,Common Equity,,,,0.0,4200000.0,,421.0,0.0,,,,,False,,,USD,0.0,,,,,,,,,,,,,,Other,Other,Common Equity,,Bowhunter Holdings
ARCC,0001287750,0001628280-26-050307,10-Q,2026-06-30,2026-07-29,"Centric Brands LLC, Centric Brands TopCo, LLC, and Centric Brands L.P. | First lien senior secured loan",Centric Brands LLC,Centric Brands LLC,First Lien,,,,28500000.0,26600000.0,28400000.0,,100.35,5.5,9.15,,,False,,,USD,28500000.0,Consumer Durables and  Apparel,,First lien senior secured loan,SOFR,2029-08,2024-02,"Designer, marketer and distributor of licensed and owned apparel",,,,9.15,5.5,,Consumer Discretionary,Consumer Durables & Apparel,First Lien,,Centric Brands LLC
ARCC,0001287750,0001628280-26-050307,10-Q,2026-06-30,2026-07-29,"Centric Brands LLC, Centric Brands TopCo, LLC, and Centric Brands L.P. | Senior subordinated loan",Centric Brands LLC,Centric Brands LLC,Senior Subordinated,,,,32000000.0,30400000.0,31900000.0,,100.31,8.0,,,11.65,True,,,USD,32000000.0,Consumer Durables and  Apparel,,Senior subordinated loan,SOFR,2031-02,2024-02,"Designer, marketer and distributor of licensed and owned apparel",,,,11.65,8.0,,Consumer Discretionary,Consumer Durables & Apparel,Subordinated,,Centric Brands LLC
ARCC,0001287750,0001628280-26-050307,10-Q,2026-06-30,2026-07-29,"Centric Brands LLC, Centric Brands TopCo, LLC, and Centric Brands L.P. | Senior subordinated loan 1",Centric Brands LLC,Centric Brands LLC,Senior Subordinated,,,,13300000.0,12300000.0,13300000.0,,100.0,6.5,10.15,,,False,,,USD,13300000.0,Consumer Durables and  Apparel,,Senior subordinated loan,SOFR,2031-02,2024-02,"Designer, marketer and distributor of licensed and owned apparel",,,,10.15,6.5,,Consumer Discretionary,Consumer Durables & Apparel,Subordinated,,Centric Brands LLC
ARCC,0001287750,0001628280-26-050307,10-Q,2026-06-30,2026-07-29,"Centric Brands LLC, Centric Brands TopCo, LLC, and Centric Brands L.P. | Class A limited partnership interests",Centric Brands LLC,Centric Brands LLC,LP Interest,,,,12500000.0,2900000.0,,,431.03,,,,,False,,,USD,12500000.0,Consumer Durables and  Apparel,,Class A limited partnership interests,,,2024-02,"Designer, marketer and distributor of licensed and owned apparel",,,,,,,Consumer Discretionary,Consumer Durables & Apparel,Common Equity,,Centric Brands LLC
ARCC,0001287750,0001628280-26-050307,10-Q,2026-06-30,2026-07-29,"DIEM-VII (QP), LLC | Limited liability company interest","DIEM-VII (QP), LLC","DIEM-VII (QP), LLC",,,,,11100000.0,11600000.0,,11062367.0,95.69,,,,,False,,,USD,11100000.0,Consumer Durables and  Apparel,,Limited liability company interest,,,2026-05,Italian luxury fashion brand,,,,,,,Consumer Discretionary,Consumer Durables & Apparel,Other,,"DIEM-VII (QP), LLC"
ARCC,0001287750,0001628280-26-050307,10-Q,2026-06-30,2026-07-29,"DRS Holdings III, Inc. and DRS Holdings I, Inc. | First lien senior secured loan","DRS Holdings III, Inc.","DRS Holdings III, Inc.",First Lien,,,,70200000.0,70200000.0,70200000.0,,100.0,5.25,8.89,,,False,,,USD,70200000.0,Consumer Durables and Apparel,,First lien senior secured loan,SOFR,2028-11,2025-03,Footwear and orthopedic foot-care brand,,,,8.89,5.25,,Consumer Discretionary,Consumer Durables & Apparel,First Lien,Dr. Scholl's,"DRS Holdings III, Inc."
ARCC,0001287750,0001628280-26-050307,10-Q,2026-06-30,2026-07-29,"DRS Holdings III, Inc. and DRS Holdings I, Inc. | Common stock","DRS Holdings III, Inc.","DRS Holdings III, Inc.",Common Equity,,,,8400000.0,8500000.0,,8549.0,98.82,,,,,False,,,USD,8400000.0,Consumer Durables and Apparel,,Common stock,,,2019-11,Footwear and orthopedic foot-care brand,,,,,,,Consumer Discretionary,Consumer Durables & Apparel,Common Equity,Dr. Scholl's,"DRS Holdings III, Inc."
ARCC,0001287750,0001628280-26-050307,10-Q,2026-06-30,2026-07-29,"Fossil Group, Inc., Fossil Partners, L.P., and Fossil Canada Inc. | First lien senior secured revolving loan","Fossil Group, Inc.","Fossil Group, Inc.",First Lien,,,,5100000.0,5100000.0,5100000.0,,100.0,5.0,8.91,,,False,,,USD,5100000.0,Consumer Durables and Apparel,,First lien senior secured revolving loan,SOFR,2030-08,2025-08,Designer and manufacturer of consumer fashion accessories,,,,8.91,5.0,,Consumer Discretionary,Consumer Durables & Apparel,First Lien,,"Fossil Group, Inc."
ARCC,0001287750,0001628280-26-050307,10-Q,2026-06-30,2026-07-29,"Implus Footcare, LLC, Implus Holdings, LLC, and Implus Topco, LLC | First lien senior secured loan","Implus Footcare, LLC","Implus Footcare, LLC",First Lien,,,,45100000.0,45100000.0,45100000.0,,100.0,6.0,,,9.74,True,,,USD,45100000.0,Consumer Durables and Apparel,,First lien senior secured loan,SOFR,2028-10,2025-07,Provider of footwear and other accessories,,,,9.74,6.0,,Consumer Discretionary,Consumer Durables & Apparel,First Lien,Implus,"Implus Footcare, LLC"
ARCC,0001287750,0001628280-26-050307,10-Q,2026-06-30,2026-07-29,"Implus Footcare, LLC, Implus Holdings, LLC, and Implus Topco, LLC | Common units","Implus Footcare, LLC","Implus Footcare, LLC",Common Equity,,,,33700000.0,41900000.0,,28049368.0,80.43,,,,,False,,,USD,33700000.0,Consumer Durables and Apparel,,Common units,,,2025-07,Provider of footwear and other accessories,,,,,,,Consumer Discretionary,Consumer Durables & Apparel,Common Equity,Implus,"Implus Footcare, LLC"
ARCC,0001287750,0001628280-26-050307,10-Q,2026-06-30,2026-07-29,Johnnie-O Inc. and Johnnie-O Holdings Inc. | First lien senior secured loan,Johnnie-O Inc.,Johnnie-O Inc.,First Lien,,,,17500000.0,17400000.0,17500000.0,,100.0,5.5,9.33,,,False,,,USD,17500000.0,Consumer Durables and Apparel,,First lien senior secured loan,SOFR,2027-03,2022-03,Apparel retailer,,,,9.33,5.5,,Consumer Discretionary,Consumer Durables & Apparel,First Lien,,Johnnie-O Inc.
ARCC,0001287750,0001628280-26-050307,10-Q,2026-06-30,2026-07-29,Johnnie-O Inc. and Johnnie-O Holdings Inc. | Series A convertible preferred stock,Johnnie-O Inc.,Johnnie-O Inc.,Preferred Equity,,,,5900000.0,4200000.0,,144210.0,140.48,,,,,False,,,USD,5900000.0,Consumer Durables and Apparel,,Series A convertible preferred stock,,,2022-03,Apparel retailer,,,,,,,Consumer Discretionary,Consumer Durables & Apparel,Preferred Equity,,Johnnie-O Inc.
ARCC,0001287750,0001628280-26-050307,10-Q,2026-06-30,2026-07-29,Johnnie-O Inc. and Johnnie-O Holdings Inc. | Warrant to purchase shares of common stock,Johnnie-O Inc.,Johnnie-O Inc.,Warrant,,,,3800000.0,1500000.0,,93577.0,253.33,,,,,False,,,USD,3800000.0,Consumer Durables and Apparel,,Warrant to purchase shares of common stock,,2032-03,2022-03,Apparel retailer,,,,,,,Consumer Discretionary,Consumer Durables & Apparel,Warrant,,Johnnie-O Inc.
ARCC,0001287750,0001628280-26-050307,10-Q,2026-06-30,2026-07-29,"Lew's Intermediate Holdings, LLC | First lien senior secured loan",Lew's Intermediate Holdings,Lew's Intermediate Holdings,First Lien,,,,900000.0,900000.0,900000.0,,100.0,5.0,8.67,,,False,,,USD,900000.0,Consumer Durables and Apparel,,First lien senior secured loan,SOFR,2028-02,2021-02,Outdoor brand holding company,,,,8.67,5.0,,Consumer Discretionary,Consumer Durables & Apparel,First Lien,,Lew's Intermediate Holdings
ARCC,0001287750,0001628280-26-050307,10-Q,2026-06-30,2026-07-29,"Pelican Products, Inc. | First lien senior secured revolving loan",Pelican Products,Pelican Products,First Lien,,,,2200000.0,2300000.0,2300000.0,,95.65,4.0,7.88,,,False,,,USD,2200000.0,Consumer Durables and Apparel,,First lien senior secured revolving loan,SOFR,2028-09,2021-12,Flashlights manufacturer,,,,7.88,4.0,,Consumer Discretionary,Consumer Durables & Apparel,First Lien,,Pelican Products
ARCC,0001287750,0001628280-26-050307,10-Q,2026-06-30,2026-07-29,"Pelican Products, Inc. | Second lien senior secured loan",Pelican Products,Pelican Products,Second Lien,,,,58200000.0,60000000.0,60000000.0,,97.0,7.75,11.74,,,False,,,USD,58200000.0,Consumer Durables and Apparel,,Second lien senior secured loan,SOFR,2029-12,2021-12,Flashlights manufacturer,,,,11.74,7.75,,Consumer Discretionary,Consumer Durables & Apparel,Second Lien,,Pelican Products
ARCC,0001287750,0001628280-26-050307,10-Q,2026-06-30,2026-07-29,"Rawlings Sporting Goods Company, Inc. and SEP Diamond Fund, L.P. | First lien senior secured loan","Rawlings Sporting Goods Company, Inc.","Rawlings Sporting Goods Company, Inc.",First Lien,,,,9100000.0,9100000.0,9100000.0,,100.0,4.75,8.63,,,False,,,USD,9100000.0,Consumer Durables and Apparel,,First lien senior secured loan,SOFR,2030-11,2024-11,Sports equipment manufacturing company,,,,8.63,4.75,,Consumer Discretionary,Consumer Durables & Apparel,First Lien,,"Rawlings Sporting Goods Company, Inc."
ARCC,0001287750,0001628280-26-050307,10-Q,2026-06-30,2026-07-29,"Rawlings Sporting Goods Company, Inc. and SEP Diamond Fund, L.P. | Limited partnership interest","Rawlings Sporting Goods Company, Inc.","Rawlings Sporting Goods Company, Inc.",LP Interest,,,,20000000.0,11100000.0,,11107539.0,180.18,,,,,False,,,USD,20000000.0,Consumer Durables and Apparel,,Limited partnership interest,,,2024-06,Sports equipment manufacturing company,,,,,,,Consumer Discretionary,Consumer Durables & Apparel,Common Equity,,"Rawlings Sporting Goods Company, Inc."
ARCC,0001287750,0001628280-26-050307,10-Q,2026-06-30,2026-07-29,"Reef Lifestyle, LLC | First lien senior secured revolving loan",Reef Lifestyle,Reef Lifestyle,First Lien,,,,38600000.0,38600000.0,38600000.0,,100.0,6.75,10.42,,1.0,True,,,USD,38600000.0,Consumer Durables and Apparel,,First lien senior secured revolving loan,SOFR,2028-10,2020-07,Apparel retailer,,,,10.42,6.75,1.0,Consumer Discretionary,Consumer Durables & Apparel,First Lien,,Reef Lifestyle
ARCC,0001287750,0001628280-26-050307,10-Q,2026-06-30,2026-07-29,"S Toys Holdings LLC (fka The Step2 Company, LLC) | Common units",S Toys Holdings LLC,S Toys Holdings LLC,Common Equity,,,,0.0,0.0,,127394879.0,,,,,,False,,,USD,0.0,,,,,,,,,,,,,,Other,Other,Common Equity,,S Toys Holdings LLC
ARCC,0001287750,0001628280-26-050307,10-Q,2026-06-30,2026-07-29,"S Toys Holdings LLC (fka The Step2 Company, LLC) | Warrant to purchase units",S Toys Holdings LLC,S Toys Holdings LLC,Warrant,,,,0.0,0.0,,3157895.0,,,,,,False,,,USD,0.0,,,,,,,,,,,,,,Other,Other,Warrant,,S Toys Holdings LLC
ARCC,0001287750,0001628280-26-050307,10-Q,2026-06-30,2026-07-29,"Shoes For Crews Global, LLC and Shoes For Crews Holdings, LLC | First lien senior secured loan","Shoes For Crews Global, LLC","Shoes For Crews Global, LLC",First Lien,,,,7600000.0,7600000.0,7600000.0,,100.0,6.5,10.49,,,False,,,USD,7600000.0,Consumer Durables and Apparel,,First lien senior secured loan,SOFR,2029-07,2024-04,Manufacturer and distributor of slip resistant footwear,,,,10.49,6.5,,Consumer Discretionary,Consumer Durables & Apparel,First Lien,,"Shoes For Crews Global, LLC"
ARCC,0001287750,0001628280-26-050307,10-Q,2026-06-30,2026-07-29,"Shoes For Crews Global, LLC and Shoes For Crews Holdings, LLC | First lien senior secured loan 2","Shoes For Crews Global, LLC","Shoes For Crews Global, LLC",First Lien,,,,3800000.0,3800000.0,3800000.0,,100.0,7.0,10.96,,,False,,,USD,3800000.0,Consumer Durables and Apparel,,First lien senior secured loan,SOFR,2029-07,2024-06,Manufacturer and distributor of slip resistant footwear,,,,10.96,7.0,,Consumer Discretionary,Consumer Durables & Apparel,First Lien,,"Shoes For Crews Global, LLC"
ARCC,0001287750,0001628280-26-050307,10-Q,2026-06-30,2026-07-29,"Shoes For Crews Global, LLC and Shoes For Crews Holdings, LLC | Class A common units","Shoes For Crews Global, LLC","Shoes For Crews Global, LLC",Common Equity,,,,12600000.0,10500000.0,,8474.0,120.0,,,,,False,,,USD,12600000.0,Consumer Durables and Apparel,,Class A common units,,,2024-06,Manufacturer and distributor of slip resistant footwear,,,,,,,Consumer Discretionary,Consumer Durables & Apparel,Common Equity,,"Shoes For Crews Global, LLC"
ARCC,0001287750,0001628280-26-050307,10-Q,2026-06-30,2026-07-29,Sport Maska Inc. | First lien senior secured revolving loan,Sport Maska Inc.,Sport Maska Inc.,First Lien,,,,4100000.0,4200000.0,3900000.0,,105.13,5.5,7.77,,,False,,,USD,4100000.0,Consumer Durables and Apparel,,First lien senior secured revolving loan,,2030-12,2024-12,Manufacturer of hockey equipment and related accessories,,,,7.77,5.5,,Consumer Discretionary,Consumer Durables & Apparel,First Lien,,Sport Maska Inc.
ARCC,0001287750,0001628280-26-050307,10-Q,2026-06-30,2026-07-29,Sport Maska Inc. | First lien senior secured revolving loan 1,Sport Maska Inc.,Sport Maska Inc.,First Lien,,,,5000000.0,5000000.0,4800000.0,,104.17,5.25,8.88,,,False,,,USD,5000000.0,Consumer Durables and Apparel,,First lien senior secured revolving loan,SOFR,2030-12,2024-12,Manufacturer of hockey equipment and related accessories,,,,8.88,5.25,,Consumer Discretionary,Consumer Durables & Apparel,First Lien,,Sport Maska Inc.
ARCC,0001287750,0001628280-26-050307,10-Q,2026-06-30,2026-07-29,Sport Maska Inc. | First lien senior secured loan,Sport Maska Inc.,Sport Maska Inc.,First Lien,,,,35200000.0,34800000.0,35200000.0,,100.0,5.5,7.78,,,False,,,USD,35200000.0,Consumer Durables and Apparel,,First lien senior secured loan,CDOR,2030-12,2024-12,Manufacturer of hockey equipment and related accessories,,,,7.78,5.5,,Consumer Discretionary,Consumer Durables & Apparel,First Lien,,Sport Maska Inc.
ARCC,0001287750,0001628280-26-050307,10-Q,2026-06-30,2026-07-29,St Athena Global LLC and St Athena Global Holdings Limited | First lien senior secured revolving loan,St Athena Global LLC,St Athena Global LLC,First Lien,,,,400000.0,400000.0,400000.0,,100.0,5.25,8.97,,,False,,,USD,400000.0,Consumer Durables and Apparel,,First lien senior secured revolving loan,SOFR,2029-06,2024-06,Designer and manufacturer of branded premium-quality tableware,,,,8.97,5.25,,Consumer Discretionary,Consumer Durables & Apparel,First Lien,[Lenox],St Athena Global LLC
ARCC,0001287750,0001628280-26-050307,10-Q,2026-06-30,2026-07-29,St Athena Global LLC and St Athena Global Holdings Limited | First lien senior secured loan,St Athena Global LLC,St Athena Global LLC,First Lien,,,,28700000.0,29600000.0,29600000.0,,96.96,5.25,8.92,,,False,,,USD,28700000.0,Consumer Durables and Apparel,,First lien senior secured loan,SOFR,2030-06,2024-06,Designer and manufacturer of branded premium-quality tableware,,,,8.92,5.25,,Consumer Discretionary,Consumer Durables & Apparel,First Lien,[Lenox],St Athena Global LLC
ARCC,0001287750,0001628280-26-050307,10-Q,2026-06-30,2026-07-29,St Athena Global LLC and St Athena Global Holdings Limited | First lien senior secured loan 1,St Athena Global LLC,St Athena Global LLC,First Lien,,,,17200000.0,16900000.0,17800000.0,,96.63,5.25,8.98,,,False,,,USD,17200000.0,Consumer Durables and Apparel,,First lien senior secured loan,SONIA,2030-06,2024-06,Designer and manufacturer of branded premium-quality tableware,,,,8.98,5.25,,Consumer Discretionary,Consumer Durables & Apparel,First Lien,[Lenox],St Athena Global LLC
ARCC,0001287750,0001628280-26-050307,10-Q,2026-06-30,2026-07-29,Team Acquisition Corporation | First lien senior secured revolving loan,Team Acquisition Corporation,Team Acquisition Corporation,First Lien,,,,2700000.0,5500000.0,5700000.0,,47.37,,,,,False,,,USD,2700000.0,Consumer Durables and Apparel,,First lien senior secured revolving loan,,2028-11,2024-01,Provider of team uniforms and athletic wear,,,,,,,Consumer Discretionary,Consumer Durables & Apparel,First Lien,,Team Acquisition Corporation
ARCC,0001287750,0001628280-26-050307,10-Q,2026-06-30,2026-07-29,Team Acquisition Corporation | First lien senior secured loan,Team Acquisition Corporation,Team Acquisition Corporation,First Lien,,,,16000000.0,33700000.0,34100000.0,,46.92,,,,,False,,,USD,16000000.0,Consumer Durables and Apparel,,First lien senior secured loan,,2029-11,2024-01,Provider of team uniforms and athletic wear,,,,,,,Consumer Discretionary,Consumer Durables & Apparel,First Lien,,Team Acquisition Corporation
ARCC,0001287750,0001628280-26-050307,10-Q,2026-06-30,2026-07-29,"Apex Clean Energy TopCo, LLC | Class A common units",Apex Clean Energy TopCo,Apex Clean Energy TopCo,Common Equity,,,,230500000.0,146000000.0,,1448746.0,157.88,,,,,False,,,USD,230500000.0,Independent Power and Renewable Electricity Producers,,Class A common units,,,2021-11,"Developer, builder and owner of utility-scale wind and solar power facilities",,,,,,,Utilities,Utilities,Common Equity,,Apex Clean Energy TopCo
ARCC,0001287750,0001628280-26-050307,10-Q,2026-06-30,2026-07-29,BNZ TopCo B.V. | Senior subordinated loan,BNZ TopCo B.V.,BNZ TopCo B.V.,Senior Subordinated,,,,13100000.0,12400000.0,13400000.0,,97.76,6.75,8.88,,,False,,,USD,13100000.0,Independent Power and Renewable Electricity Producers,,Senior subordinated loan,EURIBOR,2030-10,2024-10,Developer and operator of solar photovoltaic plants,,,,8.88,6.75,,Utilities,Utilities,Subordinated,,BNZ TopCo B.V.
ARCC,0001287750,0001628280-26-050307,10-Q,2026-06-30,2026-07-29,"Sunrun Luna Holdco 2021, LLC | Senior subordinated loan",Sunrun Luna Holdco 2021,Sunrun Luna Holdco 2021,Senior Subordinated,,,,82900000.0,85500000.0,85500000.0,,96.96,6.75,10.41,,,False,,,USD,82900000.0,Independent Power and Renewable Electricity Producers,,Senior subordinated loan,SOFR,2027-04,2022-03,Residential solar energy provider,,,,10.41,6.75,,Utilities,Utilities,Subordinated,,Sunrun Luna Holdco 2021
ARCC,0001287750,0001628280-26-050307,10-Q,2026-06-30,2026-07-29,"Sunrun Luna Holdco 2021, LLC | Senior subordinated loan 1",Sunrun Luna Holdco 2021,Sunrun Luna Holdco 2021,Senior Subordinated,,,,30200000.0,31200000.0,31200000.0,,96.79,6.75,10.41,,,False,,,USD,30200000.0,Independent Power and Renewable Electricity Producers,,Senior subordinated loan,SOFR,2030-02,2026-02,Residential solar energy provider,,,,10.41,6.75,,Utilities,Utilities,Subordinated,,Sunrun Luna Holdco 2021
ARCC,0001287750,0001628280-26-050307,10-Q,2026-06-30,2026-07-29,"Sunrun Luna Holdco 2021, LLC | Senior subordinated loan 2",Sunrun Luna Holdco 2021,Sunrun Luna Holdco 2021,Senior Subordinated,,,,5600000.0,5800000.0,5800000.0,,96.55,6.73,10.39,,,False,,,USD,5600000.0,Independent Power and Renewable Electricity Producers,,Senior subordinated loan,SOFR,2030-02,2026-02,Residential solar energy provider,,,,10.39,6.73,,Utilities,Utilities,Subordinated,,Sunrun Luna Holdco 2021
ARCC,0001287750,0001628280-26-050307,10-Q,2026-06-30,2026-07-29,"Sunrun Xanadu Issuer 2019-1, LLC and Sunrun Xanadu Holdings 2019-1, LLC | First lien senior secured loan","Sunrun Xanadu Issuer 2019-1, LLC","Sunrun Xanadu Issuer 2019-1, LLC",First Lien,,,,200000.0,200000.0,200000.0,,100.0,,3.98,,,False,,,USD,200000.0,Independent Power and Renewable Electricity Producers,,First lien senior secured loan,,2054-06,2019-06,Residential solar energy provider,,,,3.98,,,Utilities,Utilities,First Lien,,"Sunrun Xanadu Issuer 2019-1, LLC"
ARCC,0001287750,0001628280-26-050307,10-Q,2026-06-30,2026-07-29,"Sunrun Xanadu Issuer 2019-1, LLC and Sunrun Xanadu Holdings 2019-1, LLC | Senior subordinated loan","Sunrun Xanadu Issuer 2019-1, LLC","Sunrun Xanadu Issuer 2019-1, LLC",Senior Subordinated,,,,89500000.0,89500000.0,89500000.0,,100.0,6.9,10.63,,6.63,True,,,USD,89500000.0,"Pharmaceuticals, Biotechnology and Life Sciences",,First lien senior secured loan,SOFR,2033-03,2026-03,Contract research organization providing research and development and testing of medical devices,,,,8.38,4.75,,Health Care,"Pharmaceuticals, Biotechnology & Life Sciences",Subordinated,,"Sunrun Xanadu Issuer 2019-1, LLC"
ARCC,0001287750,0001628280-26-050307,10-Q,2026-06-30,2026-07-29,"Automotive Keys Group, LLC and Automotive Keys Investor, LLC | First lien senior secured loan","Automotive Keys Group, LLC","Automotive Keys Group, LLC",First Lien,,,,3700000.0,4300000.0,4300000.0,,86.05,6.5,10.38,,,False,,,USD,3700000.0,Automobiles and Components,,First lien senior secured loan,SOFR,2026-08,2021-12,Provider of replacement wireless keys for automotive market,,,,10.38,6.5,,Consumer Discretionary,Automobiles & Components,First Lien,,"Automotive Keys Group, LLC"
ARCC,0001287750,0001628280-26-050307,10-Q,2026-06-30,2026-07-29,"Automotive Keys Group, LLC and Automotive Keys Investor, LLC | Preferred units","Automotive Keys Group, LLC","Automotive Keys Group, LLC",Preferred Equity,,,,0.0,6200000.0,,5208159.0,0.0,,,,,False,,,USD,0.0,,,,,,,,,,,,,,Consumer Discretionary,Automobiles & Components,Preferred Equity,,"Automotive Keys Group, LLC"
ARCC,0001287750,0001628280-26-050307,10-Q,2026-06-30,2026-07-29,"Automotive Keys Group, LLC and Automotive Keys Investor, LLC | Class A common units","Automotive Keys Group, LLC","Automotive Keys Group, LLC",Common Equity,,,,0.0,0.0,,5208159.0,,,,,,False,,,USD,0.0,,,,,,,,,,,,,,Consumer Discretionary,Automobiles & Components,Common Equity,,"Automotive Keys Group, LLC"
ARCC,0001287750,0001628280-26-050307,10-Q,2026-06-30,2026-07-29,"Bolt Newco Holdings, L.P. and Bolt Purchaser, LLC | First lien senior secured loan","Bolt Newco Holdings, L.P.","Bolt Newco Holdings, L.P.",First Lien,,,,18200000.0,18400000.0,18400000.0,,98.91,4.75,8.48,,,False,,,USD,18200000.0,Automobiles and Components,,First lien senior secured loan,SOFR,2033-06,2026-06,Automotive repair services retailer,,,,8.48,4.75,,Consumer Discretionary,Automobiles & Components,First Lien,,"Bolt Newco Holdings, L.P."
ARCC,0001287750,0001628280-26-050307,10-Q,2026-06-30,2026-07-29,"Bolt Newco Holdings, L.P. and Bolt Purchaser, LLC | Class A -1 units","Bolt Newco Holdings, L.P.","Bolt Newco Holdings, L.P.",Equity,,,,5700000.0,5700000.0,,5696000.0,100.0,,,,,False,,,USD,5700000.0,Automobiles and Components,,Class A -1 units,,,2026-06,Automotive repair services retailer,,,,,,,Consumer Discretionary,Automobiles & Components,Common Equity,,"Bolt Newco Holdings, L.P."
ARCC,0001287750,0001628280-26-050307,10-Q,2026-06-30,2026-07-29,"Churchill OpCo Holdings LLC and Victory Topco, LP | First lien senior secured revolving loan",Churchill OpCo Holdings LLC,Churchill OpCo Holdings LLC,First Lien,,,,29400000.0,29400000.0,29400000.0,,100.0,4.75,8.48,,,False,,,USD,29400000.0,Automobiles and Components,,First lien senior secured revolving loan,SOFR,2029-11,2023-11,Operator of collision repair centers,,,,8.48,4.75,,Consumer Discretionary,Automobiles & Components,First Lien,,Churchill OpCo Holdings LLC
ARCC,0001287750,0001628280-26-050307,10-Q,2026-06-30,2026-07-29,"Churchill OpCo Holdings LLC and Victory Topco, LP | Class A-2 common units",Churchill OpCo Holdings LLC,Churchill OpCo Holdings LLC,Common Equity,,,,5700000.0,2000000.0,,20170.0,285.0,,,,,False,,,USD,5700000.0,Automobiles and Components,,Class A-2 common units,,,2023-11,Operator of collision repair centers,,,,,,,Consumer Discretionary,Automobiles & Components,Common Equity,,Churchill OpCo Holdings LLC
ARCC,0001287750,0001628280-26-050307,10-Q,2026-06-30,2026-07-29,"Collision SP Subco, LLC | First lien senior secured loan",Collision SP Subco,Collision SP Subco,First Lien,,,,10400000.0,10700000.0,10700000.0,,97.2,4.75,8.44,,,False,,,USD,10400000.0,Automobiles and Components,,First lien senior secured loan,SOFR,2030-01,2024-01,Provider of auto body collision repair services,,,,8.44,4.75,,Consumer Discretionary,Automobiles & Components,First Lien,,Collision SP Subco
ARCC,0001287750,0001628280-26-050307,10-Q,2026-06-30,2026-07-29,"Continental Acquisition Holdings, Inc. and Continental Group Holdings, L.P. | First lien senior secured loan","Continental Acquisition Holdings, Inc.","Continental Acquisition Holdings, Inc.",First Lien,,,,24600000.0,42500000.0,51200000.0,,48.05,,,,,False,,,USD,24600000.0,Automobiles and Components,,First lien senior secured loan,,2028-07,2021-01,"Distributor of aftermarket batteries to the electric utility vehicle, automotive, commercial, marine and industrial markets",,,,,,,Consumer Discretionary,Automobiles & Components,First Lien,,"Continental Acquisition Holdings, Inc."
ARCC,0001287750,0001628280-26-050307,10-Q,2026-06-30,2026-07-29,"Continental Acquisition Holdings, Inc. and Continental Group Holdings, L.P. | Class A units","Continental Acquisition Holdings, Inc.","Continental Acquisition Holdings, Inc.",Common Equity,,,,0.0,0.0,,52073.0,,,,,,False,,,USD,0.0,,,,,,,,,,,,,,Consumer Discretionary,Automobiles & Components,Common Equity,,"Continental Acquisition Holdings, Inc."
ARCC,0001287750,0001628280-26-050307,10-Q,2026-06-30,2026-07-29,"Faraday&Future Inc., FF Inc., Faraday SPE, LLC and Faraday Future Intelligent Electric Inc. | Warrant to purchase shares of Class A common stock",Faraday&Future Inc.,Faraday&Future Inc.,Warrant,,,,0.0,2300000.0,,27824527.0,0.0,,,,,False,,,USD,0.0,,,,,,,,,,,,,,Other,Other,Warrant,,Faraday&Future Inc.
ARCC,0001287750,0001628280-26-050307,10-Q,2026-06-30,2026-07-29,"Highline Aftermarket Acquisition, LLC, Highline Aftermarket SC Acquisition, Inc. and Highline PPC Blocker LLC | Co-invest units","Highline Aftermarket Acquisition, LLC","Highline Aftermarket Acquisition, LLC",Equity,,,,15700000.0,5900000.0,,59230.0,266.1,,,,,False,,,USD,15700000.0,Automobiles and Components,,Co-invest units,,,2020-11,Manufacturer and distributor of automotive fluids,,,,,,,Consumer Discretionary,Automobiles & Components,Common Equity,,"Highline Aftermarket Acquisition, LLC"
ARCC,0001287750,0001628280-26-050307,10-Q,2026-06-30,2026-07-29,"Sun Acquirer Corp. and Sun TopCo, LP | First lien senior secured revolving loan",Sun Acquirer Corp.,Sun Acquirer Corp.,First Lien,,,,0.0,0.0,0.0,,,,,,,False,,,USD,0.0,,,,,,,,,,,,,,Consumer Discretionary,Automobiles & Components,First Lien,Sun Auto Tire & Service,Sun Acquirer Corp.
ARCC,0001287750,0001628280-26-050307,10-Q,2026-06-30,2026-07-29,"Sun Acquirer Corp. and Sun TopCo, LP | First lien senior secured loan",Sun Acquirer Corp.,Sun Acquirer Corp.,First Lien,,,,21600000.0,21800000.0,21900000.0,,98.63,4.5,8.14,,,False,,,USD,21600000.0,Automobiles and Components,,First lien senior secured loan,SOFR,2028-09,2021-09,Automotive parts and repair services retailer,,,,8.14,4.5,,Consumer Discretionary,Automobiles & Components,First Lien,Sun Auto Tire & Service,Sun Acquirer Corp.
ARCC,0001287750,0001628280-26-050307,10-Q,2026-06-30,2026-07-29,"Sun Acquirer Corp. and Sun TopCo, LP | First lien senior secured loan 1",Sun Acquirer Corp.,Sun Acquirer Corp.,First Lien,,,,41900000.0,42300000.0,42300000.0,,99.05,4.5,8.14,,,False,,,USD,41900000.0,Health Care Equipment and Services,,First lien senior secured loan,SOFR,2031-06,2024-06,Veterinary hospital operator,,,,8.39,4.75,,Health Care,Health Care Equipment & Services,First Lien,Sun Auto Tire & Service,Sun Acquirer Corp.
ARCC,0001287750,0001628280-26-050307,10-Q,2026-06-30,2026-07-29,"Sun Acquirer Corp. and Sun TopCo, LP | First lien senior secured loan 2",Sun Acquirer Corp.,Sun Acquirer Corp.,First Lien,,,,9000000.0,9100000.0,9100000.0,,98.9,4.5,8.14,,,False,,,USD,9000000.0,Materials,,First lien senior secured loan,SOFR,2030-03,2025-03,Food contract manufacturer,,,,10.23,6.5,,Materials,Materials,First Lien,Sun Auto Tire & Service,Sun Acquirer Corp.
ARCC,0001287750,0001628280-26-050307,10-Q,2026-06-30,2026-07-29,"Sun Acquirer Corp. and Sun TopCo, LP | Class A units",Sun Acquirer Corp.,Sun Acquirer Corp.,Common Equity,,,,10900000.0,8000000.0,,79688.0,136.25,,,,,False,,,USD,10900000.0,Consumer Services,,Preferred units,,,2023-07,Provider of plumbing and HVAC services,,,,15.0,,,Consumer Discretionary,Consumer Services,Common Equity,Sun Auto Tire & Service,Sun Acquirer Corp.
ARCC,0001287750,0001628280-26-050307,10-Q,2026-06-30,2026-07-29,"Telle Tire & Auto Service, LLC, Telle Tire Holdco, LLC, and Next Horizon Capital TireCo SPV, LP | First lien senior secured revolving loan","Telle Tire & Auto Service, LLC","Telle Tire & Auto Service, LLC",First Lien,,,,200000.0,200000.0,200000.0,,100.0,5.5,9.13,,,False,,,USD,200000.0,Automobiles and Components,,First lien senior secured revolving loan,SOFR,2031-03,2025-03,Provider of automobile parts and auto repair services,,,,9.13,5.5,,Consumer Discretionary,Automobiles & Components,First Lien,,"Telle Tire & Auto Service, LLC"
ARCC,0001287750,0001628280-26-050307,10-Q,2026-06-30,2026-07-29,"Telle Tire & Auto Service, LLC, Telle Tire Holdco, LLC, and Next Horizon Capital TireCo SPV, LP | First lien senior secured revolving loan 1","Telle Tire & Auto Service, LLC","Telle Tire & Auto Service, LLC",First Lien,,,,100000.0,100000.0,100000.0,,100.0,3.75,10.5,,,False,,,USD,100000.0,Automobiles and Components,,First lien senior secured revolving loan,,2031-03,2025-03,Provider of automobile parts and auto repair services,,,,10.5,3.75,,Consumer Discretionary,Automobiles & Components,First Lien,,"Telle Tire & Auto Service, LLC"
ARCC,0001287750,0001628280-26-050307,10-Q,2026-06-30,2026-07-29,"Telle Tire & Auto Service, LLC, Telle Tire Holdco, LLC, and Next Horizon Capital TireCo SPV, LP | First lien senior secured loan","Telle Tire & Auto Service, LLC","Telle Tire & Auto Service, LLC",First Lien,,,,15900000.0,15900000.0,15900000.0,,100.0,4.75,8.6,,,False,,,USD,15900000.0,Automobiles and Components,,First lien senior secured loan,SOFR,2031-03,2026-01,Provider of automobile parts and auto repair services,,,,8.6,4.75,,Consumer Discretionary,Automobiles & Components,First Lien,,"Telle Tire & Auto Service, LLC"
ARCC,0001287750,0001628280-26-050307,10-Q,2026-06-30,2026-07-29,"Telle Tire & Auto Service, LLC, Telle Tire Holdco, LLC, and Next Horizon Capital TireCo SPV, LP | Senior subordinated loan","Telle Tire & Auto Service, LLC","Telle Tire & Auto Service, LLC",Senior Subordinated,,,,10700000.0,10900000.0,10900000.0,,98.17,,,,15.0,True,,,USD,10700000.0,Automobiles and Components,,Senior subordinated loan,,2033-06,2026-06,Provider of automobile parts and auto repair services,,,,15.0,,,Consumer Discretionary,Automobiles & Components,Subordinated,,"Telle Tire & Auto Service, LLC"
ARCC,0001287750,0001628280-26-050307,10-Q,2026-06-30,2026-07-29,"Telle Tire & Auto Service, LLC, Telle Tire Holdco, LLC, and Next Horizon Capital TireCo SPV, LP | Limited partnership interests","Telle Tire & Auto Service, LLC","Telle Tire & Auto Service, LLC",LP Interest,,,,600000.0,300000.0,,330000.0,200.0,,,,,False,,,USD,600000.0,Automobiles and Components,,Limited partnership interests,,,2025-03,Provider of automobile parts and auto repair services,,,,,,,Consumer Discretionary,Automobiles & Components,Common Equity,,"Telle Tire & Auto Service, LLC"
ARCC,0001287750,0001628280-26-050307,10-Q,2026-06-30,2026-07-29,"Truck-Lite Co., LLC, ECCO Holdings Corp., and Clarity Technologies Holdings, LP | First lien senior secured revolving loan","Truck-Lite Co., LLC","Truck-Lite Co., LLC",First Lien,,,,0.0,0.0,0.0,,,,,,,False,,,USD,0.0,,,,,,,,,,,,,,Consumer Discretionary,Automobiles & Components,First Lien,Clarience Technologies,"Truck-Lite Co., LLC"
ARCC,0001287750,0001628280-26-050307,10-Q,2026-06-30,2026-07-29,"Truck-Lite Co., LLC, ECCO Holdings Corp., and Clarity Technologies Holdings, LP | First lien senior secured loan","Truck-Lite Co., LLC","Truck-Lite Co., LLC",First Lien,,,,143600000.0,143600000.0,143600000.0,,100.0,4.75,8.41,,,False,,,USD,143600000.0,Automobiles and Components,,First lien senior secured loan,SOFR,2032-02,2025-06,Provider of global transportation safety and productivity applications,,,,8.41,4.75,,Consumer Discretionary,Automobiles & Components,First Lien,Clarience Technologies,"Truck-Lite Co., LLC"
ARCC,0001287750,0001628280-26-050307,10-Q,2026-06-30,2026-07-29,"Truck-Lite Co., LLC, ECCO Holdings Corp., and Clarity Technologies Holdings, LP | Class A units","Truck-Lite Co., LLC","Truck-Lite Co., LLC",Common Equity,,,,5300000.0,5500000.0,,55220.0,96.36,,,,,False,,,USD,5300000.0,Automobiles and Components,,Class A units,,,2025-09,Provider of global transportation safety and productivity applications,,,,,,,Consumer Discretionary,Automobiles & Components,Common Equity,Clarience Technologies,"Truck-Lite Co., LLC"
ARCC,0001287750,0001628280-26-050307,10-Q,2026-06-30,2026-07-29,"Beacon Wellness Brands, Inc. and CDI Holdings I Corp. | First lien senior secured loan",Beacon Wellness Brands,Beacon Wellness Brands,First Lien,,,,3400000.0,3400000.0,3400000.0,,100.0,9.0,12.74,,1.25,True,,,USD,3400000.0,Household and  Personal Products,,First lien senior secured loan,SOFR,2027-12,2021-12,Provider of personal care appliances,,,,12.74,9.0,1.25,Consumer Staples,Household & Personal Products,First Lien,,Beacon Wellness Brands
ARCC,0001287750,0001628280-26-050307,10-Q,2026-06-30,2026-07-29,"Beacon Wellness Brands, Inc. and CDI Holdings I Corp. | Common stock",Beacon Wellness Brands,Beacon Wellness Brands,Common Equity,,,,3500000.0,6100000.0,,6149.0,57.38,,,,,False,,,USD,3500000.0,Household and  Personal Products,,Common stock,,,2021-12,Provider of personal care appliances,,,,,,,Consumer Staples,Household & Personal Products,Common Equity,,Beacon Wellness Brands
ARCC,0001287750,0001628280-26-050307,10-Q,2026-06-30,2026-07-29,"Foundation Consumer Brands, LLC | First lien senior secured loan",Foundation Consumer Brands,Foundation Consumer Brands,First Lien,,,,9700000.0,9600000.0,9700000.0,,100.0,5.0,8.72,,,False,,,USD,9700000.0,Household and  Personal Products,,First lien senior secured loan,SOFR,2029-02,2023-06,Pharmaceutical holding company of over the counter brands,,,,8.72,5.0,,Consumer Staples,Household & Personal Products,First Lien,,Foundation Consumer Brands
ARCC,0001287750,0001628280-26-050307,10-Q,2026-06-30,2026-07-29,"LifeStyles Bidco Ltd., Lifestyles US Holdco, Inc. and LifeStyles Parent, L.P. | First lien senior secured loan",LifeStyles Bidco Ltd.,LifeStyles Bidco Ltd.,First Lien,,,,27000000.0,26600000.0,27000000.0,,100.0,5.75,9.48,,,False,,,USD,27000000.0,Household and  Personal Products,,First lien senior secured loan,SOFR,2028-11,2022-11,Provider of intimate wellness products,,,,9.48,5.75,,Consumer Staples,Household & Personal Products,First Lien,,LifeStyles Bidco Ltd.
ARCC,0001287750,0001628280-26-050307,10-Q,2026-06-30,2026-07-29,"LifeStyles Bidco Ltd., Lifestyles US Holdco, Inc. and LifeStyles Parent, L.P. | Preferred units",LifeStyles Bidco Ltd.,LifeStyles Bidco Ltd.,Preferred Equity,,,,4200000.0,4200000.0,,3178.0,100.0,,,,8.0,True,,,USD,4200000.0,Household and  Personal Products,,Preferred units,,,2022-11,Provider of intimate wellness products,,,,8.0,,,Consumer Staples,Household & Personal Products,Preferred Equity,,LifeStyles Bidco Ltd.
ARCC,0001287750,0001628280-26-050307,10-Q,2026-06-30,2026-07-29,"LifeStyles Bidco Ltd., Lifestyles US Holdco, Inc. and LifeStyles Parent, L.P. | Class B common units",LifeStyles Bidco Ltd.,LifeStyles Bidco Ltd.,Common Equity,,,,1400000.0,0.0,,32105.0,,,,,,False,,,USD,1400000.0,Household and  Personal Products,,Class B common units,,,2022-11,Provider of intimate wellness products,,,,,,,Consumer Staples,Household & Personal Products,Common Equity,,LifeStyles Bidco Ltd.
ARCC,0001287750,0001628280-26-050307,10-Q,2026-06-30,2026-07-29,"pH Beauty Holdings III, Inc. | First lien senior secured loan",pH Beauty Holdings III,pH Beauty Holdings III,First Lien,,,,11100000.0,11100000.0,11100000.0,,100.0,5.5,9.18,,,False,,,USD,11100000.0,Household and  Personal Products,,First lien senior secured loan,SOFR,2027-09,2025-02,Beauty and personal care platform,,,,9.18,5.5,,Consumer Staples,Household & Personal Products,First Lien,,pH Beauty Holdings III
ARCC,0001287750,0001628280-26-050307,10-Q,2026-06-30,2026-07-29,"Premier Specialties, Inc. and RMCF V CIV XLIV, L.P. | First lien senior secured revolving loan","Premier Specialties, Inc.","Premier Specialties, Inc.",First Lien,,,,28700000.0,29900000.0,29900000.0,,95.99,7.0,10.74,,,False,,,USD,28700000.0,Household and  Personal Products,,First lien senior secured revolving loan,SOFR,2027-08,2021-08,Manufacturer and supplier of natural fragrance materials and cosmeceuticals,,,,10.74,7.0,,Consumer Staples,Household & Personal Products,First Lien,,"Premier Specialties, Inc."
ARCC,0001287750,0001628280-26-050307,10-Q,2026-06-30,2026-07-29,"Premier Specialties, Inc. and RMCF V CIV XLIV, L.P. | Limited partner interests","Premier Specialties, Inc.","Premier Specialties, Inc.",LP Interest,,,,1800000.0,5000000.0,,,36.0,,,,,False,,,USD,1800000.0,Household and  Personal Products,,First lien senior secured revolving loan,SOFR,2027-08,2021-08,Manufacturer and supplier of natural fragrance materials and cosmeceuticals,,,,10.74,7.0,,Consumer Staples,Household & Personal Products,Common Equity,,"Premier Specialties, Inc."
ARCC,0001287750,0001628280-26-050307,10-Q,2026-06-30,2026-07-29,RD Holdco Inc. | Common stock 1,RD Holdco Inc.,RD Holdco Inc.,Common Equity,,,,47400000.0,31500000.0,,1108826.0,150.48,,,,,False,,,USD,47400000.0,,,,,,,,,,,,,,Other,Other,Common Equity,,RD Holdco Inc.
ARCC,0001287750,0001628280-26-050307,10-Q,2026-06-30,2026-07-29,"Salt & Stone, Inc. and Leila Parent, LLC | First lien senior secured loan","Salt & Stone, Inc.","Salt & Stone, Inc.",First Lien,,,,6000000.0,6100000.0,6100000.0,,98.36,5.5,9.23,,,False,,,USD,6000000.0,Household and Personal Products,,First lien senior secured loan,SOFR,2032-04,2026-04,Producer of personal care products,,,,9.23,5.5,,Consumer Staples,Household & Personal Products,First Lien,,"Salt & Stone, Inc."
ARCC,0001287750,0001628280-26-050307,10-Q,2026-06-30,2026-07-29,"Salt & Stone, Inc. and Leila Parent, LLC | Common units","Salt & Stone, Inc.","Salt & Stone, Inc.",Common Equity,,,,700000.0,700000.0,,681000.0,100.0,,,,,False,,,USD,700000.0,Household and Personal Products,,Common units,,,2026-04,Producer of personal care products,,,,,,,Consumer Staples,Household & Personal Products,Common Equity,,"Salt & Stone, Inc."
ARCC,0001287750,0001628280-26-050307,10-Q,2026-06-30,2026-07-29,Silk Holdings III LLC and Silk Holdings I Corp. | First lien senior secured revolving loan,Silk Holdings III LLC,Silk Holdings III LLC,First Lien,,,,143100000.0,144600000.0,144600000.0,,98.96,4.5,8.11,,,False,,,USD,143100000.0,Household and Personal Products,,First lien senior secured revolving loan,SOFR,2032-12,2025-12,Producer of personal care products,,,,8.11,4.5,,Consumer Staples,Household & Personal Products,First Lien,[SimpliSafe],Silk Holdings III LLC
ARCC,0001287750,0001628280-26-050307,10-Q,2026-06-30,2026-07-29,Silk Holdings III LLC and Silk Holdings I Corp. | Common stock,Silk Holdings III LLC,Silk Holdings III LLC,Common Equity,,,,43000000.0,18100000.0,,15786.0,237.57,,,,,False,,,USD,43000000.0,Household and Personal Products,,Common stock,,,2023-05,Producer of personal care products,,,,,,,Consumer Staples,Household & Personal Products,Common Equity,[SimpliSafe],Silk Holdings III LLC
ARCC,0001287750,0001628280-26-050307,10-Q,2026-06-30,2026-07-29,"TCI Buyer LLC and TCI Holdings, LP | First lien senior secured loan",TCI Buyer LLC,TCI Buyer LLC,First Lien,,,,14600000.0,14800000.0,14800000.0,,98.65,5.0,8.65,,,False,,,USD,14600000.0,Household and Personal Products,,First lien senior secured loan,SOFR,2030-11,2024-11,Contract formulator and manufacturer of beauty and personal care products,,,,8.65,5.0,,Consumer Staples,Household & Personal Products,First Lien,,TCI Buyer LLC
ARCC,0001287750,0001628280-26-050307,10-Q,2026-06-30,2026-07-29,"TCI Buyer LLC and TCI Holdings, LP | Common stock",TCI Buyer LLC,TCI Buyer LLC,Common Equity,,,,2100000.0,2400000.0,,24010.0,87.5,,,,,False,,,USD,2100000.0,Household and Personal Products,,Common stock,,,2024-11,Contract formulator and manufacturer of beauty and personal care products,,,,,,,Consumer Staples,Household & Personal Products,Common Equity,,TCI Buyer LLC
ARCC,0001287750,0001628280-26-050307,10-Q,2026-06-30,2026-07-29,"Walnut Parent, Inc. | First lien senior secured loan",Walnut Parent,Walnut Parent,First Lien,,,,13700000.0,14600000.0,14600000.0,,93.84,6.25,10.06,,3.38,True,,,USD,13700000.0,Household and Personal Products,,First lien senior secured loan,SOFR,2029-11,2022-04,Manufacturer of natural solution pest and animal control products,,,,10.06,6.25,3.38,Consumer Staples,Household & Personal Products,First Lien,,Walnut Parent
ARCC,0001287750,0001628280-26-050307,10-Q,2026-06-30,2026-07-29,"WU Holdco, Inc. | First lien senior secured loan",WU Holdco,WU Holdco,First Lien,,,,10500000.0,10400000.0,10500000.0,,100.0,4.75,8.48,,,False,,,USD,10500000.0,Household and Personal Products,,First lien senior secured loan,SOFR,2032-04,2025-04,Manufacturer and distributor of household cleaning products with focus on specialized surfaces,,,,8.48,4.75,,Consumer Staples,Household & Personal Products,First Lien,,WU Holdco
ARCC,0001287750,0001628280-26-050307,10-Q,2026-06-30,2026-07-29,"Astra Energy Group Limited, GNZ Energy Bidco Limited, and Galileo Co-investment Trust I | First lien senior secured loan",Astra Energy Group Limited,Astra Energy Group Limited,First Lien,,,,27600000.0,30500000.0,27600000.0,,100.0,6.0,8.49,,,False,,,USD,27600000.0,Energy,,First lien senior secured loan,BKBM,2027-07,2022-05,Independent fuel provider in New Zealand,,,,8.49,6.0,,Energy,Energy,First Lien,,Astra Energy Group Limited
ARCC,0001287750,0001628280-26-050307,10-Q,2026-06-30,2026-07-29,"Astra Energy Group Limited, GNZ Energy Bidco Limited, and Galileo Co-investment Trust I | Common units",Astra Energy Group Limited,Astra Energy Group Limited,Common Equity,,,,16700000.0,5100000.0,,17616667.0,327.45,,,,,False,,,USD,16700000.0,Energy,,Common units,,,2022-07,Independent fuel provider in New Zealand,,,,,,,Energy,Energy,Common Equity,,Astra Energy Group Limited
ARCC,0001287750,0001628280-26-050307,10-Q,2026-06-30,2026-07-29,"HighPeak Energy, Inc. | First lien senior secured loan",HighPeak Energy,HighPeak Energy,First Lien,,,,156700000.0,155800000.0,156700000.0,,100.0,7.5,11.38,,,False,,,USD,156700000.0,Energy,,First lien senior secured loan,SOFR,2028-09,2023-09,Oil and gas exploration and production company,,,,11.38,7.5,,Energy,Energy,First Lien,,HighPeak Energy
ARCC,0001287750,0001628280-26-050307,10-Q,2026-06-30,2026-07-29,"Murchison Oil and Gas, LLC and Murchison Holdings, LLC | Preferred units","Murchison Oil and Gas, LLC","Murchison Oil and Gas, LLC",Preferred Equity,,,,800000.0,0.0,,41000.0,,,,,,False,,,USD,800000.0,Energy,,Preferred units,,,2022-06,Exploration and production company,,,,,,,Energy,Energy,Preferred Equity,,"Murchison Oil and Gas, LLC"
ARCC,0001287750,0001628280-26-050307,10-Q,2026-06-30,2026-07-29,Phoenix Operating LLC | First lien senior secured loan,Phoenix Operating LLC,Phoenix Operating LLC,First Lien,,,,77400000.0,76900000.0,79000000.0,,97.97,7.0,10.83,,,False,,,USD,77400000.0,Energy,,First lien senior secured loan,SOFR,2028-10,2025-08,Oil and gas investment company,,,,10.83,7.0,,Energy,Energy,First Lien,,Phoenix Operating LLC
ARCC,0001287750,0001628280-26-050307,10-Q,2026-06-30,2026-07-29,Phoenix Operating LLC | First lien senior secured loan 2,Phoenix Operating LLC,Phoenix Operating LLC,First Lien,,,,28000000.0,28000000.0,28000000.0,,100.0,7.0,10.83,,,False,,,USD,28000000.0,Commercial and Professional Services,,First lien senior secured loan,SOFR,2030-09,2024-09,Benefits administrator of tax-advantaged reimbursement plans,,,,10.17,6.5,3.25,Industrials,Commercial & Professional Services,First Lien,,Phoenix Operating LLC
ARCC,0001287750,0001628280-26-050307,10-Q,2026-06-30,2026-07-29,"VPROP Operating, LLC and V SandCo, LLC | First lien senior secured loan","VPROP Operating, LLC","VPROP Operating, LLC",First Lien,,,,21700000.0,21700000.0,21700000.0,,100.0,9.5,,,13.42,True,,,USD,21700000.0,Energy,,First lien senior secured loan,SOFR,2026-11,2020-11,Sand-based proppant producer and distributor to the oil and natural gas industry,,,,13.42,9.5,,Energy,Energy,First Lien,,"VPROP Operating, LLC"
ARCC,0001287750,0001628280-26-050307,10-Q,2026-06-30,2026-07-29,"VPROP Operating, LLC and V SandCo, LLC | First lien senior secured loan 3","VPROP Operating, LLC","VPROP Operating, LLC",First Lien,,,,600000.0,30300000.0,34400000.0,,1.74,,,,,False,,,USD,600000.0,Energy,,First lien senior secured loan,,2026-11,2017-03,Sand-based proppant producer and distributor to the oil and natural gas industry,,,,,,,Energy,Energy,First Lien,,"VPROP Operating, LLC"
ARCC,0001287750,0001628280-26-050307,10-Q,2026-06-30,2026-07-29,"VPROP Operating, LLC and V SandCo, LLC | Class A units","VPROP Operating, LLC","VPROP Operating, LLC",Common Equity,,,,0.0,32800000.0,,347900.0,0.0,,,,,False,,,USD,0.0,,,,,,,,,,,,,,Energy,Energy,Common Equity,,"VPROP Operating, LLC"
ARCC,0001287750,0001628280-26-050307,10-Q,2026-06-30,2026-07-29,American Seafoods Group LLC and American Seafoods Partners LLC | Class A units,American Seafoods Group LLC,American Seafoods Group LLC,Common Equity,,,,100000.0,100000.0,,77922.0,100.0,,,,,False,,,USD,100000.0,Food and Beverage,,Class A units,,,2015-08,Harvester and processor of seafood,,,,,,,Consumer Staples,"Food, Beverage & Tobacco",Common Equity,,American Seafoods Group LLC
ARCC,0001287750,0001628280-26-050307,10-Q,2026-06-30,2026-07-29,American Seafoods Group LLC and American Seafoods Partners LLC | Warrant to purchase units of Class A units,American Seafoods Group LLC,American Seafoods Group LLC,Warrant,,,,8000000.0,7400000.0,,7422078.0,108.11,,,,,False,,,USD,8000000.0,Food and Beverage,,Warrant to purchase units of Class A units,,2035-08,2015-08,Harvester and processor of seafood,,,,,,,Consumer Staples,"Food, Beverage & Tobacco",Warrant,,American Seafoods Group LLC
ARCC,0001287750,0001628280-26-050307,10-Q,2026-06-30,2026-07-29,"Badia Spices, LLC | First lien senior secured loan",Badia Spices,Badia Spices,First Lien,,,,5900000.0,5900000.0,5900000.0,,100.0,4.25,7.91,,,False,,,USD,5900000.0,Food and Beverage,,First lien senior secured loan,SOFR,2030-11,2024-11,Spices and seasonings brand,,,,7.91,4.25,,Consumer Staples,"Food, Beverage & Tobacco",First Lien,,Badia Spices
ARCC,0001287750,0001628280-26-050307,10-Q,2026-06-30,2026-07-29,"Berner Food & Beverage, LLC | First lien senior secured revolving loan",Berner Food & Beverage,Berner Food & Beverage,First Lien,,,,2700000.0,2700000.0,2700000.0,,100.0,6.0,9.81,,,False,,,USD,2700000.0,Food and Beverage,,First lien senior secured revolving loan,SOFR,2027-07,2021-07,Supplier of dairy-based food and beverage products,,,,9.81,6.0,,Consumer Staples,"Food, Beverage & Tobacco",First Lien,,Berner Food & Beverage
ARCC,0001287750,0001628280-26-050307,10-Q,2026-06-30,2026-07-29,"Bragg Live Food Products, LLC and SPC Investment Co., L.P. | Common units","Bragg Live Food Products, LLC","Bragg Live Food Products, LLC",Common Equity,,,,14000000.0,8400000.0,,14850.0,166.67,,,,,False,,,USD,14000000.0,Food and Beverage,,Common units,,,2019-03,Health food company,,,,,,,Consumer Staples,"Food, Beverage & Tobacco",Common Equity,,"Bragg Live Food Products, LLC"
ARCC,0001287750,0001628280-26-050307,10-Q,2026-06-30,2026-07-29,CHG PPC Parent LLC & PPC CHG Blocker LLC | Common units,CHG PPC Parent LLC,CHG PPC Parent LLC,Common Equity,,,,5000000.0,3000000.0,,59.0,166.67,,,,,False,,,USD,5000000.0,Food and Beverage,,Common units,,,2021-12,Diversified food products manufacturer,,,,,,,Consumer Staples,"Food, Beverage & Tobacco",Common Equity,,CHG PPC Parent LLC
ARCC,0001287750,0001628280-26-050307,10-Q,2026-06-30,2026-07-29,"Demakes FinanceCo, LLC | First lien senior secured loan",Demakes FinanceCo,Demakes FinanceCo,First Lien,,,,6100000.0,6100000.0,6100000.0,,100.0,5.5,9.23,,,False,,,USD,6100000.0,Food and Beverage,,First lien senior secured loan,SOFR,2029-12,2023-12,Value-added protein manufacturer,,,,9.23,5.5,,Consumer Staples,"Food, Beverage & Tobacco",First Lien,,Demakes FinanceCo
ARCC,0001287750,0001628280-26-050307,10-Q,2026-06-30,2026-07-29,"Demakes FinanceCo, LLC | First lien senior secured loan 1",Demakes FinanceCo,Demakes FinanceCo,First Lien,,,,12100000.0,12100000.0,12100000.0,,100.0,5.5,9.17,,,False,,,USD,12100000.0,Food and Beverage,,First lien senior secured loan,SOFR,2031-12,2026-06,Value-added protein manufacturer,,,,9.17,5.5,,Consumer Staples,"Food, Beverage & Tobacco",First Lien,,Demakes FinanceCo
ARCC,0001287750,0001628280-26-050307,10-Q,2026-06-30,2026-07-29,"Florida Food Products, LLC | First lien senior secured loan",Florida Food Products,Florida Food Products,First Lien,,,,300000.0,300000.0,300000.0,,100.0,5.5,9.23,,,False,,,USD,300000.0,Food and Beverage,,First lien senior secured loan,SOFR,2030-10,2021-10,Provider of plant extracts and juices,,,,9.23,5.5,,Consumer Staples,"Food, Beverage & Tobacco",First Lien,,Florida Food Products
ARCC,0001287750,0001628280-26-050307,10-Q,2026-06-30,2026-07-29,"Florida Food Products, LLC | First lien senior secured loan 3",Florida Food Products,Florida Food Products,First Lien,,,,9900000.0,9300000.0,14700000.0,,67.35,5.0,8.86,,2.0,True,,,USD,9900000.0,Food and Beverage,,First lien senior secured loan,SOFR,2030-10,2025-10,Provider of plant extracts and juices,,,,8.86,5.0,2.0,Consumer Staples,"Food, Beverage & Tobacco",First Lien,,Florida Food Products
ARCC,0001287750,0001628280-26-050307,10-Q,2026-06-30,2026-07-29,"Florida Food Products, LLC | First lien senior secured loan 6",Florida Food Products,Florida Food Products,First Lien,,,,28400000.0,34500000.0,60500000.0,,46.94,,,,,False,,,USD,28400000.0,Food and Beverage,,First lien senior secured loan,,2031-04,2025-10,Provider of plant extracts and juices,,,,,,,Consumer Staples,"Food, Beverage & Tobacco",First Lien,,Florida Food Products
ARCC,0001287750,0001628280-26-050307,10-Q,2026-06-30,2026-07-29,"Forward Keystone Holdings, LP | Senior subordinated loan",Forward Keystone Holdings,Forward Keystone Holdings,Senior Subordinated,,,,28600000.0,28600000.0,28600000.0,,100.0,,15.0,,8.0,True,,,USD,28600000.0,Food and Beverage,,Senior subordinated loan,,2029-03,2025-03,Provider of better-for-you breakfast and snacking brand,,,,15.0,,8.0,Consumer Staples,"Food, Beverage & Tobacco",Subordinated,,Forward Keystone Holdings
ARCC,0001287750,0001628280-26-050307,10-Q,2026-06-30,2026-07-29,"Forward Keystone Holdings, LP | Common units",Forward Keystone Holdings,Forward Keystone Holdings,Common Equity,,,,4600000.0,3900000.0,,3852000.0,117.95,,,,,False,,,USD,4600000.0,Food and Beverage,,Common units,,,2025-03,Provider of better-for-you breakfast and snacking brand,,,,,,,Consumer Staples,"Food, Beverage & Tobacco",Common Equity,,Forward Keystone Holdings
ARCC,0001287750,0001628280-26-050307,10-Q,2026-06-30,2026-07-29,"Gotham Greens Holdings, PBC | Second lien senior secured loan",Gotham Greens Holdings,Gotham Greens Holdings,Second Lien,,,,3000000.0,3100000.0,3300000.0,,90.91,,,,15.0,True,,,USD,3000000.0,Food and Beverage,,Second lien senior secured loan,,2029-02,2025-11,Producer of vegetables and culinary herbs for restaurants and retailers,,,,15.0,,,Consumer Staples,"Food, Beverage & Tobacco",Second Lien,,Gotham Greens Holdings
ARCC,0001287750,0001628280-26-050307,10-Q,2026-06-30,2026-07-29,"Gotham Greens Holdings, PBC | Series E-1 preferred stock",Gotham Greens Holdings,Gotham Greens Holdings,Preferred Equity,,,,0.0,16500000.0,,188605.0,0.0,,,,,False,,,USD,0.0,,,,,,,,,,,,,,Consumer Staples,"Food, Beverage & Tobacco",Preferred Equity,,Gotham Greens Holdings
ARCC,0001287750,0001628280-26-050307,10-Q,2026-06-30,2026-07-29,"HBH Buyer, LLC | First lien senior secured loan",HBH Buyer,HBH Buyer,First Lien,,,,23700000.0,23700000.0,23700000.0,,100.0,5.0,8.73,,,False,,,USD,23700000.0,Food and Beverage,,First lien senior secured loan,SOFR,2031-09,2025-09,Food retailer specializing in fully cooked hams and catering services,,,,8.73,5.0,,Consumer Staples,"Food, Beverage & Tobacco",First Lien,,HBH Buyer
ARCC,0001287750,0001628280-26-050307,10-Q,2026-06-30,2026-07-29,"KNPC HoldCo, LLC | First lien senior secured loan",KNPC HoldCo,KNPC HoldCo,First Lien,,,,1300000.0,1300000.0,1300000.0,,100.0,6.75,10.52,,,False,,,USD,1300000.0,Food and Beverage,,First lien senior secured loan,SOFR,2029-10,2022-12,Producer of trail mix and mixed nut snack products,,,,10.52,6.75,,Consumer Staples,"Food, Beverage & Tobacco",First Lien,,KNPC HoldCo
ARCC,0001287750,0001628280-26-050307,10-Q,2026-06-30,2026-07-29,"KNPC HoldCo, LLC | First lien senior secured loan 1",KNPC HoldCo,KNPC HoldCo,First Lien,,,,2700000.0,2700000.0,2700000.0,,100.0,6.0,9.77,,,False,,,USD,2700000.0,Food and Beverage,,First lien senior secured loan,SOFR,2029-10,2023-11,Producer of trail mix and mixed nut snack products,,,,9.77,6.0,,Consumer Staples,"Food, Beverage & Tobacco",First Lien,,KNPC HoldCo
ARCC,0001287750,0001628280-26-050307,10-Q,2026-06-30,2026-07-29,"KNPC HoldCo, LLC | First lien senior secured loan 2",KNPC HoldCo,KNPC HoldCo,First Lien,,,,5400000.0,5400000.0,5400000.0,,100.0,5.5,9.27,,,False,,,USD,5400000.0,Food and Beverage,,First lien senior secured loan,SOFR,2029-10,2022-04,Producer of trail mix and mixed nut snack products,,,,9.27,5.5,,Consumer Staples,"Food, Beverage & Tobacco",First Lien,,KNPC HoldCo
ARCC,0001287750,0001628280-26-050307,10-Q,2026-06-30,2026-07-29,"KNPC HoldCo, LLC | First lien senior secured loan 3",KNPC HoldCo,KNPC HoldCo,First Lien,,,,27300000.0,27300000.0,27300000.0,,100.0,5.75,9.52,,,False,,,USD,27300000.0,Food and Beverage,,First lien senior secured loan,SOFR,2029-10,2024-12,Producer of trail mix and mixed nut snack products,,,,9.52,5.75,,Consumer Staples,"Food, Beverage & Tobacco",First Lien,,KNPC HoldCo
ARCC,0001287750,0001628280-26-050307,10-Q,2026-06-30,2026-07-29,"Manna Pro Products, LLC and MP Blocker A LLC | First lien senior secured revolving loan",Manna Pro Products,Manna Pro Products,First Lien,,,,800000.0,1100000.0,1100000.0,,72.73,,,,,False,,,USD,800000.0,Food and Beverage,,First lien senior secured revolving loan,,2029-12,2020-12,Manufacturer and supplier of specialty nutrition and care products for animals,,,,,,,Consumer Staples,"Food, Beverage & Tobacco",First Lien,,Manna Pro Products
ARCC,0001287750,0001628280-26-050307,10-Q,2026-06-30,2026-07-29,"Manna Pro Products, LLC and MP Blocker A LLC | Common units",Manna Pro Products,Manna Pro Products,Common Equity,,,,0.0,0.0,,998.0,,,,,,False,,,USD,0.0,,,,,,,,,,,,,,Consumer Staples,"Food, Beverage & Tobacco",Common Equity,,Manna Pro Products
ARCC,0001287750,0001628280-26-050307,10-Q,2026-06-30,2026-07-29,Max US Bidco Inc. | First lien senior secured loan,Max US Bidco Inc.,Max US Bidco Inc.,First Lien,,,,900000.0,900000.0,1000000.0,,90.0,5.0,8.73,,,False,,,USD,900000.0,Food and Beverage,,First lien senior secured loan,SOFR,2030-10,2023-10,Manufacturer of premium dry dog food,,,,8.73,5.0,,Consumer Staples,"Food, Beverage & Tobacco",First Lien,,Max US Bidco Inc.
ARCC,0001287750,0001628280-26-050307,10-Q,2026-06-30,2026-07-29,Primo Water Holdings Inc / Triton Water Holdings Inc | Senior subordinated loan,Primo Water Holdings Inc / Triton Water Holdings Inc,Primo Water Holdings Inc / Triton Water Holdings Inc,Senior Subordinated,,,,100000.0,100000.0,100000.0,,100.0,,6.25,,,False,,,USD,100000.0,Food and Beverage,,Senior subordinated loan,,2029-04,2021-03,Producer and provider of bottled water brands,,,,6.25,,,Consumer Staples,"Food, Beverage & Tobacco",Subordinated,,Primo Water Holdings Inc / Triton Water Holdings Inc
ARCC,0001287750,0001628280-26-050307,10-Q,2026-06-30,2026-07-29,"RB Holdings InterCo, LLC | First lien senior secured revolving loan",RB Holdings InterCo,RB Holdings InterCo,First Lien,,,,11100000.0,11600000.0,11600000.0,,95.69,5.0,8.8,,,False,,,USD,11100000.0,Food and Beverage,,First lien senior secured revolving loan,SOFR,2028-05,2022-05,Manufacturer of pet food and treats,,,,8.8,5.0,,Consumer Staples,"Food, Beverage & Tobacco",First Lien,,RB Holdings InterCo
ARCC,0001287750,0001628280-26-050307,10-Q,2026-06-30,2026-07-29,"Spindrift Beverage Co., Inc. and SBC Aggregator LP | First lien senior secured revolving loan",Spindrift Beverage Co.,Spindrift Beverage Co.,First Lien,,,,12900000.0,12900000.0,12900000.0,,100.0,5.0,8.66,,,False,,,USD,12900000.0,Food and Beverage,,First lien senior secured revolving loan,SOFR,2032-02,2025-02,Premium flavored sparkling water brand,,,,8.66,5.0,,Consumer Staples,"Food, Beverage & Tobacco",First Lien,,Spindrift Beverage Co.
ARCC,0001287750,0001628280-26-050307,10-Q,2026-06-30,2026-07-29,"Spindrift Beverage Co., Inc. and SBC Aggregator LP | Limited partnership units",Spindrift Beverage Co.,Spindrift Beverage Co.,LP Interest,,,,12600000.0,8700000.0,,8739.0,144.83,,,,,False,,,USD,12600000.0,Food and Beverage,,First lien senior secured loan,SOFR,2032-02,2025-02,Premium flavored sparkling water brand,,,,8.68,5.0,,Consumer Staples,"Food, Beverage & Tobacco",Common Equity,,Spindrift Beverage Co.
ARCC,0001287750,0001628280-26-050307,10-Q,2026-06-30,2026-07-29,Sugar PPC Buyer LLC | First lien senior secured loan,Sugar PPC Buyer LLC,Sugar PPC Buyer LLC,First Lien,,,,15500000.0,15500000.0,15500000.0,,100.0,4.75,8.5,,,False,,,USD,15500000.0,Food and Beverage,,First lien senior secured loan,SOFR,2031-10,2023-10,Manufacturer and distributor of food products,,,,8.5,4.75,,Consumer Staples,"Food, Beverage & Tobacco",First Lien,,Sugar PPC Buyer LLC
ARCC,0001287750,0001628280-26-050307,10-Q,2026-06-30,2026-07-29,"Teasdale Foods, Inc. and Familia Group Holdings Inc. | First lien senior secured loan",Teasdale Foods,Teasdale Foods,First Lien,,,,62400000.0,76300000.0,83200000.0,,75.0,,,,,False,,,USD,62400000.0,Food and Beverage,,First lien senior secured loan,,2029-03,2020-12,"Provider of beans, sauces and hominy to the retail, foodservice and wholesale channels",,,,,,,Consumer Staples,"Food, Beverage & Tobacco",First Lien,,Teasdale Foods
ARCC,0001287750,0001628280-26-050307,10-Q,2026-06-30,2026-07-29,"Watermill Express, LLC and Watermill Express Holdings, LLC | First lien senior secured revolving loan","Watermill Express, LLC","Watermill Express, LLC",First Lien,,,,0.0,0.0,0.0,,,,,,,False,,,USD,0.0,,,,,,,,,,,,,,Consumer Staples,"Food, Beverage & Tobacco",First Lien,,"Watermill Express, LLC"
ARCC,0001287750,0001628280-26-050307,10-Q,2026-06-30,2026-07-29,"Watermill Express, LLC and Watermill Express Holdings, LLC | First lien senior secured loan","Watermill Express, LLC","Watermill Express, LLC",First Lien,,,,9100000.0,9100000.0,9100000.0,,100.0,4.5,8.18,,,False,,,USD,9100000.0,Food and Beverage,,First lien senior secured loan,SOFR,2031-04,2024-08,Owner and operator of self-service water and ice stations,,,,8.18,4.5,,Consumer Staples,"Food, Beverage & Tobacco",First Lien,,"Watermill Express, LLC"
ARCC,0001287750,0001628280-26-050307,10-Q,2026-06-30,2026-07-29,"Watermill Express, LLC and Watermill Express Holdings, LLC | Class E units","Watermill Express, LLC","Watermill Express, LLC",Common Equity,,,,0.0,0.0,,45449.0,,,,,,False,,,USD,0.0,,,,,,,,,,,,,,Consumer Staples,"Food, Beverage & Tobacco",Common Equity,,"Watermill Express, LLC"
ARCC,0001287750,0001628280-26-050307,10-Q,2026-06-30,2026-07-29,"EdgeConneX MCN US Finance Co 1, LLC | Senior subordinated loan",EdgeConneX MCN US Finance Co 1,EdgeConneX MCN US Finance Co 1,Senior Subordinated,,,,83700000.0,85400000.0,85400000.0,,98.01,6.0,9.85,,,False,,,USD,83700000.0,Data Centers,,Senior subordinated loan,SOFR,2032-06,2026-05,Global data center developer and operator,,,,9.85,6.0,,Information Technology,Software & Services,Subordinated,,EdgeConneX MCN US Finance Co 1
ARCC,0001287750,0001628280-26-050307,10-Q,2026-06-30,2026-07-29,"Retained Vantage Data Centers Intermediate Holdco, LP and Retained Vantage Data Centers Assets, LP | Senior subordinated loan","Retained Vantage Data Centers Intermediate Holdco, LP","Retained Vantage Data Centers Intermediate Holdco, LP",Senior Subordinated,,,,195900000.0,195900000.0,195900000.0,,100.0,,9.5,,,False,,,USD,195900000.0,Data Centers,,Senior subordinated loan,,2031-12,2025-12,Global data center developer and operator,,,,9.5,,,Information Technology,Software & Services,Subordinated,Vantage Data Centers,"Retained Vantage Data Centers Intermediate Holdco, LP"
ARCC,0001287750,0001628280-26-050307,10-Q,2026-06-30,2026-07-29,"365RM Holdco, LLC | First lien senior secured revolving loan",365RM Holdco,365RM Holdco,First Lien,,,,67700000.0,68500000.0,68500000.0,,98.83,4.75,8.48,,,False,,,USD,67700000.0,Technology Hardware and  Equipment,,First lien senior secured revolving loan,SOFR,2033-05,2026-05,Developer and manufacturer of self-checkout kiosks,,,,8.48,4.75,,Information Technology,Technology Hardware & Equipment,First Lien,,365RM Holdco
ARCC,0001287750,0001628280-26-050307,10-Q,2026-06-30,2026-07-29,"Everspin Technologies, Inc. | Warrant to purchase shares of common stock",Everspin Technologies,Everspin Technologies,Warrant,,,,0.0,400000.0,,18461.0,0.0,,,,,False,,,USD,0.0,,,,,,,,,,,,,,Other,Other,Warrant,,Everspin Technologies
ARCC,0001287750,0001628280-26-050307,10-Q,2026-06-30,2026-07-29,Excelitas Technologies Corp. | First lien senior secured loan,Excelitas Technologies Corp.,Excelitas Technologies Corp.,First Lien,,,,31900000.0,31800000.0,31900000.0,,100.0,5.25,8.89,,,False,,,USD,31900000.0,Technology Hardware and  Equipment,,First lien senior secured loan,SOFR,2029-08,2024-05,Provider of photonic solutions,,,,8.89,5.25,,Information Technology,Technology Hardware & Equipment,First Lien,,Excelitas Technologies Corp.
ARCC,0001287750,0001628280-26-050307,10-Q,2026-06-30,2026-07-29,"FL Hawk Intermediate Holdings, Inc. | First lien senior secured loan",FL Hawk Intermediate Holdings,FL Hawk Intermediate Holdings,First Lien,,,,10200000.0,10100000.0,10200000.0,,100.0,4.5,8.23,,,False,,,USD,10200000.0,Technology Hardware and  Equipment,,First lien senior secured loan,SOFR,2030-02,2024-10,Provider of variable data labeling for the apparel industry,,,,8.23,4.5,,Information Technology,Technology Hardware & Equipment,First Lien,,FL Hawk Intermediate Holdings
ARCC,0001287750,0001628280-26-050307,10-Q,2026-06-30,2026-07-29,"PerkinElmer U.S. LLC and NM Polaris Co-Invest, L.P. | First lien senior secured loan",PerkinElmer U.S. LLC,PerkinElmer U.S. LLC,First Lien,,,,2700000.0,2700000.0,2700000.0,,100.0,4.5,8.17,,,False,,,USD,2700000.0,Technology Hardware and  Equipment,,First lien senior secured loan,SOFR,2029-03,2024-05,Provider of analytical instrumentation and testing equipment and services,,,,8.17,4.5,,Information Technology,Technology Hardware & Equipment,First Lien,,PerkinElmer U.S. LLC
ARCC,0001287750,0001628280-26-050307,10-Q,2026-06-30,2026-07-29,"PerkinElmer U.S. LLC and NM Polaris Co-Invest, L.P. | Class A-2 units",PerkinElmer U.S. LLC,PerkinElmer U.S. LLC,Common Equity,,,,17900000.0,14700000.0,,34832.0,121.77,,,,,False,,,USD,17900000.0,Technology Hardware and  Equipment,,Class A-2 units,,,2022-01,Provider of analytical instrumentation and testing equipment and services,,,,,,,Information Technology,Technology Hardware & Equipment,Common Equity,,PerkinElmer U.S. LLC
ARCC,0001287750,0001628280-26-050307,10-Q,2026-06-30,2026-07-29,"Repairify, Inc. and Repairify Holdings, LLC | First lien senior secured revolving loan","Repairify, Inc.","Repairify, Inc.",First Lien,,,,10100000.0,10100000.0,10100000.0,,100.0,5.25,9.2,,,False,,,USD,10100000.0,Technology Hardware and  Equipment,,First lien senior secured revolving loan,SOFR,2027-06,2021-06,Provider of automotive diagnostics scans and solutions,,,,9.2,5.25,,Information Technology,Technology Hardware & Equipment,First Lien,,"Repairify, Inc."
ARCC,0001287750,0001628280-26-050307,10-Q,2026-06-30,2026-07-29,"Repairify, Inc. and Repairify Holdings, LLC | Class A common units","Repairify, Inc.","Repairify, Inc.",Common Equity,,,,2000000.0,4900000.0,,163820.0,40.82,,,,,False,,,USD,2000000.0,Technology Hardware and  Equipment,,Class A common units,,,2021-06,Provider of automotive diagnostics scans and solutions,,,,,,,Information Technology,Technology Hardware & Equipment,Common Equity,,"Repairify, Inc."
ARCC,0001287750,0001628280-26-050307,10-Q,2026-06-30,2026-07-29,FTAI Infrastructure Inc. and FIP RR Holdings LLC | First lien senior secured loan,FTAI Infrastructure Inc.,FTAI Infrastructure Inc.,First Lien,,,,117500000.0,117900000.0,118100000.0,,99.49,,9.75,,,False,,,USD,117500000.0,Transportation,,First lien senior secured loan,,2028-02,2026-02,Platform acquiring and developing infrastructure assets,,,,9.75,,,Industrials,Transportation,First Lien,,FTAI Infrastructure Inc.
ARCC,0001287750,0001628280-26-050307,10-Q,2026-06-30,2026-07-29,Marco Polo Fund SCSp-RAIF | Limited partnership interest,Marco Polo Fund SCSp-RAIF,Marco Polo Fund SCSp-RAIF,LP Interest,,,,10500000.0,7800000.0,,10269171.0,134.62,,,,,False,,,USD,10500000.0,Transportation,,Limited partnership interest,,,2026-02,Operator of airports in Italy,,,,,,,Industrials,Transportation,Common Equity,,Marco Polo Fund SCSp-RAIF
ARCC,0001287750,0001628280-26-050307,10-Q,2026-06-30,2026-07-29,Nordic Ferry Infrastructure AS | Senior subordinated loan,Nordic Ferry Infrastructure AS,Nordic Ferry Infrastructure AS,Senior Subordinated,,,,200000.0,200000.0,200000.0,,100.0,5.0,7.23,,,False,,,USD,200000.0,Transportation,,Senior subordinated loan,EURIBOR,2031-11,2024-11,Private passenger & freight ferry transportation company,,,,7.23,5.0,,Industrials,Transportation,Subordinated,,Nordic Ferry Infrastructure AS
ARCC,0001287750,0001628280-26-050307,10-Q,2026-06-30,2026-07-29,Zeppelin US Buyer Inc. and Providence Equity Partners IX-C L.P. | First lien senior secured revolving loan,Zeppelin US Buyer Inc.,Zeppelin US Buyer Inc.,First Lien,,,,700000.0,700000.0,700000.0,,100.0,4.75,8.44,,,False,,,USD,700000.0,"Pharmaceuticals, Biotechnology and Life Sciences",,Common units,,,2025-03,Distributor and manufacturer of veterinarian-grade pet prescription medications and health products,,,,,,,Health Care,"Pharmaceuticals, Biotechnology & Life Sciences",First Lien,Global Critical Logistics,Zeppelin US Buyer Inc.
ARCC,0001287750,0001628280-26-050307,10-Q,2026-06-30,2026-07-29,Zeppelin US Buyer Inc. and Providence Equity Partners IX-C L.P. | First lien senior secured loan,Zeppelin US Buyer Inc.,Zeppelin US Buyer Inc.,First Lien,,,,10900000.0,11000000.0,11000000.0,,99.09,4.75,8.48,,,False,,,USD,10900000.0,Consumer Services,,First lien senior secured loan,SOFR,2031-06,2025-06,Car wash operator,,,,8.64,5.0,,Consumer Discretionary,Consumer Services,First Lien,Global Critical Logistics,Zeppelin US Buyer Inc.
ARCC,0001287750,0001628280-26-050307,10-Q,2026-06-30,2026-07-29,Zeppelin US Buyer Inc. and Providence Equity Partners IX-C L.P. | Limited partnership interest,Zeppelin US Buyer Inc.,Zeppelin US Buyer Inc.,LP Interest,,,,1700000.0,1500000.0,,1475181.0,113.33,,,,,False,,,USD,1700000.0,Health Care Equipment and Services,,Class A-1 units,,,2026-01,Provider of Laboratory Information Management Systems (LIMS) and informatics solutions,,,,,,,Health Care,Health Care Equipment & Services,Common Equity,Global Critical Logistics,Zeppelin US Buyer Inc.
ARCC,0001287750,0001628280-26-050307,10-Q,2026-06-30,2026-07-29,"Ferrellgas, L.P. and Ferrellgas Partners, L.P. | Senior preferred units","Ferrellgas, L.P.","Ferrellgas, L.P.",Preferred Equity,,,,73400000.0,64200000.0,,64155.0,114.33,,9.71,,,False,,,USD,73400000.0,Consumer Services,,Limited partnership units,,,2025-09,A direct-to-consumer home solutions and residential improvements platform,,,,,,,Consumer Discretionary,Consumer Services,Preferred Equity,,"Ferrellgas, L.P."
ARCC,0001287750,0001628280-26-050307,10-Q,2026-06-30,2026-07-29,"Ferrellgas, L.P. and Ferrellgas Partners, L.P. | Class A units","Ferrellgas, L.P.","Ferrellgas, L.P.",Common Equity,,,,11400000.0,15400000.0,,476770.0,74.03,,,,,False,,,USD,11400000.0,Consumer Services,,First lien senior secured loan,SOFR,2027-12,2024-08,"Refrigeration, heating, ventilation and air conditioning services provider",,,,11.64,8.0,4.5,Consumer Discretionary,Consumer Services,Common Equity,,"Ferrellgas, L.P."
ARCC,0001287750,0001628280-26-050307,10-Q,2026-06-30,2026-07-29,"Opal Fuels Intermediate HoldCo LLC, and Opal Fuels Inc. | First lien senior secured loan",Opal Fuels Intermediate HoldCo LLC,Opal Fuels Intermediate HoldCo LLC,First Lien,,,,100000.0,100000.0,100000.0,,100.0,3.5,7.23,,,False,,,USD,100000.0,Insurance,,First lien senior secured loan,SOFR,2028-01,2019-08,Electronic medical record software provider,,,,10.2,6.25,3.13,Financials,Insurance,First Lien,,Opal Fuels Intermediate HoldCo LLC
ARCC,0001287750,0001628280-26-050307,10-Q,2026-06-30,2026-07-29,"Opal Fuels Intermediate HoldCo LLC, and Opal Fuels Inc. | Class A common stock",Opal Fuels Intermediate HoldCo LLC,Opal Fuels Intermediate HoldCo LLC,Common Equity,,,,6700000.0,23300000.0,,3059533.0,28.76,,,,,False,,,USD,6700000.0,Insurance,,First lien senior secured loan,SOFR,2032-03,2025-03,Developer and provider of administration software for managing service contracts and extended warranty products,,,,8.42,4.75,,Financials,Insurance,Common Equity,,Opal Fuels Intermediate HoldCo LLC
ARCC,0001287750,0001628280-26-050307,10-Q,2026-06-30,2026-07-29,"Expereo USA, Inc. and Ristretto Bidco B.V. | First lien senior secured revolving loan",Expereo USA,Expereo USA,First Lien,,,,3400000.0,3500000.0,3500000.0,,97.14,6.0,9.69,,,False,,,USD,3400000.0,Insurance,,First lien senior secured revolving loan,,2029-11,2022-06,Provider of veterinarian-focused SaaS solutions,,,,11.25,4.5,,Financials,Insurance,First Lien,,Expereo USA
ARCC,0001287750,0001628280-26-050307,10-Q,2026-06-30,2026-07-29,"Expereo USA, Inc. and Ristretto Bidco B.V. | First lien senior secured loan",Expereo USA,Expereo USA,First Lien,,,,4200000.0,4400000.0,4400000.0,,95.45,6.5,10.17,,3.5,True,,,USD,4200000.0,Financial Services,,First lien senior secured loan,SOFR,2030-07,2025-07,Investment technology and advisory firm,,,,9.13,5.25,,Financials,Diversified Financials,First Lien,,Expereo USA
ARCC,0001287750,0001628280-26-050307,10-Q,2026-06-30,2026-07-29,"Expereo USA, Inc. and Ristretto Bidco B.V. | First lien senior secured loan 1",Expereo USA,Expereo USA,First Lien,,,,55900000.0,58300000.0,58300000.0,,95.88,6.5,10.17,,3.5,True,,,USD,55900000.0,Financial Services,,Senior subordinated loan,SOFR,2029-09,2020-01,Consolidator of commercial finance businesses,,,,10.97,7.25,,Financials,Diversified Financials,First Lien,,Expereo USA
ARCC,0001287750,0001628280-26-050307,10-Q,2026-06-30,2026-07-29,Odevo AB | First lien senior secured loan,Odevo AB,Odevo AB,First Lien,,,,2400000.0,2400000.0,2400000.0,,100.0,4.75,8.5,,,False,,,USD,2400000.0,Software and Services,,First lien senior secured loan,SOFR,2029-10,2024-12,Cybersecurity solutions provider,,,,8.64,5.0,,Information Technology,Software & Services,First Lien,,Odevo AB
ARCC,0001287750,0001628280-26-050307,10-Q,2026-06-30,2026-07-29,"ESCP PPG Holdings, LLC","ESCP PPG Holdings, LLC","ESCP PPG Holdings, LLC",,,,,0.0,,,,,,,,,False,,,USD,0.0,,,,,,,,,,,,,,Other,Other,Other,,"ESCP PPG Holdings, LLC"
ARCC,0001287750,0001628280-26-050307,10-Q,2026-06-30,2026-07-29,"Firebird Music Holdings, LLC and Firebird Music Rights I LP","Firebird Music Holdings, LLC","Firebird Music Holdings, LLC",,,,,300000.0,,,,,,,,,False,,,USD,300000.0,Media and Entertainment,,Limited partnership interests,,,2026-06,Acquiror of music companies primarily focused on artist and rights management,,,,10.0,,,Communication Services,Media & Entertainment,Common Equity,,"Firebird Music Holdings, LLC"
ARCC,0001287750,0001628280-26-050307,10-Q,2026-06-30,2026-07-29,"PCG-Ares Sidecar Investment II, L.P.","PCG-Ares Sidecar Investment II, L.P.","PCG-Ares Sidecar Investment II, L.P.",,,,,200000.0,,,,,,,,,False,,,USD,200000.0,Investment Funds and Vehicles,,Limited partnership interest,,,2014-05,Investment partnership,,,,,,,Black Box,JV / Fund of Funds,Common Equity,,"PCG-Ares Sidecar Investment II, L.P."
ARCC,0001287750,0001628280-26-050307,10-Q,2026-06-30,2026-07-29,ACAS Equity Holdings Corporation,ACAS,ACAS,Equity,,,,400000.0,,,,,,,,,False,,,USD,400000.0,Investment Funds and Vehicles,,Common stock,,,2017-01,Investment company,,,,,,,Black Box,JV / Fund of Funds,Common Equity,,ACAS
ARCC,0001287750,0001628280-26-050307,10-Q,2026-06-30,2026-07-29,"ADF Capital, Inc., ADF Restaurant Group, LLC, and ARG Restaurant Holdings, Inc.","ADF Capital, Inc.","ADF Capital, Inc.",,,,,0.0,,,,,,,,,False,,,USD,0.0,,,,,,,,,,,,,,Other,Other,Other,,"ADF Capital, Inc."
ARCC,0001287750,0001628280-26-050307,10-Q,2026-06-30,2026-07-29,Adonis Acquisition Holdings LLC and Adonis Acquisition Holdings Parent LLC,Adonis Acquisition Holdings LLC,Adonis Acquisition Holdings LLC,,,,,27200000.0,,,,,,,,,False,,,USD,27200000.0,Commercial and Professional Services,,Senior subordinated loan,,2031-08,2025-08,"Management consulting firm servicing education, technology and public sectors",,,,14.0,,,Industrials,Commercial & Professional Services,Subordinated,,Adonis Acquisition Holdings LLC
ARCC,0001287750,0001628280-26-050307,10-Q,2026-06-30,2026-07-29,"DIEM-VII (QP), LLC","DIEM-VII (QP), LLC","DIEM-VII (QP), LLC",,,,,11600000.0,,,,,,,,,False,,,USD,11600000.0,Insurance Services,,First lien senior secured loan,SOFR,2032-03,2025-10,"Manufacturer of mission critical, IP-driven avionics products and provider of an integrated suite of pilot training solutions",,,,8.48,4.75,,Financials,Insurance,First Lien,,"DIEM-VII (QP), LLC"
ARCC,0001287750,0001628280-26-050307,10-Q,2026-06-30,2026-07-29,"Halex Holdings, Inc.","Halex Holdings, Inc.","Halex Holdings, Inc.",,,,,0.0,,,,,,,,,False,,,USD,0.0,,,,,,,,,,,,,,Other,Other,Other,,"Halex Holdings, Inc."
ARCC,0001287750,0001628280-26-050307,10-Q,2026-06-30,2026-07-29,"HCI Equity, LLC",HCI,HCI,Equity,,,,0.0,,,,,,,,,False,,,USD,0.0,,,,,,,,,,,,,,Other,Other,Common Equity,,HCI
ARCC,0001287750,0001628280-26-050307,10-Q,2026-06-30,2026-07-29,"Olympia Acquisition, Inc., Olympia TopCo, L.P., and Asclepius Holdings LLC","Olympia Acquisition, Inc.","Olympia Acquisition, Inc.",,,,,0.0,,,,,,,,,False,,,USD,0.0,,,,,,,,,,,,,,Other,Other,Other,,"Olympia Acquisition, Inc."
ARCC,0001287750,0001628280-26-050307,10-Q,2026-06-30,2026-07-29,"PCG-TAC-CV, LP (fka PCG-Ares Sidecar Investment II, L.P.)","PCG-TAC-CV, LP","PCG-TAC-CV, LP",,,,,6800000.0,,,,,,,,,False,,,USD,6800000.0,Investment Funds and Vehicles,,Limited partnership interest,,,2025-01,Investment partnership,,,,,,,Black Box,JV / Fund of Funds,Common Equity,,"PCG-TAC-CV, LP"
ARCC,0001287750,0001628280-26-050307,10-Q,2026-06-30,2026-07-29,Potomac Intermediate Holdings II LLC,Potomac Intermediate Holdings II LLC,Potomac Intermediate Holdings II LLC,,,,,0.0,,,,,,,,,False,,,USD,0.0,,,,,,,,,,,,,,Other,Other,Other,,Potomac Intermediate Holdings II LLC
ARCC,0001287750,0001628280-26-050307,10-Q,2026-06-30,2026-07-29,PS Operating Company LLC and PS Op Holdings LLC,PS Operating Company LLC,PS Operating Company LLC,,,,,4200000.0,,,,,,,,,False,,,USD,4200000.0,Household and  Personal Products,,Preferred units,,,2022-11,Provider of intimate wellness products,,,,8.0,,,Consumer Staples,Household & Personal Products,Preferred Equity,,PS Operating Company LLC
ARCC,0001287750,0001628280-26-050307,10-Q,2026-06-30,2026-07-29,"S Toys Holdings LLC (fka The Step2 Company, LLC)",S Toys Holdings LLC,S Toys Holdings LLC,,,,,0.0,,,,,,,,,False,,,USD,0.0,,,,,,,,,,,,,,Other,Other,Other,,S Toys Holdings LLC
ARCC,0001287750,0001628280-26-050307,10-Q,2026-06-30,2026-07-29,"Startec Equity, LLC",Startec,Startec,Equity,,,,0.0,,,,,,,,,False,,,USD,0.0,,,,,,,,,,,,,,Other,Other,Common Equity,,Startec
