bdc,cik,accession,form,period_end,file_date,identifier,entity,company,type,sector,desc,affil,fv,cost,par,shares,mark,spread,rate,base_rate,pik_rate,pik,maturity,acq,ccy,fv_raw,sector_soi,affiliation_soi,investment_type_soi,base_rate_soi,maturity_soi,acq_soi,business_description,rate_floor_soi,footnotes,pct_net_assets_soi,interest_rate_soi,spread_soi,pik_rate_soi,gics_sector,gics_industry_group,type_canonical,common_name,legal_name
GBDC,0001476765,0001476765-26-000048,10-Q,2026-06-30,2026-08-03,"Advanced Cooling Technologies, Inc. | One stop 1 | Non-Affiliated Issuer","Advanced Cooling Technologies, Inc.","Advanced Cooling Technologies, Inc.",First Lien,,,,416000.0,417000.0,418000.0,,99.52,4.5,8.14,,,False,,,USD,416000.0,Aerospace & Defense,Unaffiliated,One stop,,2033-05,,,,,,8.14,4.5,,Industrials,Capital Goods,First Lien,,"Advanced Cooling Technologies, Inc."
GBDC,0001476765,0001476765-26-000048,10-Q,2026-06-30,2026-08-03,"Advanced Cooling Technologies, Inc. | One stop 2 | Non-Affiliated Issuer","Advanced Cooling Technologies, Inc.","Advanced Cooling Technologies, Inc.",First Lien,,,,0.0,0.0,0.0,,,,,,,False,,,USD,0.0,,,,,,,,,,,,,,Industrials,Capital Goods,First Lien,,"Advanced Cooling Technologies, Inc."
GBDC,0001476765,0001476765-26-000048,10-Q,2026-06-30,2026-08-03,"API Holdings III, LLC | One stop 1 | Non-Affiliated Issuer","API Holdings III, LLC","API Holdings III, LLC",First Lien,,,,0.0,0.0,0.0,,,,,,,False,,,USD,0.0,,,,,,,,,,,,,,Industrials,Capital Goods,First Lien,,"API Holdings III, LLC"
GBDC,0001476765,0001476765-26-000048,10-Q,2026-06-30,2026-08-03,"API Holdings III, LLC | One stop 3 | Non-Affiliated Issuer","API Holdings III, LLC","API Holdings III, LLC",First Lien,,,,389000.0,389000.0,391000.0,,99.49,5.5,9.15,,,False,,,USD,389000.0,Aerospace & Defense,Unaffiliated,One stop,,2033-06,,,,,,9.15,5.5,,Industrials,Capital Goods,First Lien,,"API Holdings III, LLC"
GBDC,0001476765,0001476765-26-000048,10-Q,2026-06-30,2026-08-03,"Jeppesen Holdings, LLC | One stop 1 | Non-Affiliated Issuer","Jeppesen Holdings, LLC","Jeppesen Holdings, LLC",First Lien,,,,2329000.0,2366000.0,2377000.0,,97.98,4.75,8.41,,,False,,,USD,2329000.0,Aerospace & Defense,Unaffiliated,One stop,,2032-11,,,,,0.1,8.41,4.75,,Industrials,Capital Goods,First Lien,Jeppesen,"Jeppesen Holdings, LLC"
GBDC,0001476765,0001476765-26-000048,10-Q,2026-06-30,2026-08-03,"Jeppesen Holdings, LLC | One stop 2 | Non-Affiliated Issuer","Jeppesen Holdings, LLC","Jeppesen Holdings, LLC",First Lien,,,,-2000.0,-1000.0,0.0,,200.0,,,,,False,,,USD,-2000.0,Aerospace & Defense,Unaffiliated,One stop,,2032-11,,,,,,,,,Industrials,Capital Goods,First Lien,Jeppesen,"Jeppesen Holdings, LLC"
GBDC,0001476765,0001476765-26-000048,10-Q,2026-06-30,2026-08-03,"PPW Aero Buyer, Inc. | One stop 1 | Non-Affiliated Issuer","PPW Aero Buyer, Inc.","PPW Aero Buyer, Inc.",First Lien,,,,52429000.0,52201000.0,52668000.0,,99.55,5.0,8.73,,,False,,,USD,52429000.0,Aerospace & Defense,Unaffiliated,One stop,,2031-09,,,,,0.9,8.73,5.0,,Industrials,Capital Goods,First Lien,Pursuit Aerospace,"PPW Aero Buyer, Inc."
GBDC,0001476765,0001476765-26-000048,10-Q,2026-06-30,2026-08-03,Titan BW Borrower L.P. | One stop 1 | Non-Affiliated Issuer,Titan BW Borrower L.P.,Titan BW Borrower L.P.,First Lien,,,,1998000.0,2004000.0,2022000.0,,98.81,5.38,6.14,,2.88,True,,,USD,1998000.0,Aerospace & Defense,Unaffiliated,One stop,,2032-07,,,,,0.1,6.14,5.38,,Industrials,Capital Goods,First Lien,,Titan BW Borrower L.P.
GBDC,0001476765,0001476765-26-000048,10-Q,2026-06-30,2026-08-03,Titan BW Borrower L.P. | One stop 2 | Non-Affiliated Issuer,Titan BW Borrower L.P.,Titan BW Borrower L.P.,First Lien,,,,-3000.0,-3000.0,0.0,,100.0,,,,,False,,,USD,-3000.0,Aerospace & Defense,Unaffiliated,One stop,,2032-07,,,,,,,,,Industrials,Capital Goods,First Lien,,Titan BW Borrower L.P.
GBDC,0001476765,0001476765-26-000048,10-Q,2026-06-30,2026-08-03,Titan BW Borrower L.P. | One stop 3 | Non-Affiliated Issuer,Titan BW Borrower L.P.,Titan BW Borrower L.P.,First Lien,,,,99000.0,100000.0,101000.0,,98.02,4.75,8.41,,,False,,,USD,99000.0,Aerospace & Defense,Unaffiliated,One stop,,2032-07,,,,,,8.41,4.75,,Industrials,Capital Goods,First Lien,,Titan BW Borrower L.P.
GBDC,0001476765,0001476765-26-000048,10-Q,2026-06-30,2026-08-03,"RJW Group Holdings, Inc. | One stop 1 | Non-Affiliated Issuer","RJW Group Holdings, Inc.","RJW Group Holdings, Inc.",First Lien,,,,50597000.0,50223000.0,51056000.0,,99.1,5.0,8.73,,,False,,,USD,50597000.0,Air Freight & Logistics,Unaffiliated,One stop,,2031-11,,,,,1.2,9.0,5.0,,Industrials,Transportation,First Lien,RJW Logistics,"RJW Group Holdings, Inc."
GBDC,0001476765,0001476765-26-000048,10-Q,2026-06-30,2026-08-03,"RJW Group Holdings, Inc. | One stop 4 | Non-Affiliated Issuer","RJW Group Holdings, Inc.","RJW Group Holdings, Inc.",First Lien,,,,-3000.0,-1000.0,0.0,,300.0,,,,,False,,,USD,-3000.0,Air Freight & Logistics,Unaffiliated,One stop,,2031-11,,,,,,,,,Industrials,Transportation,First Lien,RJW Logistics,"RJW Group Holdings, Inc."
GBDC,0001476765,0001476765-26-000048,10-Q,2026-06-30,2026-08-03,"Arnott, LLC | One stop 1 | Non-Affiliated Issuer","Arnott, LLC","Arnott, LLC",First Lien,,,,5103000.0,5251000.0,5290000.0,,96.47,4.75,8.49,,,False,,,USD,5103000.0,Auto Components,Unaffiliated,One stop,,2030-11,,,,,0.1,8.49,4.75,,Consumer Discretionary,Automobiles & Components,First Lien,,"Arnott, LLC"
GBDC,0001476765,0001476765-26-000048,10-Q,2026-06-30,2026-08-03,"Collision SP Subco, LLC | One stop 1 | Non-Affiliated Issuer","Collision SP Subco, LLC","Collision SP Subco, LLC",First Lien,,,,4315000.0,4265000.0,4315000.0,,100.0,4.75,8.41,,,False,,,USD,4315000.0,Auto Components,Unaffiliated,One stop,,2030-01,,,,,0.1,8.41,4.75,,Consumer Discretionary,Automobiles & Components,First Lien,,"Collision SP Subco, LLC"
GBDC,0001476765,0001476765-26-000048,10-Q,2026-06-30,2026-08-03,"Collision SP Subco, LLC | One stop 3 | Non-Affiliated Issuer","Collision SP Subco, LLC","Collision SP Subco, LLC",First Lien,,,,0.0,-2000.0,0.0,,-0.0,,,,,False,,,USD,0.0,,,,,,,,,,,,,,Consumer Discretionary,Automobiles & Components,First Lien,,"Collision SP Subco, LLC"
GBDC,0001476765,0001476765-26-000048,10-Q,2026-06-30,2026-08-03,"Covercraft Parent III, Inc. | Senior secured 1 | Non-Affiliated Issuer","Covercraft Parent III, Inc.","Covercraft Parent III, Inc.",First Lien,,,,6133000.0,8012000.0,8401000.0,,73.0,5.0,5.32,,3.5,True,,,USD,6133000.0,Auto Components,Unaffiliated,Senior secured,,2029-08,,,,,0.2,5.32,5.0,,Consumer Discretionary,Automobiles & Components,First Lien,,"Covercraft Parent III, Inc."
GBDC,0001476765,0001476765-26-000048,10-Q,2026-06-30,2026-08-03,"North Haven Falcon Buyer, LLC | One stop 1 | Non-Affiliated Issuer","North Haven Falcon Buyer, LLC","North Haven Falcon Buyer, LLC",First Lien,,,,3771000.0,3789000.0,4544000.0,,82.99,7.5,6.15,,5.0,True,,,USD,3771000.0,Auto Components,Unaffiliated,One stop,,2029-11,,,,,,6.15,7.5,,Consumer Discretionary,Automobiles & Components,First Lien,,"North Haven Falcon Buyer, LLC"
GBDC,0001476765,0001476765-26-000048,10-Q,2026-06-30,2026-08-03,"OEConnection, LLC | One stop 1 | Non-Affiliated Issuer","OEConnection, LLC","OEConnection, LLC",First Lien,,,,12296000.0,12202000.0,12249000.0,,100.38,4.5,8.14,,,False,,,USD,12296000.0,Auto Components,Unaffiliated,One stop,,2032-12,,,,,0.4,8.14,4.5,,Consumer Discretionary,Automobiles & Components,First Lien,,"OEConnection, LLC"
GBDC,0001476765,0001476765-26-000048,10-Q,2026-06-30,2026-08-03,"OEConnection, LLC | One stop 2 | Non-Affiliated Issuer","OEConnection, LLC","OEConnection, LLC",First Lien,,,,3000.0,-6000.0,0.0,,-50.0,,,,,False,,,USD,3000.0,Auto Components,Unaffiliated,One stop,,2032-12,,,,,,,,,Consumer Discretionary,Automobiles & Components,First Lien,,"OEConnection, LLC"
GBDC,0001476765,0001476765-26-000048,10-Q,2026-06-30,2026-08-03,"OEConnection, LLC | One stop 3 | Non-Affiliated Issuer","OEConnection, LLC","OEConnection, LLC",First Lien,,,,26000.0,-26000.0,0.0,,-100.0,,,,,False,,,USD,26000.0,Auto Components,Unaffiliated,One stop,,2031-04,,,,,,,,,Consumer Discretionary,Automobiles & Components,First Lien,,"OEConnection, LLC"
GBDC,0001476765,0001476765-26-000048,10-Q,2026-06-30,2026-08-03,"Bolt Purchaser, LLC | One stop 1 | Non-Affiliated Issuer","Bolt Purchaser, LLC","Bolt Purchaser, LLC",First Lien,,,,453000.0,453000.0,455000.0,,99.56,4.75,8.48,,,False,,,USD,453000.0,Automobiles,Unaffiliated,One stop,,2033-06,,,,,,8.48,4.75,,Consumer Discretionary,Automobiles & Components,First Lien,,"Bolt Purchaser, LLC"
GBDC,0001476765,0001476765-26-000048,10-Q,2026-06-30,2026-08-03,"Bolt Purchaser, LLC | One stop 2 | Non-Affiliated Issuer","Bolt Purchaser, LLC","Bolt Purchaser, LLC",First Lien,,,,0.0,0.0,0.0,,,,,,,False,,,USD,0.0,,,,,,,,,,,,,,Consumer Discretionary,Automobiles & Components,First Lien,,"Bolt Purchaser, LLC"
GBDC,0001476765,0001476765-26-000048,10-Q,2026-06-30,2026-08-03,"CAP-KSI Holdings, LLC | One stop 1 | Non-Affiliated Issuer","CAP-KSI Holdings, LLC","CAP-KSI Holdings, LLC",First Lien,,,,13819000.0,14058000.0,14196000.0,,97.34,5.25,8.96,,,False,,,USD,13819000.0,Automobiles,Unaffiliated,One stop,,2030-06,,,,,0.4,8.96,5.25,,Consumer Discretionary,Automobiles & Components,First Lien,,"CAP-KSI Holdings, LLC"
GBDC,0001476765,0001476765-26-000048,10-Q,2026-06-30,2026-08-03,"CG Group Holdings, LLC | One stop 1 | Non-Affiliated Issuer","CG Group Holdings, LLC","CG Group Holdings, LLC",First Lien,,,,46478000.0,46436000.0,46828000.0,,99.25,5.5,9.25,,,False,,,USD,46478000.0,Automobiles,Unaffiliated,One stop,,2027-07,,,,,1.2,10.75,8.75,,Consumer Discretionary,Automobiles & Components,First Lien,,"CG Group Holdings, LLC"
GBDC,0001476765,0001476765-26-000048,10-Q,2026-06-30,2026-08-03,"CG Group Holdings, LLC | One stop 2 | Non-Affiliated Issuer","CG Group Holdings, LLC","CG Group Holdings, LLC",First Lien,,,,162000.0,155000.0,168000.0,,96.43,7.5,9.14,,2.0,True,,,USD,162000.0,Automobiles,Unaffiliated,One stop,,2030-01,,,,,,9.14,7.5,,Consumer Discretionary,Automobiles & Components,First Lien,,"CG Group Holdings, LLC"
GBDC,0001476765,0001476765-26-000048,10-Q,2026-06-30,2026-08-03,"CG Group Holdings, LLC | One stop 3 | Non-Affiliated Issuer","CG Group Holdings, LLC","CG Group Holdings, LLC",First Lien,,,,429000.0,425000.0,432000.0,,99.31,5.5,9.25,,,False,,,USD,429000.0,Automobiles,Unaffiliated,One stop,,2030-01,,,,,,9.25,5.5,,Consumer Discretionary,Automobiles & Components,First Lien,,"CG Group Holdings, LLC"
GBDC,0001476765,0001476765-26-000048,10-Q,2026-06-30,2026-08-03,"CG Group Holdings, LLC | One stop 4 | Non-Affiliated Issuer","CG Group Holdings, LLC","CG Group Holdings, LLC",First Lien,,,,-1000.0,-1000.0,0.0,,100.0,,,,,False,,,USD,-1000.0,Automobiles,Unaffiliated,One stop,,2030-01,,,,,,,,,Consumer Discretionary,Automobiles & Components,First Lien,,"CG Group Holdings, LLC"
GBDC,0001476765,0001476765-26-000048,10-Q,2026-06-30,2026-08-03,"Denali Midco 2, LLC | One stop 1 | Non-Affiliated Issuer","Denali Midco 2, LLC","Denali Midco 2, LLC",First Lien,,,,63682000.0,63656000.0,63682000.0,,100.0,5.5,9.14,,,False,,,USD,63682000.0,Automobiles,Unaffiliated,One stop,,2028-12,,,,,1.0,9.14,5.5,,Consumer Discretionary,Automobiles & Components,First Lien,,"Denali Midco 2, LLC"
GBDC,0001476765,0001476765-26-000048,10-Q,2026-06-30,2026-08-03,"Denali Midco 2, LLC | One stop 15 | Non-Affiliated Issuer","Denali Midco 2, LLC","Denali Midco 2, LLC",First Lien,,,,295000.0,293000.0,295000.0,,100.0,5.5,9.14,,,False,,,USD,295000.0,Automobiles,Unaffiliated,One stop,,2028-12,,,,,,9.41,5.25,,Consumer Discretionary,Automobiles & Components,First Lien,,"Denali Midco 2, LLC"
GBDC,0001476765,0001476765-26-000048,10-Q,2026-06-30,2026-08-03,"Denali Midco 2, LLC | One stop 17 | Non-Affiliated Issuer","Denali Midco 2, LLC","Denali Midco 2, LLC",First Lien,,,,0.0,-2000.0,0.0,,-0.0,,,,,False,,,USD,0.0,,,,,,,,,,,,,,Consumer Discretionary,Automobiles & Components,First Lien,,"Denali Midco 2, LLC"
GBDC,0001476765,0001476765-26-000048,10-Q,2026-06-30,2026-08-03,"Denali Midco 2, LLC | Second lien | Non-Affiliated Issuer","Denali Midco 2, LLC","Denali Midco 2, LLC",Second Lien,,,,12649000.0,12708000.0,12776000.0,,99.01,,,,13.0,True,,,USD,12649000.0,Automobiles,Unaffiliated,Second lien,,2029-12,,,,,0.4,13.0,,,Consumer Discretionary,Automobiles & Components,Second Lien,,"Denali Midco 2, LLC"
GBDC,0001476765,0001476765-26-000048,10-Q,2026-06-30,2026-08-03,"High Bar Brands Operating, LLC | Senior secured 1 | Non-Affiliated Issuer","High Bar Brands Operating, LLC","High Bar Brands Operating, LLC",First Lien,,,,1961000.0,1980000.0,1984000.0,,98.84,5.25,8.98,,,False,,,USD,1961000.0,Automobiles,Unaffiliated,Senior secured,,2029-12,,,,,,8.98,5.25,,Consumer Discretionary,Automobiles & Components,First Lien,,"High Bar Brands Operating, LLC"
GBDC,0001476765,0001476765-26-000048,10-Q,2026-06-30,2026-08-03,"Lincoln Acq Buyer, LLC | One stop 1 | Non-Affiliated Issuer","Lincoln Acq Buyer, LLC","Lincoln Acq Buyer, LLC",First Lien,,,,0.0,0.0,0.0,,,,,,,False,,,USD,0.0,,,,,,,,,,,,,,Consumer Discretionary,Automobiles & Components,First Lien,,"Lincoln Acq Buyer, LLC"
GBDC,0001476765,0001476765-26-000048,10-Q,2026-06-30,2026-08-03,"Lincoln Acq Buyer, LLC | One stop 2 | Non-Affiliated Issuer","Lincoln Acq Buyer, LLC","Lincoln Acq Buyer, LLC",First Lien,,,,361000.0,360000.0,361000.0,,100.0,4.5,8.23,,,False,,,USD,361000.0,Automobiles,Unaffiliated,One stop,,2032-11,,,,,,8.23,4.5,,Consumer Discretionary,Automobiles & Components,First Lien,,"Lincoln Acq Buyer, LLC"
GBDC,0001476765,0001476765-26-000048,10-Q,2026-06-30,2026-08-03,"MOP GM Holding, LLC | One stop 1 | Non-Affiliated Issuer","MOP GM Holding, LLC","MOP GM Holding, LLC",First Lien,,,,51820000.0,52247000.0,52344000.0,,99.0,6.25,6.38,,3.75,True,,,USD,51820000.0,Automobiles,Unaffiliated,One stop,,2027-11,,,,,0.9,6.38,6.25,,Consumer Discretionary,Automobiles & Components,First Lien,,"MOP GM Holding, LLC"
GBDC,0001476765,0001476765-26-000048,10-Q,2026-06-30,2026-08-03,"MOP GM Holding, LLC | One stop 11 | Non-Affiliated Issuer","MOP GM Holding, LLC","MOP GM Holding, LLC",First Lien,,,,640000.0,644000.0,645000.0,,99.22,6.25,6.31,,3.75,True,,,USD,640000.0,Automobiles,Unaffiliated,One stop,,2026-11,,,,,,10.21,5.75,,Consumer Discretionary,Automobiles & Components,First Lien,,"MOP GM Holding, LLC"
GBDC,0001476765,0001476765-26-000048,10-Q,2026-06-30,2026-08-03,"National Express Wash Parent Holdco, LLC | One stop 1 | Non-Affiliated Issuer","National Express Wash Parent Holdco, LLC","National Express Wash Parent Holdco, LLC",First Lien,,,,-7000.0,-10000.0,0.0,,70.0,,,,,False,,,USD,-7000.0,Automobiles,Unaffiliated,One stop,,2029-07,,,,,,,,,Consumer Discretionary,Automobiles & Components,First Lien,,"National Express Wash Parent Holdco, LLC"
GBDC,0001476765,0001476765-26-000048,10-Q,2026-06-30,2026-08-03,"National Express Wash Parent Holdco, LLC | One stop 2 | Non-Affiliated Issuer","National Express Wash Parent Holdco, LLC","National Express Wash Parent Holdco, LLC",First Lien,,,,19105000.0,19144000.0,19203000.0,,99.49,6.0,6.48,,3.25,True,,,USD,19105000.0,Automobiles,Unaffiliated,One stop,,2029-07,,,,,0.5,6.48,6.0,,Consumer Discretionary,Automobiles & Components,First Lien,,"National Express Wash Parent Holdco, LLC"
GBDC,0001476765,0001476765-26-000048,10-Q,2026-06-30,2026-08-03,"POY Holdings, LLC | One stop 1 | Non-Affiliated Issuer","POY Holdings, LLC","POY Holdings, LLC",First Lien,,,,35480000.0,37493000.0,37349000.0,,95.0,5.5,9.38,,,False,,,USD,35480000.0,Automobiles,Unaffiliated,One stop,,2029-05,,,,,0.7,9.38,5.5,,Consumer Discretionary,Automobiles & Components,First Lien,,"POY Holdings, LLC"
GBDC,0001476765,0001476765-26-000048,10-Q,2026-06-30,2026-08-03,"POY Holdings, LLC | One stop 8 | Non-Affiliated Issuer","POY Holdings, LLC","POY Holdings, LLC",First Lien,,,,0.0,-7000.0,0.0,,-0.0,,,,,False,,,USD,0.0,,,,,,,,,,,,,,Consumer Discretionary,Automobiles & Components,First Lien,,"POY Holdings, LLC"
GBDC,0001476765,0001476765-26-000048,10-Q,2026-06-30,2026-08-03,"Quick Quack Car Wash Holdings, LLC | One stop 1 | Non-Affiliated Issuer","Quick Quack Car Wash Holdings, LLC","Quick Quack Car Wash Holdings, LLC",First Lien,,,,5839000.0,5803000.0,5839000.0,,100.0,5.0,8.64,,,False,,,USD,5839000.0,Automobiles,Unaffiliated,One stop,,2031-06,,,,,0.1,8.64,5.0,,Consumer Discretionary,Automobiles & Components,First Lien,,"Quick Quack Car Wash Holdings, LLC"
GBDC,0001476765,0001476765-26-000048,10-Q,2026-06-30,2026-08-03,"Quick Quack Car Wash Holdings, LLC | One stop 2 | Non-Affiliated Issuer","Quick Quack Car Wash Holdings, LLC","Quick Quack Car Wash Holdings, LLC",First Lien,,,,0.0,-2000.0,0.0,,-0.0,,,,,False,,,USD,0.0,,,,,,,,,,,,,,Consumer Discretionary,Automobiles & Components,First Lien,,"Quick Quack Car Wash Holdings, LLC"
GBDC,0001476765,0001476765-26-000048,10-Q,2026-06-30,2026-08-03,"Strickland's Enterprises, LLC | Senior secured 1 | Non-Affiliated Issuer","Strickland's Enterprises, LLC","Strickland's Enterprises, LLC",First Lien,,,,356000.0,355000.0,356000.0,,100.0,4.5,8.16,,,False,,,USD,356000.0,Automobiles,Unaffiliated,Senior secured,,2031-01,,,,,,8.16,4.5,,Consumer Discretionary,Automobiles & Components,First Lien,,"Strickland's Enterprises, LLC"
GBDC,0001476765,0001476765-26-000048,10-Q,2026-06-30,2026-08-03,"Strickland's Enterprises, LLC | Senior secured 3 | Non-Affiliated Issuer","Strickland's Enterprises, LLC","Strickland's Enterprises, LLC",First Lien,,,,0.0,-1000.0,0.0,,-0.0,,,,,False,,,USD,0.0,,,,,,,,,,,,,,Consumer Discretionary,Automobiles & Components,First Lien,,"Strickland's Enterprises, LLC"
GBDC,0001476765,0001476765-26-000048,10-Q,2026-06-30,2026-08-03,"TWAS Holdings, LLC | One stop 1 | Non-Affiliated Issuer","TWAS Holdings, LLC","TWAS Holdings, LLC",First Lien,,,,110707000.0,110195000.0,111263000.0,,99.5,4.75,8.39,,,False,,,USD,110707000.0,Automobiles,Unaffiliated,One stop,,2029-12,,,,,3.0,8.39,4.75,,Consumer Discretionary,Automobiles & Components,First Lien,,"TWAS Holdings, LLC"
GBDC,0001476765,0001476765-26-000048,10-Q,2026-06-30,2026-08-03,"TWAS Holdings, LLC | One stop 2 | Non-Affiliated Issuer","TWAS Holdings, LLC","TWAS Holdings, LLC",First Lien,,,,-8000.0,-12000.0,0.0,,66.67,,,,,False,,,USD,-8000.0,Automobiles,Unaffiliated,One stop,,2029-12,,,,,,,,,Consumer Discretionary,Automobiles & Components,First Lien,,"TWAS Holdings, LLC"
GBDC,0001476765,0001476765-26-000048,10-Q,2026-06-30,2026-08-03,"Yorkshire Parent, Inc. | Senior secured 1 | Non-Affiliated Issuer","Yorkshire Parent, Inc.","Yorkshire Parent, Inc.",First Lien,,,,3916000.0,3959000.0,3961000.0,,98.86,4.5,8.23,,,False,,,USD,3916000.0,Automobiles,Unaffiliated,Senior secured,,2029-12,,,,,,8.23,4.5,,Consumer Discretionary,Automobiles & Components,First Lien,,"Yorkshire Parent, Inc."
GBDC,0001476765,0001476765-26-000048,10-Q,2026-06-30,2026-08-03,"Yorkshire Parent, Inc. | Senior secured 6 | Non-Affiliated Issuer","Yorkshire Parent, Inc.","Yorkshire Parent, Inc.",First Lien,,,,2216000.0,2219000.0,2227000.0,,99.51,4.5,8.16,,,False,,,USD,2216000.0,Automobiles,Unaffiliated,One stop,,2029-12,,,,,0.1,9.5,5.5,,Consumer Discretionary,Automobiles & Components,First Lien,,"Yorkshire Parent, Inc."
GBDC,0001476765,0001476765-26-000048,10-Q,2026-06-30,2026-08-03,"Empyrean Solutions, LLC | One stop 1 | Non-Affiliated Issuer","Empyrean Solutions, LLC","Empyrean Solutions, LLC",First Lien,,,,9051000.0,9247000.0,9283000.0,,97.5,4.5,8.23,,,False,,,USD,9051000.0,Banks,Unaffiliated,One stop,,2031-11,,,,,0.3,8.23,4.5,,Financials,Banks,First Lien,,"Empyrean Solutions, LLC"
GBDC,0001476765,0001476765-26-000048,10-Q,2026-06-30,2026-08-03,"Empyrean Solutions, LLC | One stop 2 | Non-Affiliated Issuer","Empyrean Solutions, LLC","Empyrean Solutions, LLC",First Lien,,,,-128000.0,-19000.0,0.0,,673.68,,,,,False,,,USD,-128000.0,Banks,Unaffiliated,One stop,,2031-11,,,,,,,,,Financials,Banks,First Lien,,"Empyrean Solutions, LLC"
GBDC,0001476765,0001476765-26-000048,10-Q,2026-06-30,2026-08-03,"OSP Hamilton Purchaser, LLC | One stop 1 | Non-Affiliated Issuer","OSP Hamilton Purchaser, LLC","OSP Hamilton Purchaser, LLC",First Lien,,,,1679000.0,1730000.0,1714000.0,,97.96,4.75,8.41,,,False,,,USD,1679000.0,Banks,Unaffiliated,One stop,,2029-12,,,,,0.1,8.41,4.75,,Financials,Banks,First Lien,,"OSP Hamilton Purchaser, LLC"
GBDC,0001476765,0001476765-26-000048,10-Q,2026-06-30,2026-08-03,"OSP Hamilton Purchaser, LLC | One stop 2 | Non-Affiliated Issuer","OSP Hamilton Purchaser, LLC","OSP Hamilton Purchaser, LLC",First Lien,,,,2819000.0,2876000.0,2887000.0,,97.64,4.25,7.92,,,False,,,USD,2819000.0,Banks,Unaffiliated,One stop,,2029-12,,,,,,7.92,4.25,,Financials,Banks,First Lien,,"OSP Hamilton Purchaser, LLC"
GBDC,0001476765,0001476765-26-000048,10-Q,2026-06-30,2026-08-03,"Financial Information Technologies, LLC | One stop 1 | Non-Affiliated Issuer","Financial Information Technologies, LLC","Financial Information Technologies, LLC",First Lien,,,,37496000.0,37790000.0,37875000.0,,99.0,4.75,8.48,,,False,,,USD,37496000.0,Beverages,Unaffiliated,One stop,,2030-06,,,,,0.9,8.48,4.75,,Consumer Staples,"Food, Beverage & Tobacco",First Lien,,"Financial Information Technologies, LLC"
GBDC,0001476765,0001476765-26-000048,10-Q,2026-06-30,2026-08-03,"Financial Information Technologies, LLC | One stop 2 | Non-Affiliated Issuer","Financial Information Technologies, LLC","Financial Information Technologies, LLC",First Lien,,,,-5000.0,-1000.0,0.0,,500.0,,,,,False,,,USD,-5000.0,Beverages,Unaffiliated,One stop,,2030-06,,,,,,,,,Consumer Staples,"Food, Beverage & Tobacco",First Lien,,"Financial Information Technologies, LLC"
GBDC,0001476765,0001476765-26-000048,10-Q,2026-06-30,2026-08-03,"Spindrift Beverage Co., Inc. | One stop 1 | Non-Affiliated Issuer","Spindrift Beverage Co., Inc.","Spindrift Beverage Co., Inc.",First Lien,,,,8067000.0,7971000.0,8067000.0,,100.0,5.0,8.66,,,False,,,USD,8067000.0,Beverages,Unaffiliated,One stop,,2032-02,,,,,,8.66,5.0,,Consumer Staples,"Food, Beverage & Tobacco",First Lien,,"Spindrift Beverage Co., Inc."
GBDC,0001476765,0001476765-26-000048,10-Q,2026-06-30,2026-08-03,"Spindrift Beverage Co., Inc. | One stop 2 | Non-Affiliated Issuer","Spindrift Beverage Co., Inc.","Spindrift Beverage Co., Inc.",First Lien,,,,0.0,-3000.0,0.0,,-0.0,,,,,False,,,USD,0.0,,,,,,,,,,,,,,Consumer Staples,"Food, Beverage & Tobacco",First Lien,,"Spindrift Beverage Co., Inc."
GBDC,0001476765,0001476765-26-000048,10-Q,2026-06-30,2026-08-03,"Watermill Express, LLC | One stop 1 | Non-Affiliated Issuer","Watermill Express, LLC","Watermill Express, LLC",First Lien,,,,9572000.0,9508000.0,9572000.0,,100.0,4.5,8.23,,,False,,,USD,9572000.0,Beverages,Unaffiliated,One stop,,2031-04,,,,,0.1,8.23,4.5,,Consumer Staples,"Food, Beverage & Tobacco",First Lien,,"Watermill Express, LLC"
GBDC,0001476765,0001476765-26-000048,10-Q,2026-06-30,2026-08-03,"Watermill Express, LLC | One stop 3 | Non-Affiliated Issuer","Watermill Express, LLC","Watermill Express, LLC",First Lien,,,,0.0,-14000.0,0.0,,-0.0,,,,,False,,,USD,0.0,,,,,,,,,,,,,,Consumer Staples,"Food, Beverage & Tobacco",First Lien,,"Watermill Express, LLC"
GBDC,0001476765,0001476765-26-000048,10-Q,2026-06-30,2026-08-03,"Winebow Holdings, Inc. | One stop | Non-Affiliated Issuer","Winebow Holdings, Inc.","Winebow Holdings, Inc.",First Lien,,,,7618000.0,8899000.0,9124000.0,,83.49,6.25,9.99,,,False,,,USD,7618000.0,Beverages,Unaffiliated,One stop,,2027-12,,,,,0.2,9.99,6.25,,Consumer Staples,"Food, Beverage & Tobacco",First Lien,,"Winebow Holdings, Inc."
GBDC,0001476765,0001476765-26-000048,10-Q,2026-06-30,2026-08-03,"BECO Holding Company, Inc. | One stop 1 | Non-Affiliated Issuer","BECO Holding Company, Inc.","BECO Holding Company, Inc.",First Lien,,,,247000.0,248000.0,249000.0,,99.2,5.25,9.0,,,False,,,USD,247000.0,Building Products,Unaffiliated,One stop,,2027-11,,,,,,9.0,5.25,,Industrials,Capital Goods,First Lien,Brooks Equipment,"BECO Holding Company, Inc."
GBDC,0001476765,0001476765-26-000048,10-Q,2026-06-30,2026-08-03,"BECO Holding Company, Inc. | One stop 2 | Non-Affiliated Issuer","BECO Holding Company, Inc.","BECO Holding Company, Inc.",First Lien,,,,40474000.0,40933000.0,40572000.0,,99.76,5.25,9.13,,,False,,,USD,40474000.0,Building Products,Unaffiliated,One stop,,2028-11,,,,,1.1,9.13,5.25,,Industrials,Capital Goods,First Lien,Brooks Equipment,"BECO Holding Company, Inc."
GBDC,0001476765,0001476765-26-000048,10-Q,2026-06-30,2026-08-03,"BECO Holding Company, Inc. | One stop 4 | Non-Affiliated Issuer","BECO Holding Company, Inc.","BECO Holding Company, Inc.",First Lien,,,,-2000.0,-2000.0,0.0,,100.0,,,,,False,,,USD,-2000.0,Building Products,Unaffiliated,One stop,,2028-11,,,,,,,,,Industrials,Capital Goods,First Lien,Brooks Equipment,"BECO Holding Company, Inc."
GBDC,0001476765,0001476765-26-000048,10-Q,2026-06-30,2026-08-03,"BlueMatrix Holdings, LLC | One stop 1 | Non-Affiliated Issuer","BlueMatrix Holdings, LLC","BlueMatrix Holdings, LLC",First Lien,,,,13999000.0,14157000.0,14213000.0,,98.49,4.75,8.48,,,False,,,USD,13999000.0,Capital Markets,Unaffiliated,One stop,,2031-01,,,,,,8.48,4.75,,Financials,Diversified Financials,First Lien,,"BlueMatrix Holdings, LLC"
GBDC,0001476765,0001476765-26-000048,10-Q,2026-06-30,2026-08-03,"AP Adhesives Holdings, LLC | One stop 1 | Non-Affiliated Issuer","AP Adhesives Holdings, LLC","AP Adhesives Holdings, LLC",First Lien,,,,-17000.0,-8000.0,0.0,,212.5,,,,,False,,,USD,-17000.0,Chemicals,Unaffiliated,One stop,,2032-04,,,,,,,,,Materials,Materials,First Lien,,"AP Adhesives Holdings, LLC"
GBDC,0001476765,0001476765-26-000048,10-Q,2026-06-30,2026-08-03,"AP Adhesives Holdings, LLC | One stop 2 | Non-Affiliated Issuer","AP Adhesives Holdings, LLC","AP Adhesives Holdings, LLC",First Lien,,,,-8000.0,-4000.0,0.0,,200.0,,,,,False,,,USD,-8000.0,Chemicals,Unaffiliated,One stop,,2031-04,,,,,,,,,Materials,Materials,First Lien,,"AP Adhesives Holdings, LLC"
GBDC,0001476765,0001476765-26-000048,10-Q,2026-06-30,2026-08-03,"AP Adhesives Holdings, LLC | One stop 3 | Non-Affiliated Issuer","AP Adhesives Holdings, LLC","AP Adhesives Holdings, LLC",First Lien,,,,5707000.0,5733000.0,5757000.0,,99.13,4.75,8.42,,,False,,,USD,5707000.0,Chemicals,Unaffiliated,One stop,,2032-04,,,,,0.2,8.42,4.75,,Materials,Materials,First Lien,,"AP Adhesives Holdings, LLC"
GBDC,0001476765,0001476765-26-000048,10-Q,2026-06-30,2026-08-03,"Inhance Parent, Inc. | One stop 1 | Non-Affiliated Issuer","Inhance Parent, Inc.","Inhance Parent, Inc.",First Lien,,,,23030000.0,21780000.0,24444000.0,,94.22,7.0,6.38,,4.5,True,,,USD,23030000.0,Chemicals,Unaffiliated,One stop,,2029-06,,,,,,6.38,7.0,,Materials,Materials,First Lien,,"Inhance Parent, Inc."
GBDC,0001476765,0001476765-26-000048,10-Q,2026-06-30,2026-08-03,"Inhance Parent, Inc. | One stop 3 | Non-Affiliated Issuer","Inhance Parent, Inc.","Inhance Parent, Inc.",First Lien,,,,5511000.0,4446000.0,12246000.0,,45.0,,,,20.0,True,,,USD,5511000.0,Chemicals,Unaffiliated,One stop,,2029-06,,,,,0.1,20.0,,,Materials,Materials,First Lien,,"Inhance Parent, Inc."
GBDC,0001476765,0001476765-26-000048,10-Q,2026-06-30,2026-08-03,"JSG II, Inc. and Checkers USA, Inc. | One stop 1 | Non-Affiliated Issuer","JSG II, Inc.","JSG II, Inc.",First Lien,,,,1419000.0,1420000.0,1426000.0,,99.51,4.5,8.14,,,False,,,USD,1419000.0,Chemicals,Unaffiliated,One stop,,2032-09,,,,,,8.14,4.5,,Materials,Materials,First Lien,Justrite Safety Group,"JSG II, Inc."
GBDC,0001476765,0001476765-26-000048,10-Q,2026-06-30,2026-08-03,"JSG II, Inc. and Checkers USA, Inc. | One stop 2 | Non-Affiliated Issuer","JSG II, Inc.","JSG II, Inc.",First Lien,,,,-3000.0,-2000.0,0.0,,150.0,,,,,False,,,USD,-3000.0,Chemicals,Unaffiliated,One stop,,2032-09,,,,,,,,,Materials,Materials,First Lien,Justrite Safety Group,"JSG II, Inc."
GBDC,0001476765,0001476765-26-000048,10-Q,2026-06-30,2026-08-03,"Krayden Holdings, Inc. | Senior secured 1 | Non-Affiliated Issuer","Krayden Holdings, Inc.","Krayden Holdings, Inc.",First Lien,,,,13973000.0,14001000.0,14118000.0,,98.97,4.75,8.48,,,False,,,USD,13973000.0,Chemicals,Unaffiliated,Senior secured,,2029-03,,,,,0.3,8.48,4.75,,Materials,Materials,First Lien,,"Krayden Holdings, Inc."
GBDC,0001476765,0001476765-26-000048,10-Q,2026-06-30,2026-08-03,PHM NL SP Bidco B.V. | One stop 1 | Non-Affiliated Issuer,PHM NL SP Bidco B.V.,PHM NL SP Bidco B.V.,First Lien,,,,91840000.0,94033000.0,97703000.0,,94.0,6.75,4.79,,4.25,True,,,USD,91840000.0,Chemicals,Unaffiliated,One stop,,2028-09,,,,,1.5,4.79,6.75,,Materials,Materials,First Lien,,PHM NL SP Bidco B.V.
GBDC,0001476765,0001476765-26-000048,10-Q,2026-06-30,2026-08-03,"CHA Vision Holdings, Inc. | One stop 1 | Non-Affiliated Issuer","CHA Vision Holdings, Inc.","CHA Vision Holdings, Inc.",First Lien,,,,8000.0,8000.0,8000.0,,100.0,5.0,8.67,,,False,,,USD,8000.0,Commercial Services & Supplies,Unaffiliated,One stop,,2030-01,,,,,,8.67,5.0,,Industrials,Commercial & Professional Services,First Lien,CHA Consulting,"CHA Vision Holdings, Inc."
GBDC,0001476765,0001476765-26-000048,10-Q,2026-06-30,2026-08-03,"CHA Vision Holdings, Inc. | One stop 2 | Non-Affiliated Issuer","CHA Vision Holdings, Inc.","CHA Vision Holdings, Inc.",First Lien,,,,1773000.0,1774000.0,1782000.0,,99.49,5.0,8.67,,,False,,,USD,1773000.0,Commercial Services & Supplies,Unaffiliated,One stop,,2031-01,,,,,,8.67,5.0,,Industrials,Commercial & Professional Services,First Lien,CHA Consulting,"CHA Vision Holdings, Inc."
GBDC,0001476765,0001476765-26-000048,10-Q,2026-06-30,2026-08-03,"CI (Quercus) Intermediate Holdings, LLC | One stop 1 | Non-Affiliated Issuer","CI (Quercus) Intermediate Holdings, LLC","CI (Quercus) Intermediate Holdings, LLC",First Lien,,,,33703000.0,33717000.0,34008000.0,,99.1,5.0,8.73,,,False,,,USD,33703000.0,Commercial Services & Supplies,Unaffiliated,One stop,,2031-06,,,,,,8.73,5.0,,Industrials,Commercial & Professional Services,First Lien,SavATree,"CI (Quercus) Intermediate Holdings, LLC"
GBDC,0001476765,0001476765-26-000048,10-Q,2026-06-30,2026-08-03,"Dispatch Acquisition Holdings, LLC | One stop 1 | Non-Affiliated Issuer","Dispatch Acquisition Holdings, LLC","Dispatch Acquisition Holdings, LLC",First Lien,,,,701000.0,701000.0,704000.0,,99.57,4.75,8.48,,,False,,,USD,701000.0,Commercial Services & Supplies,Unaffiliated,One stop,,2032-11,,,,,,8.48,4.75,,Industrials,Commercial & Professional Services,First Lien,,"Dispatch Acquisition Holdings, LLC"
GBDC,0001476765,0001476765-26-000048,10-Q,2026-06-30,2026-08-03,"Dispatch Acquisition Holdings, LLC | One stop 3 | Non-Affiliated Issuer","Dispatch Acquisition Holdings, LLC","Dispatch Acquisition Holdings, LLC",First Lien,,,,-1000.0,0.0,0.0,,,,,,,False,,,USD,-1000.0,Commercial Services & Supplies,Unaffiliated,One stop,,2032-11,,,,,,,,,Industrials,Commercial & Professional Services,First Lien,,"Dispatch Acquisition Holdings, LLC"
GBDC,0001476765,0001476765-26-000048,10-Q,2026-06-30,2026-08-03,"Kleinfelder Intermediate, LLC | One stop 1 | Non-Affiliated Issuer","Kleinfelder Intermediate, LLC","Kleinfelder Intermediate, LLC",First Lien,,,,4442000.0,4378000.0,4451000.0,,99.8,4.5,8.16,,,False,,,USD,4442000.0,Commercial Services & Supplies,Unaffiliated,One stop,,2030-09,,,,,0.1,8.16,4.5,,Industrials,Commercial & Professional Services,First Lien,,"Kleinfelder Intermediate, LLC"
GBDC,0001476765,0001476765-26-000048,10-Q,2026-06-30,2026-08-03,"Kleinfelder Intermediate, LLC | One stop 2 | Non-Affiliated Issuer","Kleinfelder Intermediate, LLC","Kleinfelder Intermediate, LLC",First Lien,,,,37000.0,34000.0,39000.0,,94.87,3.5,10.25,,,False,,,USD,37000.0,Commercial Services & Supplies,Unaffiliated,One stop,,2028-09,,,,,,10.25,3.5,,Industrials,Commercial & Professional Services,First Lien,,"Kleinfelder Intermediate, LLC"
GBDC,0001476765,0001476765-26-000048,10-Q,2026-06-30,2026-08-03,"Kleinfelder Intermediate, LLC | One stop 4 | Non-Affiliated Issuer","Kleinfelder Intermediate, LLC","Kleinfelder Intermediate, LLC",First Lien,,,,-1000.0,-1000.0,0.0,,100.0,,,,,False,,,USD,-1000.0,Commercial Services & Supplies,Unaffiliated,One stop,,2030-09,,,,,,,,,Industrials,Commercial & Professional Services,First Lien,,"Kleinfelder Intermediate, LLC"
GBDC,0001476765,0001476765-26-000048,10-Q,2026-06-30,2026-08-03,"Pearl Acquisition Buyer, Inc. | One stop 1 | Non-Affiliated Issuer","Pearl Acquisition Buyer, Inc.","Pearl Acquisition Buyer, Inc.",First Lien,,,,366000.0,366000.0,367000.0,,99.73,4.5,8.24,,,False,,,USD,366000.0,Commercial Services & Supplies,Unaffiliated,One stop,,2032-12,,,,,,8.24,4.5,,Industrials,Commercial & Professional Services,First Lien,Alliance Technical Group,"Pearl Acquisition Buyer, Inc."
GBDC,0001476765,0001476765-26-000048,10-Q,2026-06-30,2026-08-03,"Pearl Acquisition Buyer, Inc. | One stop 3 | Non-Affiliated Issuer","Pearl Acquisition Buyer, Inc.","Pearl Acquisition Buyer, Inc.",First Lien,,,,0.0,0.0,0.0,,,,,,,False,,,USD,0.0,,,,,,,,,,,,,,Industrials,Commercial & Professional Services,First Lien,Alliance Technical Group,"Pearl Acquisition Buyer, Inc."
GBDC,0001476765,0001476765-26-000048,10-Q,2026-06-30,2026-08-03,"Profile Products, LLC | One stop 1 | Non-Affiliated Issuer","Profile Products, LLC","Profile Products, LLC",First Lien,,,,10667000.0,10677000.0,10722000.0,,99.49,5.5,9.28,,,False,,,USD,10667000.0,Commercial Services & Supplies,Unaffiliated,One stop,,2027-11,,,,,0.3,9.28,5.5,,Industrials,Commercial & Professional Services,First Lien,,"Profile Products, LLC"
GBDC,0001476765,0001476765-26-000048,10-Q,2026-06-30,2026-08-03,"Profile Products, LLC | One stop 4 | Non-Affiliated Issuer","Profile Products, LLC","Profile Products, LLC",First Lien,,,,24000.0,24000.0,24000.0,,100.0,4.5,11.25,,,False,,,USD,24000.0,Commercial Services & Supplies,Unaffiliated,One stop,,2027-11,,,,,,11.25,4.5,,Industrials,Commercial & Professional Services,First Lien,,"Profile Products, LLC"
GBDC,0001476765,0001476765-26-000048,10-Q,2026-06-30,2026-08-03,"PSC Parent, Inc. | One stop 1 | Non-Affiliated Issuer","PSC Parent, Inc.","PSC Parent, Inc.",First Lien,,,,7552000.0,7594000.0,7607000.0,,99.28,5.25,8.89,,,False,,,USD,7552000.0,Commercial Services & Supplies,Unaffiliated,One stop,,2031-04,,,,,0.2,8.89,5.25,,Industrials,Commercial & Professional Services,First Lien,PSC Group,"PSC Parent, Inc."
GBDC,0001476765,0001476765-26-000048,10-Q,2026-06-30,2026-08-03,"PSC Parent, Inc. | One stop 2 | Non-Affiliated Issuer","PSC Parent, Inc.","PSC Parent, Inc.",First Lien,,,,316000.0,316000.0,320000.0,,98.75,5.25,8.89,,,False,,,USD,316000.0,Commercial Services & Supplies,Unaffiliated,One stop,,2030-04,,,,,,8.89,5.25,,Industrials,Commercial & Professional Services,First Lien,PSC Group,"PSC Parent, Inc."
GBDC,0001476765,0001476765-26-000048,10-Q,2026-06-30,2026-08-03,"PT Intermediate Holdings III, LLC | One stop | Non-Affiliated Issuer","PT Intermediate Holdings III, LLC","PT Intermediate Holdings III, LLC",First Lien,,,,21476000.0,21502000.0,21514000.0,,99.82,4.75,8.48,,,False,,,USD,21476000.0,Commercial Services & Supplies,Unaffiliated,One stop,,2030-04,,,,,0.5,7.25,5.0,,Industrials,Commercial & Professional Services,First Lien,Parts Town,"PT Intermediate Holdings III, LLC"
GBDC,0001476765,0001476765-26-000048,10-Q,2026-06-30,2026-08-03,"Radwell Parent, LLC | One stop 1 | Non-Affiliated Issuer","Radwell Parent, LLC","Radwell Parent, LLC",First Lien,,,,65817000.0,66307000.0,66652000.0,,98.75,4.75,8.48,,,False,,,USD,65817000.0,Commercial Services & Supplies,Unaffiliated,One stop,,2030-04,,,,,,8.48,4.75,,Industrials,Commercial & Professional Services,First Lien,Radwell International,"Radwell Parent, LLC"
GBDC,0001476765,0001476765-26-000048,10-Q,2026-06-30,2026-08-03,Trinity Air Consultants Holdings Corporation | One stop 1 | Non-Affiliated Issuer,Trinity Air Consultants Holdings Corporation,Trinity Air Consultants Holdings Corporation,First Lien,,,,5843000.0,5869000.0,5891000.0,,99.19,4.25,8.01,,,False,,,USD,5843000.0,Commercial Services & Supplies,Unaffiliated,One stop,,2029-06,,,,,0.1,8.01,4.25,,Industrials,Commercial & Professional Services,First Lien,,Trinity Air Consultants Holdings Corporation
GBDC,0001476765,0001476765-26-000048,10-Q,2026-06-30,2026-08-03,Trinity Air Consultants Holdings Corporation | One stop 2 | Non-Affiliated Issuer,Trinity Air Consultants Holdings Corporation,Trinity Air Consultants Holdings Corporation,First Lien,,,,-4000.0,-2000.0,0.0,,200.0,,,,,False,,,USD,-4000.0,Commercial Services & Supplies,Unaffiliated,One stop,,2029-06,,,,,,,,,Industrials,Commercial & Professional Services,First Lien,,Trinity Air Consultants Holdings Corporation
GBDC,0001476765,0001476765-26-000048,10-Q,2026-06-30,2026-08-03,WRE Holding Corp. | One stop 1 | Non-Affiliated Issuer,WRE Holding Corp.,WRE Holding Corp.,First Lien,,,,-12000.0,-4000.0,0.0,,300.0,,,,,False,,,USD,-12000.0,Commercial Services & Supplies,Unaffiliated,One stop,,2031-07,,,,,,,,,Industrials,Commercial & Professional Services,First Lien,,WRE Holding Corp.
GBDC,0001476765,0001476765-26-000048,10-Q,2026-06-30,2026-08-03,WRE Holding Corp. | One stop 2 | Non-Affiliated Issuer,WRE Holding Corp.,WRE Holding Corp.,First Lien,,,,20499000.0,20632000.0,20765000.0,,98.72,5.0,8.83,,,False,,,USD,20499000.0,Commercial Services & Supplies,Unaffiliated,One stop,,2031-07,,,,,,8.83,5.0,,Industrials,Commercial & Professional Services,First Lien,,WRE Holding Corp.
GBDC,0001476765,0001476765-26-000048,10-Q,2026-06-30,2026-08-03,WRE Holding Corp. | One stop 3 | Non-Affiliated Issuer,WRE Holding Corp.,WRE Holding Corp.,First Lien,,,,1156000.0,1167000.0,1183000.0,,97.72,5.0,8.79,,,False,,,USD,1156000.0,Commercial Services & Supplies,Unaffiliated,One stop,,2030-07,,,,,,8.79,5.0,,Industrials,Commercial & Professional Services,First Lien,,WRE Holding Corp.
GBDC,0001476765,0001476765-26-000048,10-Q,2026-06-30,2026-08-03,Lightning Finco Limited | One stop 1 | Non-Affiliated Issuer,Lightning Finco Limited,Lightning Finco Limited,First Lien,,,,16289000.0,16537000.0,16537000.0,,98.5,5.75,9.8,,,False,,,USD,16289000.0,Communications Equipment,Unaffiliated,One stop,,2028-09,,,,,0.4,9.8,5.75,,Information Technology,Technology Hardware & Equipment,First Lien,,Lightning Finco Limited
GBDC,0001476765,0001476765-26-000048,10-Q,2026-06-30,2026-08-03,"Consor Intermediate II, LLC | One stop 1 | Non-Affiliated Issuer","Consor Intermediate II, LLC","Consor Intermediate II, LLC",First Lien,,,,5760000.0,5809000.0,5809000.0,,99.16,4.5,8.23,,,False,,,USD,5760000.0,Construction & Engineering,Unaffiliated,One stop,,2031-05,,,,,0.2,8.23,4.5,,Industrials,Capital Goods,First Lien,CONSOR,"Consor Intermediate II, LLC"
GBDC,0001476765,0001476765-26-000048,10-Q,2026-06-30,2026-08-03,"Consor Intermediate II, LLC | One stop 2 | Non-Affiliated Issuer","Consor Intermediate II, LLC","Consor Intermediate II, LLC",First Lien,,,,-15000.0,-6000.0,0.0,,250.0,,,,,False,,,USD,-15000.0,Construction & Engineering,Unaffiliated,One stop,,2031-05,,,,,,,,,Industrials,Capital Goods,First Lien,CONSOR,"Consor Intermediate II, LLC"
GBDC,0001476765,0001476765-26-000048,10-Q,2026-06-30,2026-08-03,"DCCM, LLC | One stop 1 | Non-Affiliated Issuer","DCCM, LLC","DCCM, LLC",First Lien,,,,597000.0,593000.0,597000.0,,100.0,4.75,8.39,,,False,,,USD,597000.0,Construction & Engineering,Unaffiliated,One stop,,2032-06,,,,,,8.39,4.75,,Industrials,Capital Goods,First Lien,,"DCCM, LLC"
GBDC,0001476765,0001476765-26-000048,10-Q,2026-06-30,2026-08-03,"DCCM, LLC | One stop 2 | Non-Affiliated Issuer","DCCM, LLC","DCCM, LLC",First Lien,,,,0.0,0.0,0.0,,,,,,,False,,,USD,0.0,,,,,,,,,,,,,,Industrials,Capital Goods,First Lien,,"DCCM, LLC"
GBDC,0001476765,0001476765-26-000048,10-Q,2026-06-30,2026-08-03,Royal Holdco Corporation | One stop 1 | Non-Affiliated Issuer,Royal Holdco Corporation,Royal Holdco Corporation,First Lien,,,,7839000.0,7852000.0,7910000.0,,99.1,4.5,8.18,,,False,,,USD,7839000.0,Construction & Engineering,Unaffiliated,One stop,,2030-12,,,,,,8.18,4.5,,Industrials,Capital Goods,First Lien,,Royal Holdco Corporation
GBDC,0001476765,0001476765-26-000048,10-Q,2026-06-30,2026-08-03,Chase Intermediate | One stop 1 | Non-Affiliated Issuer,Chase Intermediate,Chase Intermediate,First Lien,,,,51620000.0,53205000.0,52822000.0,,97.72,4.75,8.41,,,False,,,USD,51620000.0,Containers & Packaging,Unaffiliated,One stop,,2028-10,,,,,1.3,8.41,4.75,,Materials,Materials,First Lien,Chase Corporation,Chase Intermediate
GBDC,0001476765,0001476765-26-000048,10-Q,2026-06-30,2026-08-03,"Fortis Solutions Group, LLC | One stop 1 | Non-Affiliated Issuer","Fortis Solutions Group, LLC","Fortis Solutions Group, LLC",First Lien,,,,53011000.0,53035000.0,53348000.0,,99.37,5.5,9.33,,,False,,,USD,53011000.0,Containers & Packaging,Unaffiliated,One stop,,2028-10,,,,,1.4,9.33,5.5,,Materials,Materials,First Lien,,"Fortis Solutions Group, LLC"
GBDC,0001476765,0001476765-26-000048,10-Q,2026-06-30,2026-08-03,"Packaging Coordinators Midco, Inc. | One stop 1 | Non-Affiliated Issuer","Packaging Coordinators Midco, Inc.","Packaging Coordinators Midco, Inc.",First Lien,,,,18335000.0,18500000.0,18692000.0,,98.09,5.0,8.66,,,False,,,USD,18335000.0,Containers & Packaging,Unaffiliated,One stop,,2032-07,,,,,0.2,8.66,5.0,,Materials,Materials,First Lien,PCI Pharma Services,"Packaging Coordinators Midco, Inc."
GBDC,0001476765,0001476765-26-000048,10-Q,2026-06-30,2026-08-03,"Packaging Coordinators Midco, Inc. | One stop 2 | Non-Affiliated Issuer","Packaging Coordinators Midco, Inc.","Packaging Coordinators Midco, Inc.",First Lien,,,,-39000.0,-10000.0,0.0,,390.0,,,,,False,,,USD,-39000.0,Containers & Packaging,Unaffiliated,One stop,,2032-07,,,,,,,,,Materials,Materials,First Lien,PCI Pharma Services,"Packaging Coordinators Midco, Inc."
GBDC,0001476765,0001476765-26-000048,10-Q,2026-06-30,2026-08-03,"ABC Legal Holdings, LLC | One stop 1 | Non-Affiliated Issuer","ABC Legal Holdings, LLC","ABC Legal Holdings, LLC",First Lien,,,,1303000.0,1324000.0,1330000.0,,97.97,4.25,7.91,,,False,,,USD,1303000.0,Diversified Consumer Services,Unaffiliated,One stop,,2032-08,,,,,,7.91,4.25,,Consumer Discretionary,Consumer Services,First Lien,,"ABC Legal Holdings, LLC"
GBDC,0001476765,0001476765-26-000048,10-Q,2026-06-30,2026-08-03,"ABC Legal Holdings, LLC | One stop 2 | Non-Affiliated Issuer","ABC Legal Holdings, LLC","ABC Legal Holdings, LLC",First Lien,,,,-13000.0,-3000.0,0.0,,433.33,,,,,False,,,USD,-13000.0,Diversified Consumer Services,Unaffiliated,One stop,,2032-08,,,,,,,,,Consumer Discretionary,Consumer Services,First Lien,,"ABC Legal Holdings, LLC"
GBDC,0001476765,0001476765-26-000048,10-Q,2026-06-30,2026-08-03,"Action Termite Control, LLC | Senior secured 1 | Non-Affiliated Issuer","Action Termite Control, LLC","Action Termite Control, LLC",First Lien,,,,110000.0,109000.0,110000.0,,100.0,4.25,7.98,,,False,,,USD,110000.0,Diversified Consumer Services,Unaffiliated,Senior secured,,2032-12,,,,,,7.98,4.25,,Consumer Discretionary,Consumer Services,First Lien,,"Action Termite Control, LLC"
GBDC,0001476765,0001476765-26-000048,10-Q,2026-06-30,2026-08-03,"Action Termite Control, LLC | Senior secured 3 | Non-Affiliated Issuer","Action Termite Control, LLC","Action Termite Control, LLC",First Lien,,,,0.0,-2000.0,0.0,,-0.0,,,,,False,,,USD,0.0,,,,,,,,,,,,,,Consumer Discretionary,Consumer Services,First Lien,,"Action Termite Control, LLC"
GBDC,0001476765,0001476765-26-000048,10-Q,2026-06-30,2026-08-03,"Any Hour, LLC | One stop 1 | Non-Affiliated Issuer","Any Hour, LLC","Any Hour, LLC",First Lien,,,,9603000.0,10168000.0,10223000.0,,93.94,5.75,6.23,,3.25,True,,,USD,9603000.0,Diversified Consumer Services,Unaffiliated,One stop,,2030-05,,,,,0.2,6.23,5.75,,Consumer Discretionary,Consumer Services,First Lien,,"Any Hour, LLC"
GBDC,0001476765,0001476765-26-000048,10-Q,2026-06-30,2026-08-03,"Any Hour, LLC | One stop 2 | Non-Affiliated Issuer","Any Hour, LLC","Any Hour, LLC",First Lien,,,,2670000.0,3570000.0,3608000.0,,74.0,,,,13.0,True,,,USD,2670000.0,Diversified Consumer Services,Unaffiliated,One stop,,2031-05,,,,,0.1,13.0,,,Consumer Discretionary,Consumer Services,First Lien,,"Any Hour, LLC"
GBDC,0001476765,0001476765-26-000048,10-Q,2026-06-30,2026-08-03,"Apex Service Partners, LLC | One stop 1 | Non-Affiliated Issuer","Apex Service Partners, LLC","Apex Service Partners, LLC",First Lien,,,,27458000.0,27737000.0,27789000.0,,98.81,5.0,8.73,,,False,,,USD,27458000.0,Diversified Consumer Services,Unaffiliated,One stop,,2030-10,,,,,0.1,8.73,5.0,,Consumer Discretionary,Consumer Services,First Lien,,"Apex Service Partners, LLC"
GBDC,0001476765,0001476765-26-000048,10-Q,2026-06-30,2026-08-03,"Apex Service Partners, LLC | One stop 4 | Non-Affiliated Issuer","Apex Service Partners, LLC","Apex Service Partners, LLC",First Lien,,,,36000.0,36000.0,37000.0,,97.3,5.0,8.73,,,False,,,USD,36000.0,Diversified Consumer Services,Unaffiliated,One stop,,2029-10,,,,,,8.73,5.0,,Consumer Discretionary,Consumer Services,First Lien,,"Apex Service Partners, LLC"
GBDC,0001476765,0001476765-26-000048,10-Q,2026-06-30,2026-08-03,"Aptive Environmental, LLC | One stop 1 | Non-Affiliated Issuer","Aptive Environmental, LLC","Aptive Environmental, LLC",First Lien,,,,1788000.0,1770000.0,1788000.0,,100.0,4.75,8.39,,,False,,,USD,1788000.0,Diversified Consumer Services,Unaffiliated,One stop,,2032-10,,,,,0.1,8.39,4.75,,Consumer Discretionary,Consumer Services,First Lien,,"Aptive Environmental, LLC"
GBDC,0001476765,0001476765-26-000048,10-Q,2026-06-30,2026-08-03,"Aptive Environmental, LLC | One stop 3 | Non-Affiliated Issuer","Aptive Environmental, LLC","Aptive Environmental, LLC",First Lien,,,,0.0,0.0,0.0,,,,,,,False,,,USD,0.0,,,,,,,,,,,,,,Consumer Discretionary,Consumer Services,First Lien,,"Aptive Environmental, LLC"
GBDC,0001476765,0001476765-26-000048,10-Q,2026-06-30,2026-08-03,"Certus Pest, Inc. | One stop 1 | Non-Affiliated Issuer","Certus Pest, Inc.","Certus Pest, Inc.",First Lien,,,,18264000.0,18431000.0,18472000.0,,98.87,5.25,9.13,,,False,,,USD,18264000.0,Diversified Consumer Services,Unaffiliated,One stop,,2027-08,,,,,,9.13,5.25,,Consumer Discretionary,Consumer Services,First Lien,,"Certus Pest, Inc."
GBDC,0001476765,0001476765-26-000048,10-Q,2026-06-30,2026-08-03,"Certus Pest, Inc. | One stop 14 | Non-Affiliated Issuer","Certus Pest, Inc.","Certus Pest, Inc.",First Lien,,,,-2000.0,0.0,0.0,,,,,,,False,,,USD,-2000.0,Diversified Consumer Services,Unaffiliated,One stop,,2027-08,,,,,,,,,Consumer Discretionary,Consumer Services,First Lien,,"Certus Pest, Inc."
GBDC,0001476765,0001476765-26-000048,10-Q,2026-06-30,2026-08-03,"CHHJ Midco, LLC | Senior secured 1 | Non-Affiliated Issuer","CHHJ Midco, LLC","CHHJ Midco, LLC",First Lien,,,,3693000.0,3688000.0,3693000.0,,100.0,5.0,8.92,,,False,,,USD,3693000.0,Diversified Consumer Services,Unaffiliated,Senior secured,,2028-01,,,,,0.1,8.92,5.0,,Consumer Discretionary,Consumer Services,First Lien,,"CHHJ Midco, LLC"
GBDC,0001476765,0001476765-26-000048,10-Q,2026-06-30,2026-08-03,"CHVAC Services Investment, LLC | One stop 1 | Non-Affiliated Issuer","CHVAC Services Investment, LLC","CHVAC Services Investment, LLC",First Lien,,,,8568000.0,8790000.0,8906000.0,,96.2,4.75,8.48,,,False,,,USD,8568000.0,Diversified Consumer Services,Unaffiliated,One stop,,2030-05,,,,,0.2,8.48,4.75,,Consumer Discretionary,Consumer Services,First Lien,,"CHVAC Services Investment, LLC"
GBDC,0001476765,0001476765-26-000048,10-Q,2026-06-30,2026-08-03,"COP Hometown Acquisitions, Inc. | Senior secured 1 | Non-Affiliated Issuer","COP Hometown Acquisitions, Inc.","COP Hometown Acquisitions, Inc.",First Lien,,,,17706000.0,17829000.0,17880000.0,,99.03,5.25,8.94,,,False,,,USD,17706000.0,Diversified Consumer Services,Unaffiliated,Senior secured,,2027-07,,,,,0.1,9.54,5.25,,Consumer Discretionary,Consumer Services,First Lien,,"COP Hometown Acquisitions, Inc."
GBDC,0001476765,0001476765-26-000048,10-Q,2026-06-30,2026-08-03,"EMS LINQ, LLC | One stop 1 | Non-Affiliated Issuer","EMS LINQ, LLC","EMS LINQ, LLC",First Lien,,,,13691000.0,13987000.0,13971000.0,,98.0,6.25,10.01,,,False,,,USD,13691000.0,Diversified Consumer Services,Unaffiliated,One stop,,2027-12,,,,,0.4,10.01,6.25,,Consumer Discretionary,Consumer Services,First Lien,,"EMS LINQ, LLC"
GBDC,0001476765,0001476765-26-000048,10-Q,2026-06-30,2026-08-03,"Entomo Brands Acquisitions, Inc. | Senior secured 1 | Non-Affiliated Issuer","Entomo Brands Acquisitions, Inc.","Entomo Brands Acquisitions, Inc.",First Lien,,,,5747000.0,5753000.0,5775000.0,,99.52,5.25,8.98,,,False,,,USD,5747000.0,Diversified Consumer Services,Unaffiliated,Senior secured,,2029-07,,,,,0.1,8.98,5.25,,Consumer Discretionary,Consumer Services,First Lien,,"Entomo Brands Acquisitions, Inc."
GBDC,0001476765,0001476765-26-000048,10-Q,2026-06-30,2026-08-03,"Entomo Brands Acquisitions, Inc. | Senior secured 2 | Non-Affiliated Issuer","Entomo Brands Acquisitions, Inc.","Entomo Brands Acquisitions, Inc.",First Lien,,,,0.0,0.0,0.0,,,,,,,False,,,USD,0.0,,,,,,,,,,,,,,Consumer Discretionary,Consumer Services,First Lien,,"Entomo Brands Acquisitions, Inc."
GBDC,0001476765,0001476765-26-000048,10-Q,2026-06-30,2026-08-03,"Entomo Brands Acquisitions, Inc. | One stop | Non-Affiliated Issuer","Entomo Brands Acquisitions, Inc.","Entomo Brands Acquisitions, Inc.",First Lien,,,,-1000.0,-1000.0,0.0,,100.0,,,,,False,,,USD,-1000.0,Diversified Consumer Services,Unaffiliated,One stop,,2029-07,,,,,,,,,Consumer Discretionary,Consumer Services,First Lien,,"Entomo Brands Acquisitions, Inc."
GBDC,0001476765,0001476765-26-000048,10-Q,2026-06-30,2026-08-03,"EWC Growth Partners, LLC | One stop 1 | Non-Affiliated Issuer","EWC Growth Partners, LLC","EWC Growth Partners, LLC",First Lien,,,,1816000.0,2065000.0,2113000.0,,85.94,6.0,9.88,,,False,,,USD,1816000.0,Diversified Consumer Services,Unaffiliated,One stop,,2027-03,,,,,,9.88,6.0,,Consumer Discretionary,Consumer Services,First Lien,,"EWC Growth Partners, LLC"
GBDC,0001476765,0001476765-26-000048,10-Q,2026-06-30,2026-08-03,"FPG Intermediate Holdco, LLC | One stop 1 | Non-Affiliated Issuer","FPG Intermediate Holdco, LLC","FPG Intermediate Holdco, LLC",First Lien,,,,8816000.0,9296000.0,9912000.0,,88.94,5.0,,,8.67,True,,,USD,8816000.0,Diversified Consumer Services,Unaffiliated,One stop,,2029-06,,,,,,8.67,5.0,,Consumer Discretionary,Consumer Services,First Lien,,"FPG Intermediate Holdco, LLC"
GBDC,0001476765,0001476765-26-000048,10-Q,2026-06-30,2026-08-03,"FSS Buyer, LLC | One stop 1 | Non-Affiliated Issuer","FSS Buyer, LLC","FSS Buyer, LLC",First Lien,,,,-2000.0,0.0,0.0,,,,,,,False,,,USD,-2000.0,Diversified Consumer Services,Unaffiliated,One stop,,2030-08,,,,,,,,,Consumer Discretionary,Consumer Services,First Lien,,"FSS Buyer, LLC"
GBDC,0001476765,0001476765-26-000048,10-Q,2026-06-30,2026-08-03,"FSS Buyer, LLC | One stop 2 | Non-Affiliated Issuer","FSS Buyer, LLC","FSS Buyer, LLC",First Lien,,,,6590000.0,6794000.0,6829000.0,,96.5,4.5,8.14,,,False,,,USD,6590000.0,Diversified Consumer Services,Unaffiliated,One stop,,2031-08,,,,,0.2,8.14,4.5,,Consumer Discretionary,Consumer Services,First Lien,,"FSS Buyer, LLC"
GBDC,0001476765,0001476765-26-000048,10-Q,2026-06-30,2026-08-03,"HS Spa Holdings, Inc. | One stop 1 | Non-Affiliated Issuer","HS Spa Holdings, Inc.","HS Spa Holdings, Inc.",First Lien,,,,12025000.0,12012000.0,12025000.0,,100.0,5.25,8.92,,,False,,,USD,12025000.0,Diversified Consumer Services,Unaffiliated,One stop,,2029-06,,,,,0.3,8.92,5.25,,Consumer Discretionary,Consumer Services,First Lien,,"HS Spa Holdings, Inc."
GBDC,0001476765,0001476765-26-000048,10-Q,2026-06-30,2026-08-03,"HS Spa Holdings, Inc. | One stop 2 | Non-Affiliated Issuer","HS Spa Holdings, Inc.","HS Spa Holdings, Inc.",First Lien,,,,60000.0,60000.0,60000.0,,100.0,5.25,9.41,,,False,,,USD,60000.0,Diversified Consumer Services,Unaffiliated,One stop,,2028-06,,,,,,9.41,5.25,,Consumer Discretionary,Consumer Services,First Lien,,"HS Spa Holdings, Inc."
GBDC,0001476765,0001476765-26-000048,10-Q,2026-06-30,2026-08-03,"Kodiak Buyer, LLC | One stop 1 | Non-Affiliated Issuer","Kodiak Buyer, LLC","Kodiak Buyer, LLC",First Lien,,,,614000.0,611000.0,614000.0,,100.0,4.25,7.98,,,False,,,USD,614000.0,Diversified Consumer Services,Unaffiliated,One stop,,2032-07,,,,,,8.5,4.5,,Consumer Discretionary,Consumer Services,First Lien,,"Kodiak Buyer, LLC"
GBDC,0001476765,0001476765-26-000048,10-Q,2026-06-30,2026-08-03,"Kodiak Buyer, LLC | One stop 2 | Non-Affiliated Issuer","Kodiak Buyer, LLC","Kodiak Buyer, LLC",First Lien,,,,0.0,-1000.0,0.0,,-0.0,,,,,False,,,USD,0.0,,,,,,,,,,,,,,Consumer Discretionary,Consumer Services,First Lien,,"Kodiak Buyer, LLC"
GBDC,0001476765,0001476765-26-000048,10-Q,2026-06-30,2026-08-03,"Kodiak Buyer, LLC | One stop 3 | Non-Affiliated Issuer","Kodiak Buyer, LLC","Kodiak Buyer, LLC",First Lien,,,,19000.0,18000.0,19000.0,,100.0,4.25,7.9,,,False,,,USD,19000.0,Diversified Consumer Services,Unaffiliated,One stop,,2032-07,,,,,,7.9,4.25,,Consumer Discretionary,Consumer Services,First Lien,,"Kodiak Buyer, LLC"
GBDC,0001476765,0001476765-26-000048,10-Q,2026-06-30,2026-08-03,"Liminex, Inc. | One stop 1 | Non-Affiliated Issuer","Liminex, Inc.","Liminex, Inc.",First Lien,,,,93538000.0,93161000.0,94007000.0,,99.5,6.25,10.06,,,False,,,USD,93538000.0,Diversified Consumer Services,Unaffiliated,One stop,,2027-05,,,,,1.0,10.06,6.25,,Consumer Discretionary,Consumer Services,First Lien,GoGuardian,"Liminex, Inc."
GBDC,0001476765,0001476765-26-000048,10-Q,2026-06-30,2026-08-03,"Litera Bidco, LLC | One stop 1 | Non-Affiliated Issuer","Litera Bidco, LLC","Litera Bidco, LLC",First Lien,,,,7040000.0,7152000.0,7150000.0,,98.46,5.0,8.64,,,False,,,USD,7040000.0,Diversified Consumer Services,Unaffiliated,One stop,,2028-05,,,,,0.2,8.64,5.0,,Consumer Discretionary,Consumer Services,First Lien,,"Litera Bidco, LLC"
GBDC,0001476765,0001476765-26-000048,10-Q,2026-06-30,2026-08-03,"Litera Bidco, LLC | One stop 3 | Non-Affiliated Issuer","Litera Bidco, LLC","Litera Bidco, LLC",First Lien,,,,-15000.0,-2000.0,0.0,,750.0,,,,,False,,,USD,-15000.0,Diversified Consumer Services,Unaffiliated,One stop,,2028-05,,,,,,,,,Consumer Discretionary,Consumer Services,First Lien,,"Litera Bidco, LLC"
GBDC,0001476765,0001476765-26-000048,10-Q,2026-06-30,2026-08-03,"Mario Purchaser, LLC | One stop 1 | Non-Affiliated Issuer","Mario Purchaser, LLC","Mario Purchaser, LLC",First Lien,,,,15801000.0,16933000.0,16989000.0,,93.01,6.0,7.83,,2.0,True,,,USD,15801000.0,Diversified Consumer Services,Unaffiliated,One stop,,2029-10,,,,,,7.83,6.0,,Consumer Discretionary,Consumer Services,First Lien,Len the Plumber,"Mario Purchaser, LLC"
GBDC,0001476765,0001476765-26-000048,10-Q,2026-06-30,2026-08-03,"Mario Purchaser, LLC | One stop 3 | Non-Affiliated Issuer","Mario Purchaser, LLC","Mario Purchaser, LLC",First Lien,,,,4294000.0,5594000.0,5577000.0,,76.99,,,,14.58,True,,,USD,4294000.0,Diversified Consumer Services,Unaffiliated,One stop,,2032-04,,,,,0.1,14.58,,,Consumer Discretionary,Consumer Services,First Lien,Len the Plumber,"Mario Purchaser, LLC"
GBDC,0001476765,0001476765-26-000048,10-Q,2026-06-30,2026-08-03,"Mario Purchaser, LLC | One stop 5 | Non-Affiliated Issuer","Mario Purchaser, LLC","Mario Purchaser, LLC",First Lien,,,,48000.0,58000.0,58000.0,,82.76,5.75,9.58,,,False,,,USD,48000.0,Diversified Consumer Services,Unaffiliated,One stop,,2029-10,,,,,,9.58,5.75,,Consumer Discretionary,Consumer Services,First Lien,Len the Plumber,"Mario Purchaser, LLC"
GBDC,0001476765,0001476765-26-000048,10-Q,2026-06-30,2026-08-03,"NSG Buyer, Inc. | One stop 1 | Non-Affiliated Issuer","NSG Buyer, Inc.","NSG Buyer, Inc.",First Lien,,,,41233000.0,41350000.0,41544000.0,,99.25,5.0,8.73,,,False,,,USD,41233000.0,Diversified Consumer Services,Unaffiliated,One stop,,2029-11,,,,,1.1,8.73,5.0,,Consumer Discretionary,Consumer Services,First Lien,[National Services Group],"NSG Buyer, Inc."
GBDC,0001476765,0001476765-26-000048,10-Q,2026-06-30,2026-08-03,"NSG Buyer, Inc. | One stop 2 | Non-Affiliated Issuer","NSG Buyer, Inc.","NSG Buyer, Inc.",First Lien,,,,140000.0,142000.0,145000.0,,96.55,5.0,8.73,,,False,,,USD,140000.0,Diversified Consumer Services,Unaffiliated,One stop,,2028-11,,,,,,8.73,5.0,,Consumer Discretionary,Consumer Services,First Lien,[National Services Group],"NSG Buyer, Inc."
GBDC,0001476765,0001476765-26-000048,10-Q,2026-06-30,2026-08-03,"NSG Buyer, Inc. | One stop 3 | Non-Affiliated Issuer","NSG Buyer, Inc.","NSG Buyer, Inc.",First Lien,,,,-25000.0,-12000.0,0.0,,208.33,,,,,False,,,USD,-25000.0,Diversified Consumer Services,Unaffiliated,One stop,,2029-11,,,,,,,,,Consumer Discretionary,Consumer Services,First Lien,[National Services Group],"NSG Buyer, Inc."
GBDC,0001476765,0001476765-26-000048,10-Q,2026-06-30,2026-08-03,"PADI Holdco, Inc. | One stop 1 | Non-Affiliated Issuer","PADI Holdco, Inc.","PADI Holdco, Inc.",First Lien,,,,43199000.0,42935000.0,43199000.0,,100.0,5.0,8.82,,,False,,,USD,43199000.0,Diversified Consumer Services,Unaffiliated,One stop,,2029-01,,,,,,8.82,5.0,,Consumer Discretionary,Consumer Services,First Lien,PADI,"PADI Holdco, Inc."
GBDC,0001476765,0001476765-26-000048,10-Q,2026-06-30,2026-08-03,"PADI Holdco, Inc. | One stop 6 | Non-Affiliated Issuer","PADI Holdco, Inc.","PADI Holdco, Inc.",First Lien,,,,7785000.0,7037000.0,7785000.0,,100.0,5.5,10.0,,,False,,,USD,7785000.0,Diversified Consumer Services,Unaffiliated,One stop,,2029-01,,,,,0.2,10.0,5.5,,Consumer Discretionary,Consumer Services,First Lien,PADI,"PADI Holdco, Inc."
GBDC,0001476765,0001476765-26-000048,10-Q,2026-06-30,2026-08-03,"Provenance Buyer, LLC | One stop 1 | Non-Affiliated Issuer","Provenance Buyer, LLC","Provenance Buyer, LLC",First Lien,,,,34179000.0,34046000.0,34179000.0,,100.0,5.0,8.83,,,False,,,USD,34179000.0,Diversified Consumer Services,Unaffiliated,One stop,,2027-06,,,,,0.6,8.83,5.0,,Consumer Discretionary,Consumer Services,First Lien,,"Provenance Buyer, LLC"
GBDC,0001476765,0001476765-26-000048,10-Q,2026-06-30,2026-08-03,"Provenance Buyer, LLC | One stop 3 | Non-Affiliated Issuer","Provenance Buyer, LLC","Provenance Buyer, LLC",First Lien,,,,0.0,-3000.0,0.0,,-0.0,,,,,False,,,USD,0.0,,,,,,,,,,,,,,Consumer Discretionary,Consumer Services,First Lien,,"Provenance Buyer, LLC"
GBDC,0001476765,0001476765-26-000048,10-Q,2026-06-30,2026-08-03,"Salisbury House, LLC | One stop 1 | Non-Affiliated Issuer","Salisbury House, LLC","Salisbury House, LLC",First Lien,,,,-2000.0,-1000.0,0.0,,200.0,,,,,False,,,USD,-2000.0,Diversified Consumer Services,Unaffiliated,One stop,,2032-08,,,,,,,,,Consumer Discretionary,Consumer Services,First Lien,,"Salisbury House, LLC"
GBDC,0001476765,0001476765-26-000048,10-Q,2026-06-30,2026-08-03,"Salisbury House, LLC | One stop 2 | Non-Affiliated Issuer","Salisbury House, LLC","Salisbury House, LLC",First Lien,,,,1547000.0,1555000.0,1563000.0,,98.98,4.75,8.39,,,False,,,USD,1547000.0,Diversified Consumer Services,Unaffiliated,One stop,,2032-08,,,,,,8.39,4.75,,Consumer Discretionary,Consumer Services,First Lien,,"Salisbury House, LLC"
GBDC,0001476765,0001476765-26-000048,10-Q,2026-06-30,2026-08-03,"SCP CDH Buyer, Inc. | One stop 1 | Non-Affiliated Issuer","SCP CDH Buyer, Inc.","SCP CDH Buyer, Inc.",First Lien,,,,423000.0,423000.0,425000.0,,99.53,4.5,8.23,,,False,,,USD,423000.0,Diversified Consumer Services,Unaffiliated,One stop,,2032-12,,,,,,8.23,4.5,,Consumer Discretionary,Consumer Services,First Lien,,"SCP CDH Buyer, Inc."
GBDC,0001476765,0001476765-26-000048,10-Q,2026-06-30,2026-08-03,"SCP CDH Buyer, Inc. | One stop 3 | Non-Affiliated Issuer","SCP CDH Buyer, Inc.","SCP CDH Buyer, Inc.",First Lien,,,,0.0,0.0,0.0,,,,,,,False,,,USD,0.0,,,,,,,,,,,,,,Consumer Discretionary,Consumer Services,First Lien,,"SCP CDH Buyer, Inc."
GBDC,0001476765,0001476765-26-000048,10-Q,2026-06-30,2026-08-03,"Severin Acquisition, LLC | One stop 1 | Non-Affiliated Issuer","Severin Acquisition, LLC","Severin Acquisition, LLC",First Lien,,,,36691000.0,37709000.0,37996000.0,,96.57,5.0,6.39,,2.25,True,,,USD,36691000.0,Diversified Consumer Services,Unaffiliated,One stop,,2031-10,,,,,1.0,6.39,5.0,,Consumer Discretionary,Consumer Services,First Lien,PowerSchool,"Severin Acquisition, LLC"
GBDC,0001476765,0001476765-26-000048,10-Q,2026-06-30,2026-08-03,"Severin Acquisition, LLC | One stop 2 | Non-Affiliated Issuer","Severin Acquisition, LLC","Severin Acquisition, LLC",First Lien,,,,2089000.0,2189000.0,2223000.0,,93.97,4.75,8.39,,,False,,,USD,2089000.0,Diversified Consumer Services,Unaffiliated,One stop,,2031-10,,,,,0.1,8.39,4.75,,Consumer Discretionary,Consumer Services,First Lien,PowerSchool,"Severin Acquisition, LLC"
GBDC,0001476765,0001476765-26-000048,10-Q,2026-06-30,2026-08-03,"Stellar Brands, LLC | Senior secured 1 | Non-Affiliated Issuer","Stellar Brands, LLC","Stellar Brands, LLC",First Lien,,,,7097000.0,7056000.0,7097000.0,,100.0,4.5,8.14,,,False,,,USD,7097000.0,Diversified Consumer Services,Unaffiliated,Senior secured,,2031-02,,,,,0.2,8.14,4.5,,Consumer Discretionary,Consumer Services,First Lien,,"Stellar Brands, LLC"
GBDC,0001476765,0001476765-26-000048,10-Q,2026-06-30,2026-08-03,"Stellar Brands, LLC | Senior secured 2 | Non-Affiliated Issuer","Stellar Brands, LLC","Stellar Brands, LLC",First Lien,,,,0.0,-4000.0,0.0,,-0.0,,,,,False,,,USD,0.0,,,,,,,,,,,,,,Consumer Discretionary,Consumer Services,First Lien,,"Stellar Brands, LLC"
GBDC,0001476765,0001476765-26-000048,10-Q,2026-06-30,2026-08-03,"Virginia Green Acquisition, LLC | One stop 1 | Non-Affiliated Issuer","Virginia Green Acquisition, LLC","Virginia Green Acquisition, LLC",First Lien,,,,-4000.0,-5000.0,0.0,,80.0,,,,,False,,,USD,-4000.0,Diversified Consumer Services,Unaffiliated,One stop,,2030-12,,,,,,,,,Consumer Discretionary,Consumer Services,First Lien,,"Virginia Green Acquisition, LLC"
GBDC,0001476765,0001476765-26-000048,10-Q,2026-06-30,2026-08-03,"Virginia Green Acquisition, LLC | One stop 2 | Non-Affiliated Issuer","Virginia Green Acquisition, LLC","Virginia Green Acquisition, LLC",First Lien,,,,3320000.0,3364000.0,3335000.0,,99.55,5.25,9.08,,,False,,,USD,3320000.0,Diversified Consumer Services,Unaffiliated,One stop,,2030-12,,,,,0.1,9.08,5.25,,Consumer Discretionary,Consumer Services,First Lien,,"Virginia Green Acquisition, LLC"
GBDC,0001476765,0001476765-26-000048,10-Q,2026-06-30,2026-08-03,"Virginia Green Acquisition, LLC | One stop 3 | Non-Affiliated Issuer","Virginia Green Acquisition, LLC","Virginia Green Acquisition, LLC",First Lien,,,,0.0,0.0,0.0,,,,,,,False,,,USD,0.0,,,,,,,,,,,,,,Consumer Discretionary,Consumer Services,First Lien,,"Virginia Green Acquisition, LLC"
GBDC,0001476765,0001476765-26-000048,10-Q,2026-06-30,2026-08-03,"Baker Tilly Advisory Group, LP | One stop 1 | Non-Affiliated Issuer","Baker Tilly Advisory Group, LP","Baker Tilly Advisory Group, LP",First Lien,,,,-6000.0,-10000.0,0.0,,60.0,,,,,False,,,USD,-6000.0,Diversified Financial Services,Unaffiliated,One stop,,2030-06,,,,,,,,,Financials,Diversified Financials,First Lien,Baker Tilly,"Baker Tilly Advisory Group, LP"
GBDC,0001476765,0001476765-26-000048,10-Q,2026-06-30,2026-08-03,"Baker Tilly Advisory Group, LP | One stop 2 | Non-Affiliated Issuer","Baker Tilly Advisory Group, LP","Baker Tilly Advisory Group, LP",First Lien,,,,3772000.0,3698000.0,3734000.0,,101.02,4.75,8.39,,,False,,,USD,3772000.0,Diversified Financial Services,Unaffiliated,One stop,,2031-06,,,,,0.1,8.39,4.75,,Financials,Diversified Financials,First Lien,Baker Tilly,"Baker Tilly Advisory Group, LP"
GBDC,0001476765,0001476765-26-000048,10-Q,2026-06-30,2026-08-03,"Baker Tilly Advisory Group, LP | One stop 3 | Non-Affiliated Issuer","Baker Tilly Advisory Group, LP","Baker Tilly Advisory Group, LP",First Lien,,,,6710000.0,6707000.0,6735000.0,,99.63,4.25,7.89,,,False,,,USD,6710000.0,Diversified Financial Services,Unaffiliated,One stop,,2031-06,,,,,0.2,7.89,4.25,,Financials,Diversified Financials,First Lien,Baker Tilly,"Baker Tilly Advisory Group, LP"
GBDC,0001476765,0001476765-26-000048,10-Q,2026-06-30,2026-08-03,"Banker's Toolbox, Inc. | One stop 1 | Non-Affiliated Issuer","Banker's Toolbox, Inc.","Banker's Toolbox, Inc.",First Lien,,,,20839000.0,20840000.0,20944000.0,,99.5,4.5,8.35,,,False,,,USD,20839000.0,Diversified Financial Services,Unaffiliated,One stop,,2029-07,,,,,0.6,8.35,4.5,,Financials,Diversified Financials,First Lien,,"Banker's Toolbox, Inc."
GBDC,0001476765,0001476765-26-000048,10-Q,2026-06-30,2026-08-03,"Banker's Toolbox, Inc. | One stop 2 | Non-Affiliated Issuer","Banker's Toolbox, Inc.","Banker's Toolbox, Inc.",First Lien,,,,-3000.0,-1000.0,0.0,,300.0,,,,,False,,,USD,-3000.0,Diversified Financial Services,Unaffiliated,One stop,,2029-07,,,,,,,,,Financials,Diversified Financials,First Lien,,"Banker's Toolbox, Inc."
GBDC,0001476765,0001476765-26-000048,10-Q,2026-06-30,2026-08-03,Ceres Groupe SAS & Ceres PikCo | One stop 1 | Non-Affiliated Issuer,Ceres Groupe SAS & Ceres PikCo,Ceres Groupe SAS & Ceres PikCo,First Lien,,,,19131000.0,18308000.0,19422000.0,,98.5,4.75,6.9,,,False,,,USD,19131000.0,Diversified Financial Services,Unaffiliated,One stop,,2031-07,,,,,0.4,6.9,4.75,,Financials,Diversified Financials,First Lien,,Ceres Groupe SAS & Ceres PikCo
GBDC,0001476765,0001476765-26-000048,10-Q,2026-06-30,2026-08-03,Ceres Groupe SAS & Ceres PikCo | One stop 2 | Non-Affiliated Issuer,Ceres Groupe SAS & Ceres PikCo,Ceres Groupe SAS & Ceres PikCo,First Lien,,,,7419000.0,7684000.0,7532000.0,,98.5,5.25,7.54,,,False,,,USD,7419000.0,Diversified Financial Services,Unaffiliated,One stop,,2031-07,,,,,0.2,7.54,5.25,,Financials,Diversified Financials,First Lien,,Ceres Groupe SAS & Ceres PikCo
GBDC,0001476765,0001476765-26-000048,10-Q,2026-06-30,2026-08-03,Ceres Groupe SAS & Ceres PikCo | Subordinated debt | Non-Affiliated Issuer,Ceres Groupe SAS & Ceres PikCo,Ceres Groupe SAS & Ceres PikCo,Subordinated,,,,2231000.0,2200000.0,2324000.0,,96.0,8.0,,,10.15,True,,,USD,2231000.0,Diversified Financial Services,Unaffiliated,Subordinated debt,,2032-07,,,,,0.1,10.15,8.0,,Financials,Diversified Financials,Subordinated,,Ceres Groupe SAS & Ceres PikCo
GBDC,0001476765,0001476765-26-000048,10-Q,2026-06-30,2026-08-03,Ceres Groupe SAS & Ceres PikCo | One stop 4 | Non-Affiliated Issuer,Ceres Groupe SAS & Ceres PikCo,Ceres Groupe SAS & Ceres PikCo,First Lien,,,,-35000.0,0.0,0.0,,,,,,,False,,,USD,-35000.0,Diversified Financial Services,Unaffiliated,One stop,,2031-07,,,,,,,,,Financials,Diversified Financials,First Lien,,Ceres Groupe SAS & Ceres PikCo
GBDC,0001476765,0001476765-26-000048,10-Q,2026-06-30,2026-08-03,Corsair Blade IV S.A R.L. | One stop 1 | Non-Affiliated Issuer,Corsair Blade IV S.A R.L.,Corsair Blade IV S.A R.L.,First Lien,,,,4303000.0,4746000.0,4976000.0,,86.48,5.75,9.23,,0.25,True,,,USD,4303000.0,Diversified Financial Services,Unaffiliated,One stop,,2030-12,,,,,,9.23,5.75,,Financials,Diversified Financials,First Lien,,Corsair Blade IV S.A R.L.
GBDC,0001476765,0001476765-26-000048,10-Q,2026-06-30,2026-08-03,"Deerfield Dakota Holding, LLC | One stop 1 | Non-Affiliated Issuer","Deerfield Dakota Holding, LLC","Deerfield Dakota Holding, LLC",First Lien,,,,61000.0,61000.0,63000.0,,96.83,5.25,8.9,,,False,,,USD,61000.0,Diversified Financial Services,Unaffiliated,One stop,,2032-09,,,,,,8.9,5.25,,Financials,Diversified Financials,First Lien,Kroll,"Deerfield Dakota Holding, LLC"
GBDC,0001476765,0001476765-26-000048,10-Q,2026-06-30,2026-08-03,"Deerfield Dakota Holding, LLC | One stop 2 | Non-Affiliated Issuer","Deerfield Dakota Holding, LLC","Deerfield Dakota Holding, LLC",First Lien,,,,1839000.0,1844000.0,1860000.0,,98.87,5.75,6.73,,2.75,True,,,USD,1839000.0,Diversified Financial Services,Unaffiliated,One stop,,2032-09,,,,,,6.73,5.75,,Financials,Diversified Financials,First Lien,Kroll,"Deerfield Dakota Holding, LLC"
GBDC,0001476765,0001476765-26-000048,10-Q,2026-06-30,2026-08-03,"Equity Methods, LLC | One stop 1 | Non-Affiliated Issuer","Equity Methods, LLC","Equity Methods, LLC",First Lien,,,,19548000.0,19747000.0,19829000.0,,98.58,4.5,8.23,,,False,,,USD,19548000.0,Diversified Financial Services,Unaffiliated,One stop,,2032-04,,,,,0.5,8.23,4.5,,Financials,Diversified Financials,First Lien,,"Equity Methods, LLC"
GBDC,0001476765,0001476765-26-000048,10-Q,2026-06-30,2026-08-03,"Equity Methods, LLC | One stop 2 | Non-Affiliated Issuer","Equity Methods, LLC","Equity Methods, LLC",First Lien,,,,-115000.0,-34000.0,0.0,,338.24,,,,,False,,,USD,-115000.0,Diversified Financial Services,Unaffiliated,One stop,,2032-04,,,,,,,,,Financials,Diversified Financials,First Lien,,"Equity Methods, LLC"
GBDC,0001476765,0001476765-26-000048,10-Q,2026-06-30,2026-08-03,"Flash Topco, Inc. | One stop 1 | Non-Affiliated Issuer","Flash Topco, Inc.","Flash Topco, Inc.",First Lien,,,,19728000.0,19905000.0,20139000.0,,97.96,5.25,9.01,,,False,,,USD,19728000.0,Diversified Financial Services,Unaffiliated,One stop,,2028-10,,,,,0.4,9.01,5.25,,Financials,Diversified Financials,First Lien,,"Flash Topco, Inc."
GBDC,0001476765,0001476765-26-000048,10-Q,2026-06-30,2026-08-03,"Flash Topco, Inc. | One stop 2 | Non-Affiliated Issuer","Flash Topco, Inc.","Flash Topco, Inc.",First Lien,,,,145000.0,142000.0,145000.0,,100.0,6.5,10.16,,,False,,,USD,145000.0,Diversified Financial Services,Unaffiliated,One stop,,2028-10,,,,,,10.16,6.5,,Financials,Diversified Financials,First Lien,,"Flash Topco, Inc."
GBDC,0001476765,0001476765-26-000048,10-Q,2026-06-30,2026-08-03,"Higginbotham Insurance Agency, Inc. | Senior secured | Non-Affiliated Issuer","Higginbotham Insurance Agency, Inc.","Higginbotham Insurance Agency, Inc.",First Lien,,,,9824000.0,9881000.0,9870000.0,,99.53,4.5,8.14,,,False,,,USD,9824000.0,Diversified Financial Services,Unaffiliated,Senior secured,,2031-06,,,,,,8.14,4.5,,Financials,Diversified Financials,First Lien,,"Higginbotham Insurance Agency, Inc."
GBDC,0001476765,0001476765-26-000048,10-Q,2026-06-30,2026-08-03,Medlar Bidco Limited | One stop 1 | Non-Affiliated Issuer,Medlar Bidco Limited,Medlar Bidco Limited,First Lien,,,,57822000.0,57597000.0,58187000.0,,99.37,4.5,8.23,,,False,,,USD,57822000.0,Diversified Financial Services,Unaffiliated,One stop,,2032-05,,,,,0.7,8.23,4.5,,Financials,Diversified Financials,First Lien,,Medlar Bidco Limited
GBDC,0001476765,0001476765-26-000048,10-Q,2026-06-30,2026-08-03,Medlar Bidco Limited | One stop 2 | Non-Affiliated Issuer,Medlar Bidco Limited,Medlar Bidco Limited,First Lien,,,,-53000.0,-50000.0,0.0,,106.0,,,,,False,,,USD,-53000.0,Diversified Financial Services,Unaffiliated,One stop,,2032-05,,,,,,,,,Financials,Diversified Financials,First Lien,,Medlar Bidco Limited
GBDC,0001476765,0001476765-26-000048,10-Q,2026-06-30,2026-08-03,"Wealth Enhancement Group, LLC | One stop 1 | Non-Affiliated Issuer","Wealth Enhancement Group, LLC","Wealth Enhancement Group, LLC",First Lien,,,,14752000.0,14785000.0,14812000.0,,99.59,4.25,7.94,,,False,,,USD,14752000.0,Diversified Financial Services,Unaffiliated,One stop,,2028-10,,,,,,7.94,4.25,,Financials,Diversified Financials,First Lien,,"Wealth Enhancement Group, LLC"
GBDC,0001476765,0001476765-26-000048,10-Q,2026-06-30,2026-08-03,"Wealth Enhancement Group, LLC | One stop 4 | Non-Affiliated Issuer","Wealth Enhancement Group, LLC","Wealth Enhancement Group, LLC",First Lien,,,,-6000.0,-3000.0,0.0,,200.0,,,,,False,,,USD,-6000.0,Diversified Financial Services,Unaffiliated,One stop,,2028-10,,,,,,,,,Financials,Diversified Financials,First Lien,,"Wealth Enhancement Group, LLC"
GBDC,0001476765,0001476765-26-000048,10-Q,2026-06-30,2026-08-03,"Smart Energy Systems, Inc. | One stop 1 | Non-Affiliated Issuer","Smart Energy Systems, Inc.","Smart Energy Systems, Inc.",First Lien,,,,7336000.0,7230000.0,7336000.0,,100.0,7.5,7.43,,3.75,True,,,USD,7336000.0,Electric Utilities,Unaffiliated,One stop,,2030-01,,,,,0.2,7.43,7.5,,Utilities,Utilities,First Lien,,"Smart Energy Systems, Inc."
GBDC,0001476765,0001476765-26-000048,10-Q,2026-06-30,2026-08-03,CST Holding Company | One stop 1 | Non-Affiliated Issuer,CST Holding Company,CST Holding Company,First Lien,,,,33024000.0,32917000.0,33455000.0,,98.71,5.0,8.74,,,False,,,USD,33024000.0,"Electronic Equipment, Instruments & Components",Unaffiliated,One stop,,2028-11,,,,,0.9,8.74,5.0,,Information Technology,Technology Hardware & Equipment,First Lien,Intoxalock,CST Holding Company
GBDC,0001476765,0001476765-26-000048,10-Q,2026-06-30,2026-08-03,CST Holding Company | One stop 2 | Non-Affiliated Issuer,CST Holding Company,CST Holding Company,First Lien,,,,-2000.0,-2000.0,0.0,,100.0,,,,,False,,,USD,-2000.0,"Electronic Equipment, Instruments & Components",Unaffiliated,One stop,,2028-11,,,,,,,,,Information Technology,Technology Hardware & Equipment,First Lien,Intoxalock,CST Holding Company
GBDC,0001476765,0001476765-26-000048,10-Q,2026-06-30,2026-08-03,"GMF Parent, Inc. | One stop 1 | Non-Affiliated Issuer","GMF Parent, Inc.","GMF Parent, Inc.",First Lien,,,,296000.0,298000.0,299000.0,,99.0,4.5,8.17,,,False,,,USD,296000.0,Food & Staples Retailing,Unaffiliated,One stop,,2032-12,,,,,,,,,Consumer Staples,Food & Staples Retailing,First Lien,Global Market Foods,"GMF Parent, Inc."
GBDC,0001476765,0001476765-26-000048,10-Q,2026-06-30,2026-08-03,"GMF Parent, Inc. | One stop 3 | Non-Affiliated Issuer","GMF Parent, Inc.","GMF Parent, Inc.",First Lien,,,,-1000.0,0.0,0.0,,,,,,,False,,,USD,-1000.0,Food & Staples Retailing,Unaffiliated,One stop,,2032-12,,,,,,,,,Consumer Staples,Food & Staples Retailing,First Lien,Global Market Foods,"GMF Parent, Inc."
GBDC,0001476765,0001476765-26-000048,10-Q,2026-06-30,2026-08-03,"Mendocino Farms, LLC | One stop 1 | Non-Affiliated Issuer","Mendocino Farms, LLC","Mendocino Farms, LLC",First Lien,,,,5651000.0,5615000.0,5651000.0,,100.0,5.5,9.14,,,False,,,USD,5651000.0,Food & Staples Retailing,Unaffiliated,One stop,,2030-03,,,,,,9.14,5.5,,Consumer Staples,Food & Staples Retailing,First Lien,,"Mendocino Farms, LLC"
GBDC,0001476765,0001476765-26-000048,10-Q,2026-06-30,2026-08-03,"Mendocino Farms, LLC | One stop 11 | Non-Affiliated Issuer","Mendocino Farms, LLC","Mendocino Farms, LLC",First Lien,,,,0.0,-33000.0,0.0,,-0.0,,,,,False,,,USD,0.0,,,,,,,,,,,,,,Consumer Staples,Food & Staples Retailing,First Lien,,"Mendocino Farms, LLC"
GBDC,0001476765,0001476765-26-000048,10-Q,2026-06-30,2026-08-03,"PDI TA Holdings, Inc. | One stop 1 | Non-Affiliated Issuer","PDI TA Holdings, Inc.","PDI TA Holdings, Inc.",First Lien,,,,11074000.0,11490000.0,11535000.0,,96.0,6.0,7.16,,2.5,True,,,USD,11074000.0,Food & Staples Retailing,Unaffiliated,One stop,,2031-02,,,,,0.3,7.16,6.0,,Consumer Staples,Food & Staples Retailing,First Lien,PDI Technologies,"PDI TA Holdings, Inc."
GBDC,0001476765,0001476765-26-000048,10-Q,2026-06-30,2026-08-03,"PDI TA Holdings, Inc. | One stop 2 | Non-Affiliated Issuer","PDI TA Holdings, Inc.","PDI TA Holdings, Inc.",First Lien,,,,84000.0,88000.0,88000.0,,95.45,5.5,9.17,,,False,,,USD,84000.0,Food & Staples Retailing,Unaffiliated,One stop,,2031-02,,,,,,9.17,5.5,,Consumer Staples,Food & Staples Retailing,First Lien,PDI Technologies,"PDI TA Holdings, Inc."
GBDC,0001476765,0001476765-26-000048,10-Q,2026-06-30,2026-08-03,Wineshipping.com LLC | One stop 1 | Non-Affiliated Issuer,Wineshipping.com LLC,Wineshipping.com LLC,First Lien,,,,8502000.0,11583000.0,11981000.0,,70.96,6.25,4.88,,5.25,True,,,USD,8502000.0,Food & Staples Retailing,Unaffiliated,One stop,,2028-12,,,,,,4.88,6.25,,Consumer Staples,Food & Staples Retailing,First Lien,,Wineshipping.com LLC
GBDC,0001476765,0001476765-26-000048,10-Q,2026-06-30,2026-08-03,Wineshipping.com LLC | One stop 4 | Non-Affiliated Issuer,Wineshipping.com LLC,Wineshipping.com LLC,First Lien,,,,-175000.0,0.0,0.0,,,,,,,False,,,USD,-175000.0,Food & Staples Retailing,Unaffiliated,One stop,,2028-12,,,,,,,,,Consumer Staples,Food & Staples Retailing,First Lien,,Wineshipping.com LLC
GBDC,0001476765,0001476765-26-000048,10-Q,2026-06-30,2026-08-03,"Blast Bidco, Inc. | One stop 1 | Non-Affiliated Issuer","Blast Bidco, Inc.","Blast Bidco, Inc.",First Lien,,,,4819000.0,4775000.0,4819000.0,,100.0,6.0,9.73,,,False,,,USD,4819000.0,Food Products,Unaffiliated,One stop,,2030-10,,,,,0.1,9.73,6.0,,Consumer Staples,"Food, Beverage & Tobacco",First Lien,,"Blast Bidco, Inc."
GBDC,0001476765,0001476765-26-000048,10-Q,2026-06-30,2026-08-03,"Blast Bidco, Inc. | One stop 2 | Non-Affiliated Issuer","Blast Bidco, Inc.","Blast Bidco, Inc.",First Lien,,,,0.0,-5000.0,0.0,,-0.0,,,,,False,,,USD,0.0,,,,,,,,,,,,,,Consumer Staples,"Food, Beverage & Tobacco",First Lien,,"Blast Bidco, Inc."
GBDC,0001476765,0001476765-26-000048,10-Q,2026-06-30,2026-08-03,"Borrower R365 Holdings, LLC | One stop 1 | Non-Affiliated Issuer","Borrower R365 Holdings, LLC","Borrower R365 Holdings, LLC",First Lien,,,,20405000.0,20602000.0,20610000.0,,99.01,6.0,9.88,,,False,,,USD,20405000.0,Food Products,Unaffiliated,One stop,,2027-06,,,,,0.5,9.88,6.0,,Consumer Staples,"Food, Beverage & Tobacco",First Lien,,"Borrower R365 Holdings, LLC"
GBDC,0001476765,0001476765-26-000048,10-Q,2026-06-30,2026-08-03,"Borrower R365 Holdings, LLC | One stop 4 | Non-Affiliated Issuer","Borrower R365 Holdings, LLC","Borrower R365 Holdings, LLC",First Lien,,,,-2000.0,0.0,0.0,,,,,,,False,,,USD,-2000.0,Food Products,Unaffiliated,One stop,,2027-06,,,,,,,,,Consumer Staples,"Food, Beverage & Tobacco",First Lien,,"Borrower R365 Holdings, LLC"
GBDC,0001476765,0001476765-26-000048,10-Q,2026-06-30,2026-08-03,"Eagle Family Foods Group, LLC | One stop 1 | Non-Affiliated Issuer","Eagle Family Foods Group, LLC","Eagle Family Foods Group, LLC",First Lien,,,,11905000.0,11823000.0,11905000.0,,100.0,4.75,8.43,,,False,,,USD,11905000.0,Food Products,Unaffiliated,One stop,,2030-08,,,,,0.3,8.43,4.75,,Consumer Staples,"Food, Beverage & Tobacco",First Lien,,"Eagle Family Foods Group, LLC"
GBDC,0001476765,0001476765-26-000048,10-Q,2026-06-30,2026-08-03,"Eagle Family Foods Group, LLC | One stop 2 | Non-Affiliated Issuer","Eagle Family Foods Group, LLC","Eagle Family Foods Group, LLC",First Lien,,,,0.0,-10000.0,0.0,,-0.0,,,,,False,,,USD,0.0,,,,,,,,,,,,,,Consumer Staples,"Food, Beverage & Tobacco",First Lien,,"Eagle Family Foods Group, LLC"
GBDC,0001476765,0001476765-26-000048,10-Q,2026-06-30,2026-08-03,"Kodiak Cakes, LLC | Senior secured 1 | Non-Affiliated Issuer","Kodiak Cakes, LLC","Kodiak Cakes, LLC",First Lien,,,,45561000.0,45341000.0,45561000.0,,100.0,5.25,8.89,,,False,,,USD,45561000.0,Food Products,Unaffiliated,Senior secured,,2028-06,,,,,1.2,8.89,5.25,,Consumer Staples,"Food, Beverage & Tobacco",First Lien,,"Kodiak Cakes, LLC"
GBDC,0001476765,0001476765-26-000048,10-Q,2026-06-30,2026-08-03,"Kodiak Cakes, LLC | Senior secured 2 | Non-Affiliated Issuer","Kodiak Cakes, LLC","Kodiak Cakes, LLC",First Lien,,,,0.0,-2000.0,0.0,,-0.0,,,,,False,,,USD,0.0,,,,,,,,,,,,,,Consumer Staples,"Food, Beverage & Tobacco",First Lien,,"Kodiak Cakes, LLC"
GBDC,0001476765,0001476765-26-000048,10-Q,2026-06-30,2026-08-03,"Louisiana Fish Fry Products, Ltd. | One stop 1 | Non-Affiliated Issuer","Louisiana Fish Fry Products, Ltd.","Louisiana Fish Fry Products, Ltd.",First Lien,,,,13707000.0,13676000.0,13707000.0,,100.0,6.25,10.13,,,False,,,USD,13707000.0,Food Products,Unaffiliated,One stop,,2027-07,,,,,0.4,10.13,6.25,,Consumer Staples,"Food, Beverage & Tobacco",First Lien,,"Louisiana Fish Fry Products, Ltd."
GBDC,0001476765,0001476765-26-000048,10-Q,2026-06-30,2026-08-03,"MAPF Holdings, Inc. | One stop 1 | Non-Affiliated Issuer","MAPF Holdings, Inc.","MAPF Holdings, Inc.",First Lien,,,,49807000.0,53663000.0,53857000.0,,92.48,6.5,10.23,,,False,,,USD,49807000.0,Food Products,Unaffiliated,One stop,,2027-12,,,,,1.3,10.23,6.5,,Consumer Staples,"Food, Beverage & Tobacco",First Lien,Mid America Pet Food,"MAPF Holdings, Inc."
GBDC,0001476765,0001476765-26-000048,10-Q,2026-06-30,2026-08-03,"MAPF Holdings, Inc. | One stop 4 | Non-Affiliated Issuer","MAPF Holdings, Inc.","MAPF Holdings, Inc.",First Lien,,,,2463000.0,3242000.0,3519000.0,,69.99,,,,19.0,True,,,USD,2463000.0,Food Products,Unaffiliated,One stop,,2027-12,,,,,0.1,19.0,,,Consumer Staples,"Food, Beverage & Tobacco",First Lien,Mid America Pet Food,"MAPF Holdings, Inc."
GBDC,0001476765,0001476765-26-000048,10-Q,2026-06-30,2026-08-03,"P&P Food Safety Holdings, Inc. | One stop 1 | Non-Affiliated Issuer","P&P Food Safety Holdings, Inc.","P&P Food Safety Holdings, Inc.",First Lien,,,,14581000.0,14651000.0,14637000.0,,99.62,5.25,8.98,,,False,,,USD,14581000.0,Food Products,Unaffiliated,One stop,,2029-05,,,,,0.4,8.98,5.25,,Consumer Staples,"Food, Beverage & Tobacco",First Lien,,"P&P Food Safety Holdings, Inc."
GBDC,0001476765,0001476765-26-000048,10-Q,2026-06-30,2026-08-03,"P&P Food Safety Holdings, Inc. | One stop 2 | Non-Affiliated Issuer","P&P Food Safety Holdings, Inc.","P&P Food Safety Holdings, Inc.",First Lien,,,,-23000.0,-20000.0,0.0,,115.0,,,,,False,,,USD,-23000.0,Food Products,Unaffiliated,One stop,,2029-05,,,,,,,,,Consumer Staples,"Food, Beverage & Tobacco",First Lien,,"P&P Food Safety Holdings, Inc."
GBDC,0001476765,0001476765-26-000048,10-Q,2026-06-30,2026-08-03,"P&P Food Safety Holdings, Inc. | One stop 3 | Non-Affiliated Issuer","P&P Food Safety Holdings, Inc.","P&P Food Safety Holdings, Inc.",First Lien,,,,11747000.0,11743000.0,11780000.0,,99.72,5.5,7.79,,,False,,,USD,11747000.0,Food Products,Unaffiliated,One stop,,2029-05,,,,,0.3,7.79,5.5,,Consumer Staples,"Food, Beverage & Tobacco",First Lien,,"P&P Food Safety Holdings, Inc."
GBDC,0001476765,0001476765-26-000048,10-Q,2026-06-30,2026-08-03,"Sphynx UK Bidco, Ltd. | One stop 1 | Non-Affiliated Issuer","Sphynx UK Bidco, Ltd.","Sphynx UK Bidco, Ltd.",First Lien,,,,2007000.0,1998000.0,2007000.0,,100.0,4.25,8.71,,,False,,,USD,2007000.0,Food Products,Unaffiliated,One stop,,2032-09,,,,,,8.71,4.25,,Consumer Staples,"Food, Beverage & Tobacco",First Lien,,"Sphynx UK Bidco, Ltd."
GBDC,0001476765,0001476765-26-000048,10-Q,2026-06-30,2026-08-03,Wizard Bidco Limited | One stop 1 | Non-Affiliated Issuer,Wizard Bidco Limited,Wizard Bidco Limited,First Lien,,,,30216000.0,30408000.0,30990000.0,,97.5,6.0,9.68,,,False,,,USD,30216000.0,Food Products,Unaffiliated,One stop,,2029-03,,,,,0.6,9.68,6.0,,Consumer Staples,"Food, Beverage & Tobacco",First Lien,,Wizard Bidco Limited
GBDC,0001476765,0001476765-26-000048,10-Q,2026-06-30,2026-08-03,Wizard Bidco Limited | One stop 2 | Non-Affiliated Issuer,Wizard Bidco Limited,Wizard Bidco Limited,First Lien,,,,10724000.0,10918000.0,11170000.0,,96.01,5.0,7.23,,1.5,True,,,USD,10724000.0,Food Products,Unaffiliated,One stop,,2029-03,,,,,0.3,7.23,5.0,,Consumer Staples,"Food, Beverage & Tobacco",First Lien,,Wizard Bidco Limited
GBDC,0001476765,0001476765-26-000048,10-Q,2026-06-30,2026-08-03,Wizard Bidco Limited | One stop 4 | Non-Affiliated Issuer,Wizard Bidco Limited,Wizard Bidco Limited,First Lien,,,,190000.0,186000.0,198000.0,,95.96,4.75,8.48,,,False,,,USD,190000.0,Food Products,Unaffiliated,One stop,,2028-09,,,,,,8.48,4.75,,Consumer Staples,"Food, Beverage & Tobacco",First Lien,,Wizard Bidco Limited
GBDC,0001476765,0001476765-26-000048,10-Q,2026-06-30,2026-08-03,"Zullas, L.C. | One stop 1 | Non-Affiliated Issuer","Zullas, L.C.","Zullas, L.C.",First Lien,,,,32000.0,32000.0,32000.0,,100.0,3.75,10.5,,,False,,,USD,32000.0,Food Products,Unaffiliated,One stop,,2031-06,,,,,,10.5,3.75,,Consumer Staples,"Food, Beverage & Tobacco",First Lien,,"Zullas, L.C."
GBDC,0001476765,0001476765-26-000048,10-Q,2026-06-30,2026-08-03,"Zullas, L.C. | One stop 2 | Non-Affiliated Issuer","Zullas, L.C.","Zullas, L.C.",First Lien,,,,507000.0,504000.0,507000.0,,100.0,4.75,8.42,,,False,,,USD,507000.0,Food Products,Unaffiliated,One stop,,2031-06,,,,,,8.42,4.75,,Consumer Staples,"Food, Beverage & Tobacco",First Lien,,"Zullas, L.C."
GBDC,0001476765,0001476765-26-000048,10-Q,2026-06-30,2026-08-03,"Aspen Medical Products, LLC | One stop 1 | Non-Affiliated Issuer","Aspen Medical Products, LLC","Aspen Medical Products, LLC",First Lien,,,,8293000.0,8262000.0,8293000.0,,100.0,5.0,8.73,,,False,,,USD,8293000.0,Healthcare Equipment & Supplies,Unaffiliated,One stop,,2028-06,,,,,0.2,8.73,5.0,,Health Care,Health Care Equipment & Services,First Lien,,"Aspen Medical Products, LLC"
GBDC,0001476765,0001476765-26-000048,10-Q,2026-06-30,2026-08-03,"Aspen Medical Products, LLC | One stop 3 | Non-Affiliated Issuer","Aspen Medical Products, LLC","Aspen Medical Products, LLC",First Lien,,,,0.0,-1000.0,0.0,,-0.0,,,,,False,,,USD,0.0,,,,,,,,,,,,,,Health Care,Health Care Equipment & Services,First Lien,,"Aspen Medical Products, LLC"
GBDC,0001476765,0001476765-26-000048,10-Q,2026-06-30,2026-08-03,Baduhenna Bidco Limited | One stop 1 | Non-Affiliated Issuer,Baduhenna Bidco Limited,Baduhenna Bidco Limited,First Lien,,,,17804000.0,18068000.0,18048000.0,,98.65,6.45,10.33,,,False,,,USD,17804000.0,Healthcare Equipment & Supplies,Unaffiliated,One stop,,2028-08,,,,,0.2,10.33,6.45,,Health Care,Health Care Equipment & Services,First Lien,,Baduhenna Bidco Limited
GBDC,0001476765,0001476765-26-000048,10-Q,2026-06-30,2026-08-03,"Bayou Intermediate II, LLC | One stop 1 | Non-Affiliated Issuer","Bayou Intermediate II, LLC","Bayou Intermediate II, LLC",First Lien,,,,1792000.0,1801000.0,1810000.0,,99.01,4.75,8.48,,,False,,,USD,1792000.0,Healthcare Providers & Services,Unaffiliated,One stop,,2032-09,,,,,,8.76,4.75,,Health Care,Health Care Equipment & Services,First Lien,,"Bayou Intermediate II, LLC"
GBDC,0001476765,0001476765-26-000048,10-Q,2026-06-30,2026-08-03,"Belmont Instrument, LLC | One stop 1 | Non-Affiliated Issuer","Belmont Instrument, LLC","Belmont Instrument, LLC",First Lien,,,,14024000.0,13962000.0,14085000.0,,99.57,5.25,8.98,,,False,,,USD,14024000.0,Healthcare Equipment & Supplies,Unaffiliated,One stop,,2028-08,,,,,0.4,8.98,5.25,,Health Care,Health Care Equipment & Services,First Lien,,"Belmont Instrument, LLC"
GBDC,0001476765,0001476765-26-000048,10-Q,2026-06-30,2026-08-03,"Belmont Instrument, LLC | One stop 2 | Non-Affiliated Issuer","Belmont Instrument, LLC","Belmont Instrument, LLC",First Lien,,,,-1000.0,-2000.0,0.0,,50.0,,,,,False,,,USD,-1000.0,Healthcare Equipment & Supplies,Unaffiliated,One stop,,2028-08,,,,,,,,,Health Care,Health Care Equipment & Services,First Lien,,"Belmont Instrument, LLC"
GBDC,0001476765,0001476765-26-000048,10-Q,2026-06-30,2026-08-03,"Blades Buyer, Inc. | Senior secured 1 | Non-Affiliated Issuer","Blades Buyer, Inc.","Blades Buyer, Inc.",First Lien,,,,23820000.0,23930000.0,23983000.0,,99.32,4.75,8.44,,,False,,,USD,23820000.0,Healthcare Equipment & Supplies,Unaffiliated,Senior secured,,2028-03,,,,,0.3,8.44,4.75,,Health Care,Health Care Equipment & Services,First Lien,,"Blades Buyer, Inc."
GBDC,0001476765,0001476765-26-000048,10-Q,2026-06-30,2026-08-03,"Blades Buyer, Inc. | Senior secured 4 | Non-Affiliated Issuer","Blades Buyer, Inc.","Blades Buyer, Inc.",First Lien,,,,-3000.0,0.0,0.0,,,,,,,False,,,USD,-3000.0,Healthcare Equipment & Supplies,Unaffiliated,Senior secured,,2028-03,,,,,,,,,Health Care,Health Care Equipment & Services,First Lien,,"Blades Buyer, Inc."
GBDC,0001476765,0001476765-26-000048,10-Q,2026-06-30,2026-08-03,"Blue River Pet Care, LLC | One stop 1 | Non-Affiliated Issuer","Blue River Pet Care, LLC","Blue River Pet Care, LLC",First Lien,,,,83365000.0,83504000.0,83723000.0,,99.57,5.0,8.64,,,False,,,USD,83365000.0,Healthcare Equipment & Supplies,Unaffiliated,One stop,,2029-08,,,,,,8.64,5.0,,Health Care,Health Care Equipment & Services,First Lien,,"Blue River Pet Care, LLC"
GBDC,0001476765,0001476765-26-000048,10-Q,2026-06-30,2026-08-03,"Blue River Pet Care, LLC | One stop 14 | Non-Affiliated Issuer","Blue River Pet Care, LLC","Blue River Pet Care, LLC",First Lien,,,,-3000.0,-3000.0,0.0,,100.0,,,,,False,,,USD,-3000.0,Healthcare Equipment & Supplies,Unaffiliated,One stop,,2029-08,,,,,,,,,Health Care,Health Care Equipment & Services,First Lien,,"Blue River Pet Care, LLC"
GBDC,0001476765,0001476765-26-000048,10-Q,2026-06-30,2026-08-03,"Blue River Pet Care, LLC | One stop 19 | Non-Affiliated Issuer","Blue River Pet Care, LLC","Blue River Pet Care, LLC",First Lien,,,,0.0,0.0,0.0,,,,,,,False,,,USD,0.0,,,,,,,,,,,,,,Health Care,Health Care Equipment & Services,First Lien,,"Blue River Pet Care, LLC"
GBDC,0001476765,0001476765-26-000048,10-Q,2026-06-30,2026-08-03,"CCSL Holdings, LLC | One stop 1 | Non-Affiliated Issuer","CCSL Holdings, LLC","CCSL Holdings, LLC",First Lien,,,,82559000.0,80105000.0,82595000.0,,99.96,5.75,9.39,,,False,,,USD,82559000.0,Healthcare Equipment & Supplies,Unaffiliated,One stop,,2028-12,,,,,0.6,9.39,5.75,,Health Care,Health Care Equipment & Services,First Lien,,"CCSL Holdings, LLC"
GBDC,0001476765,0001476765-26-000048,10-Q,2026-06-30,2026-08-03,"Centegix Intermediate II, LLC | One stop 1 | Non-Affiliated Issuer","Centegix Intermediate II, LLC","Centegix Intermediate II, LLC",First Lien,,,,1872000.0,1872000.0,1881000.0,,99.52,6.0,6.39,,3.25,True,,,USD,1872000.0,Healthcare Equipment & Supplies,Unaffiliated,One stop,,2032-08,,,,,,6.39,6.0,,Health Care,Health Care Equipment & Services,First Lien,,"Centegix Intermediate II, LLC"
GBDC,0001476765,0001476765-26-000048,10-Q,2026-06-30,2026-08-03,"Centegix Intermediate II, LLC | One stop 2 | Non-Affiliated Issuer","Centegix Intermediate II, LLC","Centegix Intermediate II, LLC",First Lien,,,,143000.0,143000.0,144000.0,,99.31,5.5,9.17,,,False,,,USD,143000.0,Healthcare Equipment & Supplies,Unaffiliated,One stop,,2032-08,,,,,,9.17,5.5,,Health Care,Health Care Equipment & Services,First Lien,,"Centegix Intermediate II, LLC"
GBDC,0001476765,0001476765-26-000048,10-Q,2026-06-30,2026-08-03,"Centegix Intermediate II, LLC | One stop 5 | Non-Affiliated Issuer","Centegix Intermediate II, LLC","Centegix Intermediate II, LLC",First Lien,,,,-2000.0,-2000.0,0.0,,100.0,,,,,False,,,USD,-2000.0,Healthcare Equipment & Supplies,Unaffiliated,One stop,,2032-08,,,,,,,,,Health Care,Health Care Equipment & Services,First Lien,,"Centegix Intermediate II, LLC"
GBDC,0001476765,0001476765-26-000048,10-Q,2026-06-30,2026-08-03,CMI Parent Inc. | One stop 1 | Non-Affiliated Issuer,CMI Parent Inc.,CMI Parent Inc.,First Lien,,,,339000.0,340000.0,340000.0,,99.71,4.5,8.23,,,False,,,USD,339000.0,Healthcare Equipment & Supplies,Unaffiliated,One stop,,2033-01,,,,,,8.23,4.5,,Health Care,Health Care Equipment & Services,First Lien,,CMI Parent Inc.
GBDC,0001476765,0001476765-26-000048,10-Q,2026-06-30,2026-08-03,CMI Parent Inc. | One stop 2 | Non-Affiliated Issuer,CMI Parent Inc.,CMI Parent Inc.,First Lien,,,,0.0,0.0,0.0,,,,,,,False,,,USD,0.0,,,,,,,,,,,,,,Health Care,Health Care Equipment & Services,First Lien,,CMI Parent Inc.
GBDC,0001476765,0001476765-26-000048,10-Q,2026-06-30,2026-08-03,CMI Parent Inc. | One stop 3 | Non-Affiliated Issuer,CMI Parent Inc.,CMI Parent Inc.,First Lien,,,,-1000.0,0.0,0.0,,,,,,,False,,,USD,-1000.0,Healthcare Equipment & Supplies,Unaffiliated,One stop,,2033-01,,,,,,,,,Health Care,Health Care Equipment & Services,First Lien,,CMI Parent Inc.
GBDC,0001476765,0001476765-26-000048,10-Q,2026-06-30,2026-08-03,"HuFriedy Group Acquisition, LLC | One stop 1 | Non-Affiliated Issuer","HuFriedy Group Acquisition, LLC","HuFriedy Group Acquisition, LLC",First Lien,,,,10040000.0,10006000.0,10087000.0,,99.53,5.5,9.17,,,False,,,USD,10040000.0,Healthcare Equipment & Supplies,Unaffiliated,One stop,,2031-06,,,,,0.2,9.17,5.5,,Health Care,Health Care Equipment & Services,First Lien,,"HuFriedy Group Acquisition, LLC"
GBDC,0001476765,0001476765-26-000048,10-Q,2026-06-30,2026-08-03,"HuFriedy Group Acquisition, LLC | One stop 2 | Non-Affiliated Issuer","HuFriedy Group Acquisition, LLC","HuFriedy Group Acquisition, LLC",First Lien,,,,74000.0,72000.0,78000.0,,94.87,5.5,9.23,,,False,,,USD,74000.0,Healthcare Equipment & Supplies,Unaffiliated,One stop,,2030-05,,,,,,9.23,5.5,,Health Care,Health Care Equipment & Services,First Lien,,"HuFriedy Group Acquisition, LLC"
GBDC,0001476765,0001476765-26-000048,10-Q,2026-06-30,2026-08-03,"Isto Group, Inc. | One stop 1 | Non-Affiliated Issuer","Isto Group, Inc.","Isto Group, Inc.",First Lien,,,,0.0,0.0,0.0,,,,,,,False,,,USD,0.0,,,,,,,,,,,,,,Health Care,Health Care Equipment & Services,First Lien,,"Isto Group, Inc."
GBDC,0001476765,0001476765-26-000048,10-Q,2026-06-30,2026-08-03,"Isto Group, Inc. | One stop 2 | Non-Affiliated Issuer","Isto Group, Inc.","Isto Group, Inc.",First Lien,,,,641000.0,641000.0,644000.0,,99.53,4.75,8.48,,,False,,,USD,641000.0,Healthcare Equipment & Supplies,Unaffiliated,One stop,,2032-09,,,,,,8.48,4.75,,Health Care,Health Care Equipment & Services,First Lien,,"Isto Group, Inc."
GBDC,0001476765,0001476765-26-000048,10-Q,2026-06-30,2026-08-03,"Isto Group, Inc. | One stop 3 | Non-Affiliated Issuer","Isto Group, Inc.","Isto Group, Inc.",First Lien,,,,-1000.0,-1000.0,0.0,,100.0,,,,,False,,,USD,-1000.0,Healthcare Equipment & Supplies,Unaffiliated,One stop,,2032-09,,,,,,,,,Health Care,Health Care Equipment & Services,First Lien,,"Isto Group, Inc."
GBDC,0001476765,0001476765-26-000048,10-Q,2026-06-30,2026-08-03,"JHC Investment Intermediate Holdings, LLC | One stop 1 | Non-Affiliated Issuer","JHC Investment Intermediate Holdings, LLC","JHC Investment Intermediate Holdings, LLC",First Lien,,,,2157000.0,2020000.0,2157000.0,,100.0,8.0,11.76,,,False,,,USD,2157000.0,Healthcare Equipment & Supplies,Unaffiliated,One stop,,2029-03,,,,,,11.76,8.0,,Health Care,Health Care Equipment & Services,First Lien,,"JHC Investment Intermediate Holdings, LLC"
GBDC,0001476765,0001476765-26-000048,10-Q,2026-06-30,2026-08-03,"RTI Surgical, Inc. | One stop 1 | Non-Affiliated Issuer","RTI Surgical, Inc.","RTI Surgical, Inc.",First Lien,,,,-2000.0,-1000.0,0.0,,200.0,,,,,False,,,USD,-2000.0,Healthcare Equipment & Supplies,Unaffiliated,One stop,,2032-09,,,,,,,,,Health Care,Health Care Equipment & Services,First Lien,,"RTI Surgical, Inc."
GBDC,0001476765,0001476765-26-000048,10-Q,2026-06-30,2026-08-03,"RTI Surgical, Inc. | One stop 2 | Non-Affiliated Issuer","RTI Surgical, Inc.","RTI Surgical, Inc.",First Lien,,,,1651000.0,1651000.0,1658000.0,,99.58,4.75,8.41,,,False,,,USD,1651000.0,Healthcare Equipment & Supplies,Unaffiliated,One stop,,2032-09,,,,,0.1,8.41,4.75,,Health Care,Health Care Equipment & Services,First Lien,,"RTI Surgical, Inc."
GBDC,0001476765,0001476765-26-000048,10-Q,2026-06-30,2026-08-03,"TIDI Legacy Products, Inc. | One stop 1 | Non-Affiliated Issuer","TIDI Legacy Products, Inc.","TIDI Legacy Products, Inc.",First Lien,,,,4356000.0,4420000.0,4384000.0,,99.36,4.5,8.14,,,False,,,USD,4356000.0,Healthcare Equipment & Supplies,Unaffiliated,One stop,,2029-12,,,,,0.1,8.14,4.5,,Health Care,Health Care Equipment & Services,First Lien,,"TIDI Legacy Products, Inc."
GBDC,0001476765,0001476765-26-000048,10-Q,2026-06-30,2026-08-03,"TIDI Legacy Products, Inc. | One stop 2 | Non-Affiliated Issuer","TIDI Legacy Products, Inc.","TIDI Legacy Products, Inc.",First Lien,,,,0.0,0.0,0.0,,,,,,,False,,,USD,0.0,,,,,,,,,,,,,,Health Care,Health Care Equipment & Services,First Lien,,"TIDI Legacy Products, Inc."
GBDC,0001476765,0001476765-26-000048,10-Q,2026-06-30,2026-08-03,"YI, LLC | One stop 1 | Non-Affiliated Issuer","YI, LLC","YI, LLC",First Lien,,,,4295000.0,4352000.0,4352000.0,,98.69,5.75,9.39,,,False,,,USD,4295000.0,Healthcare Equipment & Supplies,Unaffiliated,One stop,,2029-12,,,,,0.1,9.39,5.75,,Health Care,Health Care Equipment & Services,First Lien,,"YI, LLC"
GBDC,0001476765,0001476765-26-000048,10-Q,2026-06-30,2026-08-03,"YI, LLC | One stop 2 | Non-Affiliated Issuer","YI, LLC","YI, LLC",First Lien,,,,-2000.0,-1000.0,0.0,,200.0,,,,,False,,,USD,-2000.0,Healthcare Equipment & Supplies,Unaffiliated,One stop,,2029-12,,,,,,,,,Health Care,Health Care Equipment & Services,First Lien,,"YI, LLC"
GBDC,0001476765,0001476765-26-000048,10-Q,2026-06-30,2026-08-03,"ZimVie, Inc. | One stop 1 | Non-Affiliated Issuer","ZimVie, Inc.","ZimVie, Inc.",First Lien,,,,1565000.0,1565000.0,1573000.0,,99.49,4.75,8.48,,,False,,,USD,1565000.0,Healthcare Equipment & Supplies,Unaffiliated,One stop,,2032-10,,,,,,8.48,4.75,,Health Care,Health Care Equipment & Services,First Lien,,"ZimVie, Inc."
GBDC,0001476765,0001476765-26-000048,10-Q,2026-06-30,2026-08-03,"ZimVie, Inc. | One stop 2 | Non-Affiliated Issuer","ZimVie, Inc.","ZimVie, Inc.",First Lien,,,,-1000.0,-1000.0,0.0,,100.0,,,,,False,,,USD,-1000.0,Healthcare Equipment & Supplies,Unaffiliated,One stop,,2032-10,,,,,,,,,Health Care,Health Care Equipment & Services,First Lien,,"ZimVie, Inc."
GBDC,0001476765,0001476765-26-000048,10-Q,2026-06-30,2026-08-03,"AAH TOPCO, LLC | One stop 1 | Non-Affiliated Issuer","AAH TOPCO, LLC","AAH TOPCO, LLC",First Lien,,,,19973000.0,19971000.0,19965000.0,,100.04,5.25,8.99,,,False,,,USD,19973000.0,Healthcare Providers & Services,Unaffiliated,One stop,,2027-12,,,,,0.2,8.99,5.25,,Health Care,Health Care Equipment & Services,First Lien,,"AAH TOPCO, LLC"
GBDC,0001476765,0001476765-26-000048,10-Q,2026-06-30,2026-08-03,"AAH TOPCO, LLC | Subordinated debt | Non-Affiliated Issuer","AAH TOPCO, LLC","AAH TOPCO, LLC",Subordinated,,,,3282000.0,3249000.0,3338000.0,,98.32,,,,11.5,True,,,USD,3282000.0,Healthcare Providers & Services,Unaffiliated,Subordinated debt,,2031-12,,,,,0.1,11.5,,,Health Care,Health Care Equipment & Services,Subordinated,,"AAH TOPCO, LLC"
GBDC,0001476765,0001476765-26-000048,10-Q,2026-06-30,2026-08-03,"AAH TOPCO, LLC | One stop 4 | Non-Affiliated Issuer","AAH TOPCO, LLC","AAH TOPCO, LLC",First Lien,,,,0.0,0.0,0.0,,,,,,,False,,,USD,0.0,,,,,,,,,,,,,,Health Care,Health Care Equipment & Services,First Lien,,"AAH TOPCO, LLC"
GBDC,0001476765,0001476765-26-000048,10-Q,2026-06-30,2026-08-03,"AAH TOPCO, LLC | One stop 5 | Non-Affiliated Issuer","AAH TOPCO, LLC","AAH TOPCO, LLC",First Lien,,,,5479000.0,5480000.0,5504000.0,,99.55,5.0,8.74,,,False,,,USD,5479000.0,Healthcare Providers & Services,Unaffiliated,One stop,,2027-12,,,,,0.2,8.74,5.0,,Health Care,Health Care Equipment & Services,First Lien,,"AAH TOPCO, LLC"
GBDC,0001476765,0001476765-26-000048,10-Q,2026-06-30,2026-08-03,"Active Day, Inc. | One stop 1 | Non-Affiliated Issuer","Active Day, Inc.","Active Day, Inc.",First Lien,,,,31900000.0,31939000.0,31966000.0,,99.79,5.0,8.64,,,False,,,USD,31900000.0,Healthcare Providers & Services,Unaffiliated,One stop,,2027-05,,,,,0.5,8.64,5.0,,Health Care,Health Care Equipment & Services,First Lien,,"Active Day, Inc."
GBDC,0001476765,0001476765-26-000048,10-Q,2026-06-30,2026-08-03,"Active Day, Inc. | One stop 5 | Non-Affiliated Issuer","Active Day, Inc.","Active Day, Inc.",First Lien,,,,596000.0,596000.0,597000.0,,99.83,5.0,8.64,,,False,,,USD,596000.0,Healthcare Providers & Services,Unaffiliated,One stop,,2026-05,,,,,,9.26,5.0,,Health Care,Health Care Equipment & Services,First Lien,,"Active Day, Inc."
GBDC,0001476765,0001476765-26-000048,10-Q,2026-06-30,2026-08-03,"Active Day, Inc. | One stop 7 | Non-Affiliated Issuer","Active Day, Inc.","Active Day, Inc.",First Lien,,,,0.0,0.0,0.0,,,,,,,False,,,USD,0.0,,,,,,,,,,,,,,Health Care,Health Care Equipment & Services,First Lien,,"Active Day, Inc."
GBDC,0001476765,0001476765-26-000048,10-Q,2026-06-30,2026-08-03,"Acuity Eyecare Holdings, LLC | One stop 1 | Non-Affiliated Issuer","Acuity Eyecare Holdings, LLC","Acuity Eyecare Holdings, LLC",First Lien,,,,19071000.0,19056000.0,19071000.0,,100.0,6.0,9.86,,,False,,,USD,19071000.0,Healthcare Providers & Services,Unaffiliated,One stop,,2027-03,,,,,0.4,9.86,6.0,,Health Care,Health Care Equipment & Services,First Lien,,"Acuity Eyecare Holdings, LLC"
GBDC,0001476765,0001476765-26-000048,10-Q,2026-06-30,2026-08-03,"Acuity Eyecare Holdings, LLC | One stop 2 | Non-Affiliated Issuer","Acuity Eyecare Holdings, LLC","Acuity Eyecare Holdings, LLC",First Lien,,,,18974000.0,18933000.0,18974000.0,,100.0,,,,16.5,True,,,USD,18974000.0,Healthcare Providers & Services,Unaffiliated,One stop,,2027-06,,,,,0.5,16.5,,,Health Care,Health Care Equipment & Services,First Lien,,"Acuity Eyecare Holdings, LLC"
GBDC,0001476765,0001476765-26-000048,10-Q,2026-06-30,2026-08-03,"Acuity Eyecare Holdings, LLC | One stop 3 | Non-Affiliated Issuer","Acuity Eyecare Holdings, LLC","Acuity Eyecare Holdings, LLC",First Lien,,,,16502000.0,16489000.0,16502000.0,,100.0,6.25,10.13,,,False,,,USD,16502000.0,Healthcare Providers & Services,Unaffiliated,One stop,,2027-03,,,,,0.1,10.13,6.25,,Health Care,Health Care Equipment & Services,First Lien,,"Acuity Eyecare Holdings, LLC"
GBDC,0001476765,0001476765-26-000048,10-Q,2026-06-30,2026-08-03,"Acuity Eyecare Holdings, LLC | One stop 11 | Non-Affiliated Issuer","Acuity Eyecare Holdings, LLC","Acuity Eyecare Holdings, LLC",First Lien,,,,433000.0,427000.0,428000.0,,101.17,13.0,10.13,,6.75,True,,,USD,433000.0,Healthcare Providers & Services,Unaffiliated,One stop,,2027-03,,,,,,10.4,13.0,,Health Care,Health Care Equipment & Services,First Lien,,"Acuity Eyecare Holdings, LLC"
GBDC,0001476765,0001476765-26-000048,10-Q,2026-06-30,2026-08-03,"Acuity Eyecare Holdings, LLC | One stop 15 | Non-Affiliated Issuer","Acuity Eyecare Holdings, LLC","Acuity Eyecare Holdings, LLC",First Lien,,,,497000.0,495000.0,500000.0,,99.4,5.75,9.59,,,False,,,USD,497000.0,Healthcare Providers & Services,Unaffiliated,One stop,,2027-03,,,,,,9.59,5.75,,Health Care,Health Care Equipment & Services,First Lien,,"Acuity Eyecare Holdings, LLC"
GBDC,0001476765,0001476765-26-000048,10-Q,2026-06-30,2026-08-03,"Acuity Eyecare Holdings, LLC | One stop 17 | Non-Affiliated Issuer","Acuity Eyecare Holdings, LLC","Acuity Eyecare Holdings, LLC",First Lien,,,,0.0,0.0,0.0,,,,,,,False,,,USD,0.0,,,,,,,,,,,,,,Health Care,Health Care Equipment & Services,First Lien,,"Acuity Eyecare Holdings, LLC"
GBDC,0001476765,0001476765-26-000048,10-Q,2026-06-30,2026-08-03,"AVG Intermediate Holdings, LLC | Subordinated debt 1 | Non-Affiliated Issuer","AVG Intermediate Holdings, LLC","AVG Intermediate Holdings, LLC",Subordinated,,,,20593000.0,20810000.0,20761000.0,,99.19,,,,13.75,True,,,USD,20593000.0,Healthcare Providers & Services,Unaffiliated,Subordinated debt,,2028-05,,,,,0.4,13.75,,,Health Care,Health Care Equipment & Services,Subordinated,,"AVG Intermediate Holdings, LLC"
GBDC,0001476765,0001476765-26-000048,10-Q,2026-06-30,2026-08-03,"AVG Intermediate Holdings, LLC | One stop 1 | Non-Affiliated Issuer","AVG Intermediate Holdings, LLC","AVG Intermediate Holdings, LLC",First Lien,,,,13209000.0,13253000.0,13282000.0,,99.45,6.0,9.74,,,False,,,USD,13209000.0,Healthcare Providers & Services,Unaffiliated,One stop,,2028-05,,,,,0.2,9.74,6.0,,Health Care,Health Care Equipment & Services,First Lien,,"AVG Intermediate Holdings, LLC"
GBDC,0001476765,0001476765-26-000048,10-Q,2026-06-30,2026-08-03,"AVG Intermediate Holdings, LLC | One stop 6 | Non-Affiliated Issuer","AVG Intermediate Holdings, LLC","AVG Intermediate Holdings, LLC",First Lien,,,,0.0,0.0,0.0,,,,,,,False,,,USD,0.0,,,,,,,,,,,,,,Health Care,Health Care Equipment & Services,First Lien,,"AVG Intermediate Holdings, LLC"
GBDC,0001476765,0001476765-26-000048,10-Q,2026-06-30,2026-08-03,"Bamboo US Bidco, LLC | One stop 1 | Non-Affiliated Issuer","Bamboo US Bidco, LLC","Bamboo US Bidco, LLC",First Lien,,,,7659000.0,7509000.0,7731000.0,,99.07,5.25,8.91,,,False,,,USD,7659000.0,Healthcare Providers & Services,Unaffiliated,One stop,,2030-09,,,,,,8.91,5.25,,Health Care,Health Care Equipment & Services,First Lien,,"Bamboo US Bidco, LLC"
GBDC,0001476765,0001476765-26-000048,10-Q,2026-06-30,2026-08-03,"Bamboo US Bidco, LLC | One stop 5 | Non-Affiliated Issuer","Bamboo US Bidco, LLC","Bamboo US Bidco, LLC",First Lien,,,,188000.0,185000.0,194000.0,,96.91,5.25,8.89,,,False,,,USD,188000.0,Healthcare Providers & Services,Unaffiliated,One stop,,2029-10,,,,,,8.89,5.25,,Health Care,Health Care Equipment & Services,First Lien,,"Bamboo US Bidco, LLC"
GBDC,0001476765,0001476765-26-000048,10-Q,2026-06-30,2026-08-03,"Benefit Plan Administrators of Eau Claire, LLC | One stop 1 | Non-Affiliated Issuer","Benefit Plan Administrators of Eau Claire, LLC","Benefit Plan Administrators of Eau Claire, LLC",First Lien,,,,-11000.0,-10000.0,0.0,,110.0,,,,,False,,,USD,-11000.0,Healthcare Providers & Services,Unaffiliated,One stop,,2030-11,,,,,,,,,Health Care,Health Care Equipment & Services,First Lien,,"Benefit Plan Administrators of Eau Claire, LLC"
GBDC,0001476765,0001476765-26-000048,10-Q,2026-06-30,2026-08-03,"Benefit Plan Administrators of Eau Claire, LLC | One stop 2 | Non-Affiliated Issuer","Benefit Plan Administrators of Eau Claire, LLC","Benefit Plan Administrators of Eau Claire, LLC",First Lien,,,,25670000.0,25682000.0,25820000.0,,99.42,4.75,8.42,,,False,,,USD,25670000.0,Healthcare Providers & Services,Unaffiliated,One stop,,2030-11,,,,,0.4,8.42,4.75,,Health Care,Health Care Equipment & Services,First Lien,,"Benefit Plan Administrators of Eau Claire, LLC"
GBDC,0001476765,0001476765-26-000048,10-Q,2026-06-30,2026-08-03,"BHG Holdings, LLC | One stop 1 | Non-Affiliated Issuer","BHG Holdings, LLC","BHG Holdings, LLC",First Lien,,,,24420000.0,24429000.0,24608000.0,,99.24,5.5,9.16,,,False,,,USD,24420000.0,Healthcare Providers & Services,Unaffiliated,One stop,,2032-04,,,,,0.7,9.16,5.5,,Health Care,Health Care Equipment & Services,First Lien,,"BHG Holdings, LLC"
GBDC,0001476765,0001476765-26-000048,10-Q,2026-06-30,2026-08-03,"BHG Holdings, LLC | One stop 2 | Non-Affiliated Issuer","BHG Holdings, LLC","BHG Holdings, LLC",First Lien,,,,-78000.0,-74000.0,0.0,,105.41,,,,,False,,,USD,-78000.0,Healthcare Providers & Services,Unaffiliated,One stop,,2032-04,,,,,,,,,Health Care,Health Care Equipment & Services,First Lien,,"BHG Holdings, LLC"
GBDC,0001476765,0001476765-26-000048,10-Q,2026-06-30,2026-08-03,"Community Care Partners, LLC | One stop | Non-Affiliated Issuer","Community Care Partners, LLC","Community Care Partners, LLC",First Lien,,,,3427000.0,3392000.0,3427000.0,,100.0,6.0,9.76,,,False,,,USD,3427000.0,Healthcare Providers & Services,Unaffiliated,One stop,,2026-09,,,,,0.1,9.76,6.0,,Health Care,Health Care Equipment & Services,First Lien,,"Community Care Partners, LLC"
GBDC,0001476765,0001476765-26-000048,10-Q,2026-06-30,2026-08-03,"Datix Bidco Limited and RL Datix Holdings, Inc. | One stop 1 | Non-Affiliated Issuer",Datix Bidco Limited,Datix Bidco Limited,First Lien,,,,1228000.0,1208000.0,1245000.0,,98.63,5.0,8.73,,,False,,,USD,1228000.0,Healthcare Providers & Services,Unaffiliated,One stop,,2031-04,,,,,,8.73,5.0,,Health Care,Health Care Equipment & Services,First Lien,RLDatix,Datix Bidco Limited
GBDC,0001476765,0001476765-26-000048,10-Q,2026-06-30,2026-08-03,"Datix Bidco Limited and RL Datix Holdings, Inc. | One stop 3 | Non-Affiliated Issuer",Datix Bidco Limited,Datix Bidco Limited,First Lien,,,,-5000.0,-3000.0,0.0,,166.67,,,,,False,,,USD,-5000.0,Healthcare Providers & Services,Unaffiliated,One stop,,2031-04,,,,,,,,,Health Care,Health Care Equipment & Services,First Lien,RLDatix,Datix Bidco Limited
GBDC,0001476765,0001476765-26-000048,10-Q,2026-06-30,2026-08-03,"Encorevet Group, LLC | One stop 1 | Non-Affiliated Issuer","Encorevet Group, LLC","Encorevet Group, LLC",First Lien,,,,38341000.0,37909000.0,38054000.0,,100.75,6.75,10.57,,,False,,,USD,38341000.0,Healthcare Providers & Services,Unaffiliated,One stop,,2027-02,,,,,0.4,11.1,6.75,,Health Care,Health Care Equipment & Services,First Lien,,"Encorevet Group, LLC"
GBDC,0001476765,0001476765-26-000048,10-Q,2026-06-30,2026-08-03,"Encorevet Group, LLC | One stop 16 | Non-Affiliated Issuer","Encorevet Group, LLC","Encorevet Group, LLC",First Lien,,,,112000.0,114000.0,120000.0,,93.33,,,,13.0,True,,,USD,112000.0,Healthcare Providers & Services,Unaffiliated,One stop,,2027-05,,,,,,13.0,,,Health Care,Health Care Equipment & Services,First Lien,,"Encorevet Group, LLC"
GBDC,0001476765,0001476765-26-000048,10-Q,2026-06-30,2026-08-03,"Encorevet Group, LLC | One stop 17 | Non-Affiliated Issuer","Encorevet Group, LLC","Encorevet Group, LLC",First Lien,,,,247000.0,244000.0,244000.0,,101.23,8.75,12.56,,,False,,,USD,247000.0,Healthcare Providers & Services,Unaffiliated,One stop,,2027-02,,,,,,12.56,8.75,,Health Care,Health Care Equipment & Services,First Lien,,"Encorevet Group, LLC"
GBDC,0001476765,0001476765-26-000048,10-Q,2026-06-30,2026-08-03,"ERC Topco Holdings, LLC | One stop 1 | Non-Affiliated Issuer","ERC Topco Holdings, LLC","ERC Topco Holdings, LLC",First Lien,,,,1402000.0,1345000.0,1402000.0,,100.0,5.5,9.48,,,False,,,USD,1402000.0,Healthcare Providers & Services,Unaffiliated,One stop,,2030-03,,,,,,9.48,5.5,,Health Care,Health Care Equipment & Services,First Lien,,"ERC Topco Holdings, LLC"
GBDC,0001476765,0001476765-26-000048,10-Q,2026-06-30,2026-08-03,"ERC Topco Holdings, LLC | One stop 2 | Non-Affiliated Issuer","ERC Topco Holdings, LLC","ERC Topco Holdings, LLC",First Lien,,,,6714000.0,7711000.0,8289000.0,,81.0,6.5,,,10.46,True,,,USD,6714000.0,Healthcare Providers & Services,Unaffiliated,One stop,,2030-03,,,,,0.2,10.46,6.5,,Health Care,Health Care Equipment & Services,First Lien,,"ERC Topco Holdings, LLC"
GBDC,0001476765,0001476765-26-000048,10-Q,2026-06-30,2026-08-03,"ERC Topco Holdings, LLC | One stop 3 | Non-Affiliated Issuer","ERC Topco Holdings, LLC","ERC Topco Holdings, LLC",First Lien,,,,0.0,0.0,0.0,,,,,,,False,,,USD,0.0,,,,,,,,,,,,,,Health Care,Health Care Equipment & Services,First Lien,,"ERC Topco Holdings, LLC"
GBDC,0001476765,0001476765-26-000048,10-Q,2026-06-30,2026-08-03,"FYI Optical Acquisitions, Inc. | One stop 1 | Non-Affiliated Issuer","FYI Optical Acquisitions, Inc.","FYI Optical Acquisitions, Inc.",First Lien,,,,22379000.0,23353000.0,22379000.0,,100.0,5.25,7.55,,,False,,,USD,22379000.0,Healthcare Providers & Services,Unaffiliated,One stop,,2029-09,,,,,0.3,7.55,5.25,,Health Care,Health Care Equipment & Services,First Lien,,"FYI Optical Acquisitions, Inc."
GBDC,0001476765,0001476765-26-000048,10-Q,2026-06-30,2026-08-03,"Heartland Veterinary Partners, LLC | Senior secured 1 | Non-Affiliated Issuer","Heartland Veterinary Partners, LLC","Heartland Veterinary Partners, LLC",First Lien,,,,3667000.0,3668000.0,3667000.0,,100.0,4.75,8.7,,,False,,,USD,3667000.0,Healthcare Providers & Services,Unaffiliated,Senior secured,,2028-06,,,,,0.1,8.7,4.75,,Health Care,Health Care Equipment & Services,First Lien,,"Heartland Veterinary Partners, LLC"
GBDC,0001476765,0001476765-26-000048,10-Q,2026-06-30,2026-08-03,"Heartland Veterinary Partners, LLC | Senior secured 3 | Non-Affiliated Issuer","Heartland Veterinary Partners, LLC","Heartland Veterinary Partners, LLC",First Lien,,,,0.0,0.0,0.0,,,,,,,False,,,USD,0.0,,,,,,,,,,,,,,Health Care,Health Care Equipment & Services,First Lien,,"Heartland Veterinary Partners, LLC"
GBDC,0001476765,0001476765-26-000048,10-Q,2026-06-30,2026-08-03,"HP TLE Buyer, Inc. | One stop 1 | Non-Affiliated Issuer","HP TLE Buyer, Inc.","HP TLE Buyer, Inc.",First Lien,,,,2139000.0,2130000.0,2139000.0,,100.0,4.75,8.48,,,False,,,USD,2139000.0,Healthcare Providers & Services,Unaffiliated,One stop,,2032-07,,,,,0.1,8.48,4.75,,Health Care,Health Care Equipment & Services,First Lien,,"HP TLE Buyer, Inc."
GBDC,0001476765,0001476765-26-000048,10-Q,2026-06-30,2026-08-03,"HP TLE Buyer, Inc. | One stop 2 | Non-Affiliated Issuer","HP TLE Buyer, Inc.","HP TLE Buyer, Inc.",First Lien,,,,0.0,-2000.0,0.0,,-0.0,,,,,False,,,USD,0.0,,,,,,,,,,,,,,Health Care,Health Care Equipment & Services,First Lien,,"HP TLE Buyer, Inc."
GBDC,0001476765,0001476765-26-000048,10-Q,2026-06-30,2026-08-03,"Krueger-Gilbert Health Physics, LLC | Senior secured 1 | Non-Affiliated Issuer","Krueger-Gilbert Health Physics, LLC","Krueger-Gilbert Health Physics, LLC",First Lien,,,,9825000.0,9827000.0,9834000.0,,99.91,5.0,8.73,,,False,,,USD,9825000.0,Healthcare Providers & Services,Unaffiliated,Senior secured,,2026-11,,,,,0.1,8.73,5.0,,Health Care,Health Care Equipment & Services,First Lien,,"Krueger-Gilbert Health Physics, LLC"
GBDC,0001476765,0001476765-26-000048,10-Q,2026-06-30,2026-08-03,"Krueger-Gilbert Health Physics, LLC | Senior secured 7 | Non-Affiliated Issuer","Krueger-Gilbert Health Physics, LLC","Krueger-Gilbert Health Physics, LLC",First Lien,,,,0.0,0.0,0.0,,,,,,,False,,,USD,0.0,,,,,,,,,,,,,,Health Care,Health Care Equipment & Services,First Lien,,"Krueger-Gilbert Health Physics, LLC"
GBDC,0001476765,0001476765-26-000048,10-Q,2026-06-30,2026-08-03,"LOV Acquisition, LLC | Senior secured 1 | Non-Affiliated Issuer","LOV Acquisition, LLC","LOV Acquisition, LLC",First Lien,,,,22346000.0,22253000.0,22346000.0,,100.0,4.25,7.89,,,False,,,USD,22346000.0,Healthcare Providers & Services,Unaffiliated,Senior secured,,2031-11,,,,,0.6,7.89,4.25,,Health Care,Health Care Equipment & Services,First Lien,,"LOV Acquisition, LLC"
GBDC,0001476765,0001476765-26-000048,10-Q,2026-06-30,2026-08-03,"LOV Acquisition, LLC | Senior secured 2 | Non-Affiliated Issuer","LOV Acquisition, LLC","LOV Acquisition, LLC",First Lien,,,,0.0,-10000.0,0.0,,-0.0,,,,,False,,,USD,0.0,,,,,,,,,,,,,,Health Care,Health Care Equipment & Services,First Lien,,"LOV Acquisition, LLC"
GBDC,0001476765,0001476765-26-000048,10-Q,2026-06-30,2026-08-03,New Look Corporation | One stop 1 | Non-Affiliated Issuer,New Look Corporation,New Look Corporation,First Lien,,,,37252000.0,40167000.0,37252000.0,,100.0,5.25,7.54,,,False,,,USD,37252000.0,Healthcare Providers & Services,Unaffiliated,One stop,,2028-05,,,,,0.7,7.54,5.25,,Health Care,Health Care Equipment & Services,First Lien,,New Look Corporation
GBDC,0001476765,0001476765-26-000048,10-Q,2026-06-30,2026-08-03,New Look Corporation | One stop 8 | Non-Affiliated Issuer,New Look Corporation,New Look Corporation,First Lien,,,,0.0,-2000.0,0.0,,-0.0,,,,,False,,,USD,0.0,,,,,,,,,,,,,,Health Care,Health Care Equipment & Services,First Lien,,New Look Corporation
GBDC,0001476765,0001476765-26-000048,10-Q,2026-06-30,2026-08-03,"Pinnacle Treatment Centers, Inc. | One stop 1 | Non-Affiliated Issuer","Pinnacle Treatment Centers, Inc.","Pinnacle Treatment Centers, Inc.",First Lien,,,,38311000.0,38998000.0,39093000.0,,98.0,5.75,9.42,,,False,,,USD,38311000.0,Healthcare Providers & Services,Unaffiliated,One stop,,2027-01,,,,,0.5,9.42,5.75,,Health Care,Health Care Equipment & Services,First Lien,,"Pinnacle Treatment Centers, Inc."
GBDC,0001476765,0001476765-26-000048,10-Q,2026-06-30,2026-08-03,"Pinnacle Treatment Centers, Inc. | One stop 11 | Non-Affiliated Issuer","Pinnacle Treatment Centers, Inc.","Pinnacle Treatment Centers, Inc.",First Lien,,,,786000.0,793000.0,812000.0,,96.8,4.5,10.59,,,False,,,USD,786000.0,Healthcare Providers & Services,Unaffiliated,One stop,,2027-01,,,,,,10.59,4.5,,Health Care,Health Care Equipment & Services,First Lien,,"Pinnacle Treatment Centers, Inc."
GBDC,0001476765,0001476765-26-000048,10-Q,2026-06-30,2026-08-03,"PPV Intermediate Holdings, LLC | One stop 1 | Non-Affiliated Issuer","PPV Intermediate Holdings, LLC","PPV Intermediate Holdings, LLC",First Lien,,,,13917000.0,14155000.0,14211000.0,,97.93,5.75,9.4,,,False,,,USD,13917000.0,Healthcare Providers & Services,Unaffiliated,One stop,,2029-08,,,,,,9.4,5.75,,Health Care,Health Care Equipment & Services,First Lien,"People, Pets & Vets","PPV Intermediate Holdings, LLC"
GBDC,0001476765,0001476765-26-000048,10-Q,2026-06-30,2026-08-03,"PPV Intermediate Holdings, LLC | One stop 3 | Non-Affiliated Issuer","PPV Intermediate Holdings, LLC","PPV Intermediate Holdings, LLC",First Lien,,,,2863000.0,2976000.0,3006000.0,,95.24,,,,13.75,True,,,USD,2863000.0,Healthcare Providers & Services,Unaffiliated,One stop,,2030-08,,,,,0.1,13.75,,,Health Care,Health Care Equipment & Services,First Lien,"People, Pets & Vets","PPV Intermediate Holdings, LLC"
GBDC,0001476765,0001476765-26-000048,10-Q,2026-06-30,2026-08-03,"PPV Intermediate Holdings, LLC | One stop 7 | Non-Affiliated Issuer","PPV Intermediate Holdings, LLC","PPV Intermediate Holdings, LLC",First Lien,,,,11339000.0,11589000.0,11541000.0,,98.25,,,,14.75,True,,,USD,11339000.0,Healthcare Providers & Services,Unaffiliated,One stop,,2030-08,,,,,0.3,14.75,,,Health Care,Health Care Equipment & Services,First Lien,"People, Pets & Vets","PPV Intermediate Holdings, LLC"
GBDC,0001476765,0001476765-26-000048,10-Q,2026-06-30,2026-08-03,"PPV Intermediate Holdings, LLC | One stop 8 | Non-Affiliated Issuer","PPV Intermediate Holdings, LLC","PPV Intermediate Holdings, LLC",First Lien,,,,5272000.0,5384000.0,5446000.0,,96.8,5.25,8.92,,,False,,,USD,5272000.0,Healthcare Providers & Services,Unaffiliated,One stop,,2029-08,,,,,0.2,8.92,5.25,,Health Care,Health Care Equipment & Services,First Lien,"People, Pets & Vets","PPV Intermediate Holdings, LLC"
GBDC,0001476765,0001476765-26-000048,10-Q,2026-06-30,2026-08-03,Premise Health Holding Corp. | One stop 1 | Non-Affiliated Issuer,Premise Health Holding Corp.,Premise Health Holding Corp.,First Lien,,,,2659000.0,2665000.0,2685000.0,,99.03,4.75,8.48,,,False,,,USD,2659000.0,Healthcare Providers & Services,Unaffiliated,One stop,,2032-11,,,,,,8.48,4.75,,Health Care,Health Care Equipment & Services,First Lien,Premise Health,Premise Health Holding Corp.
GBDC,0001476765,0001476765-26-000048,10-Q,2026-06-30,2026-08-03,Premise Health Holding Corp. | One stop 2 | Non-Affiliated Issuer,Premise Health Holding Corp.,Premise Health Holding Corp.,First Lien,,,,-1000.0,-2000.0,0.0,,50.0,,,,,False,,,USD,-1000.0,Healthcare Providers & Services,Unaffiliated,One stop,,2031-11,,,,,,,,,Health Care,Health Care Equipment & Services,First Lien,Premise Health,Premise Health Holding Corp.
GBDC,0001476765,0001476765-26-000048,10-Q,2026-06-30,2026-08-03,Pyramid Healthcare Acquisition Corp. | One stop 1 | Non-Affiliated Issuer,Pyramid Healthcare Acquisition Corp.,Pyramid Healthcare Acquisition Corp.,First Lien,,,,33259000.0,33347000.0,33339000.0,,99.76,4.75,8.56,,,False,,,USD,33259000.0,Healthcare Providers & Services,Unaffiliated,One stop,,2027-05,,,,,0.7,8.56,4.75,,Health Care,Health Care Equipment & Services,First Lien,,Pyramid Healthcare Acquisition Corp.
GBDC,0001476765,0001476765-26-000048,10-Q,2026-06-30,2026-08-03,"Signature MD, Inc. | One stop 1 | Non-Affiliated Issuer","Signature MD, Inc.","Signature MD, Inc.",First Lien,,,,303000.0,300000.0,302000.0,,100.33,4.5,8.14,,,False,,,USD,303000.0,Healthcare Providers & Services,Unaffiliated,One stop,,2032-02,,,,,,8.14,4.5,,Health Care,Health Care Equipment & Services,First Lien,,"Signature MD, Inc."
GBDC,0001476765,0001476765-26-000048,10-Q,2026-06-30,2026-08-03,"Signature MD, Inc. | One stop 3 | Non-Affiliated Issuer","Signature MD, Inc.","Signature MD, Inc.",First Lien,,,,1000.0,-1000.0,,,-100.0,,,,,False,,,USD,1000.0,Healthcare Providers & Services,Unaffiliated,One stop,,2032-02,,,,,,,,,Health Care,Health Care Equipment & Services,First Lien,,"Signature MD, Inc."
GBDC,0001476765,0001476765-26-000048,10-Q,2026-06-30,2026-08-03,"Suveto Buyer, LLC | One stop 1 | Non-Affiliated Issuer","Suveto Buyer, LLC","Suveto Buyer, LLC",First Lien,,,,-1000.0,-1000.0,,,100.0,,,,,False,,,USD,-1000.0,Healthcare Providers & Services,Unaffiliated,One stop,,2027-09,,,,,,,,,Health Care,Health Care Equipment & Services,First Lien,Suveto,"Suveto Buyer, LLC"
GBDC,0001476765,0001476765-26-000048,10-Q,2026-06-30,2026-08-03,"Suveto Buyer, LLC | One stop 2 | Non-Affiliated Issuer","Suveto Buyer, LLC","Suveto Buyer, LLC",First Lien,,,,46342000.0,46392000.0,46445000.0,,99.78,4.5,8.14,,,False,,,USD,46342000.0,Healthcare Providers & Services,Unaffiliated,One stop,,2027-09,,,,,0.7,8.14,4.5,,Health Care,Health Care Equipment & Services,First Lien,Suveto,"Suveto Buyer, LLC"
GBDC,0001476765,0001476765-26-000048,10-Q,2026-06-30,2026-08-03,Amberfield Acquisition Co. | One stop 1 | Non-Affiliated Issuer,Amberfield Acquisition Co.,Amberfield Acquisition Co.,First Lien,,,,8047000.0,8043000.0,8072000.0,,99.69,5.0,8.73,,,False,,,USD,8047000.0,Healthcare Technology,Unaffiliated,One stop,,2030-05,,,,,0.2,8.73,5.0,,Health Care,Health Care Equipment & Services,First Lien,,Amberfield Acquisition Co.
GBDC,0001476765,0001476765-26-000048,10-Q,2026-06-30,2026-08-03,"Color Intermediate, LLC | Senior secured | Non-Affiliated Issuer","Color Intermediate, LLC","Color Intermediate, LLC",First Lien,,,,17084000.0,17228000.0,17257000.0,,99.0,4.75,8.58,,,False,,,USD,17084000.0,Healthcare Technology,Unaffiliated,Senior secured,,2029-10,,,,,0.5,8.58,4.75,,Health Care,Health Care Equipment & Services,First Lien,Lyric,"Color Intermediate, LLC"
GBDC,0001476765,0001476765-26-000048,10-Q,2026-06-30,2026-08-03,"Connexin Software, Inc. | One stop 1 | Non-Affiliated Issuer","Connexin Software, Inc.","Connexin Software, Inc.",First Lien,,,,11554000.0,11627000.0,11671000.0,,99.0,6.0,9.73,,,False,,,USD,11554000.0,Healthcare Technology,Unaffiliated,One stop,,2028-03,,,,,0.3,9.73,6.0,,Health Care,Health Care Equipment & Services,First Lien,,"Connexin Software, Inc."
GBDC,0001476765,0001476765-26-000048,10-Q,2026-06-30,2026-08-03,"Connexin Software, Inc. | One stop 2 | Non-Affiliated Issuer","Connexin Software, Inc.","Connexin Software, Inc.",First Lien,,,,-1000.0,0.0,0.0,,,,,,,False,,,USD,-1000.0,Healthcare Technology,Unaffiliated,One stop,,2028-03,,,,,,,,,Health Care,Health Care Equipment & Services,First Lien,,"Connexin Software, Inc."
GBDC,0001476765,0001476765-26-000048,10-Q,2026-06-30,2026-08-03,"Crow River Buyer, Inc. | One stop 1 | Non-Affiliated Issuer","Crow River Buyer, Inc.","Crow River Buyer, Inc.",First Lien,,,,14399000.0,14628000.0,14693000.0,,98.0,5.0,8.66,,,False,,,USD,14399000.0,Healthcare Technology,Unaffiliated,One stop,,2029-01,,,,,0.2,8.66,5.0,,Health Care,Health Care Equipment & Services,First Lien,,"Crow River Buyer, Inc."
GBDC,0001476765,0001476765-26-000048,10-Q,2026-06-30,2026-08-03,"Crow River Buyer, Inc. | One stop 2 | Non-Affiliated Issuer","Crow River Buyer, Inc.","Crow River Buyer, Inc.",First Lien,,,,-2000.0,0.0,0.0,,,,,,,False,,,USD,-2000.0,Healthcare Technology,Unaffiliated,One stop,,2029-01,,,,,,,,,Health Care,Health Care Equipment & Services,First Lien,,"Crow River Buyer, Inc."
GBDC,0001476765,0001476765-26-000048,10-Q,2026-06-30,2026-08-03,"ESO Solution, Inc. | One stop 1 | Non-Affiliated Issuer","ESO Solution, Inc.","ESO Solution, Inc.",First Lien,,,,15182000.0,15246000.0,15260000.0,,99.49,5.5,9.17,,,False,,,USD,15182000.0,Healthcare Technology,Unaffiliated,One stop,,2027-05,,,,,0.3,9.17,5.5,,Health Care,Health Care Equipment & Services,First Lien,,"ESO Solution, Inc."
GBDC,0001476765,0001476765-26-000048,10-Q,2026-06-30,2026-08-03,GHX Ultimate Parent Corporation | One stop 1 | Non-Affiliated Issuer,GHX Ultimate Parent Corporation,GHX Ultimate Parent Corporation,First Lien,,,,54021000.0,53475000.0,54021000.0,,100.0,5.0,6.23,,2.5,True,,,USD,54021000.0,Healthcare Technology,Unaffiliated,One stop,,2031-12,,,,,1.4,8.75,4.75,,Health Care,Health Care Equipment & Services,First Lien,GHX,GHX Ultimate Parent Corporation
GBDC,0001476765,0001476765-26-000048,10-Q,2026-06-30,2026-08-03,GHX Ultimate Parent Corporation | One stop 2 | Non-Affiliated Issuer,GHX Ultimate Parent Corporation,GHX Ultimate Parent Corporation,First Lien,,,,353000.0,352000.0,353000.0,,100.0,5.0,6.23,,2.5,True,,,USD,353000.0,Healthcare Technology,Unaffiliated,One stop,,2033-02,,,,,,6.23,5.0,,Health Care,Health Care Equipment & Services,First Lien,GHX,GHX Ultimate Parent Corporation
GBDC,0001476765,0001476765-26-000048,10-Q,2026-06-30,2026-08-03,GHX Ultimate Parent Corporation | One stop 3 | Non-Affiliated Issuer,GHX Ultimate Parent Corporation,GHX Ultimate Parent Corporation,First Lien,,,,0.0,-51000.0,0.0,,-0.0,,,,,False,,,USD,0.0,,,,,,,,,,,,,,Health Care,Health Care Equipment & Services,First Lien,GHX,GHX Ultimate Parent Corporation
GBDC,0001476765,0001476765-26-000048,10-Q,2026-06-30,2026-08-03,"Healthmark Holdings, L.P. | One stop 1 | Non-Affiliated Issuer","Healthmark Holdings, L.P.","Healthmark Holdings, L.P.",First Lien,,,,-5000.0,-2000.0,0.0,,250.0,,,,,False,,,USD,-5000.0,Healthcare Technology,Unaffiliated,One stop,,2032-07,,,,,,,,,Health Care,Health Care Equipment & Services,First Lien,,"Healthmark Holdings, L.P."
GBDC,0001476765,0001476765-26-000048,10-Q,2026-06-30,2026-08-03,"Healthmark Holdings, L.P. | One stop 2 | Non-Affiliated Issuer","Healthmark Holdings, L.P.","Healthmark Holdings, L.P.",First Lien,,,,1549000.0,1561000.0,1568000.0,,98.79,4.5,8.17,,,False,,,USD,1549000.0,Healthcare Technology,Unaffiliated,One stop,,2032-07,,,,,0.1,8.17,4.5,,Health Care,Health Care Equipment & Services,First Lien,,"Healthmark Holdings, L.P."
GBDC,0001476765,0001476765-26-000048,10-Q,2026-06-30,2026-08-03,"Kona Buyer, LLC | One stop 1 | Non-Affiliated Issuer","Kona Buyer, LLC","Kona Buyer, LLC",First Lien,,,,20516000.0,20596000.0,20741000.0,,98.92,4.5,8.17,,,False,,,USD,20516000.0,Healthcare Technology,Unaffiliated,One stop,,2031-07,,,,,0.4,8.17,4.5,,Health Care,Health Care Equipment & Services,First Lien,,"Kona Buyer, LLC"
GBDC,0001476765,0001476765-26-000048,10-Q,2026-06-30,2026-08-03,"Kona Buyer, LLC | One stop 6 | Non-Affiliated Issuer","Kona Buyer, LLC","Kona Buyer, LLC",First Lien,,,,-6000.0,-1000.0,0.0,,600.0,,,,,False,,,USD,-6000.0,Healthcare Technology,Unaffiliated,One stop,,2031-07,,,,,,,,,Health Care,Health Care Equipment & Services,First Lien,,"Kona Buyer, LLC"
GBDC,0001476765,0001476765-26-000048,10-Q,2026-06-30,2026-08-03,Lacker Bidco Limited | One stop 1 | Non-Affiliated Issuer,Lacker Bidco Limited,Lacker Bidco Limited,First Lien,,,,1475000.0,1446000.0,1475000.0,,100.0,6.0,9.73,,,False,,,USD,1475000.0,Healthcare Technology,Unaffiliated,One stop,,2031-02,,,,,,9.73,6.0,,Health Care,Health Care Equipment & Services,First Lien,,Lacker Bidco Limited
GBDC,0001476765,0001476765-26-000048,10-Q,2026-06-30,2026-08-03,Lacker Bidco Limited | One stop 3 | Non-Affiliated Issuer,Lacker Bidco Limited,Lacker Bidco Limited,First Lien,,,,0.0,-1000.0,0.0,,-0.0,,,,,False,,,USD,0.0,,,,,,,,,,,,,,Health Care,Health Care Equipment & Services,First Lien,,Lacker Bidco Limited
GBDC,0001476765,0001476765-26-000048,10-Q,2026-06-30,2026-08-03,Lacker Bidco Limited | One stop 4 | Non-Affiliated Issuer,Lacker Bidco Limited,Lacker Bidco Limited,First Lien,,,,20000.0,31000.0,30000.0,,66.67,5.25,8.98,,,False,,,USD,20000.0,Healthcare Technology,Unaffiliated,One stop,,2031-02,,,,,,8.98,5.25,,Health Care,Health Care Equipment & Services,First Lien,,Lacker Bidco Limited
GBDC,0001476765,0001476765-26-000048,10-Q,2026-06-30,2026-08-03,"Modernizing Medicine, Inc. | One stop 1 | Non-Affiliated Issuer","Modernizing Medicine, Inc.","Modernizing Medicine, Inc.",First Lien,,,,32934000.0,32668000.0,32934000.0,,100.0,4.75,6.23,,2.25,True,,,USD,32934000.0,Healthcare Technology,Unaffiliated,One stop,,2032-04,,,,,0.9,6.23,4.75,,Health Care,Health Care Equipment & Services,First Lien,ModMed,"Modernizing Medicine, Inc."
GBDC,0001476765,0001476765-26-000048,10-Q,2026-06-30,2026-08-03,"Modernizing Medicine, Inc. | One stop 2 | Non-Affiliated Issuer","Modernizing Medicine, Inc.","Modernizing Medicine, Inc.",First Lien,,,,0.0,-25000.0,0.0,,-0.0,,,,,False,,,USD,0.0,,,,,,,,,,,,,,Health Care,Health Care Equipment & Services,First Lien,ModMed,"Modernizing Medicine, Inc."
GBDC,0001476765,0001476765-26-000048,10-Q,2026-06-30,2026-08-03,"Neptune Holdings, Inc. | One stop 1 | Non-Affiliated Issuer","Neptune Holdings, Inc.","Neptune Holdings, Inc.",First Lien,,,,15736000.0,15964000.0,15895000.0,,99.0,4.5,8.23,,,False,,,USD,15736000.0,Healthcare Technology,Unaffiliated,One stop,,2030-09,,,,,0.4,8.23,4.5,,Health Care,Health Care Equipment & Services,First Lien,,"Neptune Holdings, Inc."
GBDC,0001476765,0001476765-26-000048,10-Q,2026-06-30,2026-08-03,"Neptune Holdings, Inc. | One stop 2 | Non-Affiliated Issuer","Neptune Holdings, Inc.","Neptune Holdings, Inc.",First Lien,,,,-1000.0,0.0,0.0,,,,,,,False,,,USD,-1000.0,Healthcare Technology,Unaffiliated,One stop,,2029-08,,,,,,,,,Health Care,Health Care Equipment & Services,First Lien,,"Neptune Holdings, Inc."
GBDC,0001476765,0001476765-26-000048,10-Q,2026-06-30,2026-08-03,"Netsmart Technologies, Inc. | One stop 1 | Non-Affiliated Issuer","Netsmart Technologies, Inc.","Netsmart Technologies, Inc.",First Lien,,,,52835000.0,53790000.0,54190000.0,,97.5,5.2,6.14,,2.7,True,,,USD,52835000.0,Healthcare Technology,Unaffiliated,One stop,,2031-08,,,,,1.3,6.66,4.95,,Health Care,Health Care Equipment & Services,First Lien,,"Netsmart Technologies, Inc."
GBDC,0001476765,0001476765-26-000048,10-Q,2026-06-30,2026-08-03,"Netsmart Technologies, Inc. | One stop 2 | Non-Affiliated Issuer","Netsmart Technologies, Inc.","Netsmart Technologies, Inc.",First Lien,,,,-312000.0,-76000.0,0.0,,410.53,,,,,False,,,USD,-312000.0,Healthcare Technology,Unaffiliated,One stop,,2031-08,,,,,,,,,Health Care,Health Care Equipment & Services,First Lien,,"Netsmart Technologies, Inc."
GBDC,0001476765,0001476765-26-000048,10-Q,2026-06-30,2026-08-03,"Netsmart Technologies, Inc. | One stop 4 | Non-Affiliated Issuer","Netsmart Technologies, Inc.","Netsmart Technologies, Inc.",First Lien,,,,496000.0,507000.0,508000.0,,97.64,5.2,6.14,,2.7,True,,,USD,496000.0,Healthcare Technology,Unaffiliated,One stop,,2031-08,,,,,,6.14,5.2,,Health Care,Health Care Equipment & Services,First Lien,,"Netsmart Technologies, Inc."
GBDC,0001476765,0001476765-26-000048,10-Q,2026-06-30,2026-08-03,"Plasma Buyer, LLC | One stop 1 | Non-Affiliated Issuer","Plasma Buyer, LLC","Plasma Buyer, LLC",First Lien,,,,4283000.0,8110000.0,9111000.0,,47.01,5.75,,,9.48,True,,,USD,4283000.0,Healthcare Technology,Unaffiliated,One stop,,2029-05,,,,,0.1,9.48,5.75,,Health Care,Health Care Equipment & Services,First Lien,,"Plasma Buyer, LLC"
GBDC,0001476765,0001476765-26-000048,10-Q,2026-06-30,2026-08-03,"Plasma Buyer, LLC | One stop 3 | Non-Affiliated Issuer","Plasma Buyer, LLC","Plasma Buyer, LLC",First Lien,,,,175000.0,175000.0,175000.0,,100.0,6.25,9.48,,0.5,True,,,USD,175000.0,Healthcare Technology,Unaffiliated,One stop,,2027-03,,,,,,9.48,6.25,,Health Care,Health Care Equipment & Services,First Lien,,"Plasma Buyer, LLC"
GBDC,0001476765,0001476765-26-000048,10-Q,2026-06-30,2026-08-03,"Plasma Buyer, LLC | One stop 4 | Non-Affiliated Issuer","Plasma Buyer, LLC","Plasma Buyer, LLC",First Lien,,,,56000.0,108000.0,122000.0,,45.9,5.75,,,9.48,True,,,USD,56000.0,Healthcare Technology,Unaffiliated,One stop,,2028-05,,,,,,9.48,5.75,,Health Care,Health Care Equipment & Services,First Lien,,"Plasma Buyer, LLC"
GBDC,0001476765,0001476765-26-000048,10-Q,2026-06-30,2026-08-03,"QF Holdings, Inc. | One stop 1 | Non-Affiliated Issuer","QF Holdings, Inc.","QF Holdings, Inc.",First Lien,,,,369000.0,374000.0,375000.0,,98.4,4.5,8.24,,,False,,,USD,369000.0,Healthcare Technology,Unaffiliated,One stop,,2032-12,,,,,,,,,Health Care,Health Care Equipment & Services,First Lien,Qualifacts,"QF Holdings, Inc."
GBDC,0001476765,0001476765-26-000048,10-Q,2026-06-30,2026-08-03,"QF Holdings, Inc. | One stop 3 | Non-Affiliated Issuer","QF Holdings, Inc.","QF Holdings, Inc.",First Lien,,,,-1000.0,0.0,0.0,,,,,,,False,,,USD,-1000.0,Healthcare Technology,Unaffiliated,One stop,,2032-12,,,,,,,,,Health Care,Health Care Equipment & Services,First Lien,Qualifacts,"QF Holdings, Inc."
GBDC,0001476765,0001476765-26-000048,10-Q,2026-06-30,2026-08-03,Signant Finance One Limited | One stop 1 | Non-Affiliated Issuer,Signant Finance One Limited,Signant Finance One Limited,First Lien,,,,1697000.0,1697000.0,1713000.0,,99.07,5.0,8.73,,,False,,,USD,1697000.0,Healthcare Technology,Unaffiliated,One stop,,2031-10,,,,,,8.73,5.0,,Health Care,Health Care Equipment & Services,First Lien,Signant Health,Signant Finance One Limited
GBDC,0001476765,0001476765-26-000048,10-Q,2026-06-30,2026-08-03,Signant Finance One Limited | One stop 3 | Non-Affiliated Issuer,Signant Finance One Limited,Signant Finance One Limited,First Lien,,,,-2000.0,-1000.0,0.0,,200.0,,,,,False,,,USD,-2000.0,Healthcare Technology,Unaffiliated,One stop,,2031-10,,,,,,,,,Health Care,Health Care Equipment & Services,First Lien,Signant Health,Signant Finance One Limited
GBDC,0001476765,0001476765-26-000048,10-Q,2026-06-30,2026-08-03,"Transaction Data Systems, Inc. | One stop 1 | Non-Affiliated Issuer","Transaction Data Systems, Inc.","Transaction Data Systems, Inc.",First Lien,,,,73741000.0,73634000.0,73741000.0,,100.0,4.75,8.63,,,False,,,USD,73741000.0,Healthcare Technology,Unaffiliated,One stop,,2026-08,,,,,2.0,8.63,4.75,,Health Care,Health Care Equipment & Services,First Lien,,"Transaction Data Systems, Inc."
GBDC,0001476765,0001476765-26-000048,10-Q,2026-06-30,2026-08-03,"Transaction Data Systems, Inc. | One stop 2 | Non-Affiliated Issuer","Transaction Data Systems, Inc.","Transaction Data Systems, Inc.",First Lien,,,,0.0,0.0,0.0,,,,,,,False,,,USD,0.0,,,,,,,,,,,,,,Health Care,Health Care Equipment & Services,First Lien,,"Transaction Data Systems, Inc."
GBDC,0001476765,0001476765-26-000048,10-Q,2026-06-30,2026-08-03,"Barteca Restaurants, LLC | One stop 1 | Non-Affiliated Issuer","Barteca Restaurants, LLC","Barteca Restaurants, LLC",First Lien,,,,14776000.0,14756000.0,14776000.0,,100.0,6.0,9.88,,,False,,,USD,14776000.0,"Hotels, Restaurants & Leisure",Unaffiliated,One stop,,2028-08,,,,,0.4,9.88,6.0,,Consumer Discretionary,Consumer Services,First Lien,,"Barteca Restaurants, LLC"
GBDC,0001476765,0001476765-26-000048,10-Q,2026-06-30,2026-08-03,BJH Holdings III Corp. | One stop 1 | Non-Affiliated Issuer,BJH Holdings III Corp.,BJH Holdings III Corp.,First Lien,,,,75322000.0,75098000.0,75322000.0,,100.0,5.0,8.73,,,False,,,USD,75322000.0,"Hotels, Restaurants & Leisure",Unaffiliated,One stop,,2027-08,,,,,1.9,8.73,5.0,,Consumer Discretionary,Consumer Services,First Lien,,BJH Holdings III Corp.
GBDC,0001476765,0001476765-26-000048,10-Q,2026-06-30,2026-08-03,"Cafe Rio Holding, Inc. | One stop 1 | Non-Affiliated Issuer","Cafe Rio Holding, Inc.","Cafe Rio Holding, Inc.",First Lien,,,,26184000.0,26989000.0,26995000.0,,97.0,6.75,9.56,,1.0,True,,,USD,26184000.0,"Hotels, Restaurants & Leisure",Unaffiliated,One stop,,2028-09,,,,,0.5,9.56,6.75,,Consumer Discretionary,Consumer Services,First Lien,,"Cafe Rio Holding, Inc."
GBDC,0001476765,0001476765-26-000048,10-Q,2026-06-30,2026-08-03,"Cafe Rio Holding, Inc. | One stop 13 | Non-Affiliated Issuer","Cafe Rio Holding, Inc.","Cafe Rio Holding, Inc.",First Lien,,,,53000.0,55000.0,55000.0,,96.36,6.75,9.56,,1.0,True,,,USD,53000.0,"Hotels, Restaurants & Leisure",Unaffiliated,One stop,,2028-09,,,,,,10.21,5.75,,Consumer Discretionary,Consumer Services,First Lien,,"Cafe Rio Holding, Inc."
GBDC,0001476765,0001476765-26-000048,10-Q,2026-06-30,2026-08-03,"CB Sports Holdings Bidco, LLC | One stop 1 | Non-Affiliated Issuer","CB Sports Holdings Bidco, LLC","CB Sports Holdings Bidco, LLC",First Lien,,,,-1000.0,-1000.0,0.0,,100.0,,,,,False,,,USD,-1000.0,"Hotels, Restaurants & Leisure",Unaffiliated,One stop,,2032-12,,,,,,,,,Consumer Discretionary,Consumer Services,First Lien,,"CB Sports Holdings Bidco, LLC"
GBDC,0001476765,0001476765-26-000048,10-Q,2026-06-30,2026-08-03,"CB Sports Holdings Bidco, LLC | One stop 2 | Non-Affiliated Issuer","CB Sports Holdings Bidco, LLC","CB Sports Holdings Bidco, LLC",First Lien,,,,575000.0,575000.0,579000.0,,99.31,4.63,8.36,,,False,,,USD,575000.0,"Hotels, Restaurants & Leisure",Unaffiliated,One stop,,2032-12,,,,,,8.36,4.63,,Consumer Discretionary,Consumer Services,First Lien,,"CB Sports Holdings Bidco, LLC"
GBDC,0001476765,0001476765-26-000048,10-Q,2026-06-30,2026-08-03,"CB Sports Holdings Bidco, LLC | One stop 3 | Non-Affiliated Issuer","CB Sports Holdings Bidco, LLC","CB Sports Holdings Bidco, LLC",First Lien,,,,0.0,0.0,0.0,,,,,,,False,,,USD,0.0,,,,,,,,,,,,,,Consumer Discretionary,Consumer Services,First Lien,,"CB Sports Holdings Bidco, LLC"
GBDC,0001476765,0001476765-26-000048,10-Q,2026-06-30,2026-08-03,"CR Fitness Holdings, LLC | Senior secured 1 | Non-Affiliated Issuer","CR Fitness Holdings, LLC","CR Fitness Holdings, LLC",First Lien,,,,17000.0,16000.0,17000.0,,100.0,4.25,7.98,,,False,,,USD,17000.0,"Hotels, Restaurants & Leisure",Unaffiliated,Senior secured,,2031-10,,,,,,7.98,4.25,,Consumer Discretionary,Consumer Services,First Lien,,"CR Fitness Holdings, LLC"
GBDC,0001476765,0001476765-26-000048,10-Q,2026-06-30,2026-08-03,"CR Fitness Holdings, LLC | Senior secured 2 | Non-Affiliated Issuer","CR Fitness Holdings, LLC","CR Fitness Holdings, LLC",First Lien,,,,1496000.0,1493000.0,1496000.0,,100.0,4.25,7.98,,,False,,,USD,1496000.0,"Hotels, Restaurants & Leisure",Unaffiliated,Senior secured,,2032-10,,,,,,7.98,4.25,,Consumer Discretionary,Consumer Services,First Lien,,"CR Fitness Holdings, LLC"
GBDC,0001476765,0001476765-26-000048,10-Q,2026-06-30,2026-08-03,"CR Fitness Holdings, LLC | Senior secured 3 | Non-Affiliated Issuer","CR Fitness Holdings, LLC","CR Fitness Holdings, LLC",First Lien,,,,0.0,-1000.0,0.0,,-0.0,,,,,False,,,USD,0.0,,,,,,,,,,,,,,Consumer Discretionary,Consumer Services,First Lien,,"CR Fitness Holdings, LLC"
GBDC,0001476765,0001476765-26-000048,10-Q,2026-06-30,2026-08-03,"Crumbl Enterprises, LLC | One stop 1 | Non-Affiliated Issuer","Crumbl Enterprises, LLC","Crumbl Enterprises, LLC",First Lien,,,,0.0,-11000.0,0.0,,-0.0,,,,,False,,,USD,0.0,,,,,,,,,,,,,,Consumer Discretionary,Consumer Services,First Lien,,"Crumbl Enterprises, LLC"
GBDC,0001476765,0001476765-26-000048,10-Q,2026-06-30,2026-08-03,"Crumbl Enterprises, LLC | One stop 2 | Non-Affiliated Issuer","Crumbl Enterprises, LLC","Crumbl Enterprises, LLC",First Lien,,,,32084000.0,31949000.0,32084000.0,,100.0,4.5,8.24,,,False,,,USD,32084000.0,"Hotels, Restaurants & Leisure",Unaffiliated,One stop,,2032-05,,,,,0.9,8.24,4.5,,Consumer Discretionary,Consumer Services,First Lien,,"Crumbl Enterprises, LLC"
GBDC,0001476765,0001476765-26-000048,10-Q,2026-06-30,2026-08-03,"ESN Venture Holdings, LLC | One stop 1 | Non-Affiliated Issuer","ESN Venture Holdings, LLC","ESN Venture Holdings, LLC",First Lien,,,,8211000.0,8151000.0,8211000.0,,100.0,6.26,6.61,,3.38,True,,,USD,8211000.0,"Hotels, Restaurants & Leisure",Unaffiliated,One stop,,2029-10,,,,,0.2,6.61,6.26,,Consumer Discretionary,Consumer Services,First Lien,,"ESN Venture Holdings, LLC"
GBDC,0001476765,0001476765-26-000048,10-Q,2026-06-30,2026-08-03,"ESN Venture Holdings, LLC | One stop 6 | Non-Affiliated Issuer","ESN Venture Holdings, LLC","ESN Venture Holdings, LLC",First Lien,,,,0.0,-7000.0,0.0,,-0.0,,,,,False,,,USD,0.0,,,,,,,,,,,,,,Consumer Discretionary,Consumer Services,First Lien,,"ESN Venture Holdings, LLC"
GBDC,0001476765,0001476765-26-000048,10-Q,2026-06-30,2026-08-03,"ESN Venture Holdings, LLC | One stop 7 | Non-Affiliated Issuer","ESN Venture Holdings, LLC","ESN Venture Holdings, LLC",First Lien,,,,7614000.0,7571000.0,7614000.0,,100.0,6.25,6.55,,3.38,True,,,USD,7614000.0,"Hotels, Restaurants & Leisure",Unaffiliated,One stop,,2029-10,,,,,,6.55,6.25,,Consumer Discretionary,Consumer Services,First Lien,,"ESN Venture Holdings, LLC"
GBDC,0001476765,0001476765-26-000048,10-Q,2026-06-30,2026-08-03,"Excel Fitness Consolidator, LLC | Senior secured 1 | Non-Affiliated Issuer","Excel Fitness Consolidator, LLC","Excel Fitness Consolidator, LLC",First Lien,,,,7106000.0,7063000.0,7106000.0,,100.0,4.75,8.48,,,False,,,USD,7106000.0,"Hotels, Restaurants & Leisure",Unaffiliated,Senior secured,,2030-04,,,,,0.2,8.48,4.75,,Consumer Discretionary,Consumer Services,First Lien,,"Excel Fitness Consolidator, LLC"
GBDC,0001476765,0001476765-26-000048,10-Q,2026-06-30,2026-08-03,"Excel Fitness Consolidator, LLC | Senior secured 2 | Non-Affiliated Issuer","Excel Fitness Consolidator, LLC","Excel Fitness Consolidator, LLC",First Lien,,,,0.0,0.0,0.0,,,,,,,False,,,USD,0.0,,,,,,,,,,,,,,Consumer Discretionary,Consumer Services,First Lien,,"Excel Fitness Consolidator, LLC"
GBDC,0001476765,0001476765-26-000048,10-Q,2026-06-30,2026-08-03,"Harri US, LLC | One stop 1 | Non-Affiliated Issuer","Harri US, LLC","Harri US, LLC",First Lien,,,,4494000.0,4758000.0,4807000.0,,93.49,7.25,6.17,,4.75,True,,,USD,4494000.0,"Hotels, Restaurants & Leisure",Unaffiliated,One stop,,2028-08,,,,,,6.7,7.25,,Consumer Discretionary,Consumer Services,First Lien,,"Harri US, LLC"
GBDC,0001476765,0001476765-26-000048,10-Q,2026-06-30,2026-08-03,"Harri US, LLC | One stop 4 | Non-Affiliated Issuer","Harri US, LLC","Harri US, LLC",First Lien,,,,-3000.0,-1000.0,0.0,,300.0,,,,,False,,,USD,-3000.0,"Hotels, Restaurants & Leisure",Unaffiliated,One stop,,2028-08,,,,,,,,,Consumer Discretionary,Consumer Services,First Lien,,"Harri US, LLC"
GBDC,0001476765,0001476765-26-000048,10-Q,2026-06-30,2026-08-03,"Harri US, LLC | One stop 6 | Non-Affiliated Issuer","Harri US, LLC","Harri US, LLC",First Lien,,,,2227000.0,2205000.0,2227000.0,,100.0,,,,14.0,True,,,USD,2227000.0,"Hotels, Restaurants & Leisure",Unaffiliated,One stop,,2028-08,,,,,0.1,14.0,,,Consumer Discretionary,Consumer Services,First Lien,,"Harri US, LLC"
GBDC,0001476765,0001476765-26-000048,10-Q,2026-06-30,2026-08-03,"Olo Parent, Inc. | One stop 1 | Non-Affiliated Issuer","Olo Parent, Inc.","Olo Parent, Inc.",First Lien,,,,2280000.0,2321000.0,2326000.0,,98.02,4.5,8.17,,,False,,,USD,2280000.0,"Hotels, Restaurants & Leisure",Unaffiliated,One stop,,2032-09,,,,,0.1,8.17,4.5,,Consumer Discretionary,Consumer Services,First Lien,,"Olo Parent, Inc."
GBDC,0001476765,0001476765-26-000048,10-Q,2026-06-30,2026-08-03,"Olo Parent, Inc. | One stop 2 | Non-Affiliated Issuer","Olo Parent, Inc.","Olo Parent, Inc.",First Lien,,,,-3000.0,0.0,0.0,,,,,,,False,,,USD,-3000.0,"Hotels, Restaurants & Leisure",Unaffiliated,One stop,,2032-09,,,,,,,,,Consumer Discretionary,Consumer Services,First Lien,,"Olo Parent, Inc."
GBDC,0001476765,0001476765-26-000048,10-Q,2026-06-30,2026-08-03,"Patriot Acquireco, LLC | One stop 1 | Non-Affiliated Issuer","Patriot Acquireco, LLC","Patriot Acquireco, LLC",First Lien,,,,1831000.0,1822000.0,1831000.0,,100.0,4.5,8.17,,,False,,,USD,1831000.0,"Hotels, Restaurants & Leisure",Unaffiliated,One stop,,2032-09,,,,,,8.66,4.5,,Consumer Discretionary,Consumer Services,First Lien,,"Patriot Acquireco, LLC"
GBDC,0001476765,0001476765-26-000048,10-Q,2026-06-30,2026-08-03,"PB Group Holdings, LLC | One stop 1 | Non-Affiliated Issuer","PB Group Holdings, LLC","PB Group Holdings, LLC",First Lien,,,,38095000.0,37970000.0,38095000.0,,100.0,5.5,6.39,,2.75,True,,,USD,38095000.0,"Hotels, Restaurants & Leisure",Unaffiliated,One stop,,2030-08,,,,,1.0,6.39,5.5,,Consumer Discretionary,Consumer Services,First Lien,,"PB Group Holdings, LLC"
GBDC,0001476765,0001476765-26-000048,10-Q,2026-06-30,2026-08-03,"PB Group Holdings, LLC | One stop 2 | Non-Affiliated Issuer","PB Group Holdings, LLC","PB Group Holdings, LLC",First Lien,,,,2858000.0,2843000.0,2858000.0,,100.0,5.0,8.64,,,False,,,USD,2858000.0,"Hotels, Restaurants & Leisure",Unaffiliated,One stop,,2030-08,,,,,0.1,8.64,5.0,,Consumer Discretionary,Consumer Services,First Lien,,"PB Group Holdings, LLC"
GBDC,0001476765,0001476765-26-000048,10-Q,2026-06-30,2026-08-03,QSR Acquisition Co. | One stop 1 | Non-Affiliated Issuer,QSR Acquisition Co.,QSR Acquisition Co.,First Lien,,,,1476000.0,1509000.0,1514000.0,,97.49,4.25,7.89,,,False,,,USD,1476000.0,"Hotels, Restaurants & Leisure",Unaffiliated,One stop,,2032-06,,,,,,7.89,4.25,,Consumer Discretionary,Consumer Services,First Lien,,QSR Acquisition Co.
GBDC,0001476765,0001476765-26-000048,10-Q,2026-06-30,2026-08-03,QSR Acquisition Co. | One stop 2 | Non-Affiliated Issuer,QSR Acquisition Co.,QSR Acquisition Co.,First Lien,,,,-11000.0,-1000.0,0.0,,1100.0,,,,,False,,,USD,-11000.0,"Hotels, Restaurants & Leisure",Unaffiliated,One stop,,2032-06,,,,,,,,,Consumer Discretionary,Consumer Services,First Lien,,QSR Acquisition Co.
GBDC,0001476765,0001476765-26-000048,10-Q,2026-06-30,2026-08-03,Rooster BidCo Limited | One stop 1 | Non-Affiliated Issuer,Rooster BidCo Limited,Rooster BidCo Limited,First Lien,,,,5149000.0,4992000.0,5149000.0,,100.0,4.5,8.23,,,False,,,USD,5149000.0,"Hotels, Restaurants & Leisure",Unaffiliated,One stop,,2032-03,,,,,,8.23,4.5,,Consumer Discretionary,Consumer Services,First Lien,,Rooster BidCo Limited
GBDC,0001476765,0001476765-26-000048,10-Q,2026-06-30,2026-08-03,Rooster BidCo Limited | One stop 3 | Non-Affiliated Issuer,Rooster BidCo Limited,Rooster BidCo Limited,First Lien,,,,0.0,-21000.0,0.0,,-0.0,,,,,False,,,USD,0.0,,,,,,,,,,,,,,Consumer Discretionary,Consumer Services,First Lien,,Rooster BidCo Limited
GBDC,0001476765,0001476765-26-000048,10-Q,2026-06-30,2026-08-03,"Saguaro Buyer, LLC | One stop 1 | Non-Affiliated Issuer","Saguaro Buyer, LLC","Saguaro Buyer, LLC",First Lien,,,,0.0,0.0,0.0,,,,,,,False,,,USD,0.0,,,,,,,,,,,,,,Consumer Discretionary,Consumer Services,First Lien,,"Saguaro Buyer, LLC"
GBDC,0001476765,0001476765-26-000048,10-Q,2026-06-30,2026-08-03,"Saguaro Buyer, LLC | One stop 2 | Non-Affiliated Issuer","Saguaro Buyer, LLC","Saguaro Buyer, LLC",First Lien,,,,789000.0,785000.0,789000.0,,100.0,4.5,8.23,,,False,,,USD,789000.0,"Hotels, Restaurants & Leisure",Unaffiliated,One stop,,2032-07,,,,,,8.23,4.5,,Consumer Discretionary,Consumer Services,First Lien,,"Saguaro Buyer, LLC"
GBDC,0001476765,0001476765-26-000048,10-Q,2026-06-30,2026-08-03,"SDC Holdco, LLC | One stop 1 | Non-Affiliated Issuer","SDC Holdco, LLC","SDC Holdco, LLC",First Lien,,,,-1000.0,-1000.0,0.0,,100.0,,,,,False,,,USD,-1000.0,"Hotels, Restaurants & Leisure",Unaffiliated,One stop,,2032-07,,,,,,,,,Consumer Discretionary,Consumer Services,First Lien,,"SDC Holdco, LLC"
GBDC,0001476765,0001476765-26-000048,10-Q,2026-06-30,2026-08-03,"SDC Holdco, LLC | One stop 2 | Non-Affiliated Issuer","SDC Holdco, LLC","SDC Holdco, LLC",First Lien,,,,2262000.0,2263000.0,2272000.0,,99.56,4.38,8.02,,,False,,,USD,2262000.0,"Hotels, Restaurants & Leisure",Unaffiliated,One stop,,2032-07,,,,,0.1,8.02,4.38,,Consumer Discretionary,Consumer Services,First Lien,,"SDC Holdco, LLC"
GBDC,0001476765,0001476765-26-000048,10-Q,2026-06-30,2026-08-03,"SSRG Holdings, LLC | One stop 1 | Non-Affiliated Issuer","SSRG Holdings, LLC","SSRG Holdings, LLC",First Lien,,,,21553000.0,21464000.0,21553000.0,,100.0,4.75,8.48,,,False,,,USD,21553000.0,"Hotels, Restaurants & Leisure",Unaffiliated,One stop,,2029-11,,,,,0.3,8.48,4.75,,Consumer Discretionary,Consumer Services,First Lien,,"SSRG Holdings, LLC"
GBDC,0001476765,0001476765-26-000048,10-Q,2026-06-30,2026-08-03,"SSRG Holdings, LLC | One stop 3 | Non-Affiliated Issuer","SSRG Holdings, LLC","SSRG Holdings, LLC",First Lien,,,,0.0,-11000.0,0.0,,-0.0,,,,,False,,,USD,0.0,,,,,,,,,,,,,,Consumer Discretionary,Consumer Services,First Lien,,"SSRG Holdings, LLC"
GBDC,0001476765,0001476765-26-000048,10-Q,2026-06-30,2026-08-03,"YE Brands Holding, LLC | One stop 1 | Non-Affiliated Issuer","YE Brands Holding, LLC","YE Brands Holding, LLC",First Lien,,,,18491000.0,18571000.0,18491000.0,,100.0,4.75,8.48,,,False,,,USD,18491000.0,"Hotels, Restaurants & Leisure",Unaffiliated,One stop,,2027-10,,,,,0.5,8.48,4.75,,Consumer Discretionary,Consumer Services,First Lien,,"YE Brands Holding, LLC"
GBDC,0001476765,0001476765-26-000048,10-Q,2026-06-30,2026-08-03,"YE Brands Holding, LLC | One stop 3 | Non-Affiliated Issuer","YE Brands Holding, LLC","YE Brands Holding, LLC",First Lien,,,,0.0,0.0,0.0,,,,,,,False,,,USD,0.0,,,,,,,,,,,,,,Consumer Discretionary,Consumer Services,First Lien,,"YE Brands Holding, LLC"
GBDC,0001476765,0001476765-26-000048,10-Q,2026-06-30,2026-08-03,"TLB Holdings I, LLC | One stop 1 | Non-Affiliated Issuer","TLB Holdings I, LLC","TLB Holdings I, LLC",First Lien,,,,-2000.0,-2000.0,0.0,,100.0,,,,,False,,,USD,-2000.0,Household Durables,Unaffiliated,One stop,,2031-10,,,,,,,,,Consumer Discretionary,Consumer Durables & Apparel,First Lien,,"TLB Holdings I, LLC"
GBDC,0001476765,0001476765-26-000048,10-Q,2026-06-30,2026-08-03,"TLB Holdings I, LLC | One stop 2 | Non-Affiliated Issuer","TLB Holdings I, LLC","TLB Holdings I, LLC",First Lien,,,,610000.0,611000.0,614000.0,,99.35,4.75,8.39,,,False,,,USD,610000.0,Household Durables,Unaffiliated,One stop,,2031-10,,,,,,8.39,4.75,,Consumer Discretionary,Consumer Durables & Apparel,First Lien,,"TLB Holdings I, LLC"
GBDC,0001476765,0001476765-26-000048,10-Q,2026-06-30,2026-08-03,"WU Holdco, Inc. | One stop 1 | Non-Affiliated Issuer","WU Holdco, Inc.","WU Holdco, Inc.",First Lien,,,,9399000.0,9453000.0,9492000.0,,99.02,4.75,8.48,,,False,,,USD,9399000.0,Household Products,Unaffiliated,One stop,,2032-04,,,,,0.3,8.48,4.75,,Consumer Staples,Household & Personal Products,First Lien,PurposeBuilt Brands,"WU Holdco, Inc."
GBDC,0001476765,0001476765-26-000048,10-Q,2026-06-30,2026-08-03,"WU Holdco, Inc. | One stop 2 | Non-Affiliated Issuer","WU Holdco, Inc.","WU Holdco, Inc.",First Lien,,,,-30000.0,-8000.0,0.0,,375.0,,,,,False,,,USD,-30000.0,Household Products,Unaffiliated,One stop,,2032-04,,,,,,,,,Consumer Staples,Household & Personal Products,First Lien,PurposeBuilt Brands,"WU Holdco, Inc."
GBDC,0001476765,0001476765-26-000048,10-Q,2026-06-30,2026-08-03,"Anova Buyer, Inc. | One stop 1 | Non-Affiliated Issuer","Anova Buyer, Inc.","Anova Buyer, Inc.",First Lien,,,,305000.0,305000.0,308000.0,,99.03,4.75,8.49,,,False,,,USD,305000.0,Industrial Conglomerates,Unaffiliated,One stop,,2033-01,,,,,,8.49,4.75,,Industrials,Capital Goods,First Lien,,"Anova Buyer, Inc."
GBDC,0001476765,0001476765-26-000048,10-Q,2026-06-30,2026-08-03,Arch Global CCT Holdings Corp. | Senior secured 1 | Non-Affiliated Issuer,Arch Global CCT Holdings Corp.,Arch Global CCT Holdings Corp.,First Lien,,,,4016000.0,4319000.0,4365000.0,,92.0,4.75,8.58,,,False,,,USD,4016000.0,Industrial Conglomerates,Unaffiliated,Senior secured,,2028-04,,,,,0.1,8.58,4.75,,Industrials,Capital Goods,First Lien,,Arch Global CCT Holdings Corp.
GBDC,0001476765,0001476765-26-000048,10-Q,2026-06-30,2026-08-03,"Dwyer Instruments, Inc. | One stop 1 | Non-Affiliated Issuer","Dwyer Instruments, Inc.","Dwyer Instruments, Inc.",First Lien,,,,18455000.0,18497000.0,18590000.0,,99.27,4.75,8.48,,,False,,,USD,18455000.0,Industrial Conglomerates,Unaffiliated,One stop,,2029-07,,,,,0.2,8.48,4.75,,Industrials,Capital Goods,First Lien,,"Dwyer Instruments, Inc."
GBDC,0001476765,0001476765-26-000048,10-Q,2026-06-30,2026-08-03,"Dwyer Instruments, Inc. | One stop 6 | Non-Affiliated Issuer","Dwyer Instruments, Inc.","Dwyer Instruments, Inc.",First Lien,,,,-1000.0,-19000.0,0.0,,5.26,,,,,False,,,USD,-1000.0,Industrial Conglomerates,Unaffiliated,One stop,,2029-07,,,,,,,,,Industrials,Capital Goods,First Lien,,"Dwyer Instruments, Inc."
GBDC,0001476765,0001476765-26-000048,10-Q,2026-06-30,2026-08-03,"Dwyer Instruments, Inc. | One stop 7 | Non-Affiliated Issuer","Dwyer Instruments, Inc.","Dwyer Instruments, Inc.",First Lien,,,,51166000.0,46939000.0,51187000.0,,99.96,5.0,7.3,,,False,,,USD,51166000.0,Industrial Conglomerates,Unaffiliated,One stop,,2029-07,,,,,1.4,7.3,5.0,,Industrials,Capital Goods,First Lien,,"Dwyer Instruments, Inc."
GBDC,0001476765,0001476765-26-000048,10-Q,2026-06-30,2026-08-03,Essential Services Holdings Corporation | One stop 1 | Non-Affiliated Issuer,Essential Services Holdings Corporation,Essential Services Holdings Corporation,First Lien,,,,11245000.0,11483000.0,11564000.0,,97.24,5.76,6.56,,2.88,True,,,USD,11245000.0,Industrial Conglomerates,Unaffiliated,One stop,,2031-06,,,,,0.3,6.56,5.76,,Industrials,Capital Goods,First Lien,,Essential Services Holdings Corporation
GBDC,0001476765,0001476765-26-000048,10-Q,2026-06-30,2026-08-03,Essential Services Holdings Corporation | One stop 2 | Non-Affiliated Issuer,Essential Services Holdings Corporation,Essential Services Holdings Corporation,First Lien,,,,587000.0,611000.0,621000.0,,94.52,5.25,8.91,,,False,,,USD,587000.0,Industrial Conglomerates,Unaffiliated,One stop,,2030-06,,,,,,8.91,5.25,,Industrials,Capital Goods,First Lien,,Essential Services Holdings Corporation
GBDC,0001476765,0001476765-26-000048,10-Q,2026-06-30,2026-08-03,Excelitas Technologies Corp. | One stop 1 | Non-Affiliated Issuer,Excelitas Technologies Corp.,Excelitas Technologies Corp.,First Lien,,,,19429000.0,19358000.0,19655000.0,,98.85,5.25,8.89,,,False,,,USD,19429000.0,Industrial Conglomerates,Unaffiliated,One stop,,2029-08,,,,,0.5,8.89,5.25,,Industrials,Capital Goods,First Lien,,Excelitas Technologies Corp.
GBDC,0001476765,0001476765-26-000048,10-Q,2026-06-30,2026-08-03,Excelitas Technologies Corp. | One stop 3 | Non-Affiliated Issuer,Excelitas Technologies Corp.,Excelitas Technologies Corp.,First Lien,,,,-4000.0,-2000.0,0.0,,200.0,,,,,False,,,USD,-4000.0,Industrial Conglomerates,Unaffiliated,One stop,,2028-08,,,,,,,,,Industrials,Capital Goods,First Lien,,Excelitas Technologies Corp.
GBDC,0001476765,0001476765-26-000048,10-Q,2026-06-30,2026-08-03,"AMBA Buyer, Inc. | One stop 1 | Non-Affiliated Issuer","AMBA Buyer, Inc.","AMBA Buyer, Inc.",First Lien,,,,6956000.0,6958000.0,6956000.0,,100.0,5.25,9.08,,,False,,,USD,6956000.0,Insurance,Unaffiliated,One stop,,2027-07,,,,,0.1,9.08,5.25,,Financials,Insurance,First Lien,,"AMBA Buyer, Inc."
GBDC,0001476765,0001476765-26-000048,10-Q,2026-06-30,2026-08-03,"AMBA Buyer, Inc. | One stop 4 | Non-Affiliated Issuer","AMBA Buyer, Inc.","AMBA Buyer, Inc.",First Lien,,,,0.0,0.0,0.0,,,,,,,False,,,USD,0.0,,,,,,,,,,,,,,Financials,Insurance,First Lien,,"AMBA Buyer, Inc."
GBDC,0001476765,0001476765-26-000048,10-Q,2026-06-30,2026-08-03,"Bellwether Buyer, LLC | One stop 1 | Non-Affiliated Issuer","Bellwether Buyer, LLC","Bellwether Buyer, LLC",First Lien,,,,-5000.0,-4000.0,0.0,,125.0,,,,,False,,,USD,-5000.0,Insurance,Unaffiliated,One stop,,2032-04,,,,,,,,,Financials,Insurance,First Lien,,"Bellwether Buyer, LLC"
GBDC,0001476765,0001476765-26-000048,10-Q,2026-06-30,2026-08-03,"Bellwether Buyer, LLC | One stop 2 | Non-Affiliated Issuer","Bellwether Buyer, LLC","Bellwether Buyer, LLC",First Lien,,,,5366000.0,5371000.0,5398000.0,,99.41,4.5,8.15,,,False,,,USD,5366000.0,Insurance,Unaffiliated,One stop,,2032-04,,,,,0.1,8.15,4.5,,Financials,Insurance,First Lien,,"Bellwether Buyer, LLC"
GBDC,0001476765,0001476765-26-000048,10-Q,2026-06-30,2026-08-03,Ben Nevis Midco Limited | One stop 1 | Non-Affiliated Issuer,Ben Nevis Midco Limited,Ben Nevis Midco Limited,First Lien,,,,1491000.0,1489000.0,1501000.0,,99.33,5.5,9.16,,,False,,,USD,1491000.0,Insurance,Unaffiliated,One stop,,2028-03,,,,,,9.16,5.5,,Financials,Insurance,First Lien,,Ben Nevis Midco Limited
GBDC,0001476765,0001476765-26-000048,10-Q,2026-06-30,2026-08-03,"Captive Resources Midco, LLC | One stop 1 | Non-Affiliated Issuer","Captive Resources Midco, LLC","Captive Resources Midco, LLC",First Lien,,,,22958000.0,22942000.0,22958000.0,,100.0,4.5,8.23,,,False,,,USD,22958000.0,Insurance,Unaffiliated,One stop,,2029-07,,,,,0.6,8.23,4.5,,Financials,Insurance,First Lien,,"Captive Resources Midco, LLC"
GBDC,0001476765,0001476765-26-000048,10-Q,2026-06-30,2026-08-03,"Captive Resources Midco, LLC | One stop 2 | Non-Affiliated Issuer","Captive Resources Midco, LLC","Captive Resources Midco, LLC",First Lien,,,,0.0,-1000.0,0.0,,-0.0,,,,,False,,,USD,0.0,,,,,,,,,,,,,,Financials,Insurance,First Lien,,"Captive Resources Midco, LLC"
GBDC,0001476765,0001476765-26-000048,10-Q,2026-06-30,2026-08-03,"Doxa Insurance Holdings, LLC | One stop 1 | Non-Affiliated Issuer","Doxa Insurance Holdings, LLC","Doxa Insurance Holdings, LLC",First Lien,,,,1809000.0,1865000.0,1857000.0,,97.42,4.5,8.23,,,False,,,USD,1809000.0,Insurance,Unaffiliated,One stop,,2030-12,,,,,0.1,8.23,4.5,,Financials,Insurance,First Lien,,"Doxa Insurance Holdings, LLC"
GBDC,0001476765,0001476765-26-000048,10-Q,2026-06-30,2026-08-03,"Doxa Insurance Holdings, LLC | One stop 2 | Non-Affiliated Issuer","Doxa Insurance Holdings, LLC","Doxa Insurance Holdings, LLC",First Lien,,,,35000.0,37000.0,37000.0,,94.59,4.5,8.23,,,False,,,USD,35000.0,Insurance,Unaffiliated,One stop,,2029-12,,,,,,8.23,4.5,,Financials,Insurance,First Lien,,"Doxa Insurance Holdings, LLC"
GBDC,0001476765,0001476765-26-000048,10-Q,2026-06-30,2026-08-03,"Doxa Insurance Holdings, LLC | One stop 3 | Non-Affiliated Issuer","Doxa Insurance Holdings, LLC","Doxa Insurance Holdings, LLC",First Lien,,,,1721000.0,1766000.0,1766000.0,,97.45,4.5,8.23,,,False,,,USD,1721000.0,Insurance,Unaffiliated,One stop,,2030-12,,,,,0.1,9.25,5.25,,Financials,Insurance,First Lien,,"Doxa Insurance Holdings, LLC"
GBDC,0001476765,0001476765-26-000048,10-Q,2026-06-30,2026-08-03,"Doxa Insurance Holdings, LLC | One stop 4 | Non-Affiliated Issuer","Doxa Insurance Holdings, LLC","Doxa Insurance Holdings, LLC",First Lien,,,,-19000.0,-4000.0,0.0,,475.0,,,,,False,,,USD,-19000.0,Insurance,Unaffiliated,One stop,,2030-12,,,,,,,,,Financials,Insurance,First Lien,,"Doxa Insurance Holdings, LLC"
GBDC,0001476765,0001476765-26-000048,10-Q,2026-06-30,2026-08-03,"Doxa Insurance Holdings, LLC | One stop 6 | Non-Affiliated Issuer","Doxa Insurance Holdings, LLC","Doxa Insurance Holdings, LLC",First Lien,,,,3496000.0,3555000.0,3571000.0,,97.9,4.63,8.34,,,False,,,USD,3496000.0,Insurance,Unaffiliated,One stop,,2030-12,,,,,0.1,8.34,4.63,,Financials,Insurance,First Lien,,"Doxa Insurance Holdings, LLC"
GBDC,0001476765,0001476765-26-000048,10-Q,2026-06-30,2026-08-03,Galway Borrower LLC | One stop 1 | Non-Affiliated Issuer,Galway Borrower LLC,Galway Borrower LLC,First Lien,,,,370000.0,373000.0,374000.0,,98.93,4.5,8.23,,,False,,,USD,370000.0,Insurance,Unaffiliated,One stop,,2028-09,,,,,,8.23,4.5,,Financials,Insurance,First Lien,EPIC Insurance Brokers,Galway Borrower LLC
GBDC,0001476765,0001476765-26-000048,10-Q,2026-06-30,2026-08-03,Galway Borrower LLC | One stop 5 | Non-Affiliated Issuer,Galway Borrower LLC,Galway Borrower LLC,First Lien,,,,0.0,0.0,0.0,,,,,,,False,,,USD,0.0,,,,,,,,,,,,,,Financials,Insurance,First Lien,EPIC Insurance Brokers,Galway Borrower LLC
GBDC,0001476765,0001476765-26-000048,10-Q,2026-06-30,2026-08-03,Gimlet Bidco GMBH | One stop 1 | Non-Affiliated Issuer,Gimlet Bidco GMBH,Gimlet Bidco GMBH,First Lien,,,,1883000.0,1813000.0,1906000.0,,98.79,5.0,7.15,,,False,,,USD,1883000.0,Insurance,Unaffiliated,One stop,,2031-04,,,,,,7.15,5.0,,Financials,Insurance,First Lien,,Gimlet Bidco GMBH
GBDC,0001476765,0001476765-26-000048,10-Q,2026-06-30,2026-08-03,"Huskies Parent, Inc. | One stop | Non-Affiliated Issuer","Huskies Parent, Inc.","Huskies Parent, Inc.",First Lien,,,,1915000.0,1979000.0,1995000.0,,95.99,6.0,9.74,,,False,,,USD,1915000.0,Insurance,Unaffiliated,One stop,,2029-11,,,,,0.1,9.74,6.0,,Financials,Insurance,First Lien,Insurity,"Huskies Parent, Inc."
GBDC,0001476765,0001476765-26-000048,10-Q,2026-06-30,2026-08-03,Illumifin Corporation | One stop | Non-Affiliated Issuer,Illumifin Corporation,Illumifin Corporation,First Lien,,,,4431000.0,4446000.0,4616000.0,,95.99,6.0,9.93,,,False,,,USD,4431000.0,Insurance,Unaffiliated,One stop,,2027-09,,,,,0.1,10.59,6.0,,Financials,Insurance,First Lien,,Illumifin Corporation
GBDC,0001476765,0001476765-26-000048,10-Q,2026-06-30,2026-08-03,"Integrity Marketing Acquisition, LLC | One stop 1 | Non-Affiliated Issuer","Integrity Marketing Acquisition, LLC","Integrity Marketing Acquisition, LLC",First Lien,,,,48292000.0,48131000.0,48341000.0,,99.9,5.0,8.67,,,False,,,USD,48292000.0,Insurance,Unaffiliated,One stop,,2028-08,,,,,1.3,8.67,5.0,,Financials,Insurance,First Lien,Integrity Marketing Group,"Integrity Marketing Acquisition, LLC"
GBDC,0001476765,0001476765-26-000048,10-Q,2026-06-30,2026-08-03,"Integrity Marketing Acquisition, LLC | One stop 2 | Non-Affiliated Issuer","Integrity Marketing Acquisition, LLC","Integrity Marketing Acquisition, LLC",First Lien,,,,0.0,-2000.0,0.0,,-0.0,,,,,False,,,USD,0.0,,,,,,,,,,,,,,Financials,Insurance,First Lien,Integrity Marketing Group,"Integrity Marketing Acquisition, LLC"
GBDC,0001476765,0001476765-26-000048,10-Q,2026-06-30,2026-08-03,"Integrity Marketing Acquisition, LLC | One stop 3 | Non-Affiliated Issuer","Integrity Marketing Acquisition, LLC","Integrity Marketing Acquisition, LLC",First Lien,,,,-3000.0,-3000.0,0.0,,100.0,,,,,False,,,USD,-3000.0,Insurance,Unaffiliated,One stop,,2028-08,,,,,,,,,Financials,Insurance,First Lien,Integrity Marketing Group,"Integrity Marketing Acquisition, LLC"
GBDC,0001476765,0001476765-26-000048,10-Q,2026-06-30,2026-08-03,"J.S. Held Holdings, LLC | One stop 1 | Non-Affiliated Issuer","J.S. Held Holdings, LLC","J.S. Held Holdings, LLC",First Lien,,,,-4000.0,-7000.0,0.0,,57.14,,,,,False,,,USD,-4000.0,Insurance,Unaffiliated,One stop,,2028-06,,,,,,,,,Financials,Insurance,First Lien,,"J.S. Held Holdings, LLC"
GBDC,0001476765,0001476765-26-000048,10-Q,2026-06-30,2026-08-03,"J.S. Held Holdings, LLC | One stop 2 | Non-Affiliated Issuer","J.S. Held Holdings, LLC","J.S. Held Holdings, LLC",First Lien,,,,57854000.0,57724000.0,58221000.0,,99.37,4.75,8.63,,,False,,,USD,57854000.0,Insurance,Unaffiliated,One stop,,2028-06,,,,,0.6,8.63,4.75,,Financials,Insurance,First Lien,,"J.S. Held Holdings, LLC"
GBDC,0001476765,0001476765-26-000048,10-Q,2026-06-30,2026-08-03,"Koala Investment Holdings, Inc. | One stop 1 | Non-Affiliated Issuer","Koala Investment Holdings, Inc.","Koala Investment Holdings, Inc.",First Lien,,,,1550000.0,1557000.0,1564000.0,,99.1,4.25,7.99,,,False,,,USD,1550000.0,Insurance,Unaffiliated,One stop,,2032-08,,,,,,8.5,4.5,,Financials,Insurance,First Lien,,"Koala Investment Holdings, Inc."
GBDC,0001476765,0001476765-26-000048,10-Q,2026-06-30,2026-08-03,"Koala Investment Holdings, Inc. | One stop 2 | Non-Affiliated Issuer","Koala Investment Holdings, Inc.","Koala Investment Holdings, Inc.",First Lien,,,,70000.0,70000.0,71000.0,,98.59,4.25,7.96,,,False,,,USD,70000.0,Insurance,Unaffiliated,One stop,,2032-08,,,,,,7.96,4.25,,Financials,Insurance,First Lien,,"Koala Investment Holdings, Inc."
GBDC,0001476765,0001476765-26-000048,10-Q,2026-06-30,2026-08-03,"Koala Investment Holdings, Inc. | One stop 3 | Non-Affiliated Issuer","Koala Investment Holdings, Inc.","Koala Investment Holdings, Inc.",First Lien,,,,-3000.0,-1000.0,0.0,,300.0,,,,,False,,,USD,-3000.0,Insurance,Unaffiliated,One stop,,2032-08,,,,,,,,,Financials,Insurance,First Lien,,"Koala Investment Holdings, Inc."
GBDC,0001476765,0001476765-26-000048,10-Q,2026-06-30,2026-08-03,Majesco | One stop 1 | Non-Affiliated Issuer,Majesco,Majesco,First Lien,,,,455000.0,461000.0,462000.0,,98.48,4.5,8.23,,,False,,,USD,455000.0,Insurance,Unaffiliated,One stop,,2033-01,,,,,,8.23,4.5,,Financials,Insurance,First Lien,,Majesco
GBDC,0001476765,0001476765-26-000048,10-Q,2026-06-30,2026-08-03,Majesco | One stop 2 | Non-Affiliated Issuer,Majesco,Majesco,First Lien,,,,-1000.0,0.0,0.0,,,,,,,False,,,USD,-1000.0,Insurance,Unaffiliated,One stop,,2033-01,,,,,,,,,Financials,Insurance,First Lien,,Majesco
GBDC,0001476765,0001476765-26-000048,10-Q,2026-06-30,2026-08-03,MRH Trowe Germany GMBH | One stop 1 | Non-Affiliated Issuer,MRH Trowe Germany GMBH,MRH Trowe Germany GMBH,First Lien,,,,-7000.0,-2000.0,0.0,,350.0,,,,,False,,,USD,-7000.0,Insurance,Unaffiliated,One stop,,2031-11,,,,,,,,,Financials,Insurance,First Lien,,MRH Trowe Germany GMBH
GBDC,0001476765,0001476765-26-000048,10-Q,2026-06-30,2026-08-03,MRH Trowe Germany GMBH | One stop 2 | Non-Affiliated Issuer,MRH Trowe Germany GMBH,MRH Trowe Germany GMBH,First Lien,,,,7101000.0,7098000.0,7200000.0,,98.62,5.0,7.16,,,False,,,USD,7101000.0,Insurance,Unaffiliated,One stop,,2032-05,,,,,0.2,7.16,5.0,,Financials,Insurance,First Lien,,MRH Trowe Germany GMBH
GBDC,0001476765,0001476765-26-000048,10-Q,2026-06-30,2026-08-03,"Oakbridge Insurance Agency, LLC | One stop 1 | Non-Affiliated Issuer","Oakbridge Insurance Agency, LLC","Oakbridge Insurance Agency, LLC",First Lien,,,,3294000.0,3340000.0,3323000.0,,99.13,4.75,8.39,,,False,,,USD,3294000.0,Insurance,Unaffiliated,One stop,,2029-11,,,,,0.1,8.39,4.75,,Financials,Insurance,First Lien,,"Oakbridge Insurance Agency, LLC"
GBDC,0001476765,0001476765-26-000048,10-Q,2026-06-30,2026-08-03,"Oakbridge Insurance Agency, LLC | One stop 2 | Non-Affiliated Issuer","Oakbridge Insurance Agency, LLC","Oakbridge Insurance Agency, LLC",First Lien,,,,6000.0,7000.0,7000.0,,85.71,4.75,8.39,,,False,,,USD,6000.0,Insurance,Unaffiliated,One stop,,2029-11,,,,,,10.03,5.75,,Financials,Insurance,First Lien,,"Oakbridge Insurance Agency, LLC"
GBDC,0001476765,0001476765-26-000048,10-Q,2026-06-30,2026-08-03,"Oakbridge Insurance Agency, LLC | One stop 4 | Non-Affiliated Issuer","Oakbridge Insurance Agency, LLC","Oakbridge Insurance Agency, LLC",First Lien,,,,940000.0,935000.0,941000.0,,99.89,5.0,8.64,,,False,,,USD,940000.0,Insurance,Unaffiliated,One stop,,2029-11,,,,,,8.64,5.0,,Financials,Insurance,First Lien,,"Oakbridge Insurance Agency, LLC"
GBDC,0001476765,0001476765-26-000048,10-Q,2026-06-30,2026-08-03,"Oakbridge Insurance Agency, LLC | One stop 5 | Non-Affiliated Issuer","Oakbridge Insurance Agency, LLC","Oakbridge Insurance Agency, LLC",First Lien,,,,-4000.0,-2000.0,0.0,,200.0,,,,,False,,,USD,-4000.0,Insurance,Unaffiliated,One stop,,2029-11,,,,,,,,,Financials,Insurance,First Lien,,"Oakbridge Insurance Agency, LLC"
GBDC,0001476765,0001476765-26-000048,10-Q,2026-06-30,2026-08-03,"Pareto Health Intermediate Holdings, Inc. | One stop 1 | Non-Affiliated Issuer","Pareto Health Intermediate Holdings, Inc.","Pareto Health Intermediate Holdings, Inc.",First Lien,,,,-1000.0,-1000.0,0.0,,100.0,,,,,False,,,USD,-1000.0,Insurance,Unaffiliated,One stop,,2029-06,,,,,,,,,Financials,Insurance,First Lien,Pareto Health,"Pareto Health Intermediate Holdings, Inc."
GBDC,0001476765,0001476765-26-000048,10-Q,2026-06-30,2026-08-03,"Pareto Health Intermediate Holdings, Inc. | One stop 2 | Non-Affiliated Issuer","Pareto Health Intermediate Holdings, Inc.","Pareto Health Intermediate Holdings, Inc.",First Lien,,,,84849000.0,85134000.0,85658000.0,,99.06,5.0,8.73,,,False,,,USD,84849000.0,Insurance,Unaffiliated,One stop,,2030-06,,,,,2.3,8.73,5.0,,Financials,Insurance,First Lien,Pareto Health,"Pareto Health Intermediate Holdings, Inc."
GBDC,0001476765,0001476765-26-000048,10-Q,2026-06-30,2026-08-03,"Patriot Growth Insurance Services, LLC | One stop 1 | Non-Affiliated Issuer","Patriot Growth Insurance Services, LLC","Patriot Growth Insurance Services, LLC",First Lien,,,,83581000.0,83939000.0,84592000.0,,98.8,5.0,8.88,,,False,,,USD,83581000.0,Insurance,Unaffiliated,One stop,,2028-10,,,,,1.9,8.88,5.0,,Financials,Insurance,First Lien,,"Patriot Growth Insurance Services, LLC"
GBDC,0001476765,0001476765-26-000048,10-Q,2026-06-30,2026-08-03,"Patriot Growth Insurance Services, LLC | One stop 3 | Non-Affiliated Issuer","Patriot Growth Insurance Services, LLC","Patriot Growth Insurance Services, LLC",First Lien,,,,-21000.0,-32000.0,0.0,,65.62,,,,,False,,,USD,-21000.0,Insurance,Unaffiliated,One stop,,2028-10,,,,,,,,,Financials,Insurance,First Lien,,"Patriot Growth Insurance Services, LLC"
GBDC,0001476765,0001476765-26-000048,10-Q,2026-06-30,2026-08-03,People Corporation | One stop 1 | Non-Affiliated Issuer,People Corporation,People Corporation,First Lien,,,,83179000.0,86625000.0,82940000.0,,100.29,5.0,7.62,,,False,,,USD,83179000.0,Insurance,Unaffiliated,One stop,,2031-02,,,,,0.6,7.62,5.0,,Financials,Insurance,First Lien,,People Corporation
GBDC,0001476765,0001476765-26-000048,10-Q,2026-06-30,2026-08-03,People Corporation | One stop 5 | Non-Affiliated Issuer,People Corporation,People Corporation,First Lien,,,,0.0,-2000.0,0.0,,-0.0,,,,,False,,,USD,0.0,,,,,,,,,,,,,,Financials,Insurance,First Lien,,People Corporation
GBDC,0001476765,0001476765-26-000048,10-Q,2026-06-30,2026-08-03,"Wasabi Lower Holdco, LLC | Senior secured 1 | Non-Affiliated Issuer","Wasabi Lower Holdco, LLC","Wasabi Lower Holdco, LLC",First Lien,,,,-15000.0,-7000.0,0.0,,214.29,,,,,False,,,USD,-15000.0,Insurance,Unaffiliated,Senior secured,,2032-06,,,,,,,,,Financials,Insurance,First Lien,,"Wasabi Lower Holdco, LLC"
GBDC,0001476765,0001476765-26-000048,10-Q,2026-06-30,2026-08-03,"Wasabi Lower Holdco, LLC | Senior secured 2 | Non-Affiliated Issuer","Wasabi Lower Holdco, LLC","Wasabi Lower Holdco, LLC",First Lien,,,,2549000.0,2580000.0,2610000.0,,97.66,4.5,8.17,,,False,,,USD,2549000.0,Insurance,Unaffiliated,Senior secured,,2032-06,,,,,0.1,8.17,4.5,,Financials,Insurance,First Lien,,"Wasabi Lower Holdco, LLC"
GBDC,0001476765,0001476765-26-000048,10-Q,2026-06-30,2026-08-03,"World Insurance Associates, LLC | One stop 1 | Non-Affiliated Issuer","World Insurance Associates, LLC","World Insurance Associates, LLC",First Lien,,,,-2000.0,-2000.0,0.0,,100.0,,,,,False,,,USD,-2000.0,Insurance,Unaffiliated,One stop,,2030-04,,,,,,,,,Financials,Insurance,First Lien,,"World Insurance Associates, LLC"
GBDC,0001476765,0001476765-26-000048,10-Q,2026-06-30,2026-08-03,"World Insurance Associates, LLC | One stop 2 | Non-Affiliated Issuer","World Insurance Associates, LLC","World Insurance Associates, LLC",First Lien,,,,5471000.0,5488000.0,5503000.0,,99.42,5.0,8.72,,,False,,,USD,5471000.0,Insurance,Unaffiliated,One stop,,2030-04,,,,,0.2,8.72,5.0,,Financials,Insurance,First Lien,,"World Insurance Associates, LLC"
GBDC,0001476765,0001476765-26-000048,10-Q,2026-06-30,2026-08-03,"Revalize, Inc. | One stop 1 | Non-Affiliated Issuer","Revalize, Inc.","Revalize, Inc.",First Lien,,,,42765000.0,46849000.0,47516000.0,,90.0,6.5,8.63,,1.75,True,,,USD,42765000.0,Internet & Direct Marketing Retail,Unaffiliated,One stop,,2029-04,,,,,0.5,8.63,6.5,,Consumer Discretionary,Retailing,First Lien,,"Revalize, Inc."
GBDC,0001476765,0001476765-26-000048,10-Q,2026-06-30,2026-08-03,"Revalize, Inc. | One stop 8 | Non-Affiliated Issuer","Revalize, Inc.","Revalize, Inc.",First Lien,,,,148000.0,180000.0,194000.0,,76.29,6.25,9.63,,0.5,True,,,USD,148000.0,Internet & Direct Marketing Retail,Unaffiliated,One stop,,2029-04,,,,,,9.63,6.25,,Consumer Discretionary,Retailing,First Lien,,"Revalize, Inc."
GBDC,0001476765,0001476765-26-000048,10-Q,2026-06-30,2026-08-03,"Acquia, Inc. | One stop 1 | Non-Affiliated Issuer","Acquia, Inc.","Acquia, Inc.",First Lien,,,,13082000.0,13209000.0,13215000.0,,98.99,6.0,9.83,,,False,,,USD,13082000.0,IT Services,Unaffiliated,One stop,,2026-10,,,,,0.3,9.83,6.0,,Information Technology,Software & Services,First Lien,,"Acquia, Inc."
GBDC,0001476765,0001476765-26-000048,10-Q,2026-06-30,2026-08-03,"CivicPlus, LLC | One stop 1 | Non-Affiliated Issuer","CivicPlus, LLC","CivicPlus, LLC",First Lien,,,,-14000.0,-4000.0,0.0,,350.0,,,,,False,,,USD,-14000.0,IT Services,Unaffiliated,One stop,,2030-08,,,,,,,,,Information Technology,Software & Services,First Lien,,"CivicPlus, LLC"
GBDC,0001476765,0001476765-26-000048,10-Q,2026-06-30,2026-08-03,"CivicPlus, LLC | One stop 2 | Non-Affiliated Issuer","CivicPlus, LLC","CivicPlus, LLC",First Lien,,,,382000.0,396000.0,398000.0,,95.98,11.75,,,15.48,True,,,USD,382000.0,IT Services,Unaffiliated,One stop,,2034-06,,,,,,15.48,11.75,,Information Technology,Software & Services,First Lien,,"CivicPlus, LLC"
GBDC,0001476765,0001476765-26-000048,10-Q,2026-06-30,2026-08-03,"CivicPlus, LLC | One stop 3 | Non-Affiliated Issuer","CivicPlus, LLC","CivicPlus, LLC",First Lien,,,,23529000.0,23838000.0,23887000.0,,98.5,6.0,6.92,,2.75,True,,,USD,23529000.0,IT Services,Unaffiliated,One stop,,2030-08,,,,,0.6,9.7,5.5,,Information Technology,Software & Services,First Lien,,"CivicPlus, LLC"
GBDC,0001476765,0001476765-26-000048,10-Q,2026-06-30,2026-08-03,"CivicPlus, LLC | One stop 4 | Non-Affiliated Issuer","CivicPlus, LLC","CivicPlus, LLC",First Lien,,,,2187000.0,2229000.0,2244000.0,,97.46,6.0,6.92,,2.75,True,,,USD,2187000.0,IT Services,Unaffiliated,One stop,,2030-08,,,,,0.1,6.92,6.0,,Information Technology,Software & Services,First Lien,,"CivicPlus, LLC"
GBDC,0001476765,0001476765-26-000048,10-Q,2026-06-30,2026-08-03,"ContractPod Technologies, Ltd. | One stop 1 | Non-Affiliated Issuer","ContractPod Technologies, Ltd.","ContractPod Technologies, Ltd.",First Lien,,,,787000.0,804000.0,808000.0,,97.4,6.5,7.1,,3.25,True,,,USD,787000.0,IT Services,Unaffiliated,One stop,,2030-07,,,,,,7.25,6.5,,Information Technology,Software & Services,First Lien,,"ContractPod Technologies, Ltd."
GBDC,0001476765,0001476765-26-000048,10-Q,2026-06-30,2026-08-03,"Critical Start, Inc. | One stop 1 | Non-Affiliated Issuer","Critical Start, Inc.","Critical Start, Inc.",First Lien,,,,7769000.0,8149000.0,8177000.0,,95.01,6.75,6.16,,4.25,True,,,USD,7769000.0,IT Services,Unaffiliated,One stop,,2028-05,,,,,0.1,6.16,6.75,,Information Technology,Software & Services,First Lien,,"Critical Start, Inc."
GBDC,0001476765,0001476765-26-000048,10-Q,2026-06-30,2026-08-03,"Critical Start, Inc. | One stop 3 | Non-Affiliated Issuer","Critical Start, Inc.","Critical Start, Inc.",First Lien,,,,47000.0,52000.0,53000.0,,88.68,6.25,9.91,,,False,,,USD,47000.0,IT Services,Unaffiliated,One stop,,2028-05,,,,,,9.91,6.25,,Information Technology,Software & Services,First Lien,,"Critical Start, Inc."
GBDC,0001476765,0001476765-26-000048,10-Q,2026-06-30,2026-08-03,Delinea Inc. | One stop 1 | Non-Affiliated Issuer,Delinea Inc.,Delinea Inc.,First Lien,,,,46461000.0,46808000.0,46930000.0,,99.0,4.25,7.98,,,False,,,USD,46461000.0,IT Services,Unaffiliated,One stop,,2030-03,,,,,1.3,7.98,4.25,,Information Technology,Software & Services,First Lien,,Delinea Inc.
GBDC,0001476765,0001476765-26-000048,10-Q,2026-06-30,2026-08-03,Delinea Inc. | One stop 2 | Non-Affiliated Issuer,Delinea Inc.,Delinea Inc.,First Lien,,,,-5000.0,-2000.0,0.0,,250.0,,,,,False,,,USD,-5000.0,IT Services,Unaffiliated,One stop,,2030-03,,,,,,,,,Information Technology,Software & Services,First Lien,,Delinea Inc.
GBDC,0001476765,0001476765-26-000048,10-Q,2026-06-30,2026-08-03,Goldcup 31018 AB | One stop 1 | Non-Affiliated Issuer,Goldcup 31018 AB,Goldcup 31018 AB,First Lien,,,,15096000.0,14393000.0,15724000.0,,96.01,6.37,,,8.5,True,,,USD,15096000.0,IT Services,Unaffiliated,One stop,,2029-07,,,,,0.4,8.5,6.37,,Information Technology,Software & Services,First Lien,,Goldcup 31018 AB
GBDC,0001476765,0001476765-26-000048,10-Q,2026-06-30,2026-08-03,Goldcup 31018 AB | One stop 2 | Non-Affiliated Issuer,Goldcup 31018 AB,Goldcup 31018 AB,First Lien,,,,1408000.0,1367000.0,1466000.0,,96.04,6.38,,,8.51,True,,,USD,1408000.0,IT Services,Unaffiliated,One stop,,2029-07,,,,,,8.51,6.38,,Information Technology,Software & Services,First Lien,,Goldcup 31018 AB
GBDC,0001476765,0001476765-26-000048,10-Q,2026-06-30,2026-08-03,Goldcup 31018 AB | One stop 3 | Non-Affiliated Issuer,Goldcup 31018 AB,Goldcup 31018 AB,First Lien,,,,-10000.0,-1000.0,0.0,,1000.0,,,,,False,,,USD,-10000.0,IT Services,Unaffiliated,One stop,,2029-01,,,,,,,,,Information Technology,Software & Services,First Lien,,Goldcup 31018 AB
GBDC,0001476765,0001476765-26-000048,10-Q,2026-06-30,2026-08-03,"Kentik Technologies, Inc. | One stop 1 | Non-Affiliated Issuer","Kentik Technologies, Inc.","Kentik Technologies, Inc.",First Lien,,,,134000.0,124000.0,130000.0,,103.08,8.0,7.66,,4.0,True,,,USD,134000.0,IT Services,Unaffiliated,Senior secured,,2029-11,,,,,,8.02,8.0,,Information Technology,Software & Services,First Lien,,"Kentik Technologies, Inc."
GBDC,0001476765,0001476765-26-000048,10-Q,2026-06-30,2026-08-03,"Kentik Technologies, Inc. | One stop 4 | Non-Affiliated Issuer","Kentik Technologies, Inc.","Kentik Technologies, Inc.",First Lien,,,,9000.0,7000.0,8000.0,,112.5,8.0,7.66,,4.0,True,,,USD,9000.0,IT Services,Unaffiliated,Preferred stock,,,2024-11,,,,,,,,Information Technology,Software & Services,First Lien,,"Kentik Technologies, Inc."
GBDC,0001476765,0001476765-26-000048,10-Q,2026-06-30,2026-08-03,Netwrix Corporation | One stop 1 | Non-Affiliated Issuer,Netwrix Corporation,Netwrix Corporation,First Lien,,,,-7000.0,-1000.0,0.0,,700.0,,,,,False,,,USD,-7000.0,IT Services,Unaffiliated,One stop,,2029-06,,,,,,,,,Information Technology,Software & Services,First Lien,,Netwrix Corporation
GBDC,0001476765,0001476765-26-000048,10-Q,2026-06-30,2026-08-03,Netwrix Corporation | One stop 2 | Non-Affiliated Issuer,Netwrix Corporation,Netwrix Corporation,First Lien,,,,9800000.0,10032000.0,10031000.0,,97.7,4.75,8.39,,,False,,,USD,9800000.0,IT Services,Unaffiliated,One stop,,2029-06,,,,,0.3,8.39,4.75,,Information Technology,Software & Services,First Lien,,Netwrix Corporation
GBDC,0001476765,0001476765-26-000048,10-Q,2026-06-30,2026-08-03,"Optimizely North America, Inc. | One stop 1 | Non-Affiliated Issuer","Optimizely North America, Inc.","Optimizely North America, Inc.",First Lien,,,,36672000.0,37714000.0,38002000.0,,96.5,5.5,6.64,,2.5,True,,,USD,36672000.0,IT Services,Unaffiliated,One stop,,2031-10,,,,,1.0,6.64,5.5,,Information Technology,Software & Services,First Lien,Optimizely,"Optimizely North America, Inc."
GBDC,0001476765,0001476765-26-000048,10-Q,2026-06-30,2026-08-03,"Optimizely North America, Inc. | One stop 2 | Non-Affiliated Issuer","Optimizely North America, Inc.","Optimizely North America, Inc.",First Lien,,,,14906000.0,14500000.0,15367000.0,,97.0,5.75,5.46,,2.5,True,,,USD,14906000.0,IT Services,Unaffiliated,One stop,,2031-10,,,,,0.4,5.46,5.75,,Information Technology,Software & Services,First Lien,Optimizely,"Optimizely North America, Inc."
GBDC,0001476765,0001476765-26-000048,10-Q,2026-06-30,2026-08-03,"Optimizely North America, Inc. | One stop 3 | Non-Affiliated Issuer","Optimizely North America, Inc.","Optimizely North America, Inc.",First Lien,,,,5788000.0,5703000.0,5876000.0,,98.5,6.0,7.23,,2.5,True,,,USD,5788000.0,IT Services,Unaffiliated,One stop,,2031-10,,,,,0.2,7.23,6.0,,Information Technology,Software & Services,First Lien,Optimizely,"Optimizely North America, Inc."
GBDC,0001476765,0001476765-26-000048,10-Q,2026-06-30,2026-08-03,"Optimizely North America, Inc. | One stop 4 | Non-Affiliated Issuer","Optimizely North America, Inc.","Optimizely North America, Inc.",First Lien,,,,-213000.0,-76000.0,0.0,,280.26,,,,,False,,,USD,-213000.0,IT Services,Unaffiliated,One stop,,2031-10,,,,,,,,,Information Technology,Software & Services,First Lien,Optimizely,"Optimizely North America, Inc."
GBDC,0001476765,0001476765-26-000048,10-Q,2026-06-30,2026-08-03,PDQ.com Corporation | One stop 1 | Non-Affiliated Issuer,PDQ.com Corporation,PDQ.com Corporation,First Lien,,,,-2000.0,0.0,0.0,,,,,,,False,,,USD,-2000.0,IT Services,Unaffiliated,One stop,,2032-10,,,,,,,,,Information Technology,Software & Services,First Lien,,PDQ.com Corporation
GBDC,0001476765,0001476765-26-000048,10-Q,2026-06-30,2026-08-03,PDQ.com Corporation | One stop 2 | Non-Affiliated Issuer,PDQ.com Corporation,PDQ.com Corporation,First Lien,,,,629000.0,664000.0,667000.0,,94.3,4.5,8.23,,,False,,,USD,629000.0,IT Services,Unaffiliated,One stop,,2032-10,,,,,,8.23,4.5,,Information Technology,Software & Services,First Lien,,PDQ.com Corporation
GBDC,0001476765,0001476765-26-000048,10-Q,2026-06-30,2026-08-03,"ReliaQuest Holdings, LLC | One stop 1 | Non-Affiliated Issuer","ReliaQuest Holdings, LLC","ReliaQuest Holdings, LLC",First Lien,,,,41838000.0,41910000.0,42047000.0,,99.5,5.76,6.29,,3.13,True,,,USD,41838000.0,IT Services,Unaffiliated,One stop,,2031-04,,,,,0.3,6.29,5.76,,Information Technology,Software & Services,First Lien,,"ReliaQuest Holdings, LLC"
GBDC,0001476765,0001476765-26-000048,10-Q,2026-06-30,2026-08-03,"ReliaQuest Holdings, LLC | One stop 2 | Non-Affiliated Issuer","ReliaQuest Holdings, LLC","ReliaQuest Holdings, LLC",First Lien,,,,-28000.0,-25000.0,0.0,,112.0,,,,,False,,,USD,-28000.0,IT Services,Unaffiliated,One stop,,2031-04,,,,,,,,,Information Technology,Software & Services,First Lien,,"ReliaQuest Holdings, LLC"
GBDC,0001476765,0001476765-26-000048,10-Q,2026-06-30,2026-08-03,"Saturn Borrower, Inc. | One stop 1 | Non-Affiliated Issuer","Saturn Borrower, Inc.","Saturn Borrower, Inc.",First Lien,,,,26833000.0,27036000.0,27245000.0,,98.49,6.0,9.73,,,False,,,USD,26833000.0,IT Services,Unaffiliated,One stop,,2028-11,,,,,0.7,9.73,6.0,,Information Technology,Software & Services,First Lien,,"Saturn Borrower, Inc."
GBDC,0001476765,0001476765-26-000048,10-Q,2026-06-30,2026-08-03,"WPEngine, Inc. | One stop 1 | Non-Affiliated Issuer","WPEngine, Inc.","WPEngine, Inc.",First Lien,,,,5382000.0,5425000.0,5438000.0,,98.97,5.75,9.43,,,False,,,USD,5382000.0,IT Services,Unaffiliated,One stop,,2029-08,,,,,0.2,9.43,5.75,,Information Technology,Software & Services,First Lien,WP Engine,"WPEngine, Inc."
GBDC,0001476765,0001476765-26-000048,10-Q,2026-06-30,2026-08-03,"WPEngine, Inc. | One stop 2 | Non-Affiliated Issuer","WPEngine, Inc.","WPEngine, Inc.",First Lien,,,,0.0,0.0,0.0,,,,,,,False,,,USD,0.0,,,,,,,,,,,,,,Information Technology,Software & Services,First Lien,WP Engine,"WPEngine, Inc."
GBDC,0001476765,0001476765-26-000048,10-Q,2026-06-30,2026-08-03,"Zarya Holdco, Inc. | One stop 1 | Non-Affiliated Issuer","Zarya Holdco, Inc.","Zarya Holdco, Inc.",First Lien,,,,8504000.0,8562000.0,8548000.0,,99.49,6.5,10.17,,,False,,,USD,8504000.0,IT Services,Unaffiliated,One stop,,2027-07,,,,,,10.17,6.5,,Information Technology,Software & Services,First Lien,,"Zarya Holdco, Inc."
GBDC,0001476765,0001476765-26-000048,10-Q,2026-06-30,2026-08-03,Atlas Bidco Pty Ltd | One stop 1 | Non-Affiliated Issuer,Atlas Bidco Pty Ltd,Atlas Bidco Pty Ltd,First Lien,,,,0.0,0.0,0.0,,,,,,,False,,,USD,0.0,,,,,,,,,,,,,,Consumer Discretionary,Consumer Durables & Apparel,First Lien,,Atlas Bidco Pty Ltd
GBDC,0001476765,0001476765-26-000048,10-Q,2026-06-30,2026-08-03,Atlas Bidco Pty Ltd | One stop 2 | Non-Affiliated Issuer,Atlas Bidco Pty Ltd,Atlas Bidco Pty Ltd,First Lien,,,,217000.0,220000.0,218000.0,,99.54,5.0,9.51,,,False,,,USD,217000.0,Leisure Products,Unaffiliated,One stop,,2033-06,,,,,,9.51,5.0,,Consumer Discretionary,Consumer Durables & Apparel,First Lien,,Atlas Bidco Pty Ltd
GBDC,0001476765,0001476765-26-000048,10-Q,2026-06-30,2026-08-03,Atlas Bidco Pty Ltd | One stop 3 | Non-Affiliated Issuer,Atlas Bidco Pty Ltd,Atlas Bidco Pty Ltd,First Lien,,,,-2000.0,-2000.0,0.0,,100.0,,,,,False,,,USD,-2000.0,Leisure Products,Unaffiliated,One stop,,2033-06,,,,,,,,,Consumer Discretionary,Consumer Durables & Apparel,First Lien,,Atlas Bidco Pty Ltd
GBDC,0001476765,0001476765-26-000048,10-Q,2026-06-30,2026-08-03,"Crunch Holdings, LLC | One stop 1 | Non-Affiliated Issuer","Crunch Holdings, LLC","Crunch Holdings, LLC",First Lien,,,,1751000.0,1748000.0,1751000.0,,100.0,4.5,8.14,,,False,,,USD,1751000.0,Leisure Products,Unaffiliated,One stop,,2031-09,,,,,0.1,8.14,4.5,,Consumer Discretionary,Consumer Durables & Apparel,First Lien,,"Crunch Holdings, LLC"
GBDC,0001476765,0001476765-26-000048,10-Q,2026-06-30,2026-08-03,"Crunch Holdings, LLC | One stop 2 | Non-Affiliated Issuer","Crunch Holdings, LLC","Crunch Holdings, LLC",First Lien,,,,0.0,0.0,0.0,,,,,,,False,,,USD,0.0,,,,,,,,,,,,,,Consumer Discretionary,Consumer Durables & Apparel,First Lien,,"Crunch Holdings, LLC"
GBDC,0001476765,0001476765-26-000048,10-Q,2026-06-30,2026-08-03,"Movement Holdings, LLC | One stop 1 | Non-Affiliated Issuer","Movement Holdings, LLC","Movement Holdings, LLC",First Lien,,,,826000.0,825000.0,826000.0,,100.0,5.5,9.24,,,False,,,USD,826000.0,Leisure Products,Unaffiliated,One stop,,2030-03,,,,,,9.24,5.5,,Consumer Discretionary,Consumer Durables & Apparel,First Lien,,"Movement Holdings, LLC"
GBDC,0001476765,0001476765-26-000048,10-Q,2026-06-30,2026-08-03,"Movement Holdings, LLC | One stop 2 | Non-Affiliated Issuer","Movement Holdings, LLC","Movement Holdings, LLC",First Lien,,,,0.0,0.0,0.0,,,,,,,False,,,USD,0.0,,,,,,,,,,,,,,Consumer Discretionary,Consumer Durables & Apparel,First Lien,,"Movement Holdings, LLC"
GBDC,0001476765,0001476765-26-000048,10-Q,2026-06-30,2026-08-03,"Cascade Acquiror, Inc. | One stop 1 | Non-Affiliated Issuer","Cascade Acquiror, Inc.","Cascade Acquiror, Inc.",First Lien,,,,447000.0,449000.0,451000.0,,99.11,5.0,8.65,,,False,,,USD,447000.0,Life Sciences Tools & Services,Unaffiliated,One stop,,2033-05,,,,,,8.65,5.0,,Health Care,"Pharmaceuticals, Biotechnology & Life Sciences",First Lien,,"Cascade Acquiror, Inc."
GBDC,0001476765,0001476765-26-000048,10-Q,2026-06-30,2026-08-03,"Cascade Acquiror, Inc. | One stop 2 | Non-Affiliated Issuer","Cascade Acquiror, Inc.","Cascade Acquiror, Inc.",First Lien,,,,0.0,0.0,0.0,,,,,,,False,,,USD,0.0,,,,,,,,,,,,,,Health Care,"Pharmaceuticals, Biotechnology & Life Sciences",First Lien,,"Cascade Acquiror, Inc."
GBDC,0001476765,0001476765-26-000048,10-Q,2026-06-30,2026-08-03,"Diamondback Acquisition, Inc. | One stop 1 | Non-Affiliated Issuer","Diamondback Acquisition, Inc.","Diamondback Acquisition, Inc.",First Lien,,,,1493000.0,1549000.0,1552000.0,,96.2,4.5,8.14,,,False,,,USD,1493000.0,Life Sciences Tools & Services,Unaffiliated,One stop,,2032-09,,,,,0.1,8.14,4.5,,Health Care,"Pharmaceuticals, Biotechnology & Life Sciences",First Lien,,"Diamondback Acquisition, Inc."
GBDC,0001476765,0001476765-26-000048,10-Q,2026-06-30,2026-08-03,"Diamondback Acquisition, Inc. | One stop 2 | Non-Affiliated Issuer","Diamondback Acquisition, Inc.","Diamondback Acquisition, Inc.",First Lien,,,,-11000.0,-1000.0,0.0,,1100.0,,,,,False,,,USD,-11000.0,Life Sciences Tools & Services,Unaffiliated,One stop,,2032-09,,,,,,,,,Health Care,"Pharmaceuticals, Biotechnology & Life Sciences",First Lien,,"Diamondback Acquisition, Inc."
GBDC,0001476765,0001476765-26-000048,10-Q,2026-06-30,2026-08-03,PAS Parent Inc. | One stop 1 | Non-Affiliated Issuer,PAS Parent Inc.,PAS Parent Inc.,First Lien,,,,0.0,-4000.0,0.0,,-0.0,,,,,False,,,USD,0.0,,,,,,,,,,,,,,Health Care,"Pharmaceuticals, Biotechnology & Life Sciences",First Lien,,PAS Parent Inc.
GBDC,0001476765,0001476765-26-000048,10-Q,2026-06-30,2026-08-03,PAS Parent Inc. | One stop 2 | Non-Affiliated Issuer,PAS Parent Inc.,PAS Parent Inc.,First Lien,,,,57965000.0,57565000.0,57811000.0,,100.27,4.5,8.14,,,False,,,USD,57965000.0,Life Sciences Tools & Services,Unaffiliated,One stop,,2032-08,,,,,1.5,8.66,4.5,,Health Care,"Pharmaceuticals, Biotechnology & Life Sciences",First Lien,,PAS Parent Inc.
GBDC,0001476765,0001476765-26-000048,10-Q,2026-06-30,2026-08-03,PAS Parent Inc. | One stop 3 | Non-Affiliated Issuer,PAS Parent Inc.,PAS Parent Inc.,First Lien,,,,13000.0,-1000.0,0.0,,-1300.0,,,,,False,,,USD,13000.0,Life Sciences Tools & Services,Unaffiliated,One stop,,2032-08,,,,,,,,,Health Care,"Pharmaceuticals, Biotechnology & Life Sciences",First Lien,,PAS Parent Inc.
GBDC,0001476765,0001476765-26-000048,10-Q,2026-06-30,2026-08-03,"Unchained Labs, LLC | Senior secured 1 | Non-Affiliated Issuer","Unchained Labs, LLC","Unchained Labs, LLC",First Lien,,,,2488000.0,2503000.0,2535000.0,,98.15,5.5,9.19,,,False,,,USD,2488000.0,Life Sciences Tools & Services,Unaffiliated,Senior secured,,2029-08,,,,,,9.19,5.5,,Health Care,"Pharmaceuticals, Biotechnology & Life Sciences",First Lien,Unchained Labs,"Unchained Labs, LLC"
GBDC,0001476765,0001476765-26-000048,10-Q,2026-06-30,2026-08-03,"Unchained Labs, LLC | Senior secured 3 | Non-Affiliated Issuer","Unchained Labs, LLC","Unchained Labs, LLC",First Lien,,,,-2000.0,-1000.0,0.0,,200.0,,,,,False,,,USD,-2000.0,Life Sciences Tools & Services,Unaffiliated,Senior secured,,2029-08,,,,,,,,,Health Care,"Pharmaceuticals, Biotechnology & Life Sciences",First Lien,Unchained Labs,"Unchained Labs, LLC"
GBDC,0001476765,0001476765-26-000048,10-Q,2026-06-30,2026-08-03,"AI Titan Parent, Inc. | One stop 1 | Non-Affiliated Issuer","AI Titan Parent, Inc.","AI Titan Parent, Inc.",First Lien,,,,10603000.0,10896000.0,10981000.0,,96.56,4.5,8.14,,,False,,,USD,10603000.0,Machinery,Unaffiliated,One stop,,2031-08,,,,,0.3,8.14,4.5,,Industrials,Capital Goods,First Lien,Prometheus Group,"AI Titan Parent, Inc."
GBDC,0001476765,0001476765-26-000048,10-Q,2026-06-30,2026-08-03,"AI Titan Parent, Inc. | One stop 3 | Non-Affiliated Issuer","AI Titan Parent, Inc.","AI Titan Parent, Inc.",First Lien,,,,-39000.0,-10000.0,0.0,,390.0,,,,,False,,,USD,-39000.0,Machinery,Unaffiliated,One stop,,2031-08,,,,,,,,,Industrials,Capital Goods,First Lien,Prometheus Group,"AI Titan Parent, Inc."
GBDC,0001476765,0001476765-26-000048,10-Q,2026-06-30,2026-08-03,"Blackbird Purchaser, Inc. | One stop 1 | Non-Affiliated Issuer","Blackbird Purchaser, Inc.","Blackbird Purchaser, Inc.",First Lien,,,,4930000.0,5025000.0,4966000.0,,99.28,5.75,9.48,,,False,,,USD,4930000.0,Machinery,Unaffiliated,One stop,,2030-12,,,,,0.1,9.48,5.75,,Industrials,Capital Goods,First Lien,,"Blackbird Purchaser, Inc."
GBDC,0001476765,0001476765-26-000048,10-Q,2026-06-30,2026-08-03,"Blackbird Purchaser, Inc. | One stop 2 | Non-Affiliated Issuer","Blackbird Purchaser, Inc.","Blackbird Purchaser, Inc.",First Lien,,,,-2000.0,0.0,0.0,,,,,,,False,,,USD,-2000.0,Machinery,Unaffiliated,One stop,,2030-12,,,,,,,,,Industrials,Capital Goods,First Lien,,"Blackbird Purchaser, Inc."
GBDC,0001476765,0001476765-26-000048,10-Q,2026-06-30,2026-08-03,"Blackbird Purchaser, Inc. | One stop 3 | Non-Affiliated Issuer","Blackbird Purchaser, Inc.","Blackbird Purchaser, Inc.",First Lien,,,,59000.0,59000.0,60000.0,,98.33,5.75,9.47,,,False,,,USD,59000.0,Machinery,Unaffiliated,One stop,,2029-12,,,,,,9.47,5.75,,Industrials,Capital Goods,First Lien,,"Blackbird Purchaser, Inc."
GBDC,0001476765,0001476765-26-000048,10-Q,2026-06-30,2026-08-03,"East Range Partners Intermediate 2, LLC | One stop 1 | Non-Affiliated Issuer","East Range Partners Intermediate 2, LLC","East Range Partners Intermediate 2, LLC",First Lien,,,,218000.0,218000.0,221000.0,,98.64,5.0,8.64,,,False,,,USD,218000.0,Machinery,Unaffiliated,One stop,,2032-05,,,,,,8.64,5.0,,Industrials,Capital Goods,First Lien,,"East Range Partners Intermediate 2, LLC"
GBDC,0001476765,0001476765-26-000048,10-Q,2026-06-30,2026-08-03,"East Range Partners Intermediate 2, LLC | One stop 2 | Non-Affiliated Issuer","East Range Partners Intermediate 2, LLC","East Range Partners Intermediate 2, LLC",First Lien,,,,-1000.0,-1000.0,0.0,,100.0,,,,,False,,,USD,-1000.0,Machinery,Unaffiliated,One stop,,2032-05,,,,,,,,,Industrials,Capital Goods,First Lien,,"East Range Partners Intermediate 2, LLC"
GBDC,0001476765,0001476765-26-000048,10-Q,2026-06-30,2026-08-03,"East Range Partners Intermediate 2, LLC | One stop 4 | Non-Affiliated Issuer","East Range Partners Intermediate 2, LLC","East Range Partners Intermediate 2, LLC",First Lien,,,,8000.0,8000.0,8000.0,,100.0,4.0,10.75,,,False,,,USD,8000.0,Machinery,Unaffiliated,One stop,,2032-05,,,,,,10.75,4.0,,Industrials,Capital Goods,First Lien,,"East Range Partners Intermediate 2, LLC"
GBDC,0001476765,0001476765-26-000048,10-Q,2026-06-30,2026-08-03,"Thermogenics, Inc. | One stop 1 | Non-Affiliated Issuer","Thermogenics, Inc.","Thermogenics, Inc.",First Lien,,,,558000.0,566000.0,560000.0,,99.64,4.25,7.91,,,False,,,USD,558000.0,Machinery,Unaffiliated,One stop,,2032-06,,,,,,7.91,4.25,,Industrials,Capital Goods,First Lien,,"Thermogenics, Inc."
GBDC,0001476765,0001476765-26-000048,10-Q,2026-06-30,2026-08-03,"Thermogenics, Inc. | One stop 7 | Non-Affiliated Issuer","Thermogenics, Inc.","Thermogenics, Inc.",First Lien,,,,-1000.0,-1000.0,0.0,,100.0,,,,,False,,,USD,-1000.0,Machinery,Unaffiliated,One stop,,2032-06,,,,,,,,,Industrials,Capital Goods,First Lien,,"Thermogenics, Inc."
GBDC,0001476765,0001476765-26-000048,10-Q,2026-06-30,2026-08-03,"Thermogenics, Inc. | One stop 8 | Non-Affiliated Issuer","Thermogenics, Inc.","Thermogenics, Inc.",First Lien,,,,0.0,0.0,0.0,,,,,,,False,,,USD,0.0,,,,,,,,,,,,,,Industrials,Capital Goods,First Lien,,"Thermogenics, Inc."
GBDC,0001476765,0001476765-26-000048,10-Q,2026-06-30,2026-08-03,"Project Nike Purchaser, LLC | One stop 1 | Non-Affiliated Issuer","Project Nike Purchaser, LLC","Project Nike Purchaser, LLC",First Lien,,,,32981000.0,34105000.0,34001000.0,,97.0,5.0,8.73,,,False,,,USD,32981000.0,Marine,Unaffiliated,One stop,,2029-04,,,,,0.9,8.73,5.0,,Industrials,Transportation,First Lien,,"Project Nike Purchaser, LLC"
GBDC,0001476765,0001476765-26-000048,10-Q,2026-06-30,2026-08-03,"Project Nike Purchaser, LLC | One stop 3 | Non-Affiliated Issuer","Project Nike Purchaser, LLC","Project Nike Purchaser, LLC",First Lien,,,,-15000.0,-1000.0,0.0,,1500.0,,,,,False,,,USD,-15000.0,Marine,Unaffiliated,One stop,,2029-04,,,,,,,,,Industrials,Transportation,First Lien,,"Project Nike Purchaser, LLC"
GBDC,0001476765,0001476765-26-000048,10-Q,2026-06-30,2026-08-03,"Lotus Topco, Inc. | One stop 1 | Non-Affiliated Issuer","Lotus Topco, Inc.","Lotus Topco, Inc.",First Lien,,,,8981000.0,8931000.0,8981000.0,,100.0,4.75,8.48,,,False,,,USD,8981000.0,Media,Unaffiliated,One stop,,2030-06,,,,,0.2,8.48,4.75,,Communication Services,Media & Entertainment,First Lien,,"Lotus Topco, Inc."
GBDC,0001476765,0001476765-26-000048,10-Q,2026-06-30,2026-08-03,"Lotus Topco, Inc. | One stop 2 | Non-Affiliated Issuer","Lotus Topco, Inc.","Lotus Topco, Inc.",First Lien,,,,0.0,-8000.0,0.0,,-0.0,,,,,False,,,USD,0.0,,,,,,,,,,,,,,Communication Services,Media & Entertainment,First Lien,,"Lotus Topco, Inc."
GBDC,0001476765,0001476765-26-000048,10-Q,2026-06-30,2026-08-03,"Shout! Factory, LLC | One stop 1 | Non-Affiliated Issuer","Shout! Factory, LLC","Shout! Factory, LLC",First Lien,,,,1777000.0,1791000.0,1803000.0,,98.56,5.25,8.98,,,False,,,USD,1777000.0,Media,Unaffiliated,One stop,,2031-06,,,,,,8.98,5.25,,Communication Services,Media & Entertainment,First Lien,,"Shout! Factory, LLC"
GBDC,0001476765,0001476765-26-000048,10-Q,2026-06-30,2026-08-03,"Triple Lift, Inc. | One stop 1 | Non-Affiliated Issuer","Triple Lift, Inc.","Triple Lift, Inc.",First Lien,,,,8240000.0,8587000.0,8696000.0,,94.76,5.75,9.58,,,False,,,USD,8240000.0,Media,Unaffiliated,One stop,,2028-05,,,,,0.2,9.58,5.75,,Communication Services,Media & Entertainment,First Lien,TripleLift,"Triple Lift, Inc."
GBDC,0001476765,0001476765-26-000048,10-Q,2026-06-30,2026-08-03,"Triple Lift, Inc. | One stop 3 | Non-Affiliated Issuer","Triple Lift, Inc.","Triple Lift, Inc.",First Lien,,,,-8000.0,-3000.0,0.0,,266.67,,,,,False,,,USD,-8000.0,Media,Unaffiliated,One stop,,2028-05,,,,,,,,,Communication Services,Media & Entertainment,First Lien,TripleLift,"Triple Lift, Inc."
GBDC,0001476765,0001476765-26-000048,10-Q,2026-06-30,2026-08-03,"Edition Holdings, Inc. | One stop 1 | Non-Affiliated Issuer","Edition Holdings, Inc.","Edition Holdings, Inc.",First Lien,,,,871000.0,869000.0,875000.0,,99.54,4.5,8.14,,,False,,,USD,871000.0,"Oil, Gas & Consumable Fuels",Unaffiliated,One stop,,2032-12,,,,,,8.14,4.5,,Energy,Energy,First Lien,Enverus,"Edition Holdings, Inc."
GBDC,0001476765,0001476765-26-000048,10-Q,2026-06-30,2026-08-03,"Edition Holdings, Inc. | One stop 3 | Non-Affiliated Issuer","Edition Holdings, Inc.","Edition Holdings, Inc.",First Lien,,,,0.0,0.0,0.0,,,,,,,False,,,USD,0.0,,,,,,,,,,,,,,Energy,Energy,First Lien,Enverus,"Edition Holdings, Inc."
GBDC,0001476765,0001476765-26-000048,10-Q,2026-06-30,2026-08-03,"Messenger, LLC | One stop 1 | Non-Affiliated Issuer","Messenger, LLC","Messenger, LLC",First Lien,,,,17194000.0,17171000.0,17200000.0,,99.97,5.0,8.67,,,False,,,USD,17194000.0,Paper & Forest Products,Unaffiliated,One stop,,2027-12,,,,,0.4,8.67,5.0,,Materials,Materials,First Lien,,"Messenger, LLC"
GBDC,0001476765,0001476765-26-000048,10-Q,2026-06-30,2026-08-03,"Messenger, LLC | One stop 4 | Non-Affiliated Issuer","Messenger, LLC","Messenger, LLC",First Lien,,,,0.0,0.0,0.0,,,,,,,False,,,USD,0.0,,,,,,,,,,,,,,Materials,Materials,First Lien,,"Messenger, LLC"
GBDC,0001476765,0001476765-26-000048,10-Q,2026-06-30,2026-08-03,"ACP Ulysses Buyer, Inc. | One stop 1 | Non-Affiliated Issuer","ACP Ulysses Buyer, Inc.","ACP Ulysses Buyer, Inc.",First Lien,,,,32167000.0,32311000.0,32442000.0,,99.15,5.0,8.73,,,False,,,USD,32167000.0,Pharmaceuticals,Unaffiliated,One stop,,2030-02,,,,,0.8,8.73,5.0,,Health Care,"Pharmaceuticals, Biotechnology & Life Sciences",First Lien,,"ACP Ulysses Buyer, Inc."
GBDC,0001476765,0001476765-26-000048,10-Q,2026-06-30,2026-08-03,"Amalthea Parent, Inc. | One stop 1 | Non-Affiliated Issuer","Amalthea Parent, Inc.","Amalthea Parent, Inc.",First Lien,,,,85672000.0,85166000.0,86601000.0,,98.93,5.0,8.93,,,False,,,USD,85672000.0,Pharmaceuticals,Unaffiliated,One stop,,2027-03,,,,,2.3,8.93,5.0,,Health Care,"Pharmaceuticals, Biotechnology & Life Sciences",First Lien,,"Amalthea Parent, Inc."
GBDC,0001476765,0001476765-26-000048,10-Q,2026-06-30,2026-08-03,"Apothecary Products, LLC | Senior secured 1 | Non-Affiliated Issuer","Apothecary Products, LLC","Apothecary Products, LLC",First Lien,,,,1984000.0,1983000.0,1984000.0,,100.0,5.25,8.88,,,False,,,USD,1984000.0,Pharmaceuticals,Unaffiliated,Senior secured,,2027-07,,,,,0.1,8.88,5.25,,Health Care,"Pharmaceuticals, Biotechnology & Life Sciences",First Lien,,"Apothecary Products, LLC"
GBDC,0001476765,0001476765-26-000048,10-Q,2026-06-30,2026-08-03,"Apothecary Products, LLC | Senior secured 2 | Non-Affiliated Issuer","Apothecary Products, LLC","Apothecary Products, LLC",First Lien,,,,0.0,0.0,0.0,,,,,,,False,,,USD,0.0,,,,,,,,,,,,,,Health Care,"Pharmaceuticals, Biotechnology & Life Sciences",First Lien,,"Apothecary Products, LLC"
GBDC,0001476765,0001476765-26-000048,10-Q,2026-06-30,2026-08-03,Caerus Midco 3 S.A.R.L. | One stop 1 | Non-Affiliated Issuer,Caerus Midco 3 S.A.R.L.,Caerus Midco 3 S.A.R.L.,First Lien,,,,38412000.0,39191000.0,39197000.0,,98.0,5.0,8.73,,,False,,,USD,38412000.0,Pharmaceuticals,Unaffiliated,One stop,,2029-05,,,,,0.8,8.73,5.0,,Health Care,"Pharmaceuticals, Biotechnology & Life Sciences",First Lien,,Caerus Midco 3 S.A.R.L.
GBDC,0001476765,0001476765-26-000048,10-Q,2026-06-30,2026-08-03,"Cobalt Buyer Sub, Inc. | One stop 1 | Non-Affiliated Issuer","Cobalt Buyer Sub, Inc.","Cobalt Buyer Sub, Inc.",First Lien,,,,27372000.0,29312000.0,29432000.0,,93.0,5.75,9.42,,,False,,,USD,27372000.0,Pharmaceuticals,Unaffiliated,One stop,,2028-10,,,,,0.4,9.42,5.75,,Health Care,"Pharmaceuticals, Biotechnology & Life Sciences",First Lien,BioVectra,"Cobalt Buyer Sub, Inc."
GBDC,0001476765,0001476765-26-000048,10-Q,2026-06-30,2026-08-03,"Cobalt Buyer Sub, Inc. | One stop 4 | Non-Affiliated Issuer","Cobalt Buyer Sub, Inc.","Cobalt Buyer Sub, Inc.",First Lien,,,,1400000.0,1456000.0,1463000.0,,95.69,5.75,9.42,,,False,,,USD,1400000.0,Pharmaceuticals,Unaffiliated,One stop,,2027-10,,,,,,9.42,5.75,,Health Care,"Pharmaceuticals, Biotechnology & Life Sciences",First Lien,BioVectra,"Cobalt Buyer Sub, Inc."
GBDC,0001476765,0001476765-26-000048,10-Q,2026-06-30,2026-08-03,"Creek Parent, Inc. | One stop 1 | Non-Affiliated Issuer","Creek Parent, Inc.","Creek Parent, Inc.",First Lien,,,,55288000.0,55351000.0,56118000.0,,98.52,5.0,8.64,,,False,,,USD,55288000.0,Pharmaceuticals,Unaffiliated,One stop,,2031-12,,,,,1.5,8.64,5.0,,Health Care,"Pharmaceuticals, Biotechnology & Life Sciences",First Lien,Catalent,"Creek Parent, Inc."
GBDC,0001476765,0001476765-26-000048,10-Q,2026-06-30,2026-08-03,"Creek Parent, Inc. | One stop 2 | Non-Affiliated Issuer","Creek Parent, Inc.","Creek Parent, Inc.",First Lien,,,,-121000.0,-99000.0,0.0,,122.22,,,,,False,,,USD,-121000.0,Pharmaceuticals,Unaffiliated,One stop,,2031-12,,,,,,,,,Health Care,"Pharmaceuticals, Biotechnology & Life Sciences",First Lien,Catalent,"Creek Parent, Inc."
GBDC,0001476765,0001476765-26-000048,10-Q,2026-06-30,2026-08-03,Spark Bidco Limited | Senior secured 1 | Non-Affiliated Issuer,Spark Bidco Limited,Spark Bidco Limited,First Lien,,,,54225000.0,55274000.0,56483000.0,,96.0,6.53,7.73,,2.53,True,,,USD,54225000.0,Pharmaceuticals,Unaffiliated,Senior secured,,2028-11,,,,,1.0,7.73,6.53,,Health Care,"Pharmaceuticals, Biotechnology & Life Sciences",First Lien,,Spark Bidco Limited
GBDC,0001476765,0001476765-26-000048,10-Q,2026-06-30,2026-08-03,Spark Bidco Limited | Senior secured 6 | Non-Affiliated Issuer,Spark Bidco Limited,Spark Bidco Limited,First Lien,,,,190000.0,199000.0,198000.0,,95.96,6.25,9.98,,,False,,,USD,190000.0,Pharmaceuticals,Unaffiliated,Senior secured,,2028-11,,,,,,9.98,6.25,,Health Care,"Pharmaceuticals, Biotechnology & Life Sciences",First Lien,,Spark Bidco Limited
GBDC,0001476765,0001476765-26-000048,10-Q,2026-06-30,2026-08-03,"ALKU Intermediate Holdings, LLC | One stop 1 | Non-Affiliated Issuer","ALKU Intermediate Holdings, LLC","ALKU Intermediate Holdings, LLC",First Lien,,,,6589000.0,6693000.0,6677000.0,,98.68,6.25,9.98,,,False,,,USD,6589000.0,Professional Services,Unaffiliated,One stop,,2029-05,,,,,0.2,9.98,6.25,,Industrials,Commercial & Professional Services,First Lien,,"ALKU Intermediate Holdings, LLC"
GBDC,0001476765,0001476765-26-000048,10-Q,2026-06-30,2026-08-03,"ALKU Intermediate Holdings, LLC | One stop 2 | Non-Affiliated Issuer","ALKU Intermediate Holdings, LLC","ALKU Intermediate Holdings, LLC",First Lien,,,,715000.0,733000.0,738000.0,,96.88,5.5,9.23,,,False,,,USD,715000.0,Professional Services,Unaffiliated,One stop,,2029-05,,,,,,9.23,5.5,,Industrials,Commercial & Professional Services,First Lien,,"ALKU Intermediate Holdings, LLC"
GBDC,0001476765,0001476765-26-000048,10-Q,2026-06-30,2026-08-03,"bswift, LLC | One stop 1 | Non-Affiliated Issuer","bswift, LLC","bswift, LLC",First Lien,,,,17648000.0,17871000.0,17916000.0,,98.5,4.75,8.42,,,False,,,USD,17648000.0,Professional Services,Unaffiliated,One stop,,2028-11,,,,,0.2,8.42,4.75,,Industrials,Commercial & Professional Services,First Lien,,"bswift, LLC"
GBDC,0001476765,0001476765-26-000048,10-Q,2026-06-30,2026-08-03,"Denali Intermediate Holdings, Inc. | One stop 1 | Non-Affiliated Issuer","Denali Intermediate Holdings, Inc.","Denali Intermediate Holdings, Inc.",First Lien,,,,1824000.0,1824000.0,1842000.0,,99.02,5.5,9.12,,,False,,,USD,1824000.0,Professional Services,Unaffiliated,One stop,,2032-08,,,,,,9.12,5.5,,Industrials,Commercial & Professional Services,First Lien,Dun & Bradstreet,"Denali Intermediate Holdings, Inc."
GBDC,0001476765,0001476765-26-000048,10-Q,2026-06-30,2026-08-03,DISA Holdings Corp. | Senior secured 1 | Non-Affiliated Issuer,DISA Holdings Corp.,DISA Holdings Corp.,First Lien,,,,7975000.0,8002000.0,8044000.0,,99.14,5.0,8.69,,,False,,,USD,7975000.0,Professional Services,Unaffiliated,Senior secured,,2028-09,,,,,0.1,8.69,5.0,,Industrials,Commercial & Professional Services,First Lien,,DISA Holdings Corp.
GBDC,0001476765,0001476765-26-000048,10-Q,2026-06-30,2026-08-03,DISA Holdings Corp. | Subordinated debt | Non-Affiliated Issuer,DISA Holdings Corp.,DISA Holdings Corp.,Subordinated,,,,106000.0,106000.0,106000.0,,100.0,8.5,10.18,,2.0,True,,,USD,106000.0,Professional Services,Unaffiliated,Subordinated debt,,2029-03,,,,,,10.18,8.5,,Industrials,Commercial & Professional Services,Subordinated,,DISA Holdings Corp.
GBDC,0001476765,0001476765-26-000048,10-Q,2026-06-30,2026-08-03,DISA Holdings Corp. | Senior secured 5 | Non-Affiliated Issuer,DISA Holdings Corp.,DISA Holdings Corp.,First Lien,,,,-2000.0,-1000.0,0.0,,200.0,,,,,False,,,USD,-2000.0,Professional Services,Unaffiliated,Senior secured,,2028-09,,,,,,,,,Industrials,Commercial & Professional Services,First Lien,,DISA Holdings Corp.
GBDC,0001476765,0001476765-26-000048,10-Q,2026-06-30,2026-08-03,"Eclipse Buyer, Inc. | One stop 1 | Non-Affiliated Issuer","Eclipse Buyer, Inc.","Eclipse Buyer, Inc.",First Lien,,,,13997000.0,14177000.0,14283000.0,,98.0,4.5,8.15,,,False,,,USD,13997000.0,Professional Services,Unaffiliated,One stop,,2031-09,,,,,0.4,8.15,4.5,,Industrials,Commercial & Professional Services,First Lien,,"Eclipse Buyer, Inc."
GBDC,0001476765,0001476765-26-000048,10-Q,2026-06-30,2026-08-03,"Eclipse Buyer, Inc. | One stop 2 | Non-Affiliated Issuer","Eclipse Buyer, Inc.","Eclipse Buyer, Inc.",First Lien,,,,-84000.0,-61000.0,0.0,,137.7,,,,,False,,,USD,-84000.0,Professional Services,Unaffiliated,One stop,,2031-09,,,,,,,,,Industrials,Commercial & Professional Services,First Lien,,"Eclipse Buyer, Inc."
GBDC,0001476765,0001476765-26-000048,10-Q,2026-06-30,2026-08-03,"Eliassen Group, LLC | One stop 1 | Non-Affiliated Issuer","Eliassen Group, LLC","Eliassen Group, LLC",First Lien,,,,2181000.0,2240000.0,2252000.0,,96.85,5.75,9.48,,,False,,,USD,2181000.0,Professional Services,Unaffiliated,One stop,,2028-04,,,,,0.1,9.48,5.75,,Industrials,Commercial & Professional Services,First Lien,,"Eliassen Group, LLC"
GBDC,0001476765,0001476765-26-000048,10-Q,2026-06-30,2026-08-03,"IG Investments Holdings, LLC | One stop 1 | Non-Affiliated Issuer","IG Investments Holdings, LLC","IG Investments Holdings, LLC",First Lien,,,,13145000.0,13190000.0,13227000.0,,99.38,5.0,8.66,,,False,,,USD,13145000.0,Professional Services,Unaffiliated,One stop,,2028-09,,,,,0.4,8.66,5.0,,Industrials,Commercial & Professional Services,First Lien,Insight Global,"IG Investments Holdings, LLC"
GBDC,0001476765,0001476765-26-000048,10-Q,2026-06-30,2026-08-03,"IG Investments Holdings, LLC | One stop 2 | Non-Affiliated Issuer","IG Investments Holdings, LLC","IG Investments Holdings, LLC",First Lien,,,,0.0,-1000.0,0.0,,-0.0,,,,,False,,,USD,0.0,,,,,,,,,,,,,,Industrials,Commercial & Professional Services,First Lien,Insight Global,"IG Investments Holdings, LLC"
GBDC,0001476765,0001476765-26-000048,10-Q,2026-06-30,2026-08-03,NBG Acquisition Corp. | One stop 1 | Non-Affiliated Issuer,NBG Acquisition Corp.,NBG Acquisition Corp.,First Lien,,,,30047000.0,35371000.0,35792000.0,,83.95,6.0,6.16,,3.5,True,,,USD,30047000.0,Professional Services,Unaffiliated,One stop,,2030-11,,,,,0.8,6.16,6.0,,Industrials,Commercial & Professional Services,First Lien,,NBG Acquisition Corp.
GBDC,0001476765,0001476765-26-000048,10-Q,2026-06-30,2026-08-03,"PlanSource Holdings, Inc. | One stop 1 | Non-Affiliated Issuer","PlanSource Holdings, Inc.","PlanSource Holdings, Inc.",First Lien,,,,16998000.0,17332000.0,17345000.0,,98.0,5.5,9.17,,,False,,,USD,16998000.0,Professional Services,Unaffiliated,One stop,,2026-12,,,,,0.4,9.17,5.5,,Industrials,Commercial & Professional Services,First Lien,,"PlanSource Holdings, Inc."
GBDC,0001476765,0001476765-26-000048,10-Q,2026-06-30,2026-08-03,"PlanSource Holdings, Inc. | One stop 4 | Non-Affiliated Issuer","PlanSource Holdings, Inc.","PlanSource Holdings, Inc.",First Lien,,,,-5000.0,0.0,0.0,,,,,,,False,,,USD,-5000.0,Professional Services,Unaffiliated,One stop,,2026-12,,,,,,,,,Industrials,Commercial & Professional Services,First Lien,,"PlanSource Holdings, Inc."
GBDC,0001476765,0001476765-26-000048,10-Q,2026-06-30,2026-08-03,"Procure Acquireco, Inc. | One stop 1 | Non-Affiliated Issuer","Procure Acquireco, Inc.","Procure Acquireco, Inc.",First Lien,,,,29023000.0,29056000.0,29037000.0,,99.95,4.75,8.48,,,False,,,USD,29023000.0,Professional Services,Unaffiliated,One stop,,2028-12,,,,,0.7,8.48,4.75,,Industrials,Commercial & Professional Services,First Lien,,"Procure Acquireco, Inc."
GBDC,0001476765,0001476765-26-000048,10-Q,2026-06-30,2026-08-03,"Procure Acquireco, Inc. | One stop 3 | Non-Affiliated Issuer","Procure Acquireco, Inc.","Procure Acquireco, Inc.",First Lien,,,,0.0,0.0,0.0,,,,,,,False,,,USD,0.0,,,,,,,,,,,,,,Industrials,Commercial & Professional Services,First Lien,,"Procure Acquireco, Inc."
GBDC,0001476765,0001476765-26-000048,10-Q,2026-06-30,2026-08-03,"Procure Acquireco, Inc. | One stop 4 | Non-Affiliated Issuer","Procure Acquireco, Inc.","Procure Acquireco, Inc.",First Lien,,,,-8000.0,-50000.0,0.0,,16.0,,,,,False,,,USD,-8000.0,Professional Services,Unaffiliated,One stop,,2028-12,,,,,,,,,Industrials,Commercial & Professional Services,First Lien,,"Procure Acquireco, Inc."
GBDC,0001476765,0001476765-26-000048,10-Q,2026-06-30,2026-08-03,"Teaching Company, The | Senior secured 1 | Non-Affiliated Issuer","Teaching Company, The","Teaching Company, The",First Lien,,,,429000.0,429000.0,435000.0,,98.62,5.5,9.17,,,False,,,USD,429000.0,Professional Services,Unaffiliated,Senior secured,,2031-02,,,,,,9.17,5.5,,Industrials,Commercial & Professional Services,First Lien,,"Teaching Company, The"
GBDC,0001476765,0001476765-26-000048,10-Q,2026-06-30,2026-08-03,"Teaching Company, The | Senior secured 2 | Non-Affiliated Issuer","Teaching Company, The","Teaching Company, The",First Lien,,,,-1000.0,-1000.0,0.0,,100.0,,,,,False,,,USD,-1000.0,Professional Services,Unaffiliated,Senior secured,,2031-02,,,,,,,,,Industrials,Commercial & Professional Services,First Lien,,"Teaching Company, The"
GBDC,0001476765,0001476765-26-000048,10-Q,2026-06-30,2026-08-03,Varicent Intermediate Holdings Corporation | One stop 1 | Non-Affiliated Issuer,Varicent Intermediate Holdings Corporation,Varicent Intermediate Holdings Corporation,First Lien,,,,55746000.0,57814000.0,58373000.0,,95.5,6.0,6.48,,3.25,True,,,USD,55746000.0,Professional Services,Unaffiliated,One stop,,2031-08,,,,,1.4,6.48,6.0,,Industrials,Commercial & Professional Services,First Lien,Varicent,Varicent Intermediate Holdings Corporation
GBDC,0001476765,0001476765-26-000048,10-Q,2026-06-30,2026-08-03,Varicent Intermediate Holdings Corporation | One stop 2 | Non-Affiliated Issuer,Varicent Intermediate Holdings Corporation,Varicent Intermediate Holdings Corporation,First Lien,,,,-525000.0,-98000.0,0.0,,535.71,,,,,False,,,USD,-525000.0,Professional Services,Unaffiliated,One stop,,2031-08,,,,,,,,,Industrials,Commercial & Professional Services,First Lien,Varicent,Varicent Intermediate Holdings Corporation
GBDC,0001476765,0001476765-26-000048,10-Q,2026-06-30,2026-08-03,Inhabit IQ Inc. | One stop 1 | Non-Affiliated Issuer,Inhabit IQ Inc.,Inhabit IQ Inc.,First Lien,,,,-62000.0,-6000.0,0.0,,1033.33,,,,,False,,,USD,-62000.0,Real Estate Management & Development,Unaffiliated,One stop,,2032-01,,,,,,,,,Real Estate,Real Estate,First Lien,,Inhabit IQ Inc.
GBDC,0001476765,0001476765-26-000048,10-Q,2026-06-30,2026-08-03,Inhabit IQ Inc. | One stop 2 | Non-Affiliated Issuer,Inhabit IQ Inc.,Inhabit IQ Inc.,First Lien,,,,6685000.0,6807000.0,6821000.0,,98.01,4.5,8.14,,,False,,,USD,6685000.0,Real Estate Management & Development,Unaffiliated,One stop,,2032-01,,,,,0.2,8.14,4.5,,Real Estate,Real Estate,First Lien,,Inhabit IQ Inc.
GBDC,0001476765,0001476765-26-000048,10-Q,2026-06-30,2026-08-03,"MRI Software, LLC | One stop 1 | Non-Affiliated Issuer","MRI Software, LLC","MRI Software, LLC",First Lien,,,,55643000.0,55973000.0,55933000.0,,99.48,4.75,8.48,,,False,,,USD,55643000.0,Real Estate Management & Development,Unaffiliated,One stop,,2028-02,,,,,0.9,8.48,4.75,,Information Technology,Software & Services,First Lien,,"MRI Software, LLC"
GBDC,0001476765,0001476765-26-000048,10-Q,2026-06-30,2026-08-03,RPL Bidco Limited | One stop 1 | Non-Affiliated Issuer,RPL Bidco Limited,RPL Bidco Limited,First Lien,,,,48095000.0,48919000.0,48827000.0,,98.5,5.0,8.73,,,False,,,USD,48095000.0,Real Estate Management & Development,Unaffiliated,One stop,,2028-08,,,,,0.2,8.73,5.0,,Real Estate,Real Estate,First Lien,,RPL Bidco Limited
GBDC,0001476765,0001476765-26-000048,10-Q,2026-06-30,2026-08-03,RPL Bidco Limited | One stop 5 | Non-Affiliated Issuer,RPL Bidco Limited,RPL Bidco Limited,First Lien,,,,-2000.0,0.0,0.0,,,,,,,False,,,USD,-2000.0,Real Estate Management & Development,Unaffiliated,One stop,,2028-02,,,,,,,,,Real Estate,Real Estate,First Lien,,RPL Bidco Limited
GBDC,0001476765,0001476765-26-000048,10-Q,2026-06-30,2026-08-03,"Internet Truckstop Group, LLC | One stop 1 | Non-Affiliated Issuer","Internet Truckstop Group, LLC","Internet Truckstop Group, LLC",First Lien,,,,40361000.0,41145000.0,41185000.0,,98.0,5.25,9.13,,,False,,,USD,40361000.0,Road & Rail,Unaffiliated,One stop,,2027-04,,,,,0.8,9.13,5.25,,Industrials,Transportation,First Lien,,"Internet Truckstop Group, LLC"
GBDC,0001476765,0001476765-26-000048,10-Q,2026-06-30,2026-08-03,"Internet Truckstop Group, LLC | One stop 3 | Non-Affiliated Issuer","Internet Truckstop Group, LLC","Internet Truckstop Group, LLC",First Lien,,,,-8000.0,-1000.0,0.0,,800.0,,,,,False,,,USD,-8000.0,Road & Rail,Unaffiliated,One stop,,2027-04,,,,,,,,,Industrials,Transportation,First Lien,,"Internet Truckstop Group, LLC"
GBDC,0001476765,0001476765-26-000048,10-Q,2026-06-30,2026-08-03,"Anaplan, Inc. | One stop 1 | Non-Affiliated Issuer","Anaplan, Inc.","Anaplan, Inc.",First Lien,,,,56436000.0,58015000.0,57883000.0,,97.5,4.5,8.17,,,False,,,USD,56436000.0,Software,Unaffiliated,One stop,,2029-06,,,,,1.5,8.17,4.5,,Information Technology,Software & Services,First Lien,,"Anaplan, Inc."
GBDC,0001476765,0001476765-26-000048,10-Q,2026-06-30,2026-08-03,"Anaplan, Inc. | One stop 2 | Non-Affiliated Issuer","Anaplan, Inc.","Anaplan, Inc.",First Lien,,,,-8000.0,0.0,0.0,,,,,,,False,,,USD,-8000.0,Software,Unaffiliated,One stop,,2028-06,,,,,,,,,Information Technology,Software & Services,First Lien,,"Anaplan, Inc."
GBDC,0001476765,0001476765-26-000048,10-Q,2026-06-30,2026-08-03,"Appfire Technologies, LLC | One stop 1 | Non-Affiliated Issuer","Appfire Technologies, LLC","Appfire Technologies, LLC",First Lien,,,,55828000.0,57260000.0,57259000.0,,97.5,4.75,8.48,,,False,,,USD,55828000.0,Software,Unaffiliated,One stop,,2028-03,,,,,1.5,8.48,4.75,,Information Technology,Software & Services,First Lien,,"Appfire Technologies, LLC"
GBDC,0001476765,0001476765-26-000048,10-Q,2026-06-30,2026-08-03,"Appfire Technologies, LLC | One stop 2 | Non-Affiliated Issuer","Appfire Technologies, LLC","Appfire Technologies, LLC",First Lien,,,,-12000.0,0.0,0.0,,,,,,,False,,,USD,-12000.0,Software,Unaffiliated,One stop,,2028-03,,,,,,,,,Information Technology,Software & Services,First Lien,,"Appfire Technologies, LLC"
GBDC,0001476765,0001476765-26-000048,10-Q,2026-06-30,2026-08-03,Aras Corporation | One stop 1 | Non-Affiliated Issuer,Aras Corporation,Aras Corporation,First Lien,,,,28965000.0,29879000.0,29800000.0,,97.2,5.0,8.73,,,False,,,USD,28965000.0,Software,Unaffiliated,One stop,,2029-04,,,,,0.8,8.73,5.0,,Information Technology,Software & Services,First Lien,,Aras Corporation
GBDC,0001476765,0001476765-26-000048,10-Q,2026-06-30,2026-08-03,Armstrong Bidco Limited | One stop 1 | Non-Affiliated Issuer,Armstrong Bidco Limited,Armstrong Bidco Limited,First Lien,,,,8641000.0,8107000.0,8773000.0,,98.5,5.25,8.98,,,False,,,USD,8641000.0,Software,Unaffiliated,One stop,,2029-06,,,,,0.2,8.98,5.25,,Information Technology,Software & Services,First Lien,,Armstrong Bidco Limited
GBDC,0001476765,0001476765-26-000048,10-Q,2026-06-30,2026-08-03,"Arrow Buyer, Inc. | One stop 1 | Non-Affiliated Issuer","Arrow Buyer, Inc.","Arrow Buyer, Inc.",First Lien,,,,27703000.0,27719000.0,27843000.0,,99.5,5.0,8.73,,,False,,,USD,27703000.0,Software,Unaffiliated,One stop,,2030-07,,,,,0.7,8.73,5.0,,Information Technology,Software & Services,First Lien,Archer Technologies,"Arrow Buyer, Inc."
GBDC,0001476765,0001476765-26-000048,10-Q,2026-06-30,2026-08-03,"Artifact Bidco, Inc. | One stop 1 | Non-Affiliated Issuer","Artifact Bidco, Inc.","Artifact Bidco, Inc.",First Lien,,,,1489000.0,1478000.0,1489000.0,,100.0,4.15,7.88,,,False,,,USD,1489000.0,Software,Unaffiliated,One stop,,2031-07,,,,,,7.88,4.15,,Information Technology,Software & Services,First Lien,Avetta,"Artifact Bidco, Inc."
GBDC,0001476765,0001476765-26-000048,10-Q,2026-06-30,2026-08-03,"Artifact Bidco, Inc. | One stop 2 | Non-Affiliated Issuer","Artifact Bidco, Inc.","Artifact Bidco, Inc.",First Lien,,,,0.0,-2000.0,0.0,,-0.0,,,,,False,,,USD,0.0,,,,,,,,,,,,,,Information Technology,Software & Services,First Lien,Avetta,"Artifact Bidco, Inc."
GBDC,0001476765,0001476765-26-000048,10-Q,2026-06-30,2026-08-03,Auvik Networks Inc. | One stop 1 | Non-Affiliated Issuer,Auvik Networks Inc.,Auvik Networks Inc.,First Lien,,,,14214000.0,14364000.0,14358000.0,,99.0,6.0,6.41,,3.25,True,,,USD,14214000.0,Software,Unaffiliated,One stop,,2027-07,,,,,0.3,6.41,6.0,,Information Technology,Software & Services,First Lien,,Auvik Networks Inc.
GBDC,0001476765,0001476765-26-000048,10-Q,2026-06-30,2026-08-03,Auvik Networks Inc. | One stop 4 | Non-Affiliated Issuer,Auvik Networks Inc.,Auvik Networks Inc.,First Lien,,,,-2000.0,0.0,0.0,,,,,,,False,,,USD,-2000.0,Software,Unaffiliated,One stop,,2027-07,,,,,,,,,Information Technology,Software & Services,First Lien,,Auvik Networks Inc.
GBDC,0001476765,0001476765-26-000048,10-Q,2026-06-30,2026-08-03,"Azurite Intermediate Holdings, Inc. | One stop 1 | Non-Affiliated Issuer","Azurite Intermediate Holdings, Inc.","Azurite Intermediate Holdings, Inc.",First Lien,,,,1375000.0,1385000.0,1397000.0,,98.43,6.0,9.64,,,False,,,USD,1375000.0,Software,Unaffiliated,One stop,,2031-03,,,,,,9.64,6.0,,Information Technology,Software & Services,First Lien,"Alteryx, Inc.","Azurite Intermediate Holdings, Inc."
GBDC,0001476765,0001476765-26-000048,10-Q,2026-06-30,2026-08-03,"Azurite Intermediate Holdings, Inc. | One stop 3 | Non-Affiliated Issuer","Azurite Intermediate Holdings, Inc.","Azurite Intermediate Holdings, Inc.",First Lien,,,,-2000.0,-2000.0,0.0,,100.0,,,,,False,,,USD,-2000.0,Software,Unaffiliated,One stop,,2031-03,,,,,,,,,Information Technology,Software & Services,First Lien,"Alteryx, Inc.","Azurite Intermediate Holdings, Inc."
GBDC,0001476765,0001476765-26-000048,10-Q,2026-06-30,2026-08-03,"Baxter Planning Systems, LLC | One stop 1 | Non-Affiliated Issuer","Baxter Planning Systems, LLC","Baxter Planning Systems, LLC",First Lien,,,,4115000.0,4308000.0,4309000.0,,95.5,6.25,6.53,,3.38,True,,,USD,4115000.0,Software,Unaffiliated,One stop,,2031-05,,,,,0.1,6.53,6.25,,Information Technology,Software & Services,First Lien,,"Baxter Planning Systems, LLC"
GBDC,0001476765,0001476765-26-000048,10-Q,2026-06-30,2026-08-03,"Baxter Planning Systems, LLC | One stop 2 | Non-Affiliated Issuer","Baxter Planning Systems, LLC","Baxter Planning Systems, LLC",First Lien,,,,-27000.0,-3000.0,0.0,,900.0,,,,,False,,,USD,-27000.0,Software,Unaffiliated,One stop,,2031-05,,,,,,,,,Information Technology,Software & Services,First Lien,,"Baxter Planning Systems, LLC"
GBDC,0001476765,0001476765-26-000048,10-Q,2026-06-30,2026-08-03,"Bayshore Intermediate #2, L.P. | One stop 1 | Non-Affiliated Issuer","Bayshore Intermediate #2, L.P.","Bayshore Intermediate #2, L.P.",First Lien,,,,184000.0,188000.0,187000.0,,98.4,5.0,8.68,,,False,,,USD,184000.0,Software,Unaffiliated,One stop,,2027-10,,,,,,8.68,5.0,,Information Technology,Software & Services,First Lien,Boomi,"Bayshore Intermediate #2, L.P."
GBDC,0001476765,0001476765-26-000048,10-Q,2026-06-30,2026-08-03,"Bayshore Intermediate #2, L.P. | One stop 2 | Non-Affiliated Issuer","Bayshore Intermediate #2, L.P.","Bayshore Intermediate #2, L.P.",First Lien,,,,125131000.0,126992000.0,127037000.0,,98.5,5.5,6.17,,3.0,True,,,USD,125131000.0,Software,Unaffiliated,One stop,,2028-10,,,,,3.1,6.5,5.5,,Information Technology,Software & Services,First Lien,Boomi,"Bayshore Intermediate #2, L.P."
GBDC,0001476765,0001476765-26-000048,10-Q,2026-06-30,2026-08-03,"BestPass, Inc. | One stop 1 | Non-Affiliated Issuer","BestPass, Inc.","BestPass, Inc.",First Lien,,,,57663000.0,58625000.0,58840000.0,,98.0,4.75,8.39,,,False,,,USD,57663000.0,Software,Unaffiliated,One stop,,2031-08,,,,,1.4,8.39,4.75,,Information Technology,Software & Services,First Lien,Bestpass,"BestPass, Inc."
GBDC,0001476765,0001476765-26-000048,10-Q,2026-06-30,2026-08-03,"BestPass, Inc. | One stop 2 | Non-Affiliated Issuer","BestPass, Inc.","BestPass, Inc.",First Lien,,,,-104000.0,-19000.0,0.0,,547.37,,,,,False,,,USD,-104000.0,Software,Unaffiliated,One stop,,2031-08,,,,,,,,,Information Technology,Software & Services,First Lien,Bestpass,"BestPass, Inc."
GBDC,0001476765,0001476765-26-000048,10-Q,2026-06-30,2026-08-03,Blinqx B.V. | One stop 1 | Non-Affiliated Issuer,Blinqx B.V.,Blinqx B.V.,First Lien,,,,-5000.0,-4000.0,0.0,,125.0,,,,,False,,,USD,-5000.0,Software,Unaffiliated,One stop,,2029-11,,,,,,,,,Information Technology,Software & Services,First Lien,,Blinqx B.V.
GBDC,0001476765,0001476765-26-000048,10-Q,2026-06-30,2026-08-03,Blinqx B.V. | One stop 2 | Non-Affiliated Issuer,Blinqx B.V.,Blinqx B.V.,First Lien,,,,7253000.0,7294000.0,7337000.0,,98.86,5.0,7.29,,,False,,,USD,7253000.0,Software,Unaffiliated,One stop,,2029-11,,,,,0.1,7.29,5.0,,Information Technology,Software & Services,First Lien,,Blinqx B.V.
GBDC,0001476765,0001476765-26-000048,10-Q,2026-06-30,2026-08-03,"Bloomerang, LLC | One stop 1 | Non-Affiliated Issuer","Bloomerang, LLC","Bloomerang, LLC",First Lien,,,,5121000.0,5194000.0,5172000.0,,99.01,5.5,6.23,,3.0,True,,,USD,5121000.0,Software,Unaffiliated,One stop,,2029-12,,,,,0.1,6.23,5.5,,Information Technology,Software & Services,First Lien,,"Bloomerang, LLC"
GBDC,0001476765,0001476765-26-000048,10-Q,2026-06-30,2026-08-03,"Bloomerang, LLC | One stop 3 | Non-Affiliated Issuer","Bloomerang, LLC","Bloomerang, LLC",First Lien,,,,-9000.0,-6000.0,0.0,,150.0,,,,,False,,,USD,-9000.0,Software,Unaffiliated,One stop,,2029-12,,,,,,,,,Information Technology,Software & Services,First Lien,,"Bloomerang, LLC"
GBDC,0001476765,0001476765-26-000048,10-Q,2026-06-30,2026-08-03,Blue Bidco Limited | One stop 1 | Non-Affiliated Issuer,Blue Bidco Limited,Blue Bidco Limited,First Lien,,,,19183000.0,19446000.0,19435000.0,,98.7,5.0,8.73,,,False,,,USD,19183000.0,Software,Unaffiliated,One stop,,2032-06,,,,,0.3,8.73,5.0,,Information Technology,Software & Services,First Lien,,Blue Bidco Limited
GBDC,0001476765,0001476765-26-000048,10-Q,2026-06-30,2026-08-03,"Bottomline Technologies, Inc. | One stop 1 | Non-Affiliated Issuer","Bottomline Technologies, Inc.","Bottomline Technologies, Inc.",First Lien,,,,45124000.0,45177000.0,45351000.0,,99.5,4.5,8.23,,,False,,,USD,45124000.0,Software,Unaffiliated,One stop,,2029-05,,,,,1.2,8.23,4.5,,Information Technology,Software & Services,First Lien,,"Bottomline Technologies, Inc."
GBDC,0001476765,0001476765-26-000048,10-Q,2026-06-30,2026-08-03,"Bottomline Technologies, Inc. | One stop 2 | Non-Affiliated Issuer","Bottomline Technologies, Inc.","Bottomline Technologies, Inc.",First Lien,,,,-2000.0,-2000.0,0.0,,100.0,,,,,False,,,USD,-2000.0,Software,Unaffiliated,One stop,,2028-05,,,,,,,,,Information Technology,Software & Services,First Lien,,"Bottomline Technologies, Inc."
GBDC,0001476765,0001476765-26-000048,10-Q,2026-06-30,2026-08-03,"Bullhorn, Inc. | One stop 1 | Non-Affiliated Issuer","Bullhorn, Inc.","Bullhorn, Inc.",First Lien,,,,82104000.0,84266000.0,84220000.0,,97.49,5.0,8.64,,,False,,,USD,82104000.0,Software,Unaffiliated,One stop,,2029-10,,,,,2.1,8.64,5.0,,Information Technology,Software & Services,First Lien,,"Bullhorn, Inc."
GBDC,0001476765,0001476765-26-000048,10-Q,2026-06-30,2026-08-03,"Bynder BidCo, Inc. | One stop 1 | Non-Affiliated Issuer","Bynder BidCo, Inc.","Bynder BidCo, Inc.",First Lien,,,,10247000.0,10448000.0,10509000.0,,97.51,5.5,9.17,,,False,,,USD,10247000.0,Software,Unaffiliated,One stop,,2029-01,,,,,0.2,9.17,5.5,,Information Technology,Software & Services,First Lien,,"Bynder BidCo, Inc."
GBDC,0001476765,0001476765-26-000048,10-Q,2026-06-30,2026-08-03,"Bynder BidCo, Inc. | One stop 3 | Non-Affiliated Issuer","Bynder BidCo, Inc.","Bynder BidCo, Inc.",First Lien,,,,-3000.0,-1000.0,0.0,,300.0,,,,,False,,,USD,-3000.0,Software,Unaffiliated,One stop,,2029-01,,,,,,,,,Information Technology,Software & Services,First Lien,,"Bynder BidCo, Inc."
GBDC,0001476765,0001476765-26-000048,10-Q,2026-06-30,2026-08-03,Camelia Bidco Limited | One stop 1 | Non-Affiliated Issuer,Camelia Bidco Limited,Camelia Bidco Limited,First Lien,,,,6641000.0,6474000.0,6761000.0,,98.23,5.5,9.23,,,False,,,USD,6641000.0,Software,Unaffiliated,One stop,,2030-08,,,,,0.2,9.23,5.5,,Information Technology,Software & Services,First Lien,,Camelia Bidco Limited
GBDC,0001476765,0001476765-26-000048,10-Q,2026-06-30,2026-08-03,Camelia Bidco Limited | One stop 4 | Non-Affiliated Issuer,Camelia Bidco Limited,Camelia Bidco Limited,First Lien,,,,-61000.0,-21000.0,0.0,,290.48,,,,,False,,,USD,-61000.0,Software,Unaffiliated,One stop,,2030-08,,,,,,,,,Information Technology,Software & Services,First Lien,,Camelia Bidco Limited
GBDC,0001476765,0001476765-26-000048,10-Q,2026-06-30,2026-08-03,"Clearwater Analytics Holdings, Inc. | One stop 1 | Non-Affiliated Issuer","Clearwater Analytics Holdings, Inc.","Clearwater Analytics Holdings, Inc.",First Lien,,,,0.0,0.0,0.0,,,,,,,False,,,USD,0.0,,,,,,,,,,,,,,Information Technology,Software & Services,First Lien,,"Clearwater Analytics Holdings, Inc."
GBDC,0001476765,0001476765-26-000048,10-Q,2026-06-30,2026-08-03,"Clearwater Analytics Holdings, Inc. | One stop 2 | Non-Affiliated Issuer","Clearwater Analytics Holdings, Inc.","Clearwater Analytics Holdings, Inc.",First Lien,,,,381000.0,381000.0,383000.0,,99.48,4.5,8.23,,,False,,,USD,381000.0,Software,Unaffiliated,One stop,,2033-06,,,,,,8.23,4.5,,Information Technology,Software & Services,First Lien,,"Clearwater Analytics Holdings, Inc."
GBDC,0001476765,0001476765-26-000048,10-Q,2026-06-30,2026-08-03,"Coupa Holdings, LLC | One stop 1 | Non-Affiliated Issuer","Coupa Holdings, LLC","Coupa Holdings, LLC",First Lien,,,,35032000.0,34964000.0,35210000.0,,99.49,5.25,8.91,,,False,,,USD,35032000.0,Software,Unaffiliated,One stop,,2030-02,,,,,0.9,8.91,5.25,,Information Technology,Software & Services,First Lien,Coupa,"Coupa Holdings, LLC"
GBDC,0001476765,0001476765-26-000048,10-Q,2026-06-30,2026-08-03,"Coupa Holdings, LLC | One stop 2 | Non-Affiliated Issuer","Coupa Holdings, LLC","Coupa Holdings, LLC",First Lien,,,,96000.0,96000.0,96000.0,,100.0,5.25,8.9,,,False,,,USD,96000.0,Software,Unaffiliated,One stop,,2029-02,,,,,,8.9,5.25,,Information Technology,Software & Services,First Lien,Coupa,"Coupa Holdings, LLC"
GBDC,0001476765,0001476765-26-000048,10-Q,2026-06-30,2026-08-03,"Crewline Buyer, Inc. | One stop 1 | Non-Affiliated Issuer","Crewline Buyer, Inc.","Crewline Buyer, Inc.",First Lien,,,,10640000.0,10833000.0,10857000.0,,98.0,6.75,10.41,,,False,,,USD,10640000.0,Software,Unaffiliated,One stop,,2030-11,,,,,0.3,10.41,6.75,,Information Technology,Software & Services,First Lien,New Relic,"Crewline Buyer, Inc."
GBDC,0001476765,0001476765-26-000048,10-Q,2026-06-30,2026-08-03,"Crewline Buyer, Inc. | One stop 2 | Non-Affiliated Issuer","Crewline Buyer, Inc.","Crewline Buyer, Inc.",First Lien,,,,-2000.0,0.0,0.0,,,,,,,False,,,USD,-2000.0,Software,Unaffiliated,One stop,,2030-11,,,,,,,,,Information Technology,Software & Services,First Lien,New Relic,"Crewline Buyer, Inc."
GBDC,0001476765,0001476765-26-000048,10-Q,2026-06-30,2026-08-03,Daxko Acquisition Corporation | One stop 1 | Non-Affiliated Issuer,Daxko Acquisition Corporation,Daxko Acquisition Corporation,First Lien,,,,43972000.0,44151000.0,44201000.0,,99.48,4.75,8.39,,,False,,,USD,43972000.0,Software,Unaffiliated,One stop,,2028-10,,,,,1.1,8.39,4.75,,Information Technology,Software & Services,First Lien,Daxko,Daxko Acquisition Corporation
GBDC,0001476765,0001476765-26-000048,10-Q,2026-06-30,2026-08-03,Daxko Acquisition Corporation | One stop 4 | Non-Affiliated Issuer,Daxko Acquisition Corporation,Daxko Acquisition Corporation,First Lien,,,,-5000.0,-6000.0,0.0,,83.33,,,,,False,,,USD,-5000.0,Software,Unaffiliated,One stop,,2028-10,,,,,,,,,Information Technology,Software & Services,First Lien,Daxko,Daxko Acquisition Corporation
GBDC,0001476765,0001476765-26-000048,10-Q,2026-06-30,2026-08-03,Denali Bidco Limited | One stop 1 | Non-Affiliated Issuer,Denali Bidco Limited,Denali Bidco Limited,First Lien,,,,14864000.0,14456000.0,15013000.0,,99.01,4.75,7.04,,,False,,,USD,14864000.0,Software,Unaffiliated,One stop,,2031-09,,,,,0.2,7.04,4.75,,Information Technology,Software & Services,First Lien,,Denali Bidco Limited
GBDC,0001476765,0001476765-26-000048,10-Q,2026-06-30,2026-08-03,Denali Bidco Limited | One stop 3 | Non-Affiliated Issuer,Denali Bidco Limited,Denali Bidco Limited,First Lien,,,,-8000.0,-3000.0,0.0,,266.67,,,,,False,,,USD,-8000.0,Software,Unaffiliated,One stop,,2031-09,,,,,,,,,Information Technology,Software & Services,First Lien,,Denali Bidco Limited
GBDC,0001476765,0001476765-26-000048,10-Q,2026-06-30,2026-08-03,Denali Bidco Limited | Subordinated debt 1 | Non-Affiliated Issuer,Denali Bidco Limited,Denali Bidco Limited,Subordinated,,,,107000.0,109000.0,108000.0,,99.07,,,,11.2,True,,,USD,107000.0,Software,Unaffiliated,Subordinated debt,,2032-09,,,,,,11.2,,,Information Technology,Software & Services,Subordinated,,Denali Bidco Limited
GBDC,0001476765,0001476765-26-000048,10-Q,2026-06-30,2026-08-03,Denali Bidco Limited | Subordinated debt 2 | Non-Affiliated Issuer,Denali Bidco Limited,Denali Bidco Limited,Subordinated,,,,157000.0,162000.0,160000.0,,98.12,,,,9.8,True,,,USD,157000.0,Software,Unaffiliated,Subordinated debt,,2032-09,,,,,,9.8,,,Information Technology,Software & Services,Subordinated,,Denali Bidco Limited
GBDC,0001476765,0001476765-26-000048,10-Q,2026-06-30,2026-08-03,Diligent Corporation | One stop 1 | Non-Affiliated Issuer,Diligent Corporation,Diligent Corporation,First Lien,,,,9107000.0,9337000.0,9354000.0,,97.36,5.0,8.67,,,False,,,USD,9107000.0,Software,Unaffiliated,One stop,,2030-08,,,,,0.3,8.67,5.0,,Information Technology,Software & Services,First Lien,,Diligent Corporation
GBDC,0001476765,0001476765-26-000048,10-Q,2026-06-30,2026-08-03,Diligent Corporation | One stop 2 | Non-Affiliated Issuer,Diligent Corporation,Diligent Corporation,First Lien,,,,1502000.0,1533000.0,1540000.0,,97.53,8.42,12.09,,,False,,,USD,1502000.0,Software,Unaffiliated,One stop,,2030-08,,,,,,12.09,8.42,,Information Technology,Software & Services,First Lien,,Diligent Corporation
GBDC,0001476765,0001476765-26-000048,10-Q,2026-06-30,2026-08-03,"Einstein Parent, Inc. | One stop 1 | Non-Affiliated Issuer","Einstein Parent, Inc.","Einstein Parent, Inc.",First Lien,,,,8927000.0,8925000.0,9063000.0,,98.5,5.25,8.91,,,False,,,USD,8927000.0,Software,Unaffiliated,One stop,,2031-01,,,,,0.2,8.91,5.25,,Information Technology,Software & Services,First Lien,Smartsheet,"Einstein Parent, Inc."
GBDC,0001476765,0001476765-26-000048,10-Q,2026-06-30,2026-08-03,"Einstein Parent, Inc. | One stop 2 | Non-Affiliated Issuer","Einstein Parent, Inc.","Einstein Parent, Inc.",First Lien,,,,-14000.0,-14000.0,0.0,,100.0,,,,,False,,,USD,-14000.0,Software,Unaffiliated,One stop,,2031-01,,,,,,,,,Information Technology,Software & Services,First Lien,Smartsheet,"Einstein Parent, Inc."
GBDC,0001476765,0001476765-26-000048,10-Q,2026-06-30,2026-08-03,"Espresso Bidco, Inc. | One stop 1 | Non-Affiliated Issuer","Espresso Bidco, Inc.","Espresso Bidco, Inc.",First Lien,,,,23018000.0,23218000.0,23496000.0,,97.97,5.75,6.35,,3.13,True,,,USD,23018000.0,Software,Unaffiliated,One stop,,2032-03,,,,,0.1,6.35,5.75,,Information Technology,Software & Services,First Lien,,"Espresso Bidco, Inc."
GBDC,0001476765,0001476765-26-000048,10-Q,2026-06-30,2026-08-03,"Espresso Bidco, Inc. | One stop 2 | Non-Affiliated Issuer","Espresso Bidco, Inc.","Espresso Bidco, Inc.",First Lien,,,,-45000.0,-27000.0,0.0,,166.67,,,,,False,,,USD,-45000.0,Software,Unaffiliated,One stop,,2032-03,,,,,,,,,Information Technology,Software & Services,First Lien,,"Espresso Bidco, Inc."
GBDC,0001476765,0001476765-26-000048,10-Q,2026-06-30,2026-08-03,"Evergreen IX Borrower 2023, LLC | One stop 1 | Non-Affiliated Issuer","Evergreen IX Borrower 2023, LLC","Evergreen IX Borrower 2023, LLC",First Lien,,,,9098000.0,9122000.0,9237000.0,,98.5,4.75,8.48,,,False,,,USD,9098000.0,Software,Unaffiliated,One stop,,2030-09,,,,,0.1,8.48,4.75,,Information Technology,Software & Services,First Lien,,"Evergreen IX Borrower 2023, LLC"
GBDC,0001476765,0001476765-26-000048,10-Q,2026-06-30,2026-08-03,"Evergreen IX Borrower 2023, LLC | One stop 3 | Non-Affiliated Issuer","Evergreen IX Borrower 2023, LLC","Evergreen IX Borrower 2023, LLC",First Lien,,,,-6000.0,-8000.0,0.0,,75.0,,,,,False,,,USD,-6000.0,Software,Unaffiliated,One stop,,2029-10,,,,,,,,,Information Technology,Software & Services,First Lien,,"Evergreen IX Borrower 2023, LLC"
GBDC,0001476765,0001476765-26-000048,10-Q,2026-06-30,2026-08-03,"FirstUp, Inc. | One stop 1 | Non-Affiliated Issuer","FirstUp, Inc.","FirstUp, Inc.",First Lien,,,,13853000.0,14267000.0,14281000.0,,97.0,6.75,10.48,,,False,,,USD,13853000.0,Software,Unaffiliated,One stop,,2027-07,,,,,0.4,10.48,6.75,,Information Technology,Software & Services,First Lien,,"FirstUp, Inc."
GBDC,0001476765,0001476765-26-000048,10-Q,2026-06-30,2026-08-03,"FirstUp, Inc. | One stop 3 | Non-Affiliated Issuer","FirstUp, Inc.","FirstUp, Inc.",First Lien,,,,-7000.0,0.0,0.0,,,,,,,False,,,USD,-7000.0,Software,Unaffiliated,One stop,,2027-07,,,,,,,,,Information Technology,Software & Services,First Lien,,"FirstUp, Inc."
GBDC,0001476765,0001476765-26-000048,10-Q,2026-06-30,2026-08-03,"Flexera Software, LLC | One stop 1 | Non-Affiliated Issuer","Flexera Software, LLC","Flexera Software, LLC",First Lien,,,,-3000.0,0.0,0.0,,,,,,,False,,,USD,-3000.0,Software,Unaffiliated,One stop,,2032-08,,,,,,,,,Information Technology,Software & Services,First Lien,Flexera,"Flexera Software, LLC"
GBDC,0001476765,0001476765-26-000048,10-Q,2026-06-30,2026-08-03,"Flexera Software, LLC | One stop 2 | Non-Affiliated Issuer","Flexera Software, LLC","Flexera Software, LLC",First Lien,,,,2325000.0,2391000.0,2384000.0,,97.53,4.5,8.15,,,False,,,USD,2325000.0,Software,Unaffiliated,One stop,,2032-08,,,,,,8.15,4.5,,Information Technology,Software & Services,First Lien,Flexera,"Flexera Software, LLC"
GBDC,0001476765,0001476765-26-000048,10-Q,2026-06-30,2026-08-03,"Gainsight, Inc. | One stop 1 | Non-Affiliated Issuer","Gainsight, Inc.","Gainsight, Inc.",First Lien,,,,14029000.0,14186000.0,14171000.0,,99.0,5.5,9.48,,,False,,,USD,14029000.0,Software,Unaffiliated,One stop,,2027-07,,,,,0.4,9.48,5.5,,Information Technology,Software & Services,First Lien,,"Gainsight, Inc."
GBDC,0001476765,0001476765-26-000048,10-Q,2026-06-30,2026-08-03,"Gainsight, Inc. | One stop 2 | Non-Affiliated Issuer","Gainsight, Inc.","Gainsight, Inc.",First Lien,,,,-2000.0,0.0,0.0,,,,,,,False,,,USD,-2000.0,Software,Unaffiliated,One stop,,2027-07,,,,,,,,,Information Technology,Software & Services,First Lien,,"Gainsight, Inc."
GBDC,0001476765,0001476765-26-000048,10-Q,2026-06-30,2026-08-03,"GS Acquisitionco, Inc. | One stop 1 | Non-Affiliated Issuer","GS Acquisitionco, Inc.","GS Acquisitionco, Inc.",First Lien,,,,114188000.0,121347000.0,121154000.0,,94.25,5.25,8.98,,,False,,,USD,114188000.0,Software,Unaffiliated,One stop,,2028-05,,,,,3.1,8.98,5.25,,Information Technology,Software & Services,First Lien,insightsoftware,"GS Acquisitionco, Inc."
GBDC,0001476765,0001476765-26-000048,10-Q,2026-06-30,2026-08-03,"GTIV, LLC | One stop 1 | Non-Affiliated Issuer","GTIV, LLC","GTIV, LLC",First Lien,,,,71039000.0,71701000.0,72121000.0,,98.5,4.5,8.16,,,False,,,USD,71039000.0,Software,Unaffiliated,One stop,,2031-02,,,,,1.9,8.16,4.5,,Information Technology,Software & Services,First Lien,GTreasury,"GTIV, LLC"
GBDC,0001476765,0001476765-26-000048,10-Q,2026-06-30,2026-08-03,"GTIV, LLC | One stop 2 | Non-Affiliated Issuer","GTIV, LLC","GTIV, LLC",First Lien,,,,-4000.0,-1000.0,0.0,,400.0,,,,,False,,,USD,-4000.0,Software,Unaffiliated,One stop,,2031-02,,,,,,,,,Information Technology,Software & Services,First Lien,GTreasury,"GTIV, LLC"
GBDC,0001476765,0001476765-26-000048,10-Q,2026-06-30,2026-08-03,"GTY Technology Holdings, Inc. | One stop 1 | Non-Affiliated Issuer","GTY Technology Holdings, Inc.","GTY Technology Holdings, Inc.",First Lien,,,,20436000.0,20955000.0,21097000.0,,96.87,6.63,6.23,,4.13,True,,,USD,20436000.0,Software,Unaffiliated,One stop,,2029-07,,,,,0.1,6.5,6.63,,Information Technology,Software & Services,First Lien,,"GTY Technology Holdings, Inc."
GBDC,0001476765,0001476765-26-000048,10-Q,2026-06-30,2026-08-03,"Gurobi Optimization, LLC | One stop 1 | Non-Affiliated Issuer","Gurobi Optimization, LLC","Gurobi Optimization, LLC",First Lien,,,,46168000.0,45825000.0,46168000.0,,100.0,4.5,8.23,,,False,,,USD,46168000.0,Software,Unaffiliated,One stop,,2031-09,,,,,1.3,8.23,4.5,,Information Technology,Software & Services,First Lien,,"Gurobi Optimization, LLC"
GBDC,0001476765,0001476765-26-000048,10-Q,2026-06-30,2026-08-03,"Gurobi Optimization, LLC | One stop 2 | Non-Affiliated Issuer","Gurobi Optimization, LLC","Gurobi Optimization, LLC",First Lien,,,,0.0,-33000.0,0.0,,-0.0,,,,,False,,,USD,0.0,,,,,,,,,,,,,,Information Technology,Software & Services,First Lien,,"Gurobi Optimization, LLC"
GBDC,0001476765,0001476765-26-000048,10-Q,2026-06-30,2026-08-03,"Hyland Software, Inc. | One stop 1 | Non-Affiliated Issuer","Hyland Software, Inc.","Hyland Software, Inc.",First Lien,,,,45250000.0,46989000.0,46410000.0,,97.5,4.75,8.39,,,False,,,USD,45250000.0,Software,Unaffiliated,One stop,,2030-09,,,,,1.2,8.39,4.75,,Information Technology,Software & Services,First Lien,,"Hyland Software, Inc."
GBDC,0001476765,0001476765-26-000048,10-Q,2026-06-30,2026-08-03,"Hyland Software, Inc. | One stop 2 | Non-Affiliated Issuer","Hyland Software, Inc.","Hyland Software, Inc.",First Lien,,,,-2000.0,0.0,0.0,,,,,,,False,,,USD,-2000.0,Software,Unaffiliated,One stop,,2029-09,,,,,,,,,Information Technology,Software & Services,First Lien,,"Hyland Software, Inc."
GBDC,0001476765,0001476765-26-000048,10-Q,2026-06-30,2026-08-03,"Icefall Parent, Inc. | One stop 1 | Non-Affiliated Issuer","Icefall Parent, Inc.","Icefall Parent, Inc.",First Lien,,,,3531000.0,3631000.0,3639000.0,,97.03,4.5,8.23,,,False,,,USD,3531000.0,Software,Unaffiliated,One stop,,2030-01,,,,,0.1,8.23,4.5,,Information Technology,Software & Services,First Lien,EngageSmart,"Icefall Parent, Inc."
GBDC,0001476765,0001476765-26-000048,10-Q,2026-06-30,2026-08-03,"Icefall Parent, Inc. | One stop 2 | Non-Affiliated Issuer","Icefall Parent, Inc.","Icefall Parent, Inc.",First Lien,,,,-10000.0,-3000.0,0.0,,333.33,,,,,False,,,USD,-10000.0,Software,Unaffiliated,One stop,,2030-01,,,,,,,,,Information Technology,Software & Services,First Lien,EngageSmart,"Icefall Parent, Inc."
GBDC,0001476765,0001476765-26-000048,10-Q,2026-06-30,2026-08-03,"ICIMS, Inc. | One stop 1 | Non-Affiliated Issuer","ICIMS, Inc.","ICIMS, Inc.",First Lien,,,,11740000.0,12512000.0,12571000.0,,93.39,5.75,9.42,,,False,,,USD,11740000.0,Software,Unaffiliated,One stop,,2028-08,,,,,0.3,9.42,5.75,,Information Technology,Software & Services,First Lien,,"ICIMS, Inc."
GBDC,0001476765,0001476765-26-000048,10-Q,2026-06-30,2026-08-03,"Insight Borrower, LLC | Senior secured 1 | Non-Affiliated Issuer","Insight Borrower, LLC","Insight Borrower, LLC",First Lien,,,,2565000.0,2547000.0,2578000.0,,99.5,7.0,9.73,,1.0,True,,,USD,2565000.0,Software,Unaffiliated,Senior secured,,2029-01,,,,,0.1,9.73,7.0,,Information Technology,Software & Services,First Lien,,"Insight Borrower, LLC"
GBDC,0001476765,0001476765-26-000048,10-Q,2026-06-30,2026-08-03,"Insight Borrower, LLC | Senior secured 2 | Non-Affiliated Issuer","Insight Borrower, LLC","Insight Borrower, LLC",First Lien,,,,185000.0,177000.0,185000.0,,100.0,5.5,9.23,,,False,,,USD,185000.0,Software,Unaffiliated,Senior secured,,2029-01,,,,,,9.23,5.5,,Information Technology,Software & Services,First Lien,,"Insight Borrower, LLC"
GBDC,0001476765,0001476765-26-000048,10-Q,2026-06-30,2026-08-03,IQN Holding Corp. | One stop 1 | Non-Affiliated Issuer,IQN Holding Corp.,IQN Holding Corp.,First Lien,,,,131000.0,134000.0,135000.0,,97.04,5.25,8.99,,,False,,,USD,131000.0,Software,Unaffiliated,One stop,,2028-05,,,,,,8.99,5.25,,Information Technology,Software & Services,First Lien,Beeline,IQN Holding Corp.
GBDC,0001476765,0001476765-26-000048,10-Q,2026-06-30,2026-08-03,IQN Holding Corp. | One stop 2 | Non-Affiliated Issuer,IQN Holding Corp.,IQN Holding Corp.,First Lien,,,,22740000.0,23242000.0,23204000.0,,98.0,5.25,,,8.98,True,,,USD,22740000.0,Software,Unaffiliated,One stop,,2029-05,,,,,0.6,8.98,5.25,,Information Technology,Software & Services,First Lien,Beeline,IQN Holding Corp.
GBDC,0001476765,0001476765-26-000048,10-Q,2026-06-30,2026-08-03,IQN Holding Corp. | One stop 3 | Non-Affiliated Issuer,IQN Holding Corp.,IQN Holding Corp.,First Lien,,,,4049000.0,4102000.0,4131000.0,,98.02,5.25,,,8.98,True,,,USD,4049000.0,Software,Unaffiliated,One stop,,2029-05,,,,,0.1,6.63,5.75,,Information Technology,Software & Services,First Lien,Beeline,IQN Holding Corp.
GBDC,0001476765,0001476765-26-000048,10-Q,2026-06-30,2026-08-03,Island Bidco AB | One stop 1 | Non-Affiliated Issuer,Island Bidco AB,Island Bidco AB,First Lien,,,,12202000.0,11661000.0,12451000.0,,98.0,7.25,2.6,,7.25,True,,,USD,12202000.0,Software,Unaffiliated,One stop,,2028-07,,,,,0.3,2.04,7.25,,Information Technology,Software & Services,First Lien,,Island Bidco AB
GBDC,0001476765,0001476765-26-000048,10-Q,2026-06-30,2026-08-03,Island Bidco AB | One stop 2 | Non-Affiliated Issuer,Island Bidco AB,Island Bidco AB,First Lien,,,,8627000.0,8831000.0,8848000.0,,97.5,7.0,7.35,,3.5,True,,,USD,8627000.0,Software,Unaffiliated,One stop,,2028-07,,,,,0.1,7.67,7.0,,Information Technology,Software & Services,First Lien,,Island Bidco AB
GBDC,0001476765,0001476765-26-000048,10-Q,2026-06-30,2026-08-03,Island Bidco AB | One stop 4 | Non-Affiliated Issuer,Island Bidco AB,Island Bidco AB,First Lien,,,,127000.0,133000.0,134000.0,,94.78,6.5,8.83,,,False,,,USD,127000.0,Software,Unaffiliated,One stop,,2028-07,,,,,,8.83,6.5,,Information Technology,Software & Services,First Lien,,Island Bidco AB
GBDC,0001476765,0001476765-26-000048,10-Q,2026-06-30,2026-08-03,"Jawbreaker Parent, Inc. | One stop 1 | Non-Affiliated Issuer","Jawbreaker Parent, Inc.","Jawbreaker Parent, Inc.",First Lien,,,,393000.0,395000.0,397000.0,,98.99,4.75,8.48,,,False,,,USD,393000.0,Software,Unaffiliated,One stop,,2033-01,,,,,,8.48,4.75,,Information Technology,Software & Services,First Lien,,"Jawbreaker Parent, Inc."
GBDC,0001476765,0001476765-26-000048,10-Q,2026-06-30,2026-08-03,"Jawbreaker Parent, Inc. | One stop 2 | Non-Affiliated Issuer","Jawbreaker Parent, Inc.","Jawbreaker Parent, Inc.",First Lien,,,,-2000.0,0.0,0.0,,,,,,,False,,,USD,-2000.0,Software,Unaffiliated,One stop,,2033-01,,,,,,,,,Information Technology,Software & Services,First Lien,,"Jawbreaker Parent, Inc."
GBDC,0001476765,0001476765-26-000048,10-Q,2026-06-30,2026-08-03,Kairos Bidco Limited | One stop 1 | Non-Affiliated Issuer,Kairos Bidco Limited,Kairos Bidco Limited,First Lien,,,,693000.0,701000.0,705000.0,,98.3,4.75,8.48,,,False,,,USD,693000.0,Software,Unaffiliated,One stop,,2032-07,,,,,,8.48,4.75,,Information Technology,Software & Services,First Lien,,Kairos Bidco Limited
GBDC,0001476765,0001476765-26-000048,10-Q,2026-06-30,2026-08-03,Kairos Bidco Limited | One stop 3 | Non-Affiliated Issuer,Kairos Bidco Limited,Kairos Bidco Limited,First Lien,,,,-3000.0,-1000.0,0.0,,300.0,,,,,False,,,USD,-3000.0,Software,Unaffiliated,One stop,,2032-07,,,,,,,,,Information Technology,Software & Services,First Lien,,Kairos Bidco Limited
GBDC,0001476765,0001476765-26-000048,10-Q,2026-06-30,2026-08-03,"Lightcast Global, Inc. | One stop 1 | Non-Affiliated Issuer","Lightcast Global, Inc.","Lightcast Global, Inc.",First Lien,,,,11670000.0,11643000.0,11670000.0,,100.0,4.5,8.38,,,False,,,USD,11670000.0,Software,Unaffiliated,One stop,,2028-06,,,,,0.3,8.38,4.5,,Information Technology,Software & Services,First Lien,,"Lightcast Global, Inc."
GBDC,0001476765,0001476765-26-000048,10-Q,2026-06-30,2026-08-03,"Lightcast Global, Inc. | One stop 2 | Non-Affiliated Issuer","Lightcast Global, Inc.","Lightcast Global, Inc.",First Lien,,,,0.0,0.0,0.0,,,,,,,False,,,USD,0.0,,,,,,,,,,,,,,Information Technology,Software & Services,First Lien,,"Lightcast Global, Inc."
GBDC,0001476765,0001476765-26-000048,10-Q,2026-06-30,2026-08-03,"LogicMonitor, Inc. | One stop 1 | Non-Affiliated Issuer","LogicMonitor, Inc.","LogicMonitor, Inc.",First Lien,,,,-103000.0,-33000.0,0.0,,312.12,,,,,False,,,USD,-103000.0,Software,Unaffiliated,One stop,,2031-11,,,,,,,,,Information Technology,Software & Services,First Lien,,"LogicMonitor, Inc."
GBDC,0001476765,0001476765-26-000048,10-Q,2026-06-30,2026-08-03,"LogicMonitor, Inc. | One stop 2 | Non-Affiliated Issuer","LogicMonitor, Inc.","LogicMonitor, Inc.",First Lien,,,,53271000.0,53823000.0,54082000.0,,98.5,5.5,9.16,,,False,,,USD,53271000.0,Software,Unaffiliated,One stop,,2031-11,,,,,1.5,9.16,5.5,,Information Technology,Software & Services,First Lien,,"LogicMonitor, Inc."
GBDC,0001476765,0001476765-26-000048,10-Q,2026-06-30,2026-08-03,Lumen Bidco 1 Limited | One stop 1 | Non-Affiliated Issuer,Lumen Bidco 1 Limited,Lumen Bidco 1 Limited,First Lien,,,,0.0,0.0,0.0,,,,,,,False,,,USD,0.0,,,,,,,,,,,,,,Information Technology,Software & Services,First Lien,,Lumen Bidco 1 Limited
GBDC,0001476765,0001476765-26-000048,10-Q,2026-06-30,2026-08-03,Lumen Bidco 1 Limited | One stop 2 | Non-Affiliated Issuer,Lumen Bidco 1 Limited,Lumen Bidco 1 Limited,First Lien,,,,404000.0,405000.0,408000.0,,99.02,4.5,6.81,,,False,,,USD,404000.0,Software,Unaffiliated,One stop,,2033-06,,,,,,6.81,4.5,,Information Technology,Software & Services,First Lien,,Lumen Bidco 1 Limited
GBDC,0001476765,0001476765-26-000048,10-Q,2026-06-30,2026-08-03,Matrix42 Holding GMBH | One stop 1 | Non-Affiliated Issuer,Matrix42 Holding GMBH,Matrix42 Holding GMBH,First Lien,,,,14380000.0,14687000.0,14751000.0,,97.48,6.25,8.45,,,False,,,USD,14380000.0,Software,Unaffiliated,One stop,,2029-12,,,,,0.3,8.45,6.25,,Information Technology,Software & Services,First Lien,,Matrix42 Holding GMBH
GBDC,0001476765,0001476765-26-000048,10-Q,2026-06-30,2026-08-03,Matrix42 Holding GMBH | One stop 4 | Non-Affiliated Issuer,Matrix42 Holding GMBH,Matrix42 Holding GMBH,First Lien,,,,30000.0,34000.0,34000.0,,88.24,6.25,8.46,,,False,,,USD,30000.0,Software,Unaffiliated,One stop,,2029-06,,,,,,8.46,6.25,,Information Technology,Software & Services,First Lien,,Matrix42 Holding GMBH
GBDC,0001476765,0001476765-26-000048,10-Q,2026-06-30,2026-08-03,Matrix42 Holding GMBH | One stop 5 | Non-Affiliated Issuer,Matrix42 Holding GMBH,Matrix42 Holding GMBH,First Lien,,,,-2000.0,0.0,0.0,,,,,,,False,,,USD,-2000.0,Software,Unaffiliated,One stop,,2029-06,,,,,,,,,Information Technology,Software & Services,First Lien,,Matrix42 Holding GMBH
GBDC,0001476765,0001476765-26-000048,10-Q,2026-06-30,2026-08-03,"Metatiedot Bidco Oy & Metatiedot US, LLC | One stop 1 | Non-Affiliated Issuer",Metatiedot Bidco Oy,Metatiedot Bidco Oy,First Lien,,,,28149000.0,27768000.0,29322000.0,,96.0,5.0,8.67,,,False,,,USD,28149000.0,Software,Unaffiliated,One stop,,2031-11,,,,,0.3,8.67,5.0,,Information Technology,Software & Services,First Lien,,Metatiedot Bidco Oy
GBDC,0001476765,0001476765-26-000048,10-Q,2026-06-30,2026-08-03,"Metatiedot Bidco Oy & Metatiedot US, LLC | One stop 2 | Non-Affiliated Issuer",Metatiedot Bidco Oy,Metatiedot Bidco Oy,First Lien,,,,204000.0,309000.0,340000.0,,60.0,5.0,7.41,,,False,,,USD,204000.0,Software,Unaffiliated,One stop,,2030-11,,,,,,7.41,5.0,,Information Technology,Software & Services,First Lien,,Metatiedot Bidco Oy
GBDC,0001476765,0001476765-26-000048,10-Q,2026-06-30,2026-08-03,"Ministry Brands Holdings, LLC | One stop 1 | Non-Affiliated Issuer","Ministry Brands Holdings, LLC","Ministry Brands Holdings, LLC",First Lien,,,,32883000.0,33320000.0,33385000.0,,98.5,5.5,9.24,,,False,,,USD,32883000.0,Software,Unaffiliated,One stop,,2028-12,,,,,0.8,9.24,5.5,,Information Technology,Software & Services,First Lien,,"Ministry Brands Holdings, LLC"
GBDC,0001476765,0001476765-26-000048,10-Q,2026-06-30,2026-08-03,"Ministry Brands Holdings, LLC | One stop 3 | Non-Affiliated Issuer","Ministry Brands Holdings, LLC","Ministry Brands Holdings, LLC",First Lien,,,,-6000.0,-1000.0,0.0,,600.0,,,,,False,,,USD,-6000.0,Software,Unaffiliated,One stop,,2027-12,,,,,,,,,Information Technology,Software & Services,First Lien,,"Ministry Brands Holdings, LLC"
GBDC,0001476765,0001476765-26-000048,10-Q,2026-06-30,2026-08-03,"MS Buyer, Inc. | One stop 1 | Non-Affiliated Issuer","MS Buyer, Inc.","MS Buyer, Inc.",First Lien,,,,60010000.0,60517000.0,60996000.0,,98.38,5.25,8.98,,,False,,,USD,60010000.0,Software,Unaffiliated,One stop,,2031-07,,,,,1.4,8.98,5.25,,Information Technology,Software & Services,First Lien,Ministry Brands,"MS Buyer, Inc."
GBDC,0001476765,0001476765-26-000048,10-Q,2026-06-30,2026-08-03,MYOB Invest Co Pty Ltd | One stop | Non-Affiliated Issuer,MYOB Invest Co Pty Ltd,MYOB Invest Co Pty Ltd,First Lien,,,,37911000.0,36266000.0,38883000.0,,97.5,5.25,6.98,,2.75,True,,,USD,37911000.0,Software,Unaffiliated,One stop,,2030-06,,,,,1.0,6.98,5.25,,Information Technology,Software & Services,First Lien,,MYOB Invest Co Pty Ltd
GBDC,0001476765,0001476765-26-000048,10-Q,2026-06-30,2026-08-03,Navex Global Holdings Corporation | One stop 1 | Non-Affiliated Issuer,Navex Global Holdings Corporation,Navex Global Holdings Corporation,First Lien,,,,5826000.0,5994000.0,5944000.0,,98.01,5.0,8.64,,,False,,,USD,5826000.0,Software,Unaffiliated,One stop,,2032-10,,,,,0.2,8.64,5.0,,Information Technology,Software & Services,First Lien,,Navex Global Holdings Corporation
GBDC,0001476765,0001476765-26-000048,10-Q,2026-06-30,2026-08-03,Navex Global Holdings Corporation | One stop 2 | Non-Affiliated Issuer,Navex Global Holdings Corporation,Navex Global Holdings Corporation,First Lien,,,,-8000.0,-1000.0,0.0,,800.0,,,,,False,,,USD,-8000.0,Software,Unaffiliated,One stop,,2032-10,,,,,,,,,Information Technology,Software & Services,First Lien,,Navex Global Holdings Corporation
GBDC,0001476765,0001476765-26-000048,10-Q,2026-06-30,2026-08-03,Naviga Inc. | Senior secured | Non-Affiliated Issuer,Naviga Inc.,Naviga Inc.,First Lien,,,,66000.0,120000.0,183000.0,,36.07,1.0,4.83,,,False,,,USD,66000.0,Software,Unaffiliated,Senior secured,,2026-09,,,,,,4.83,1.0,,Information Technology,Software & Services,First Lien,,Naviga Inc.
GBDC,0001476765,0001476765-26-000048,10-Q,2026-06-30,2026-08-03,"Obelix Parent, Inc. | One stop 1 | Non-Affiliated Issuer","Obelix Parent, Inc.","Obelix Parent, Inc.",First Lien,,,,431000.0,429000.0,431000.0,,100.0,5.0,8.73,,,False,,,USD,431000.0,Software,Unaffiliated,One stop,,2033-02,,,,,,8.73,5.0,,Information Technology,Software & Services,First Lien,,"Obelix Parent, Inc."
GBDC,0001476765,0001476765-26-000048,10-Q,2026-06-30,2026-08-03,"Obelix Parent, Inc. | One stop 2 | Non-Affiliated Issuer","Obelix Parent, Inc.","Obelix Parent, Inc.",First Lien,,,,0.0,0.0,0.0,,,,,,,False,,,USD,0.0,,,,,,,,,,,,,,Information Technology,Software & Services,First Lien,,"Obelix Parent, Inc."
GBDC,0001476765,0001476765-26-000048,10-Q,2026-06-30,2026-08-03,"Onit, Inc. | One stop 1 | Non-Affiliated Issuer","Onit, Inc.","Onit, Inc.",First Lien,,,,5266000.0,5360000.0,5401000.0,,97.5,4.75,8.41,,,False,,,USD,5266000.0,Software,Unaffiliated,One stop,,2032-01,,,,,0.1,8.41,4.75,,Information Technology,Software & Services,First Lien,,"Onit, Inc."
GBDC,0001476765,0001476765-26-000048,10-Q,2026-06-30,2026-08-03,"Onit, Inc. | One stop 2 | Non-Affiliated Issuer","Onit, Inc.","Onit, Inc.",First Lien,,,,-80000.0,-15000.0,0.0,,533.33,,,,,False,,,USD,-80000.0,Software,Unaffiliated,One stop,,2032-01,,,,,,,,,Information Technology,Software & Services,First Lien,,"Onit, Inc."
GBDC,0001476765,0001476765-26-000048,10-Q,2026-06-30,2026-08-03,"Onit, Inc. | One stop 4 | Non-Affiliated Issuer","Onit, Inc.","Onit, Inc.",First Lien,,,,1393000.0,1441000.0,1444000.0,,96.47,4.5,8.16,,,False,,,USD,1393000.0,Software,Unaffiliated,One stop,,2032-01,,,,,,8.16,4.5,,Information Technology,Software & Services,First Lien,,"Onit, Inc."
GBDC,0001476765,0001476765-26-000048,10-Q,2026-06-30,2026-08-03,"Onward Acquireco, Inc. | One stop 1 | Non-Affiliated Issuer","Onward Acquireco, Inc.","Onward Acquireco, Inc.",First Lien,,,,312000.0,311000.0,313000.0,,99.68,5.05,6.01,,2.68,True,,,USD,312000.0,Software,Unaffiliated,One stop,,2033-04,,,,,,6.01,5.05,,Information Technology,Software & Services,First Lien,OneStream,"Onward Acquireco, Inc."
GBDC,0001476765,0001476765-26-000048,10-Q,2026-06-30,2026-08-03,"Onward Acquireco, Inc. | One stop 2 | Non-Affiliated Issuer","Onward Acquireco, Inc.","Onward Acquireco, Inc.",First Lien,,,,0.0,0.0,0.0,,,,,,,False,,,USD,0.0,,,,,,,,,,,,,,Information Technology,Software & Services,First Lien,OneStream,"Onward Acquireco, Inc."
GBDC,0001476765,0001476765-26-000048,10-Q,2026-06-30,2026-08-03,"Onward Acquireco, Inc. | One stop 3 | Non-Affiliated Issuer","Onward Acquireco, Inc.","Onward Acquireco, Inc.",First Lien,,,,-1000.0,0.0,0.0,,,,,,,False,,,USD,-1000.0,Software,Unaffiliated,One stop,,2033-04,,,,,,,,,Information Technology,Software & Services,First Lien,OneStream,"Onward Acquireco, Inc."
GBDC,0001476765,0001476765-26-000048,10-Q,2026-06-30,2026-08-03,"Panzura, LLC | One stop | Non-Affiliated Issuer","Panzura, LLC","Panzura, LLC",First Lien,,,,126000.0,123000.0,150000.0,,84.0,,9.0,,8.0,True,,,USD,126000.0,Software,Unaffiliated,One stop,,2027-08,,,,,,9.0,,,Information Technology,Software & Services,First Lien,,"Panzura, LLC"
GBDC,0001476765,0001476765-26-000048,10-Q,2026-06-30,2026-08-03,Pineapple German Bidco GMBH | One stop 1 | Non-Affiliated Issuer,Pineapple German Bidco GMBH,Pineapple German Bidco GMBH,First Lien,,,,20937000.0,21199000.0,21985000.0,,95.23,5.25,7.37,,,False,,,USD,20937000.0,Software,Unaffiliated,One stop,,2031-01,,,,,0.1,7.37,5.25,,Information Technology,Software & Services,First Lien,,Pineapple German Bidco GMBH
GBDC,0001476765,0001476765-26-000048,10-Q,2026-06-30,2026-08-03,Pineapple German Bidco GMBH | One stop 4 | Non-Affiliated Issuer,Pineapple German Bidco GMBH,Pineapple German Bidco GMBH,First Lien,,,,-290000.0,-48000.0,0.0,,604.17,,,,,False,,,USD,-290000.0,Software,Unaffiliated,One stop,,2031-01,,,,,,,,,Information Technology,Software & Services,First Lien,,Pineapple German Bidco GMBH
GBDC,0001476765,0001476765-26-000048,10-Q,2026-06-30,2026-08-03,"Pluralsight, LLC | One stop 1 | Non-Affiliated Issuer","Pluralsight, LLC","Pluralsight, LLC",First Lien,,,,1706000.0,6764000.0,7417000.0,,23.0,7.5,,,11.14,True,,,USD,1706000.0,Software,Unaffiliated,One stop,,2029-08,,,,,0.1,11.14,7.5,,Information Technology,Software & Services,First Lien,,"Pluralsight, LLC"
GBDC,0001476765,0001476765-26-000048,10-Q,2026-06-30,2026-08-03,"Pluralsight, LLC | One stop 2 | Non-Affiliated Issuer","Pluralsight, LLC","Pluralsight, LLC",First Lien,,,,5770000.0,6000000.0,6074000.0,,95.0,4.5,6.64,,1.5,True,,,USD,5770000.0,Software,Unaffiliated,One stop,,2029-08,,,,,0.1,6.64,4.5,,Information Technology,Software & Services,First Lien,,"Pluralsight, LLC"
GBDC,0001476765,0001476765-26-000048,10-Q,2026-06-30,2026-08-03,"Pluralsight, LLC | One stop 4 | Non-Affiliated Issuer","Pluralsight, LLC","Pluralsight, LLC",First Lien,,,,-174000.0,0.0,0.0,,,,,,,False,,,USD,-174000.0,Software,Unaffiliated,One stop,,2029-08,,,,,,,,,Information Technology,Software & Services,First Lien,,"Pluralsight, LLC"
GBDC,0001476765,0001476765-26-000048,10-Q,2026-06-30,2026-08-03,"ProcessUnity Holdings, LLC | One stop 1 | Non-Affiliated Issuer","ProcessUnity Holdings, LLC","ProcessUnity Holdings, LLC",First Lien,,,,13876000.0,14361000.0,14384000.0,,96.47,6.5,10.23,,,False,,,USD,13876000.0,Software,Unaffiliated,One stop,,2028-09,,,,,0.2,10.23,6.5,,Information Technology,Software & Services,First Lien,,"ProcessUnity Holdings, LLC"
GBDC,0001476765,0001476765-26-000048,10-Q,2026-06-30,2026-08-03,"QAD, Inc. | One stop 1 | Non-Affiliated Issuer","QAD, Inc.","QAD, Inc.",First Lien,,,,41636000.0,42758000.0,42485000.0,,98.0,4.75,8.39,,,False,,,USD,41636000.0,Software,Unaffiliated,One stop,,2027-11,,,,,1.1,8.39,4.75,,Information Technology,Software & Services,First Lien,,"QAD, Inc."
GBDC,0001476765,0001476765-26-000048,10-Q,2026-06-30,2026-08-03,"QAD, Inc. | One stop 2 | Non-Affiliated Issuer","QAD, Inc.","QAD, Inc.",First Lien,,,,-19000.0,-1000.0,0.0,,1900.0,,,,,False,,,USD,-19000.0,Software,Unaffiliated,One stop,,2027-11,,,,,,,,,Information Technology,Software & Services,First Lien,,"QAD, Inc."
GBDC,0001476765,0001476765-26-000048,10-Q,2026-06-30,2026-08-03,"Quant Buyer, Inc. | One stop 1 | Non-Affiliated Issuer","Quant Buyer, Inc.","Quant Buyer, Inc.",First Lien,,,,18695000.0,19150000.0,19276000.0,,96.99,5.25,8.91,,,False,,,USD,18695000.0,Software,Unaffiliated,One stop,,2029-06,,,,,0.2,8.91,5.25,,Information Technology,Software & Services,First Lien,,"Quant Buyer, Inc."
GBDC,0001476765,0001476765-26-000048,10-Q,2026-06-30,2026-08-03,Rainforest Bidco Limited | One stop 1 | Non-Affiliated Issuer,Rainforest Bidco Limited,Rainforest Bidco Limited,First Lien,,,,31877000.0,30791000.0,32529000.0,,98.0,5.43,7.23,,1.93,True,,,USD,31877000.0,Software,Unaffiliated,One stop,,2029-07,,,,,0.6,7.23,5.43,,Information Technology,Software & Services,First Lien,,Rainforest Bidco Limited
GBDC,0001476765,0001476765-26-000048,10-Q,2026-06-30,2026-08-03,Rainforest Bidco Limited | One stop 6 | Non-Affiliated Issuer,Rainforest Bidco Limited,Rainforest Bidco Limited,First Lien,,,,-20000.0,-6000.0,0.0,,333.33,,,,,False,,,USD,-20000.0,Software,Unaffiliated,One stop,,2029-07,,,,,,,,,Information Technology,Software & Services,First Lien,,Rainforest Bidco Limited
GBDC,0001476765,0001476765-26-000048,10-Q,2026-06-30,2026-08-03,"Riskonnect Parent, LLC | One stop 1 | Non-Affiliated Issuer","Riskonnect Parent, LLC","Riskonnect Parent, LLC",First Lien,,,,47688000.0,48716000.0,48425000.0,,98.48,4.75,8.49,,,False,,,USD,47688000.0,Software,Unaffiliated,One stop,,2028-12,,,,,1.2,8.49,4.75,,Information Technology,Software & Services,First Lien,Riskonnect,"Riskonnect Parent, LLC"
GBDC,0001476765,0001476765-26-000048,10-Q,2026-06-30,2026-08-03,Rodeo Buyer Company | One stop 1 | Non-Affiliated Issuer,Rodeo Buyer Company,Rodeo Buyer Company,First Lien,,,,22446000.0,22626000.0,22672000.0,,99.0,6.25,10.07,,,False,,,USD,22446000.0,Software,Unaffiliated,One stop,,2027-05,,,,,0.2,10.07,6.25,,Information Technology,Software & Services,First Lien,Absorb Software,Rodeo Buyer Company
GBDC,0001476765,0001476765-26-000048,10-Q,2026-06-30,2026-08-03,Rodeo Buyer Company | One stop 2 | Non-Affiliated Issuer,Rodeo Buyer Company,Rodeo Buyer Company,First Lien,,,,-1000.0,0.0,0.0,,,,,,,False,,,USD,-1000.0,Software,Unaffiliated,One stop,,2027-05,,,,,,,,,Information Technology,Software & Services,First Lien,Absorb Software,Rodeo Buyer Company
GBDC,0001476765,0001476765-26-000048,10-Q,2026-06-30,2026-08-03,Sapphire Bidco Oy | One stop 1 | Non-Affiliated Issuer,Sapphire Bidco Oy,Sapphire Bidco Oy,First Lien,,,,51648000.0,47697000.0,52701000.0,,98.0,4.75,6.95,,,False,,,USD,51648000.0,Software,Unaffiliated,One stop,,2029-07,,,,,1.4,6.95,4.75,,Information Technology,Software & Services,First Lien,Basware,Sapphire Bidco Oy
GBDC,0001476765,0001476765-26-000048,10-Q,2026-06-30,2026-08-03,Sapphire Bidco Oy | One stop 2 | Non-Affiliated Issuer,Sapphire Bidco Oy,Sapphire Bidco Oy,First Lien,,,,5752000.0,5473000.0,5840000.0,,98.49,5.0,7.24,,,False,,,USD,5752000.0,Software,Unaffiliated,One stop,,2029-07,,,,,0.1,7.24,5.0,,Information Technology,Software & Services,First Lien,Basware,Sapphire Bidco Oy
GBDC,0001476765,0001476765-26-000048,10-Q,2026-06-30,2026-08-03,"Sonatype, Inc. | One stop 1 | Non-Affiliated Issuer","Sonatype, Inc.","Sonatype, Inc.",First Lien,,,,68417000.0,69515000.0,69459000.0,,98.5,4.75,8.36,,,False,,,USD,68417000.0,Software,Unaffiliated,One stop,,2028-01,,,,,1.9,8.36,4.75,,Information Technology,Software & Services,First Lien,,"Sonatype, Inc."
GBDC,0001476765,0001476765-26-000048,10-Q,2026-06-30,2026-08-03,"Sonatype, Inc. | One stop 2 | Non-Affiliated Issuer","Sonatype, Inc.","Sonatype, Inc.",First Lien,,,,-4000.0,0.0,0.0,,,,,,,False,,,USD,-4000.0,Software,Unaffiliated,One stop,,2028-01,,,,,,,,,Information Technology,Software & Services,First Lien,,"Sonatype, Inc."
GBDC,0001476765,0001476765-26-000048,10-Q,2026-06-30,2026-08-03,Spark Bidco Limited | One stop 1 | Non-Affiliated Issuer,Spark Bidco Limited,Spark Bidco Limited,First Lien,,,,-8000.0,0.0,0.0,,,,,,,False,,,USD,-8000.0,Software,Unaffiliated,One stop,,2032-10,,,,,,,,,Information Technology,Software & Services,First Lien,,Spark Bidco Limited
GBDC,0001476765,0001476765-26-000048,10-Q,2026-06-30,2026-08-03,Spark Bidco Limited | One stop 2 | Non-Affiliated Issuer,Spark Bidco Limited,Spark Bidco Limited,First Lien,,,,1721000.0,1764000.0,1785000.0,,96.41,4.75,8.43,,,False,,,USD,1721000.0,Software,Unaffiliated,One stop,,2032-10,,,,,,8.43,4.75,,Information Technology,Software & Services,First Lien,,Spark Bidco Limited
GBDC,0001476765,0001476765-26-000048,10-Q,2026-06-30,2026-08-03,Spartan Buyer Acquisition Co. | One stop 1 | Non-Affiliated Issuer,Spartan Buyer Acquisition Co.,Spartan Buyer Acquisition Co.,First Lien,,,,47311000.0,47652000.0,48034000.0,,98.49,7.5,10.17,,1.0,True,,,USD,47311000.0,Software,Unaffiliated,One stop,,2028-06,,,,,1.2,10.17,7.5,,Information Technology,Software & Services,First Lien,,Spartan Buyer Acquisition Co.
GBDC,0001476765,0001476765-26-000048,10-Q,2026-06-30,2026-08-03,Spartan Buyer Acquisition Co. | One stop 3 | Non-Affiliated Issuer,Spartan Buyer Acquisition Co.,Spartan Buyer Acquisition Co.,First Lien,,,,-6000.0,-3000.0,2000.0,,200.0,6.5,12.25,,1.0,True,,,USD,-6000.0,Software,Unaffiliated,One stop,,2028-06,,,,,,12.25,6.5,,Information Technology,Software & Services,First Lien,,Spartan Buyer Acquisition Co.
GBDC,0001476765,0001476765-26-000048,10-Q,2026-06-30,2026-08-03,"Striim, Inc. | One stop | Non-Affiliated Issuer","Striim, Inc.","Striim, Inc.",First Lien,,,,500000.0,486000.0,503000.0,,99.4,,,,14.0,True,,,USD,500000.0,Software,Unaffiliated,One stop,,2031-03,,,,,,14.0,,,Information Technology,Software & Services,First Lien,,"Striim, Inc."
GBDC,0001476765,0001476765-26-000048,10-Q,2026-06-30,2026-08-03,"Telesoft Holdings, LLC | One stop 1 | Non-Affiliated Issuer","Telesoft Holdings, LLC","Telesoft Holdings, LLC",First Lien,,,,22263000.0,22258000.0,22263000.0,,100.0,6.25,9.99,,,False,,,USD,22263000.0,Software,Unaffiliated,One stop,,2027-05,,,,,0.6,9.99,6.25,,Information Technology,Software & Services,First Lien,"Calero Holdings, Inc","Telesoft Holdings, LLC"
GBDC,0001476765,0001476765-26-000048,10-Q,2026-06-30,2026-08-03,"Templafy APS and Templafy, LLC | One stop 1 | Non-Affiliated Issuer",Templafy APS,Templafy APS,First Lien,,,,4728000.0,4788000.0,4800000.0,,98.5,6.0,9.88,,,False,,,USD,4728000.0,Software,Unaffiliated,One stop,,2028-07,,,,,0.1,9.88,6.0,,Information Technology,Software & Services,First Lien,,Templafy APS
GBDC,0001476765,0001476765-26-000048,10-Q,2026-06-30,2026-08-03,"Templafy APS and Templafy, LLC | One stop 2 | Non-Affiliated Issuer",Templafy APS,Templafy APS,First Lien,,,,-2000.0,0.0,0.0,,,,,,,False,,,USD,-2000.0,Software,Unaffiliated,One stop,,2028-07,,,,,,,,,Information Technology,Software & Services,First Lien,,Templafy APS
GBDC,0001476765,0001476765-26-000048,10-Q,2026-06-30,2026-08-03,"Togetherwork Holdings, LLC | One stop 1 | Non-Affiliated Issuer","Togetherwork Holdings, LLC","Togetherwork Holdings, LLC",First Lien,,,,27941000.0,28807000.0,28870000.0,,96.78,5.25,8.89,,,False,,,USD,27941000.0,Software,Unaffiliated,One stop,,2031-05,,,,,0.7,8.89,5.25,,Information Technology,Software & Services,First Lien,,"Togetherwork Holdings, LLC"
GBDC,0001476765,0001476765-26-000048,10-Q,2026-06-30,2026-08-03,Transform Bidco Limited | One stop 1 | Non-Affiliated Issuer,Transform Bidco Limited,Transform Bidco Limited,First Lien,,,,10182000.0,10305000.0,10552000.0,,96.49,6.5,,,10.18,True,,,USD,10182000.0,Software,Unaffiliated,One stop,,2031-01,,,,,0.2,10.18,6.5,,Information Technology,Software & Services,First Lien,,Transform Bidco Limited
GBDC,0001476765,0001476765-26-000048,10-Q,2026-06-30,2026-08-03,Transform Bidco Limited | One stop 2 | Non-Affiliated Issuer,Transform Bidco Limited,Transform Bidco Limited,First Lien,,,,92000.0,94000.0,95000.0,,96.84,6.5,10.15,,,False,,,USD,92000.0,Software,Unaffiliated,One stop,,2030-06,,,,,,10.15,6.5,,Information Technology,Software & Services,First Lien,,Transform Bidco Limited
GBDC,0001476765,0001476765-26-000048,10-Q,2026-06-30,2026-08-03,Transform Bidco Limited | One stop 3 | Non-Affiliated Issuer,Transform Bidco Limited,Transform Bidco Limited,First Lien,,,,-397000.0,-90000.0,0.0,,441.11,,,,,False,,,USD,-397000.0,Software,Unaffiliated,One stop,,2031-01,,,,,,,,,Information Technology,Software & Services,First Lien,,Transform Bidco Limited
GBDC,0001476765,0001476765-26-000048,10-Q,2026-06-30,2026-08-03,Transform Bidco Limited | One stop 6 | Non-Affiliated Issuer,Transform Bidco Limited,Transform Bidco Limited,First Lien,,,,4279000.0,4368000.0,4435000.0,,96.48,7.0,7.68,,3.0,True,,,USD,4279000.0,Software,Unaffiliated,One stop,,2031-01,,,,,0.1,7.68,7.0,,Information Technology,Software & Services,First Lien,,Transform Bidco Limited
GBDC,0001476765,0001476765-26-000048,10-Q,2026-06-30,2026-08-03,"Tricentis Operations Holdings, Inc. | One stop 1 | Non-Affiliated Issuer","Tricentis Operations Holdings, Inc.","Tricentis Operations Holdings, Inc.",First Lien,,,,-61000.0,-10000.0,0.0,,610.0,,,,,False,,,USD,-61000.0,Software,Unaffiliated,One stop,,2032-02,,,,,,,,,Information Technology,Software & Services,First Lien,Tricentis,"Tricentis Operations Holdings, Inc."
GBDC,0001476765,0001476765-26-000048,10-Q,2026-06-30,2026-08-03,"Tricentis Operations Holdings, Inc. | One stop 2 | Non-Affiliated Issuer","Tricentis Operations Holdings, Inc.","Tricentis Operations Holdings, Inc.",First Lien,,,,7799000.0,7968000.0,7999000.0,,97.5,6.0,6.39,,3.25,True,,,USD,7799000.0,Software,Unaffiliated,One stop,,2032-02,,,,,0.2,5.61,6.25,,Information Technology,Software & Services,First Lien,Tricentis,"Tricentis Operations Holdings, Inc."
GBDC,0001476765,0001476765-26-000048,10-Q,2026-06-30,2026-08-03,"Trintech, Inc. | One stop 1 | Non-Affiliated Issuer","Trintech, Inc.","Trintech, Inc.",First Lien,,,,372000.0,383000.0,387000.0,,96.12,4.75,8.39,,,False,,,USD,372000.0,Software,Unaffiliated,One stop,,2033-01,,,,,,8.39,4.75,,Information Technology,Software & Services,First Lien,,"Trintech, Inc."
GBDC,0001476765,0001476765-26-000048,10-Q,2026-06-30,2026-08-03,"Trintech, Inc. | One stop 2 | Non-Affiliated Issuer","Trintech, Inc.","Trintech, Inc.",First Lien,,,,-5000.0,0.0,0.0,,,,,,,False,,,USD,-5000.0,Software,Unaffiliated,One stop,,2033-01,,,,,,,,,Information Technology,Software & Services,First Lien,,"Trintech, Inc."
GBDC,0001476765,0001476765-26-000048,10-Q,2026-06-30,2026-08-03,"Vanco Payment Solutions, LLC | One stop 1 | Non-Affiliated Issuer","Vanco Payment Solutions, LLC","Vanco Payment Solutions, LLC",First Lien,,,,-1000.0,0.0,0.0,,,,,,,False,,,USD,-1000.0,Software,Unaffiliated,One stop,,2031-12,,,,,,,,,Information Technology,Software & Services,First Lien,,"Vanco Payment Solutions, LLC"
GBDC,0001476765,0001476765-26-000048,10-Q,2026-06-30,2026-08-03,"Vanco Payment Solutions, LLC | One stop 2 | Non-Affiliated Issuer","Vanco Payment Solutions, LLC","Vanco Payment Solutions, LLC",First Lien,,,,461000.0,471000.0,475000.0,,97.05,4.75,8.48,,,False,,,USD,461000.0,Software,Unaffiliated,One stop,,2031-12,,,,,,8.48,4.75,,Information Technology,Software & Services,First Lien,,"Vanco Payment Solutions, LLC"
GBDC,0001476765,0001476765-26-000048,10-Q,2026-06-30,2026-08-03,Vantage Bidco GMBH | One stop 1 | Non-Affiliated Issuer,Vantage Bidco GMBH,Vantage Bidco GMBH,First Lien,,,,8619000.0,8399000.0,8978000.0,,96.0,6.25,8.54,,,False,,,USD,8619000.0,Software,Unaffiliated,One stop,,2031-04,,,,,0.2,8.54,6.25,,Information Technology,Software & Services,First Lien,,Vantage Bidco GMBH
GBDC,0001476765,0001476765-26-000048,10-Q,2026-06-30,2026-08-03,Vantage Bidco GMBH | One stop 2 | Non-Affiliated Issuer,Vantage Bidco GMBH,Vantage Bidco GMBH,First Lien,,,,-42000.0,-9000.0,0.0,,466.67,,,,,False,,,USD,-42000.0,Software,Unaffiliated,One stop,,2030-10,,,,,,,,,Information Technology,Software & Services,First Lien,,Vantage Bidco GMBH
GBDC,0001476765,0001476765-26-000048,10-Q,2026-06-30,2026-08-03,Varinem German Midco GMBH | One stop 1 | Non-Affiliated Issuer,Varinem German Midco GMBH,Varinem German Midco GMBH,First Lien,,,,7562000.0,7169000.0,7562000.0,,100.0,5.5,7.63,,,False,,,USD,7562000.0,Software,Unaffiliated,One stop,,2031-07,,,,,0.2,7.63,5.5,,Information Technology,Software & Services,First Lien,,Varinem German Midco GMBH
GBDC,0001476765,0001476765-26-000048,10-Q,2026-06-30,2026-08-03,Varinem German Midco GMBH | One stop 2 | Non-Affiliated Issuer,Varinem German Midco GMBH,Varinem German Midco GMBH,First Lien,,,,4552000.0,4605000.0,4789000.0,,95.05,4.75,6.88,,,False,,,USD,4552000.0,Software,Unaffiliated,One stop,,2031-07,,,,,0.1,6.88,4.75,,Information Technology,Software & Services,First Lien,,Varinem German Midco GMBH
GBDC,0001476765,0001476765-26-000048,10-Q,2026-06-30,2026-08-03,"Vendavo, Inc. | One stop 1 | Non-Affiliated Issuer","Vendavo, Inc.","Vendavo, Inc.",First Lien,,,,28548000.0,29957000.0,30369000.0,,94.0,5.75,9.5,,,False,,,USD,28548000.0,Software,Unaffiliated,One stop,,2027-09,,,,,0.7,9.5,5.75,,Information Technology,Software & Services,First Lien,,"Vendavo, Inc."
GBDC,0001476765,0001476765-26-000048,10-Q,2026-06-30,2026-08-03,"Viper Bidco, Inc. | One stop 1 | Non-Affiliated Issuer","Viper Bidco, Inc.","Viper Bidco, Inc.",First Lien,,,,57648000.0,57382000.0,58526000.0,,98.5,4.5,8.23,,,False,,,USD,57648000.0,Software,Unaffiliated,One stop,,2031-11,,,,,1.1,8.23,4.5,,Information Technology,Software & Services,First Lien,Achilles,"Viper Bidco, Inc."
GBDC,0001476765,0001476765-26-000048,10-Q,2026-06-30,2026-08-03,"Viper Bidco, Inc. | One stop 2 | Non-Affiliated Issuer","Viper Bidco, Inc.","Viper Bidco, Inc.",First Lien,,,,-115000.0,-25000.0,0.0,,460.0,,,,,False,,,USD,-115000.0,Software,Unaffiliated,One stop,,2031-11,,,,,,,,,Information Technology,Software & Services,First Lien,Achilles,"Viper Bidco, Inc."
GBDC,0001476765,0001476765-26-000048,10-Q,2026-06-30,2026-08-03,"WebPT, Inc. | One stop | Non-Affiliated Issuer","WebPT, Inc.","WebPT, Inc.",First Lien,,,,646000.0,920000.0,949000.0,,68.07,6.26,7.08,,3.13,True,,,USD,646000.0,Software,Unaffiliated,One stop,,2030-01,,,,,,7.08,6.26,,Information Technology,Software & Services,First Lien,,"WebPT, Inc."
GBDC,0001476765,0001476765-26-000048,10-Q,2026-06-30,2026-08-03,"Zendesk, Inc. | One stop 1 | Non-Affiliated Issuer","Zendesk, Inc.","Zendesk, Inc.",First Lien,,,,34203000.0,34971000.0,35081000.0,,97.5,5.0,8.73,,,False,,,USD,34203000.0,Software,Unaffiliated,One stop,,2028-11,,,,,0.1,8.73,5.0,,Information Technology,Software & Services,First Lien,,"Zendesk, Inc."
GBDC,0001476765,0001476765-26-000048,10-Q,2026-06-30,2026-08-03,"Zendesk, Inc. | One stop 4 | Non-Affiliated Issuer","Zendesk, Inc.","Zendesk, Inc.",First Lien,,,,-2000.0,0.0,0.0,,,,,,,False,,,USD,-2000.0,Software,Unaffiliated,One stop,,2028-11,,,,,,,,,Information Technology,Software & Services,First Lien,,"Zendesk, Inc."
GBDC,0001476765,0001476765-26-000048,10-Q,2026-06-30,2026-08-03,Ave Holdings III Corp. | One stop 1 | Non-Affiliated Issuer,Ave Holdings III Corp.,Ave Holdings III Corp.,First Lien,,,,28595000.0,29723000.0,29787000.0,,96.0,5.5,9.6,,,False,,,USD,28595000.0,Specialty Retail,Unaffiliated,One stop,,2028-02,,,,,0.6,9.6,5.5,,Consumer Discretionary,Retailing,First Lien,,Ave Holdings III Corp.
GBDC,0001476765,0001476765-26-000048,10-Q,2026-06-30,2026-08-03,Ave Holdings III Corp. | One stop 4 | Non-Affiliated Issuer,Ave Holdings III Corp.,Ave Holdings III Corp.,First Lien,,,,-12000.0,-1000.0,0.0,,1200.0,,,,,False,,,USD,-12000.0,Specialty Retail,Unaffiliated,One stop,,2028-02,,,,,,,,,Consumer Discretionary,Retailing,First Lien,,Ave Holdings III Corp.
GBDC,0001476765,0001476765-26-000048,10-Q,2026-06-30,2026-08-03,"Biscuit Parent, LLC | One stop 1 | Non-Affiliated Issuer","Biscuit Parent, LLC","Biscuit Parent, LLC",First Lien,,,,26345000.0,26184000.0,26345000.0,,100.0,4.75,8.48,,,False,,,USD,26345000.0,Specialty Retail,Unaffiliated,One stop,,2031-02,,,,,0.7,8.48,4.75,,Consumer Discretionary,Retailing,First Lien,,"Biscuit Parent, LLC"
GBDC,0001476765,0001476765-26-000048,10-Q,2026-06-30,2026-08-03,"Biscuit Parent, LLC | One stop 2 | Non-Affiliated Issuer","Biscuit Parent, LLC","Biscuit Parent, LLC",First Lien,,,,0.0,-12000.0,0.0,,-0.0,,,,,False,,,USD,0.0,,,,,,,,,,,,,,Consumer Discretionary,Retailing,First Lien,,"Biscuit Parent, LLC"
GBDC,0001476765,0001476765-26-000048,10-Q,2026-06-30,2026-08-03,Cavender Stores L.P. | Senior secured | Non-Affiliated Issuer,Cavender Stores L.P.,Cavender Stores L.P.,First Lien,,,,5376000.0,5349000.0,5376000.0,,100.0,4.5,8.16,,,False,,,USD,5376000.0,Specialty Retail,Unaffiliated,Senior secured,,2029-10,,,,,0.2,8.16,4.5,,Consumer Discretionary,Retailing,First Lien,,Cavender Stores L.P.
GBDC,0001476765,0001476765-26-000048,10-Q,2026-06-30,2026-08-03,Consilio Midco Limited | Senior secured 1 | Non-Affiliated Issuer,Consilio Midco Limited,Consilio Midco Limited,First Lien,,,,29709000.0,30352000.0,30553000.0,,97.24,4.75,7.04,,,False,,,USD,29709000.0,Specialty Retail,Unaffiliated,Senior secured,,2032-04,,,,,0.3,7.04,4.75,,Consumer Discretionary,Retailing,First Lien,,Consilio Midco Limited
GBDC,0001476765,0001476765-26-000048,10-Q,2026-06-30,2026-08-03,Consilio Midco Limited | Senior secured 5 | Non-Affiliated Issuer,Consilio Midco Limited,Consilio Midco Limited,First Lien,,,,-62000.0,0.0,0.0,,,,,,,False,,,USD,-62000.0,Specialty Retail,Unaffiliated,Senior secured,,2032-04,,,,,,,,,Consumer Discretionary,Retailing,First Lien,,Consilio Midco Limited
GBDC,0001476765,0001476765-26-000048,10-Q,2026-06-30,2026-08-03,Consilio Midco Limited | Subordinated debt 1 | Non-Affiliated Issuer,Consilio Midco Limited,Consilio Midco Limited,Subordinated,,,,1835000.0,1871000.0,1882000.0,,97.5,7.5,10.94,,,False,,,USD,1835000.0,Specialty Retail,Unaffiliated,Subordinated debt,,2033-04,,,,,0.1,10.94,7.5,,Consumer Discretionary,Retailing,Subordinated,,Consilio Midco Limited
GBDC,0001476765,0001476765-26-000048,10-Q,2026-06-30,2026-08-03,Consilio Midco Limited | Subordinated debt 2 | Non-Affiliated Issuer,Consilio Midco Limited,Consilio Midco Limited,Subordinated,,,,1405000.0,1430000.0,1441000.0,,97.5,7.25,,,9.72,True,,,USD,1405000.0,Specialty Retail,Unaffiliated,Subordinated debt,,2033-04,,,,,,9.72,7.25,,Consumer Discretionary,Retailing,Subordinated,,Consilio Midco Limited
GBDC,0001476765,0001476765-26-000048,10-Q,2026-06-30,2026-08-03,Consilio Midco Limited | Subordinated debt 3 | Non-Affiliated Issuer,Consilio Midco Limited,Consilio Midco Limited,Subordinated,,,,-15000.0,4000.0,4000.0,,-375.0,7.5,,,11.18,True,,,USD,-15000.0,Specialty Retail,Unaffiliated,Subordinated debt,,2033-04,,,,,,11.18,7.5,,Consumer Discretionary,Retailing,Subordinated,,Consilio Midco Limited
GBDC,0001476765,0001476765-26-000048,10-Q,2026-06-30,2026-08-03,"CVP Holdco, Inc. | One stop 1 | Non-Affiliated Issuer","CVP Holdco, Inc.","CVP Holdco, Inc.",First Lien,,,,15391000.0,15427000.0,15531000.0,,99.1,4.75,8.39,,,False,,,USD,15391000.0,Specialty Retail,Unaffiliated,One stop,,2031-06,,,,,0.4,8.39,4.75,,Consumer Discretionary,Retailing,First Lien,Community Veterinary Partners,"CVP Holdco, Inc."
GBDC,0001476765,0001476765-26-000048,10-Q,2026-06-30,2026-08-03,"CVP Holdco, Inc. | One stop 2 | Non-Affiliated Issuer","CVP Holdco, Inc.","CVP Holdco, Inc.",First Lien,,,,-11000.0,-10000.0,0.0,,110.0,,,,,False,,,USD,-11000.0,Specialty Retail,Unaffiliated,One stop,,2030-06,,,,,,,,,Consumer Discretionary,Retailing,First Lien,Community Veterinary Partners,"CVP Holdco, Inc."
GBDC,0001476765,0001476765-26-000048,10-Q,2026-06-30,2026-08-03,"Metal Supermarkets US Buyer, LLC | One stop 1 | Non-Affiliated Issuer","Metal Supermarkets US Buyer, LLC","Metal Supermarkets US Buyer, LLC",First Lien,,,,11384000.0,11342000.0,11384000.0,,100.0,4.5,8.23,,,False,,,USD,11384000.0,Specialty Retail,Unaffiliated,One stop,,2030-12,,,,,0.3,8.23,4.5,,Consumer Discretionary,Retailing,First Lien,,"Metal Supermarkets US Buyer, LLC"
GBDC,0001476765,0001476765-26-000048,10-Q,2026-06-30,2026-08-03,"Metal Supermarkets US Buyer, LLC | One stop 2 | Non-Affiliated Issuer","Metal Supermarkets US Buyer, LLC","Metal Supermarkets US Buyer, LLC",First Lien,,,,0.0,-5000.0,0.0,,-0.0,,,,,False,,,USD,0.0,,,,,,,,,,,,,,Consumer Discretionary,Retailing,First Lien,,"Metal Supermarkets US Buyer, LLC"
GBDC,0001476765,0001476765-26-000048,10-Q,2026-06-30,2026-08-03,"PetVet Care Centers, LLC | One stop 1 | Non-Affiliated Issuer","PetVet Care Centers, LLC","PetVet Care Centers, LLC",First Lien,,,,4097000.0,4687000.0,4656000.0,,87.99,6.0,9.64,,,False,,,USD,4097000.0,Specialty Retail,Unaffiliated,One stop,,2030-11,,,,,0.1,9.64,6.0,,Consumer Discretionary,Retailing,First Lien,,"PetVet Care Centers, LLC"
GBDC,0001476765,0001476765-26-000048,10-Q,2026-06-30,2026-08-03,"PetVet Care Centers, LLC | One stop 2 | Non-Affiliated Issuer","PetVet Care Centers, LLC","PetVet Care Centers, LLC",First Lien,,,,20000.0,30000.0,30000.0,,66.67,6.0,9.62,,,False,,,USD,20000.0,Specialty Retail,Unaffiliated,One stop,,2029-11,,,,,,9.62,6.0,,Consumer Discretionary,Retailing,First Lien,,"PetVet Care Centers, LLC"
GBDC,0001476765,0001476765-26-000048,10-Q,2026-06-30,2026-08-03,"Radiance Borrower, LLC | One stop 1 | Non-Affiliated Issuer","Radiance Borrower, LLC","Radiance Borrower, LLC",First Lien,,,,22046000.0,21922000.0,22046000.0,,100.0,5.25,8.89,,,False,,,USD,22046000.0,Specialty Retail,Unaffiliated,One stop,,2031-06,,,,,0.6,8.89,5.25,,Consumer Discretionary,Retailing,First Lien,,"Radiance Borrower, LLC"
GBDC,0001476765,0001476765-26-000048,10-Q,2026-06-30,2026-08-03,"Salon Lofts Group, LLC | Senior secured 1 | Non-Affiliated Issuer","Salon Lofts Group, LLC","Salon Lofts Group, LLC",First Lien,,,,9643000.0,9629000.0,9643000.0,,100.0,5.75,9.48,,,False,,,USD,9643000.0,Specialty Retail,Unaffiliated,Senior secured,,2028-08,,,,,0.1,9.48,5.75,,Consumer Discretionary,Retailing,First Lien,,"Salon Lofts Group, LLC"
GBDC,0001476765,0001476765-26-000048,10-Q,2026-06-30,2026-08-03,"Salon Lofts Group, LLC | Second lien 1 | Non-Affiliated Issuer","Salon Lofts Group, LLC","Salon Lofts Group, LLC",Second Lien,,,,10228000.0,10166000.0,10228000.0,,100.0,9.0,,,12.73,True,,,USD,10228000.0,Specialty Retail,Unaffiliated,Second lien,,2029-09,,,,,0.1,12.73,9.0,,Consumer Discretionary,Retailing,Second Lien,,"Salon Lofts Group, LLC"
GBDC,0001476765,0001476765-26-000048,10-Q,2026-06-30,2026-08-03,"Salon Lofts Group, LLC | Senior secured 15 | Non-Affiliated Issuer","Salon Lofts Group, LLC","Salon Lofts Group, LLC",First Lien,,,,0.0,-16000.0,0.0,,-0.0,,,,,False,,,USD,0.0,,,,,,,,,,,,,,Consumer Discretionary,Retailing,First Lien,,"Salon Lofts Group, LLC"
GBDC,0001476765,0001476765-26-000048,10-Q,2026-06-30,2026-08-03,"Salon Lofts Group, LLC | Senior secured 17 | Non-Affiliated Issuer","Salon Lofts Group, LLC","Salon Lofts Group, LLC",First Lien,,,,2211000.0,2204000.0,2211000.0,,100.0,5.25,8.98,,,False,,,USD,2211000.0,Specialty Retail,Unaffiliated,Senior secured,,2028-08,,,,,0.1,8.98,5.25,,Consumer Discretionary,Retailing,First Lien,,"Salon Lofts Group, LLC"
GBDC,0001476765,0001476765-26-000048,10-Q,2026-06-30,2026-08-03,"Surewerx Purchaser III, Inc. | One stop 1 | Non-Affiliated Issuer","Surewerx Purchaser III, Inc.","Surewerx Purchaser III, Inc.",First Lien,,,,40780000.0,41072000.0,40992000.0,,99.48,5.25,8.98,,,False,,,USD,40780000.0,Specialty Retail,Unaffiliated,One stop,,2029-12,,,,,0.9,8.98,5.25,,Consumer Discretionary,Retailing,First Lien,SureWerx,"Surewerx Purchaser III, Inc."
GBDC,0001476765,0001476765-26-000048,10-Q,2026-06-30,2026-08-03,"Surewerx Purchaser III, Inc. | One stop 3 | Non-Affiliated Issuer","Surewerx Purchaser III, Inc.","Surewerx Purchaser III, Inc.",First Lien,,,,48000.0,48000.0,52000.0,,92.31,5.25,8.89,,,False,,,USD,48000.0,Specialty Retail,Unaffiliated,One stop,,2028-12,,,,,,8.89,5.25,,Consumer Discretionary,Retailing,First Lien,SureWerx,"Surewerx Purchaser III, Inc."
GBDC,0001476765,0001476765-26-000048,10-Q,2026-06-30,2026-08-03,"Surewerx Purchaser III, Inc. | One stop 4 | Non-Affiliated Issuer","Surewerx Purchaser III, Inc.","Surewerx Purchaser III, Inc.",First Lien,,,,-8000.0,-66000.0,0.0,,12.12,,,,,False,,,USD,-8000.0,Specialty Retail,Unaffiliated,One stop,,2029-12,,,,,,,,,Consumer Discretionary,Retailing,First Lien,SureWerx,"Surewerx Purchaser III, Inc."
GBDC,0001476765,0001476765-26-000048,10-Q,2026-06-30,2026-08-03,"Titan Fitness, LLC | One stop 1 | Non-Affiliated Issuer","Titan Fitness, LLC","Titan Fitness, LLC",First Lien,,,,33193000.0,46567000.0,50845000.0,,65.28,7.25,,,11.13,True,,,USD,33193000.0,Specialty Retail,Unaffiliated,One stop,,2027-06,,,,,0.8,11.13,7.25,,Consumer Discretionary,Retailing,First Lien,,"Titan Fitness, LLC"
GBDC,0001476765,0001476765-26-000048,10-Q,2026-06-30,2026-08-03,Vermont Aus Pty Ltd | One stop | Non-Affiliated Issuer,Vermont Aus Pty Ltd,Vermont Aus Pty Ltd,First Lien,,,,18402000.0,17531000.0,18402000.0,,100.0,4.5,9.01,,,False,,,USD,18402000.0,Specialty Retail,Unaffiliated,One stop,,2028-03,,,,,0.5,9.01,4.5,,Consumer Discretionary,Retailing,First Lien,,Vermont Aus Pty Ltd
GBDC,0001476765,0001476765-26-000048,10-Q,2026-06-30,2026-08-03,"VSG Acquisition Corp. and Sherrill, Inc. | One stop 1 | Non-Affiliated Issuer",VSG Acquisition Corp.,VSG Acquisition Corp.,First Lien,,,,-1000.0,-6000.0,0.0,,16.67,,,,,False,,,USD,-1000.0,Specialty Retail,Unaffiliated,One stop,,2029-10,,,,,,,,,Consumer Discretionary,Retailing,First Lien,,VSG Acquisition Corp.
GBDC,0001476765,0001476765-26-000048,10-Q,2026-06-30,2026-08-03,"VSG Acquisition Corp. and Sherrill, Inc. | One stop 2 | Non-Affiliated Issuer",VSG Acquisition Corp.,VSG Acquisition Corp.,First Lien,,,,16341000.0,16146000.0,16407000.0,,99.6,5.0,8.66,,,False,,,USD,16341000.0,Specialty Retail,Unaffiliated,One stop,,2029-10,,,,,0.4,9.16,5.0,,Consumer Discretionary,Retailing,First Lien,,VSG Acquisition Corp.
GBDC,0001476765,0001476765-26-000048,10-Q,2026-06-30,2026-08-03,"Dollfus Mieg Company, Inc. | One stop 1 | Non-Affiliated Issuer","Dollfus Mieg Company, Inc.","Dollfus Mieg Company, Inc.",First Lien,,,,2493000.0,2466000.0,2769000.0,,90.03,3.0,6.73,,,False,,,USD,2493000.0,"Textiles, Apparel & Luxury Goods",Unaffiliated,One stop,,2028-03,,,,,0.1,6.73,3.0,,Consumer Discretionary,Consumer Durables & Apparel,First Lien,,"Dollfus Mieg Company, Inc."
GBDC,0001476765,0001476765-26-000048,10-Q,2026-06-30,2026-08-03,"Elite Sportswear, L.P. | Senior secured 1 | Non-Affiliated Issuer","Elite Sportswear, L.P.","Elite Sportswear, L.P.",First Lien,,,,17747000.0,18454000.0,18493000.0,,95.97,7.5,9.49,,2.0,True,,,USD,17747000.0,"Textiles, Apparel & Luxury Goods",Unaffiliated,Senior secured,,2027-09,,,,,0.3,9.49,7.5,,Consumer Discretionary,Consumer Durables & Apparel,First Lien,,"Elite Sportswear, L.P."
GBDC,0001476765,0001476765-26-000048,10-Q,2026-06-30,2026-08-03,"Georgica Pine Clothiers, LLC | One stop 1 | Non-Affiliated Issuer","Georgica Pine Clothiers, LLC","Georgica Pine Clothiers, LLC",First Lien,,,,17700000.0,17635000.0,17657000.0,,100.24,6.0,9.88,,,False,,,USD,17700000.0,"Textiles, Apparel & Luxury Goods",Unaffiliated,One stop,,2026-11,,,,,0.3,9.88,6.0,,Consumer Discretionary,Consumer Durables & Apparel,First Lien,,"Georgica Pine Clothiers, LLC"
GBDC,0001476765,0001476765-26-000048,10-Q,2026-06-30,2026-08-03,"Georgica Pine Clothiers, LLC | One stop 6 | Non-Affiliated Issuer","Georgica Pine Clothiers, LLC","Georgica Pine Clothiers, LLC",First Lien,,,,3000.0,2000.0,2000.0,,150.0,6.0,9.88,,,False,,,USD,3000.0,"Textiles, Apparel & Luxury Goods",Unaffiliated,Common stock,,,2020-08,,,,,,,,Consumer Discretionary,Consumer Durables & Apparel,First Lien,,"Georgica Pine Clothiers, LLC"
GBDC,0001476765,0001476765-26-000048,10-Q,2026-06-30,2026-08-03,"Shoes For Crews Global, LLC | Senior secured 1 | Non-Affiliated Issuer","Shoes For Crews Global, LLC","Shoes For Crews Global, LLC",First Lien,,,,1694000.0,1694000.0,1694000.0,,100.0,6.5,10.49,,,False,,,USD,1694000.0,"Textiles, Apparel & Luxury Goods",Unaffiliated,Senior secured,,2029-07,,,,,,10.49,6.5,,Consumer Discretionary,Consumer Durables & Apparel,First Lien,,"Shoes For Crews Global, LLC"
GBDC,0001476765,0001476765-26-000048,10-Q,2026-06-30,2026-08-03,"Shoes For Crews Global, LLC | Senior secured 2 | Non-Affiliated Issuer","Shoes For Crews Global, LLC","Shoes For Crews Global, LLC",First Lien,,,,760000.0,743000.0,760000.0,,100.0,7.0,5.99,,5.0,True,,,USD,760000.0,"Textiles, Apparel & Luxury Goods",Unaffiliated,Senior secured,,2029-07,,,,,,6.27,7.0,,Consumer Discretionary,Consumer Durables & Apparel,First Lien,,"Shoes For Crews Global, LLC"
GBDC,0001476765,0001476765-26-000048,10-Q,2026-06-30,2026-08-03,"Shoes For Crews Global, LLC | Senior secured 4 | Non-Affiliated Issuer","Shoes For Crews Global, LLC","Shoes For Crews Global, LLC",First Lien,,,,0.0,-22000.0,0.0,,-0.0,,,,,False,,,USD,0.0,,,,,,,,,,,,,,Consumer Discretionary,Consumer Durables & Apparel,First Lien,,"Shoes For Crews Global, LLC"
GBDC,0001476765,0001476765-26-000048,10-Q,2026-06-30,2026-08-03,Marcone Yellowstone Buyer Inc. | One stop 1 | Non-Affiliated Issuer,Marcone Yellowstone Buyer Inc.,Marcone Yellowstone Buyer Inc.,First Lien,,,,48957000.0,51702000.0,52644000.0,,93.0,7.0,7.58,,3.25,True,,,USD,48957000.0,Trading Companies & Distributors,Unaffiliated,One stop,,2028-06,,,,,0.5,7.58,7.0,,Industrials,Capital Goods,First Lien,Marcone,Marcone Yellowstone Buyer Inc.
GBDC,0001476765,0001476765-26-000048,10-Q,2026-06-30,2026-08-03,Marcone Yellowstone Buyer Inc. | One stop 3 | Non-Affiliated Issuer,Marcone Yellowstone Buyer Inc.,Marcone Yellowstone Buyer Inc.,First Lien,,,,6070000.0,6367000.0,6492000.0,,93.5,7.25,7.83,,3.25,True,,,USD,6070000.0,Trading Companies & Distributors,Unaffiliated,One stop,,2028-06,,,,,0.2,7.83,7.25,,Industrials,Capital Goods,First Lien,Marcone,Marcone Yellowstone Buyer Inc.
GBDC,0001476765,0001476765-26-000048,10-Q,2026-06-30,2026-08-03,"LDS Intermediate Holdings, LLC | One stop 1 | Non-Affiliated Issuer","LDS Intermediate Holdings, LLC","LDS Intermediate Holdings, LLC",First Lien,,,,-17000.0,-9000.0,0.0,,188.89,,,,,False,,,USD,-17000.0,Transportation Infrastructure,Unaffiliated,One stop,,2032-02,,,,,,,,,Industrials,Transportation,First Lien,,"LDS Intermediate Holdings, LLC"
GBDC,0001476765,0001476765-26-000048,10-Q,2026-06-30,2026-08-03,"LDS Intermediate Holdings, LLC | One stop 2 | Non-Affiliated Issuer","LDS Intermediate Holdings, LLC","LDS Intermediate Holdings, LLC",First Lien,,,,8933000.0,8968000.0,9013000.0,,99.11,5.0,8.64,,,False,,,USD,8933000.0,Transportation Infrastructure,Unaffiliated,One stop,,2032-02,,,,,0.2,8.64,5.0,,Industrials,Transportation,First Lien,,"LDS Intermediate Holdings, LLC"
GBDC,0001476765,0001476765-26-000048,10-Q,2026-06-30,2026-08-03,"S.J. Electro Systems, LLC | Senior secured 1 | Non-Affiliated Issuer","S.J. Electro Systems, LLC","S.J. Electro Systems, LLC",First Lien,,,,44608000.0,44663000.0,44827000.0,,99.51,4.75,8.56,,,False,,,USD,44608000.0,Water Utilities,Unaffiliated,Senior secured,,2028-06,,,,,0.7,8.56,4.75,,Utilities,Utilities,First Lien,,"S.J. Electro Systems, LLC"
GBDC,0001476765,0001476765-26-000048,10-Q,2026-06-30,2026-08-03,"S.J. Electro Systems, LLC | Senior secured 5 | Non-Affiliated Issuer","S.J. Electro Systems, LLC","S.J. Electro Systems, LLC",First Lien,,,,-3000.0,-3000.0,0.0,,100.0,,,,,False,,,USD,-3000.0,Water Utilities,Unaffiliated,Senior secured,,2028-06,,,,,,,,,Utilities,Utilities,First Lien,,"S.J. Electro Systems, LLC"
GBDC,0001476765,0001476765-26-000048,10-Q,2026-06-30,2026-08-03,"Vessco Midco Holdings, LLC | One stop 1 | Non-Affiliated Issuer","Vessco Midco Holdings, LLC","Vessco Midco Holdings, LLC",First Lien,,,,30245000.0,30190000.0,30382000.0,,99.55,4.5,8.19,,,False,,,USD,30245000.0,Water Utilities,Unaffiliated,One stop,,2031-07,,,,,,8.19,4.5,,Utilities,Utilities,First Lien,Vessco,"Vessco Midco Holdings, LLC"
GBDC,0001476765,0001476765-26-000048,10-Q,2026-06-30,2026-08-03,"Vessco Midco Holdings, LLC | One stop 2 | Non-Affiliated Issuer","Vessco Midco Holdings, LLC","Vessco Midco Holdings, LLC",First Lien,,,,-2000.0,-1000.0,0.0,,200.0,,,,,False,,,USD,-2000.0,Water Utilities,Unaffiliated,One stop,,2031-07,,,,,,,,,Utilities,Utilities,First Lien,Vessco,"Vessco Midco Holdings, LLC"
GBDC,0001476765,0001476765-26-000048,10-Q,2026-06-30,2026-08-03,"Vessco Midco Holdings, LLC | One stop 5 | Non-Affiliated Issuer","Vessco Midco Holdings, LLC","Vessco Midco Holdings, LLC",First Lien,,,,89000.0,82000.0,100000.0,,89.0,3.5,10.25,,,False,,,USD,89000.0,Water Utilities,Unaffiliated,One stop,,2031-07,,,,,,10.25,3.5,,Utilities,Utilities,First Lien,Vessco,"Vessco Midco Holdings, LLC"
GBDC,0001476765,0001476765-26-000048,10-Q,2026-06-30,2026-08-03,"PPW Aero Buyer, Inc. | LP interest | Non-Affiliated Issuer","PPW Aero Buyer, Inc.","PPW Aero Buyer, Inc.",LP Interest,,,,911000.0,948000.0,,93000.0,96.1,,,,,False,,,USD,911000.0,Aerospace & Defense,Unaffiliated,LP interest,,,2023-02,,,,,,,,Industrials,Capital Goods,Common Equity,Pursuit Aerospace,"PPW Aero Buyer, Inc."
GBDC,0001476765,0001476765-26-000048,10-Q,2026-06-30,2026-08-03,"Tronair Parent, Inc. | LLC interest | Non-Affiliated Issuer","Tronair Parent, Inc.","Tronair Parent, Inc.",Common Equity,,,,120000.0,40000.0,,0.0,300.0,,,,,False,,,USD,120000.0,Aerospace & Defense,Unaffiliated,LLC interest,,,2021-07,,,,,,,,Industrials,Capital Goods,Common Equity,,"Tronair Parent, Inc."
GBDC,0001476765,0001476765-26-000048,10-Q,2026-06-30,2026-08-03,"Arnott, LLC | LP interest | Non-Affiliated Issuer","Arnott, LLC","Arnott, LLC",LP Interest,,,,238000.0,350000.0,,0.0,68.0,,,,,False,,,USD,238000.0,Auto Components,Unaffiliated,LP interest,,,2024-12,,,,,,,,Consumer Discretionary,Automobiles & Components,Common Equity,,"Arnott, LLC"
GBDC,0001476765,0001476765-26-000048,10-Q,2026-06-30,2026-08-03,"North Haven Falcon Buyer, LLC | LLC interest 1 | Non-Affiliated Issuer","North Haven Falcon Buyer, LLC","North Haven Falcon Buyer, LLC",Common Equity,,,,578000.0,711000.0,,4784000.0,81.29,,,,,False,,,USD,578000.0,Auto Components,Unaffiliated,LLC interest,,,2021-05,,,,,,,,Consumer Discretionary,Automobiles & Components,Common Equity,,"North Haven Falcon Buyer, LLC"
GBDC,0001476765,0001476765-26-000048,10-Q,2026-06-30,2026-08-03,Polk Acquisition Corp. | LP interest | Non-Affiliated Issuer,Polk Acquisition Corp.,Polk Acquisition Corp.,LP Interest,,,,27000.0,314000.0,,5000.0,8.6,,,,,False,,,USD,27000.0,Auto Components,Unaffiliated,LP interest,,,2016-06,,,,,,,,Consumer Discretionary,Automobiles & Components,Common Equity,,Polk Acquisition Corp.
GBDC,0001476765,0001476765-26-000048,10-Q,2026-06-30,2026-08-03,"Bolt Purchaser, LLC | LP interest | Non-Affiliated Issuer","Bolt Purchaser, LLC","Bolt Purchaser, LLC",LP Interest,,,,115000.0,115000.0,,115000.0,100.0,,,,,False,,,USD,115000.0,Automobiles,Unaffiliated,LP interest,,,2026-06,,,,,,,,Consumer Discretionary,Automobiles & Components,Common Equity,,"Bolt Purchaser, LLC"
GBDC,0001476765,0001476765-26-000048,10-Q,2026-06-30,2026-08-03,"CAP-KSI Holdings, LLC | LP interest 1 | Non-Affiliated Issuer","CAP-KSI Holdings, LLC","CAP-KSI Holdings, LLC",LP Interest,,,,540000.0,645000.0,,1290000.0,83.72,,,,,False,,,USD,540000.0,Automobiles,Unaffiliated,LP interest,,,2024-06,,,,,,,,Consumer Discretionary,Automobiles & Components,Common Equity,,"CAP-KSI Holdings, LLC"
GBDC,0001476765,0001476765-26-000048,10-Q,2026-06-30,2026-08-03,"CG Group Holdings, LLC | LP interest 1 | Non-Affiliated Issuer","CG Group Holdings, LLC","CG Group Holdings, LLC",LP Interest,,,,887000.0,1069000.0,,1000.0,82.97,,,,,False,,,USD,887000.0,Automobiles,Unaffiliated,LP interest,,,2021-07,,,,,,,,Consumer Discretionary,Automobiles & Components,Common Equity,,"CG Group Holdings, LLC"
GBDC,0001476765,0001476765-26-000048,10-Q,2026-06-30,2026-08-03,Go Car Wash Parent Corp. | Preferred stock | Non-Affiliated Issuer,Go Car Wash Parent Corp.,Go Car Wash Parent Corp.,Preferred Equity,,,,4133000.0,4233000.0,,0.0,97.64,,,,12.0,True,,,USD,4133000.0,Automobiles,Unaffiliated,Preferred stock,,,2022-04,,,,0.1,12.0,,,Consumer Discretionary,Automobiles & Components,Preferred Equity,,Go Car Wash Parent Corp.
GBDC,0001476765,0001476765-26-000048,10-Q,2026-06-30,2026-08-03,Go Car Wash Parent Corp. | LP interest | Non-Affiliated Issuer,Go Car Wash Parent Corp.,Go Car Wash Parent Corp.,LP Interest,,,,0.0,553000.0,,0.0,0.0,,,,,False,,,USD,0.0,,,,,,,,,,,,,,Consumer Discretionary,Automobiles & Components,Common Equity,,Go Car Wash Parent Corp.
GBDC,0001476765,0001476765-26-000048,10-Q,2026-06-30,2026-08-03,"MOP GM Holding, LLC | LP interest 1 | Non-Affiliated Issuer","MOP GM Holding, LLC","MOP GM Holding, LLC",LP Interest,,,,366000.0,550000.0,,0.0,66.55,,,,,False,,,USD,366000.0,Automobiles,Unaffiliated,LP interest,,,2020-11,,,,,,,,Consumer Discretionary,Automobiles & Components,Common Equity,,"MOP GM Holding, LLC"
GBDC,0001476765,0001476765-26-000048,10-Q,2026-06-30,2026-08-03,"MOP GM Holding, LLC | Preferred stock | Non-Affiliated Issuer","MOP GM Holding, LLC","MOP GM Holding, LLC",Preferred Equity,,,,9000.0,8000.0,,0.0,112.5,,,,,False,,,USD,9000.0,Automobiles,Unaffiliated,Preferred stock,,,2026-04,,,,,,,,Consumer Discretionary,Automobiles & Components,Preferred Equity,,"MOP GM Holding, LLC"
GBDC,0001476765,0001476765-26-000048,10-Q,2026-06-30,2026-08-03,"National Express Wash Parent Holdco, LLC | LP interest | Non-Affiliated Issuer","National Express Wash Parent Holdco, LLC","National Express Wash Parent Holdco, LLC",LP Interest,,,,219000.0,103000.0,,1000.0,212.62,,,,,False,,,USD,219000.0,Automobiles,Unaffiliated,LP interest,,,2022-07,,,,,,,,Consumer Discretionary,Automobiles & Components,Common Equity,,"National Express Wash Parent Holdco, LLC"
GBDC,0001476765,0001476765-26-000048,10-Q,2026-06-30,2026-08-03,"POY Holdings, LLC | LLC interest 1 | Non-Affiliated Issuer","POY Holdings, LLC","POY Holdings, LLC",Common Equity,,,,390000.0,841000.0,,467000.0,46.37,,,,,False,,,USD,390000.0,Automobiles,Unaffiliated,LLC interest,,,2022-11,,,,,,,,Consumer Discretionary,Automobiles & Components,Common Equity,,"POY Holdings, LLC"
GBDC,0001476765,0001476765-26-000048,10-Q,2026-06-30,2026-08-03,"Quick Quack Car Wash Holdings, LLC | LP interest | Non-Affiliated Issuer","Quick Quack Car Wash Holdings, LLC","Quick Quack Car Wash Holdings, LLC",LP Interest,,,,1781000.0,1300000.0,,1300000.0,137.0,,,,,False,,,USD,1781000.0,Automobiles,Unaffiliated,LP interest,,,2024-06,,,,0.1,,,,Consumer Discretionary,Automobiles & Components,Common Equity,,"Quick Quack Car Wash Holdings, LLC"
GBDC,0001476765,0001476765-26-000048,10-Q,2026-06-30,2026-08-03,"Yorkshire Parent, Inc. | LP interest | Non-Affiliated Issuer","Yorkshire Parent, Inc.","Yorkshire Parent, Inc.",LP Interest,,,,566000.0,544000.0,,0.0,104.04,,,,,False,,,USD,566000.0,Automobiles,Unaffiliated,LP interest,,,2023-12,,,,,,,,Consumer Discretionary,Automobiles & Components,Common Equity,,"Yorkshire Parent, Inc."
GBDC,0001476765,0001476765-26-000048,10-Q,2026-06-30,2026-08-03,"Cobepa BlueSky Aggregator, SCSp | LP interest 1 | Non-Affiliated Issuer","Cobepa BlueSky Aggregator, SCSp","Cobepa BlueSky Aggregator, SCSp",LP Interest,,,,66000.0,1939000.0,,223000.0,3.4,,,,,False,,,USD,66000.0,Biotechnology,Unaffiliated,LP units,,,2023-10,,,,,,,,Health Care,"Pharmaceuticals, Biotechnology & Life Sciences",Common Equity,,"Cobepa BlueSky Aggregator, SCSp"
GBDC,0001476765,0001476765-26-000048,10-Q,2026-06-30,2026-08-03,"Cobepa BlueSky Aggregator, SCSp | Preferred stock | Non-Affiliated Issuer","Cobepa BlueSky Aggregator, SCSp","Cobepa BlueSky Aggregator, SCSp",Preferred Equity,,,,35000.0,61000.0,,5000.0,57.38,,,,15.0,True,,,USD,35000.0,Biotechnology,Unaffiliated,Preferred stock,,,2024-04,,,,,15.0,,,Health Care,"Pharmaceuticals, Biotechnology & Life Sciences",Preferred Equity,,"Cobepa BlueSky Aggregator, SCSp"
GBDC,0001476765,0001476765-26-000048,10-Q,2026-06-30,2026-08-03,"BECO Holding Company, Inc. | Preferred stock | Non-Affiliated Issuer","BECO Holding Company, Inc.","BECO Holding Company, Inc.",Preferred Equity,,,,21966000.0,22183000.0,,132000.0,99.02,,,,11.75,True,,,USD,21966000.0,Building Products,Unaffiliated,Preferred stock,,,2021-11,,,,0.6,11.75,,,Industrials,Capital Goods,Preferred Equity,Brooks Equipment,"BECO Holding Company, Inc."
GBDC,0001476765,0001476765-26-000048,10-Q,2026-06-30,2026-08-03,"BECO Holding Company, Inc. | LP interest | Non-Affiliated Issuer","BECO Holding Company, Inc.","BECO Holding Company, Inc.",LP Interest,,,,948000.0,1218000.0,,10000.0,77.83,,,,,False,,,USD,948000.0,Building Products,Unaffiliated,LP interest,,,2021-11,,,,,,,,Industrials,Capital Goods,Common Equity,Brooks Equipment,"BECO Holding Company, Inc."
GBDC,0001476765,0001476765-26-000048,10-Q,2026-06-30,2026-08-03,"Inhance Parent, Inc. | LP interest 1 | Non-Affiliated Issuer","Inhance Parent, Inc.","Inhance Parent, Inc.",LP Interest,,,,362000.0,7407000.0,,24000.0,4.89,,,,,False,,,USD,362000.0,,,,,,,,,,,,,,Materials,Materials,Common Equity,,"Inhance Parent, Inc."
GBDC,0001476765,0001476765-26-000048,10-Q,2026-06-30,2026-08-03,"CHA Vision Holdings, Inc. | LP interest | Non-Affiliated Issuer","CHA Vision Holdings, Inc.","CHA Vision Holdings, Inc.",LP Interest,,,,445000.0,461000.0,,0.0,96.53,,,,,False,,,USD,445000.0,Commercial Services & Supplies,Unaffiliated,LP interest,,,2024-01,,,,,,,,Industrials,Commercial & Professional Services,Common Equity,CHA Consulting,"CHA Vision Holdings, Inc."
GBDC,0001476765,0001476765-26-000048,10-Q,2026-06-30,2026-08-03,"CI (Quercus) Intermediate Holdings, LLC | LP interest | Non-Affiliated Issuer","CI (Quercus) Intermediate Holdings, LLC","CI (Quercus) Intermediate Holdings, LLC",LP Interest,,,,1073000.0,836000.0,,773000.0,128.35,,,,,False,,,USD,1073000.0,Commercial Services & Supplies,Unaffiliated,LP interest,,,2021-10,,,,,,,,Industrials,Commercial & Professional Services,Common Equity,SavATree,"CI (Quercus) Intermediate Holdings, LLC"
GBDC,0001476765,0001476765-26-000048,10-Q,2026-06-30,2026-08-03,"PT Intermediate Holdings III, LLC | LLC interest | Non-Affiliated Issuer","PT Intermediate Holdings III, LLC","PT Intermediate Holdings III, LLC",Common Equity,,,,2247000.0,1787000.0,,16000.0,125.74,,,,,False,,,USD,2247000.0,Commercial Services & Supplies,Unaffiliated,LLC interest,,,2021-12,,,,0.1,,,,Industrials,Commercial & Professional Services,Common Equity,Parts Town,"PT Intermediate Holdings III, LLC"
GBDC,0001476765,0001476765-26-000048,10-Q,2026-06-30,2026-08-03,"Radwell Parent, LLC | LP interest | Non-Affiliated Issuer","Radwell Parent, LLC","Radwell Parent, LLC",LP Interest,,,,502000.0,477000.0,,4000.0,105.24,,,,,False,,,USD,502000.0,Commercial Services & Supplies,Unaffiliated,LP interest,,,2022-03,,,,,,,,Industrials,Commercial & Professional Services,Common Equity,Radwell International,"Radwell Parent, LLC"
GBDC,0001476765,0001476765-26-000048,10-Q,2026-06-30,2026-08-03,Chase Intermediate | LP interest | Non-Affiliated Issuer,Chase Intermediate,Chase Intermediate,LP Interest,,,,276000.0,209000.0,,217000.0,132.06,,,,,False,,,USD,276000.0,Containers & Packaging,Unaffiliated,LP interest,,,2022-04,,,,,,,,Materials,Materials,Common Equity,Chase Corporation,Chase Intermediate
GBDC,0001476765,0001476765-26-000048,10-Q,2026-06-30,2026-08-03,"Packaging Coordinators Midco, Inc. | LP interest | Non-Affiliated Issuer","Packaging Coordinators Midco, Inc.","Packaging Coordinators Midco, Inc.",LP Interest,,,,389000.0,450000.0,,45000.0,86.44,,,,,False,,,USD,389000.0,Containers & Packaging,Unaffiliated,LP interest,,,2025-09,,,,,,,,Materials,Materials,Common Equity,PCI Pharma Services,"Packaging Coordinators Midco, Inc."
GBDC,0001476765,0001476765-26-000048,10-Q,2026-06-30,2026-08-03,"Action Termite Control, LLC | Common stock | Non-Affiliated Issuer","Action Termite Control, LLC","Action Termite Control, LLC",Common Equity,,,,19000.0,5000.0,,1000.0,380.0,,,,,False,,,USD,19000.0,Diversified Consumer Services,Unaffiliated,Common stock,,,2025-12,,,,,,,,Consumer Discretionary,Consumer Services,Common Equity,,"Action Termite Control, LLC"
GBDC,0001476765,0001476765-26-000048,10-Q,2026-06-30,2026-08-03,"Action Termite Control, LLC | Preferred stock | Non-Affiliated Issuer","Action Termite Control, LLC","Action Termite Control, LLC",Preferred Equity,,,,100000.0,95000.0,,0.0,105.26,,,,,False,,,USD,100000.0,Diversified Consumer Services,Unaffiliated,Preferred stock,,,2025-12,,,,,,,,Consumer Discretionary,Consumer Services,Preferred Equity,,"Action Termite Control, LLC"
GBDC,0001476765,0001476765-26-000048,10-Q,2026-06-30,2026-08-03,"CHHJ Midco, LLC | LLC interest | Non-Affiliated Issuer","CHHJ Midco, LLC","CHHJ Midco, LLC",Common Equity,,,,455000.0,311000.0,,27000.0,146.3,,,,,False,,,USD,455000.0,Diversified Consumer Services,Unaffiliated,LLC interest,,,2021-01,,,,,,,,Consumer Discretionary,Consumer Services,Common Equity,,"CHHJ Midco, LLC"
GBDC,0001476765,0001476765-26-000048,10-Q,2026-06-30,2026-08-03,"CHVAC Services Investment, LLC | LLC interest | Non-Affiliated Issuer","CHVAC Services Investment, LLC","CHVAC Services Investment, LLC",Common Equity,,,,241000.0,267000.0,,105000.0,90.26,,,,,False,,,USD,241000.0,Diversified Consumer Services,Unaffiliated,LLC interest,,,2024-05,,,,,,,,Consumer Discretionary,Consumer Services,Common Equity,,"CHVAC Services Investment, LLC"
GBDC,0001476765,0001476765-26-000048,10-Q,2026-06-30,2026-08-03,"DP Flores Holdings, LLC | LLC interest | Non-Affiliated Issuer","DP Flores Holdings, LLC","DP Flores Holdings, LLC",Common Equity,,,,169000.0,98000.0,,106000.0,172.45,,,,,False,,,USD,169000.0,Diversified Consumer Services,Unaffiliated,LLC interest,,,2022-09,,,,,,,,Consumer Discretionary,Consumer Services,Common Equity,,"DP Flores Holdings, LLC"
GBDC,0001476765,0001476765-26-000048,10-Q,2026-06-30,2026-08-03,"EMS LINQ, LLC | LP interest | Non-Affiliated Issuer","EMS LINQ, LLC","EMS LINQ, LLC",LP Interest,,,,160000.0,758000.0,,761000.0,21.11,,,,,False,,,USD,160000.0,Diversified Consumer Services,Unaffiliated,LP interest,,,2021-12,,,,,,,,Consumer Discretionary,Consumer Services,Common Equity,,"EMS LINQ, LLC"
GBDC,0001476765,0001476765-26-000048,10-Q,2026-06-30,2026-08-03,EWC Growth Partners LLC | LLC interest | Non-Affiliated Issuer,EWC Growth Partners LLC,EWC Growth Partners LLC,Common Equity,,,,0.0,12000.0,,0.0,0.0,,,,,False,,,USD,0.0,,,,,,,,,,,,,,Other,Other,Common Equity,,EWC Growth Partners LLC
GBDC,0001476765,0001476765-26-000048,10-Q,2026-06-30,2026-08-03,"FPG Intermediate Holdco, LLC | LLC interest | Non-Affiliated Issuer","FPG Intermediate Holdco, LLC","FPG Intermediate Holdco, LLC",Common Equity,,,,2774000.0,6655000.0,,18000.0,41.68,,,,,False,,,USD,2774000.0,Diversified Consumer Services,Unaffiliated,LLC interest,,,2025-07,,,,0.1,,,,Consumer Discretionary,Consumer Services,Common Equity,,"FPG Intermediate Holdco, LLC"
GBDC,0001476765,0001476765-26-000048,10-Q,2026-06-30,2026-08-03,"HS Spa Holdings, Inc. | LP interest | Non-Affiliated Issuer","HS Spa Holdings, Inc.","HS Spa Holdings, Inc.",LP Interest,,,,503000.0,732000.0,,729000.0,68.72,,,,,False,,,USD,503000.0,Diversified Consumer Services,Unaffiliated,LP interest,,,2022-05,,,,,,,,Consumer Discretionary,Consumer Services,Common Equity,,"HS Spa Holdings, Inc."
GBDC,0001476765,0001476765-26-000048,10-Q,2026-06-30,2026-08-03,"Kodiak Buyer, LLC | Common stock | Non-Affiliated Issuer","Kodiak Buyer, LLC","Kodiak Buyer, LLC",Common Equity,,,,433000.0,373000.0,,4000.0,116.09,,,,,False,,,USD,433000.0,Diversified Consumer Services,Unaffiliated,Common stock,,,2025-08,,,,,,,,Consumer Discretionary,Consumer Services,Common Equity,,"Kodiak Buyer, LLC"
GBDC,0001476765,0001476765-26-000048,10-Q,2026-06-30,2026-08-03,"Liminex, Inc. | Common stock | Non-Affiliated Issuer","Liminex, Inc.","Liminex, Inc.",Common Equity,,,,237000.0,633000.0,,17000.0,37.44,,,,,False,,,USD,237000.0,Diversified Consumer Services,Unaffiliated,Common stock,,,2020-11,,,,,,,,Consumer Discretionary,Consumer Services,Common Equity,GoGuardian,"Liminex, Inc."
GBDC,0001476765,0001476765-26-000048,10-Q,2026-06-30,2026-08-03,"NSG Buyer, Inc. | LP interest | Non-Affiliated Issuer","NSG Buyer, Inc.","NSG Buyer, Inc.",LP Interest,,,,4420000.0,2992000.0,,3000.0,147.73,,,,,False,,,USD,4420000.0,Diversified Consumer Services,Unaffiliated,LP interest,,,2022-11,,,,0.1,,,,Consumer Discretionary,Consumer Services,Common Equity,[National Services Group],"NSG Buyer, Inc."
GBDC,0001476765,0001476765-26-000048,10-Q,2026-06-30,2026-08-03,"PADI Holdco, Inc. | LLC interest | Non-Affiliated Issuer","PADI Holdco, Inc.","PADI Holdco, Inc.",Common Equity,,,,1381000.0,945000.0,,1000.0,146.14,,,,,False,,,USD,1381000.0,Diversified Consumer Services,Unaffiliated,LLC interest,,,2017-07,,,,0.1,,,,Consumer Discretionary,Consumer Services,Common Equity,PADI,"PADI Holdco, Inc."
GBDC,0001476765,0001476765-26-000048,10-Q,2026-06-30,2026-08-03,"Project Alpha Intermediate Holdings, Inc. | LP interest | Non-Affiliated Issuer","Project Alpha Intermediate Holdings, Inc.","Project Alpha Intermediate Holdings, Inc.",LP Interest,,,,1090000.0,1359000.0,,327000.0,80.21,,,,,False,,,USD,1090000.0,Diversified Consumer Services,Unaffiliated,LP interest,,,2025-05,,,,0.1,,,,Consumer Discretionary,Consumer Services,Common Equity,,"Project Alpha Intermediate Holdings, Inc."
GBDC,0001476765,0001476765-26-000048,10-Q,2026-06-30,2026-08-03,"SCP CDH Buyer, Inc. | Common stock | Non-Affiliated Issuer","SCP CDH Buyer, Inc.","SCP CDH Buyer, Inc.",Common Equity,,,,20000.0,7000.0,,1000.0,285.71,,,,,False,,,USD,20000.0,Diversified Consumer Services,Unaffiliated,Common stock,,,2025-12,,,,,,,,Consumer Discretionary,Consumer Services,Common Equity,,"SCP CDH Buyer, Inc."
GBDC,0001476765,0001476765-26-000048,10-Q,2026-06-30,2026-08-03,"SCP CDH Buyer, Inc. | Preferred stock | Non-Affiliated Issuer","SCP CDH Buyer, Inc.","SCP CDH Buyer, Inc.",Preferred Equity,,,,130000.0,124000.0,,0.0,104.84,,,,,False,,,USD,130000.0,Diversified Consumer Services,Unaffiliated,Preferred stock,,,2025-12,,,,,,,,Consumer Discretionary,Consumer Services,Preferred Equity,,"SCP CDH Buyer, Inc."
GBDC,0001476765,0001476765-26-000048,10-Q,2026-06-30,2026-08-03,"Virginia Green Acquisition, LLC | LP interest | Non-Affiliated Issuer","Virginia Green Acquisition, LLC","Virginia Green Acquisition, LLC",LP Interest,,,,563000.0,407000.0,,397000.0,138.33,,,,,False,,,USD,563000.0,Diversified Consumer Services,Unaffiliated,LP interest,,,2023-12,,,,,,,,Consumer Discretionary,Consumer Services,Common Equity,,"Virginia Green Acquisition, LLC"
GBDC,0001476765,0001476765-26-000048,10-Q,2026-06-30,2026-08-03,"GMF Parent, Inc. | LP interest | Non-Affiliated Issuer","GMF Parent, Inc.","GMF Parent, Inc.",LP Interest,,,,88000.0,100000.0,,0.0,88.0,,,,,False,,,USD,88000.0,Food & Staples Retailing,Unaffiliated,LP interest,,,2025-12,,,,,,,,Consumer Staples,Food & Staples Retailing,Common Equity,Global Market Foods,"GMF Parent, Inc."
GBDC,0001476765,0001476765-26-000048,10-Q,2026-06-30,2026-08-03,"Hopdoddy Holdings, LLC | LLC interest 1 | Non-Affiliated Issuer","Hopdoddy Holdings, LLC","Hopdoddy Holdings, LLC",Common Equity,,,,331000.0,278000.0,,64000.0,119.06,,,,,False,,,USD,331000.0,Food & Staples Retailing,Unaffiliated,LLC interest,,,2015-08,,,,,,,,Consumer Staples,Food & Staples Retailing,Common Equity,,"Hopdoddy Holdings, LLC"
GBDC,0001476765,0001476765-26-000048,10-Q,2026-06-30,2026-08-03,"Mendocino Farms, LLC | Common stock | Non-Affiliated Issuer","Mendocino Farms, LLC","Mendocino Farms, LLC",Common Equity,,,,1913000.0,1041000.0,,227000.0,183.77,,,,,False,,,USD,1913000.0,Food & Staples Retailing,Unaffiliated,Common stock,,,2018-06,,,,0.1,,,,Consumer Staples,Food & Staples Retailing,Common Equity,,"Mendocino Farms, LLC"
GBDC,0001476765,0001476765-26-000048,10-Q,2026-06-30,2026-08-03,"PDI TA Holdings, Inc. | Preferred stock | Non-Affiliated Issuer","PDI TA Holdings, Inc.","PDI TA Holdings, Inc.",Preferred Equity,,,,6100000.0,4613000.0,,135000.0,132.23,,,,,False,,,USD,6100000.0,Food & Staples Retailing,Unaffiliated,Preferred stock,,,2023-02,,,,0.2,,,,Consumer Staples,Food & Staples Retailing,Preferred Equity,PDI Technologies,"PDI TA Holdings, Inc."
GBDC,0001476765,0001476765-26-000048,10-Q,2026-06-30,2026-08-03,"Ruby Slipper Cafe, LLC | LLC interest 1 | Non-Affiliated Issuer","Ruby Slipper Cafe, LLC","Ruby Slipper Cafe, LLC",Common Equity,,,,167000.0,498000.0,,43000.0,33.53,,,,,False,,,USD,167000.0,Food & Staples Retailing,Unaffiliated,LLC interest,,,2024-06,,,,,,,,Consumer Staples,Food & Staples Retailing,Common Equity,,"Ruby Slipper Cafe, LLC"
GBDC,0001476765,0001476765-26-000048,10-Q,2026-06-30,2026-08-03,"Borrower R365 Holdings, LLC | LP interest 1 | Non-Affiliated Issuer","Borrower R365 Holdings, LLC","Borrower R365 Holdings, LLC",LP Interest,,,,253000.0,292000.0,,138000.0,86.64,,,,,False,,,USD,253000.0,Food Products,Unaffiliated,LP interest,,,2021-06,,,,,,,,Consumer Staples,"Food, Beverage & Tobacco",Common Equity,,"Borrower R365 Holdings, LLC"
GBDC,0001476765,0001476765-26-000048,10-Q,2026-06-30,2026-08-03,"Borrower R365 Holdings, LLC | LP interest 4 | Non-Affiliated Issuer","Borrower R365 Holdings, LLC","Borrower R365 Holdings, LLC",LP Interest,,,,7000.0,10000.0,,4000.0,70.0,,,,,False,,,USD,7000.0,Food Products,Unaffiliated,One stop,,2027-06,,,,,,,,,Consumer Staples,"Food, Beverage & Tobacco",Common Equity,,"Borrower R365 Holdings, LLC"
GBDC,0001476765,0001476765-26-000048,10-Q,2026-06-30,2026-08-03,"Kodiak Cakes, LLC | LP interest | Non-Affiliated Issuer","Kodiak Cakes, LLC","Kodiak Cakes, LLC",LP Interest,,,,1981000.0,557000.0,,0.0,355.66,,,,,False,,,USD,1981000.0,Food Products,Unaffiliated,LP interest,,,2021-06,,,,0.1,,,,Consumer Staples,"Food, Beverage & Tobacco",Common Equity,,"Kodiak Cakes, LLC"
GBDC,0001476765,0001476765-26-000048,10-Q,2026-06-30,2026-08-03,"Louisiana Fish Fry Products, Ltd. | Common stock | Non-Affiliated Issuer","Louisiana Fish Fry Products, Ltd.","Louisiana Fish Fry Products, Ltd.",Common Equity,,,,157000.0,599000.0,,0.0,26.21,,,,,False,,,USD,157000.0,Food Products,Unaffiliated,Common stock,,,2021-07,,,,,,,,Consumer Staples,"Food, Beverage & Tobacco",Common Equity,,"Louisiana Fish Fry Products, Ltd."
GBDC,0001476765,0001476765-26-000048,10-Q,2026-06-30,2026-08-03,"Louisiana Fish Fry Products, Ltd. | Preferred stock | Non-Affiliated Issuer","Louisiana Fish Fry Products, Ltd.","Louisiana Fish Fry Products, Ltd.",Preferred Equity,,,,36000.0,24000.0,,0.0,150.0,,,,,False,,,USD,36000.0,Food Products,Unaffiliated,Preferred stock,,,2022-09,,,,,,,,Consumer Staples,"Food, Beverage & Tobacco",Preferred Equity,,"Louisiana Fish Fry Products, Ltd."
GBDC,0001476765,0001476765-26-000048,10-Q,2026-06-30,2026-08-03,"P&P Food Safety Holdings, Inc. | Preferred stock | Non-Affiliated Issuer","P&P Food Safety Holdings, Inc.","P&P Food Safety Holdings, Inc.",Preferred Equity,,,,49000.0,31000.0,,0.0,158.06,,,,,False,,,USD,49000.0,Food Products,Unaffiliated,Preferred stock,,,2024-03,,,,,,,,Consumer Staples,"Food, Beverage & Tobacco",Preferred Equity,,"P&P Food Safety Holdings, Inc."
GBDC,0001476765,0001476765-26-000048,10-Q,2026-06-30,2026-08-03,"P&P Food Safety Holdings, Inc. | Common stock | Non-Affiliated Issuer","P&P Food Safety Holdings, Inc.","P&P Food Safety Holdings, Inc.",Common Equity,,,,348000.0,434000.0,,5000.0,80.18,,,,,False,,,USD,348000.0,Food Products,Unaffiliated,Common stock,,,2020-12,,,,,,,,Consumer Staples,"Food, Beverage & Tobacco",Common Equity,,"P&P Food Safety Holdings, Inc."
GBDC,0001476765,0001476765-26-000048,10-Q,2026-06-30,2026-08-03,"Purfoods, LLC | LLC interest | Non-Affiliated Issuer","Purfoods, LLC","Purfoods, LLC",Common Equity,,,,5812000.0,945000.0,,0.0,615.03,,,,,False,,,USD,5812000.0,Food Products,Unaffiliated,LLC interest,,,2016-05,,,,0.2,,,,Consumer Staples,"Food, Beverage & Tobacco",Common Equity,,"Purfoods, LLC"
GBDC,0001476765,0001476765-26-000048,10-Q,2026-06-30,2026-08-03,"Zullas, L.C. | Common stock | Non-Affiliated Issuer","Zullas, L.C.","Zullas, L.C.",Common Equity,,,,362000.0,372000.0,,0.0,97.31,,,,,False,,,USD,362000.0,Food Products,Unaffiliated,Common stock,,,2025-06,,,,,,,,Consumer Staples,"Food, Beverage & Tobacco",Common Equity,,"Zullas, L.C."
GBDC,0001476765,0001476765-26-000048,10-Q,2026-06-30,2026-08-03,"Aspen Medical Products, LLC | LLC interest | Non-Affiliated Issuer","Aspen Medical Products, LLC","Aspen Medical Products, LLC",Common Equity,,,,90000.0,98000.0,,0.0,91.84,,,,,False,,,USD,90000.0,Healthcare Equipment & Supplies,Unaffiliated,LLC interest,,,2019-06,,,,,,,,Health Care,Health Care Equipment & Services,Common Equity,,"Aspen Medical Products, LLC"
GBDC,0001476765,0001476765-26-000048,10-Q,2026-06-30,2026-08-03,"Blue River Pet Care, LLC | LLC interest | Non-Affiliated Issuer","Blue River Pet Care, LLC","Blue River Pet Care, LLC",Common Equity,,,,637000.0,734000.0,,0.0,86.78,,,,,False,,,USD,637000.0,Healthcare Equipment & Supplies,Unaffiliated,LLC interest,,,2019-08,,,,,,,,Health Care,Health Care Equipment & Services,Common Equity,,"Blue River Pet Care, LLC"
GBDC,0001476765,0001476765-26-000048,10-Q,2026-06-30,2026-08-03,"CCSL Holdings, LLC | LP interest | Non-Affiliated Issuer","CCSL Holdings, LLC","CCSL Holdings, LLC",LP Interest,,,,834000.0,500000.0,,0.0,166.8,,,,,False,,,USD,834000.0,Healthcare Equipment & Supplies,Unaffiliated,LP interest,,,2020-12,,,,,,,,Health Care,Health Care Equipment & Services,Common Equity,,"CCSL Holdings, LLC"
GBDC,0001476765,0001476765-26-000048,10-Q,2026-06-30,2026-08-03,"Centegix Intermediate II, LLC | LLC interest | Non-Affiliated Issuer","Centegix Intermediate II, LLC","Centegix Intermediate II, LLC",Common Equity,,,,692000.0,639000.0,,639000.0,108.29,,,,,False,,,USD,692000.0,Healthcare Equipment & Supplies,Unaffiliated,LLC interest,,,2025-08,,,,,,,,Health Care,Health Care Equipment & Services,Common Equity,,"Centegix Intermediate II, LLC"
GBDC,0001476765,0001476765-26-000048,10-Q,2026-06-30,2026-08-03,CMI Parent Inc. | LP interest 1 | Non-Affiliated Issuer,CMI Parent Inc.,CMI Parent Inc.,LP Interest,,,,1490000.0,0.0,,15000.0,,,,,,False,,,USD,1490000.0,Healthcare Equipment & Supplies,Unaffiliated,LP interest,,,2026-04,,,,0.1,,,,Health Care,Health Care Equipment & Services,Common Equity,,CMI Parent Inc.
GBDC,0001476765,0001476765-26-000048,10-Q,2026-06-30,2026-08-03,"Isto Group, Inc. | LP interest | Non-Affiliated Issuer","Isto Group, Inc.","Isto Group, Inc.",LP Interest,,,,408000.0,369000.0,,3000.0,110.57,,,,,False,,,USD,408000.0,Healthcare Equipment & Supplies,Unaffiliated,LP interest,,,2025-09,,,,,,,,Health Care,Health Care Equipment & Services,Common Equity,,"Isto Group, Inc."
GBDC,0001476765,0001476765-26-000048,10-Q,2026-06-30,2026-08-03,"JHC Investment Intermediate Holdings, LLC | LLC interest | Non-Affiliated Issuer","JHC Investment Intermediate Holdings, LLC","JHC Investment Intermediate Holdings, LLC",Common Equity,,,,1037000.0,0.0,,5293000.0,,,,,,False,,,USD,1037000.0,Healthcare Equipment & Supplies,Unaffiliated,LLC interest,,,2024-03,,,,0.1,,,,Health Care,Health Care Equipment & Services,Common Equity,,"JHC Investment Intermediate Holdings, LLC"
GBDC,0001476765,0001476765-26-000048,10-Q,2026-06-30,2026-08-03,"ZimVie, Inc. | LP interest | Non-Affiliated Issuer","ZimVie, Inc.","ZimVie, Inc.",LP Interest,,,,363000.0,362000.0,,4000.0,100.28,,,,,False,,,USD,363000.0,Healthcare Equipment & Supplies,Unaffiliated,LP interest,,,2025-10,,,,,,,,Health Care,Health Care Equipment & Services,Common Equity,,"ZimVie, Inc."
GBDC,0001476765,0001476765-26-000048,10-Q,2026-06-30,2026-08-03,"Active Day, Inc. | LLC interest | Non-Affiliated Issuer","Active Day, Inc.","Active Day, Inc.",Common Equity,,,,2492000.0,1099000.0,,2000.0,226.75,,,,,False,,,USD,2492000.0,Healthcare Providers & Services,Unaffiliated,LLC interest,,,2015-12,,,,0.1,,,,Health Care,Health Care Equipment & Services,Common Equity,,"Active Day, Inc."
GBDC,0001476765,0001476765-26-000048,10-Q,2026-06-30,2026-08-03,"Acuity Eyecare Holdings, LLC | LLC interest 1 | Non-Affiliated Issuer","Acuity Eyecare Holdings, LLC","Acuity Eyecare Holdings, LLC",Common Equity,,,,9316000.0,3258000.0,,2521000.0,285.94,,,,,False,,,USD,9316000.0,Healthcare Providers & Services,Unaffiliated,LLC interest,,,2017-03,,,,0.2,,,,Health Care,Health Care Equipment & Services,Common Equity,,"Acuity Eyecare Holdings, LLC"
GBDC,0001476765,0001476765-26-000048,10-Q,2026-06-30,2026-08-03,"ADCS Clinics Intermediate Holdings, LLC | Preferred stock | Non-Affiliated Issuer","ADCS Clinics Intermediate Holdings, LLC","ADCS Clinics Intermediate Holdings, LLC",Preferred Equity,,,,984000.0,1120000.0,,2000.0,87.86,,,,,False,,,USD,984000.0,Healthcare Providers & Services,Unaffiliated,Preferred stock,,,2016-05,,,,,,,,Health Care,Health Care Equipment & Services,Preferred Equity,,"ADCS Clinics Intermediate Holdings, LLC"
GBDC,0001476765,0001476765-26-000048,10-Q,2026-06-30,2026-08-03,"ADCS Clinics Intermediate Holdings, LLC | Common stock | Non-Affiliated Issuer","ADCS Clinics Intermediate Holdings, LLC","ADCS Clinics Intermediate Holdings, LLC",Common Equity,,,,0.0,6000.0,,0.0,0.0,,,,,False,,,USD,0.0,,,,,,,,,,,,,,Health Care,Health Care Equipment & Services,Common Equity,,"ADCS Clinics Intermediate Holdings, LLC"
GBDC,0001476765,0001476765-26-000048,10-Q,2026-06-30,2026-08-03,"AVG Intermediate Holdings, LLC | LLC interest | Non-Affiliated Issuer","AVG Intermediate Holdings, LLC","AVG Intermediate Holdings, LLC",Common Equity,,,,190000.0,192000.0,,180000.0,98.96,,,,,False,,,USD,190000.0,Healthcare Providers & Services,Unaffiliated,LLC interest,,,2021-03,,,,,,,,Health Care,Health Care Equipment & Services,Common Equity,,"AVG Intermediate Holdings, LLC"
GBDC,0001476765,0001476765-26-000048,10-Q,2026-06-30,2026-08-03,"CRH Healthcare Purchaser, Inc. | LP interest | Non-Affiliated Issuer","CRH Healthcare Purchaser, Inc.","CRH Healthcare Purchaser, Inc.",LP Interest,,,,1092000.0,456000.0,,531000.0,239.47,,,,,False,,,USD,1092000.0,Healthcare Providers & Services,Unaffiliated,LP interest,,,2018-12,,,,,,,,Health Care,Health Care Equipment & Services,Common Equity,,"CRH Healthcare Purchaser, Inc."
GBDC,0001476765,0001476765-26-000048,10-Q,2026-06-30,2026-08-03,"Encorevet Group, LLC | LLC interest | Non-Affiliated Issuer","Encorevet Group, LLC","Encorevet Group, LLC",Common Equity,,,,64000.0,261000.0,,3000.0,24.52,,,,,False,,,USD,64000.0,Healthcare Providers & Services,Unaffiliated,LLC interest,,,2024-05,,,,,,,,Health Care,Health Care Equipment & Services,Common Equity,,"Encorevet Group, LLC"
GBDC,0001476765,0001476765-26-000048,10-Q,2026-06-30,2026-08-03,"ERC Topco Holdings, LLC | LLC interest | Non-Affiliated Issuer","ERC Topco Holdings, LLC","ERC Topco Holdings, LLC",Common Equity,,,,3324000.0,4841000.0,,3000.0,68.66,,,,,False,,,USD,3324000.0,Healthcare Providers & Services,Unaffiliated,LLC interest,,,2025-03,,,,0.1,,,,Health Care,Health Care Equipment & Services,Common Equity,,"ERC Topco Holdings, LLC"
GBDC,0001476765,0001476765-26-000048,10-Q,2026-06-30,2026-08-03,"HP TLE Buyer, Inc. | LP interest | Non-Affiliated Issuer","HP TLE Buyer, Inc.","HP TLE Buyer, Inc.",LP Interest,,,,522000.0,450000.0,,450000.0,116.0,,,,,False,,,USD,522000.0,Healthcare Providers & Services,Unaffiliated,LP interest,,,2025-07,,,,,,,,Health Care,Health Care Equipment & Services,Common Equity,,"HP TLE Buyer, Inc."
GBDC,0001476765,0001476765-26-000048,10-Q,2026-06-30,2026-08-03,"Krueger-Gilbert Health Physics, LLC | LLC interest | Non-Affiliated Issuer","Krueger-Gilbert Health Physics, LLC","Krueger-Gilbert Health Physics, LLC",Common Equity,,,,1110000.0,324000.0,,239000.0,342.59,,,,,False,,,USD,1110000.0,Healthcare Providers & Services,Unaffiliated,LLC interest,,,2019-05,,,,0.1,,,,Health Care,Health Care Equipment & Services,Common Equity,,"Krueger-Gilbert Health Physics, LLC"
GBDC,0001476765,0001476765-26-000048,10-Q,2026-06-30,2026-08-03,"MWD Management, LLC | LLC interest | Non-Affiliated Issuer","MWD Management, LLC","MWD Management, LLC",Common Equity,,,,561000.0,335000.0,,412000.0,167.46,,,,,False,,,USD,561000.0,Healthcare Providers & Services,Unaffiliated,LLC interest,,,2017-06,,,,,,,,Health Care,Health Care Equipment & Services,Common Equity,,"MWD Management, LLC"
GBDC,0001476765,0001476765-26-000048,10-Q,2026-06-30,2026-08-03,New Look Corporation | LP interest | Non-Affiliated Issuer,New Look Corporation,New Look Corporation,LP Interest,,,,453000.0,409000.0,,0.0,110.76,,,,,False,,,USD,453000.0,Healthcare Providers & Services,Unaffiliated,LP interest,,,2021-05,,,,,,,,Health Care,Health Care Equipment & Services,Common Equity,,New Look Corporation
GBDC,0001476765,0001476765-26-000048,10-Q,2026-06-30,2026-08-03,"Pinnacle Treatment Centers, Inc. | LLC interest 1 | Non-Affiliated Issuer","Pinnacle Treatment Centers, Inc.","Pinnacle Treatment Centers, Inc.",Common Equity,,,,115000.0,602000.0,,4000.0,19.1,,,,,False,,,USD,115000.0,Healthcare Providers & Services,Unaffiliated,LLC interest,,,2016-08,,,,,,,,Health Care,Health Care Equipment & Services,Common Equity,,"Pinnacle Treatment Centers, Inc."
GBDC,0001476765,0001476765-26-000048,10-Q,2026-06-30,2026-08-03,Pyramid Healthcare Acquisition Corp. | LLC interest | Non-Affiliated Issuer,Pyramid Healthcare Acquisition Corp.,Pyramid Healthcare Acquisition Corp.,Common Equity,,,,363000.0,310000.0,,257000.0,117.1,,,,,False,,,USD,363000.0,Healthcare Providers & Services,Unaffiliated,LLC interest,,,2021-05,,,,,,,,Health Care,Health Care Equipment & Services,Common Equity,,Pyramid Healthcare Acquisition Corp.
GBDC,0001476765,0001476765-26-000048,10-Q,2026-06-30,2026-08-03,"Radiology Partners, Inc. | Preferred stock | Non-Affiliated Issuer","Radiology Partners, Inc.","Radiology Partners, Inc.",Preferred Equity,,,,92000.0,68000.0,,11000.0,135.29,,,,,False,,,USD,92000.0,Healthcare Providers & Services,Unaffiliated,Preferred stock,,,2018-02,,,,,,,,Health Care,Health Care Equipment & Services,Preferred Equity,,"Radiology Partners, Inc."
GBDC,0001476765,0001476765-26-000048,10-Q,2026-06-30,2026-08-03,"Radiology Partners, Inc. | LLC interest | Non-Affiliated Issuer","Radiology Partners, Inc.","Radiology Partners, Inc.",Common Equity,,,,363000.0,55000.0,,43000.0,660.0,,,,,False,,,USD,363000.0,Healthcare Providers & Services,Unaffiliated,LLC interest,,,2014-09,,,,,,,,Health Care,Health Care Equipment & Services,Common Equity,,"Radiology Partners, Inc."
GBDC,0001476765,0001476765-26-000048,10-Q,2026-06-30,2026-08-03,"Signature MD, Inc. | Common stock | Non-Affiliated Issuer","Signature MD, Inc.","Signature MD, Inc.",Common Equity,,,,109000.0,100000.0,,0.0,109.0,,,,,False,,,USD,109000.0,Healthcare Providers & Services,Unaffiliated,Common stock,,,2026-02,,,,,,,,Health Care,Health Care Equipment & Services,Common Equity,,"Signature MD, Inc."
GBDC,0001476765,0001476765-26-000048,10-Q,2026-06-30,2026-08-03,"Southern Veterinary Partners, LLC | Preferred stock 1 | Non-Affiliated Issuer","Southern Veterinary Partners, LLC","Southern Veterinary Partners, LLC",Preferred Equity,,,,6189000.0,2094000.0,,5000.0,295.56,,,,10.0,True,,,USD,6189000.0,Healthcare Providers & Services,Unaffiliated,Preferred stock,,,2024-12,,,,0.2,10.0,,,Health Care,Health Care Equipment & Services,Preferred Equity,,"Southern Veterinary Partners, LLC"
GBDC,0001476765,0001476765-26-000048,10-Q,2026-06-30,2026-08-03,"Southern Veterinary Partners, LLC | LLC interest 1 | Non-Affiliated Issuer","Southern Veterinary Partners, LLC","Southern Veterinary Partners, LLC",Common Equity,,,,836000.0,96000.0,,57000.0,870.83,,,,,False,,,USD,836000.0,Healthcare Providers & Services,Unaffiliated,LLC interest,,,2024-12,,,,,,,,Health Care,Health Care Equipment & Services,Common Equity,,"Southern Veterinary Partners, LLC"
GBDC,0001476765,0001476765-26-000048,10-Q,2026-06-30,2026-08-03,"Southern Veterinary Partners, LLC | Preferred stock 2 | Non-Affiliated Issuer","Southern Veterinary Partners, LLC","Southern Veterinary Partners, LLC",Preferred Equity,,,,61000.0,21000.0,,0.0,290.48,,,,10.0,True,,,USD,61000.0,Healthcare Providers & Services,Unaffiliated,LLC interest,,,2024-12,,,,,,,,Health Care,Health Care Equipment & Services,Preferred Equity,,"Southern Veterinary Partners, LLC"
GBDC,0001476765,0001476765-26-000048,10-Q,2026-06-30,2026-08-03,"Suveto Buyer, LLC | LP interest | Non-Affiliated Issuer","Suveto Buyer, LLC","Suveto Buyer, LLC",LP Interest,,,,617000.0,727000.0,,8000.0,84.87,,,,,False,,,USD,617000.0,Healthcare Providers & Services,Unaffiliated,LP interest,,,2021-11,,,,,,,,Health Care,Health Care Equipment & Services,Common Equity,Suveto,"Suveto Buyer, LLC"
GBDC,0001476765,0001476765-26-000048,10-Q,2026-06-30,2026-08-03,Amberfield Acquisition Co. | LLC interest | Non-Affiliated Issuer,Amberfield Acquisition Co.,Amberfield Acquisition Co.,Common Equity,,,,613000.0,449000.0,,446000.0,136.53,,,,,False,,,USD,613000.0,Healthcare Technology,Unaffiliated,LLC interest,,,2024-05,,,,,,,,Health Care,Health Care Equipment & Services,Common Equity,,Amberfield Acquisition Co.
GBDC,0001476765,0001476765-26-000048,10-Q,2026-06-30,2026-08-03,"Connexin Software, Inc. | LLC interest 1 | Non-Affiliated Issuer","Connexin Software, Inc.","Connexin Software, Inc.",Common Equity,,,,297000.0,244000.0,,192000.0,121.72,,,,,False,,,USD,297000.0,Healthcare Technology,Unaffiliated,LLC interest,,,2018-02,,,,,,,,Health Care,Health Care Equipment & Services,Common Equity,,"Connexin Software, Inc."
GBDC,0001476765,0001476765-26-000048,10-Q,2026-06-30,2026-08-03,"HSI Halo Acquisition, Inc. | Preferred stock | Non-Affiliated Issuer","HSI Halo Acquisition, Inc.","HSI Halo Acquisition, Inc.",Preferred Equity,,,,270000.0,148000.0,,0.0,182.43,,,,10.0,True,,,USD,270000.0,Healthcare Technology,Unaffiliated,Preferred stock,,,2019-10,,,,,10.0,,,Health Care,Health Care Equipment & Services,Preferred Equity,,"HSI Halo Acquisition, Inc."
GBDC,0001476765,0001476765-26-000048,10-Q,2026-06-30,2026-08-03,"HSI Halo Acquisition, Inc. | LLC interest | Non-Affiliated Issuer","HSI Halo Acquisition, Inc.","HSI Halo Acquisition, Inc.",Common Equity,,,,207000.0,14000.0,,0.0,1478.57,,,,,False,,,USD,207000.0,Healthcare Technology,Unaffiliated,LLC interest,,,2019-10,,,,,,,,Health Care,Health Care Equipment & Services,Common Equity,,"HSI Halo Acquisition, Inc."
GBDC,0001476765,0001476765-26-000048,10-Q,2026-06-30,2026-08-03,"Modernizing Medicine, Inc. | Preferred stock | Non-Affiliated Issuer","Modernizing Medicine, Inc.","Modernizing Medicine, Inc.",Preferred Equity,,,,5215000.0,5178000.0,,5000.0,100.71,,,,13.0,True,,,USD,5215000.0,Healthcare Technology,Unaffiliated,Preferred stock,,,2025-04,,,,0.1,13.0,,,Health Care,Health Care Equipment & Services,Preferred Equity,ModMed,"Modernizing Medicine, Inc."
GBDC,0001476765,0001476765-26-000048,10-Q,2026-06-30,2026-08-03,"Symplr Software, Inc. | Preferred stock 1 | Non-Affiliated Issuer","Symplr Software, Inc.","Symplr Software, Inc.",Preferred Equity,,,,21364000.0,26452000.0,,18000.0,80.77,,,,11.0,True,,,USD,21364000.0,Healthcare Technology,Unaffiliated,Preferred stock,,,2021-10,,,,0.5,11.0,,,Health Care,Health Care Equipment & Services,Preferred Equity,,"Symplr Software, Inc."
GBDC,0001476765,0001476765-26-000048,10-Q,2026-06-30,2026-08-03,"Symplr Software, Inc. | Preferred stock 2 | Non-Affiliated Issuer","Symplr Software, Inc.","Symplr Software, Inc.",Preferred Equity,,,,6537000.0,6886000.0,,3000.0,94.93,,,,14.23,True,,,USD,6537000.0,Healthcare Technology,Unaffiliated,Preferred stock,,,2018-11,,,,0.2,14.23,,,Health Care,Health Care Equipment & Services,Preferred Equity,,"Symplr Software, Inc."
GBDC,0001476765,0001476765-26-000048,10-Q,2026-06-30,2026-08-03,"Symplr Software, Inc. | LLC interest | Non-Affiliated Issuer","Symplr Software, Inc.","Symplr Software, Inc.",Common Equity,,,,217000.0,398000.0,,219000.0,54.52,,,,,False,,,USD,217000.0,Healthcare Technology,Unaffiliated,LLC interest,,,2021-09,,,,,,,,Health Care,Health Care Equipment & Services,Common Equity,,"Symplr Software, Inc."
GBDC,0001476765,0001476765-26-000048,10-Q,2026-06-30,2026-08-03,"Tebra Technologies, Inc. | Warrant 1 | Non-Affiliated Issuer","Tebra Technologies, Inc.","Tebra Technologies, Inc.",Warrant,,,,472000.0,1033000.0,,222000.0,45.69,,,,,False,,,USD,472000.0,Healthcare Technology,Unaffiliated,Warrant,,,2019-03,,,,,,,,Health Care,Health Care Equipment & Services,Warrant,,"Tebra Technologies, Inc."
GBDC,0001476765,0001476765-26-000048,10-Q,2026-06-30,2026-08-03,"Tebra Technologies, Inc. | Preferred stock | Non-Affiliated Issuer","Tebra Technologies, Inc.","Tebra Technologies, Inc.",Preferred Equity,,,,9000.0,8000.0,,1000.0,112.5,,,,,False,,,USD,9000.0,Healthcare Technology,Unaffiliated,Preferred stock,,,2018-09,,,,,,,,Health Care,Health Care Equipment & Services,Preferred Equity,,"Tebra Technologies, Inc."
GBDC,0001476765,0001476765-26-000048,10-Q,2026-06-30,2026-08-03,"Veranex, Inc. | LP interest 1 | Non-Affiliated Issuer","Veranex, Inc.","Veranex, Inc.",LP Interest,,,,0.0,30000.0,,135000.0,0.0,,,,,False,,,USD,0.0,,,,,,,,,,,,,,Other,Other,Common Equity,,"Veranex, Inc."
GBDC,0001476765,0001476765-26-000048,10-Q,2026-06-30,2026-08-03,"Cafe Rio Holding, Inc. | Common stock | Non-Affiliated Issuer","Cafe Rio Holding, Inc.","Cafe Rio Holding, Inc.",Common Equity,,,,224000.0,603000.0,,5000.0,37.15,,,,,False,,,USD,224000.0,"Hotels, Restaurants & Leisure",Unaffiliated,Common stock,,,2017-09,,,,,,,,Consumer Discretionary,Consumer Services,Common Equity,,"Cafe Rio Holding, Inc."
GBDC,0001476765,0001476765-26-000048,10-Q,2026-06-30,2026-08-03,"Cafe Rio Holding, Inc. | Preferred stock | Non-Affiliated Issuer","Cafe Rio Holding, Inc.","Cafe Rio Holding, Inc.",Preferred Equity,,,,41000.0,41000.0,,0.0,100.0,,,,,False,,,USD,41000.0,"Hotels, Restaurants & Leisure",Unaffiliated,Preferred stock,,,2025-12,,,,,,,,Consumer Discretionary,Consumer Services,Preferred Equity,,"Cafe Rio Holding, Inc."
GBDC,0001476765,0001476765-26-000048,10-Q,2026-06-30,2026-08-03,Harri US LLC | LLC interest 1 | Non-Affiliated Issuer,Harri US LLC,Harri US LLC,Common Equity,,,,1253000.0,1541000.0,,221000.0,81.31,,,,,False,,,USD,1253000.0,"Hotels, Restaurants & Leisure",Unaffiliated,LLC interest,,,2022-02,,,,,,,,Consumer Discretionary,Consumer Services,Common Equity,,Harri US LLC
GBDC,0001476765,0001476765-26-000048,10-Q,2026-06-30,2026-08-03,Harri US LLC | Warrant 1 | Non-Affiliated Issuer,Harri US LLC,Harri US LLC,Warrant,,,,472000.0,347000.0,,62000.0,136.02,,,,,False,,,USD,472000.0,"Hotels, Restaurants & Leisure",Unaffiliated,Warrant,,,2021-10,,,,,,,,Consumer Discretionary,Consumer Services,Warrant,,Harri US LLC
GBDC,0001476765,0001476765-26-000048,10-Q,2026-06-30,2026-08-03,Harri US LLC | Preferred stock | Non-Affiliated Issuer,Harri US LLC,Harri US LLC,Preferred Equity,,,,1645000.0,1141000.0,,96000.0,144.17,,,,,False,,,USD,1645000.0,"Hotels, Restaurants & Leisure",Unaffiliated,Preferred stock,,,2023-10,,,,0.1,,,,Consumer Discretionary,Consumer Services,Preferred Equity,,Harri US LLC
GBDC,0001476765,0001476765-26-000048,10-Q,2026-06-30,2026-08-03,"LMP TR Holdings, LLC | LLC interest | Non-Affiliated Issuer","LMP TR Holdings, LLC","LMP TR Holdings, LLC",Common Equity,,,,0.0,712000.0,,712000.0,0.0,,,,,False,,,USD,0.0,,,,,,,,,,,,,,Other,Other,Common Equity,,"LMP TR Holdings, LLC"
GBDC,0001476765,0001476765-26-000048,10-Q,2026-06-30,2026-08-03,"Patriot Acquireco, LLC | Common stock | Non-Affiliated Issuer","Patriot Acquireco, LLC","Patriot Acquireco, LLC",Common Equity,,,,464000.0,460000.0,,450000.0,100.87,,,,,False,,,USD,464000.0,"Hotels, Restaurants & Leisure",Unaffiliated,Common stock,,,2025-09,,,,,,,,Consumer Discretionary,Consumer Services,Common Equity,,"Patriot Acquireco, LLC"
GBDC,0001476765,0001476765-26-000048,10-Q,2026-06-30,2026-08-03,"PB Group Holdings, LLC | LP interest | Non-Affiliated Issuer","PB Group Holdings, LLC","PB Group Holdings, LLC",LP Interest,,,,723000.0,886000.0,,383000.0,81.6,,,,,False,,,USD,723000.0,"Hotels, Restaurants & Leisure",Unaffiliated,LP interest,,,2024-08,,,,,,,,Consumer Discretionary,Consumer Services,Common Equity,,"PB Group Holdings, LLC"
GBDC,0001476765,0001476765-26-000048,10-Q,2026-06-30,2026-08-03,Rooster BidCo Limited | LP interest | Non-Affiliated Issuer,Rooster BidCo Limited,Rooster BidCo Limited,LP Interest,,,,2669000.0,1308000.0,,1258000.0,204.05,,,,,False,,,USD,2669000.0,"Hotels, Restaurants & Leisure",Unaffiliated,LP interest,,,2025-03,,,,0.1,,,,Consumer Discretionary,Consumer Services,Common Equity,,Rooster BidCo Limited
GBDC,0001476765,0001476765-26-000048,10-Q,2026-06-30,2026-08-03,"Saguaro Buyer, LLC | Common stock | Non-Affiliated Issuer","Saguaro Buyer, LLC","Saguaro Buyer, LLC",Common Equity,,,,360000.0,250000.0,,0.0,144.0,,,,,False,,,USD,360000.0,"Hotels, Restaurants & Leisure",Unaffiliated,Common stock,,,2025-07,,,,,,,,Consumer Discretionary,Consumer Services,Common Equity,,"Saguaro Buyer, LLC"
GBDC,0001476765,0001476765-26-000048,10-Q,2026-06-30,2026-08-03,"SSRG Holdings, LLC | LLC interest | Non-Affiliated Issuer","SSRG Holdings, LLC","SSRG Holdings, LLC",Common Equity,,,,507000.0,439000.0,,46000.0,115.49,,,,,False,,,USD,507000.0,"Hotels, Restaurants & Leisure",Unaffiliated,LLC interest,,,2019-11,,,,,,,,Consumer Discretionary,Consumer Services,Common Equity,,"SSRG Holdings, LLC"
GBDC,0001476765,0001476765-26-000048,10-Q,2026-06-30,2026-08-03,Majesco | Preferred stock | Non-Affiliated Issuer,Majesco,Majesco,Preferred Equity,,,,288000.0,410000.0,,0.0,70.24,,,,9.0,True,,,USD,288000.0,Insurance,Unaffiliated,Preferred stock,,,2020-09,,,,,9.0,,,Financials,Insurance,Preferred Equity,,Majesco
GBDC,0001476765,0001476765-26-000048,10-Q,2026-06-30,2026-08-03,Majesco | LP interest | Non-Affiliated Issuer,Majesco,Majesco,LP Interest,,,,140000.0,94000.0,,97000.0,148.94,,,,,False,,,USD,140000.0,Insurance,Unaffiliated,LP interest,,,2020-09,,,,,,,,Financials,Insurance,Common Equity,,Majesco
GBDC,0001476765,0001476765-26-000048,10-Q,2026-06-30,2026-08-03,Oakbridge Insurance Agency LLC | LP interest | Non-Affiliated Issuer,Oakbridge Insurance Agency LLC,Oakbridge Insurance Agency LLC,LP Interest,,,,552000.0,404000.0,,20000.0,136.63,,,,,False,,,USD,552000.0,Insurance,Unaffiliated,LP interest,,,2023-11,,,,,,,,Financials,Insurance,Common Equity,,Oakbridge Insurance Agency LLC
GBDC,0001476765,0001476765-26-000048,10-Q,2026-06-30,2026-08-03,"Revalize, Inc. | Preferred stock 1 | Non-Affiliated Issuer","Revalize, Inc.","Revalize, Inc.",Preferred Equity,,,,48816000.0,57285000.0,,55000.0,85.22,,,,,False,,,USD,48816000.0,Internet & Direct Marketing Retail,Unaffiliated,Preferred stock,,,2021-12,,,,0.6,,,,Consumer Discretionary,Retailing,Preferred Equity,,"Revalize, Inc."
GBDC,0001476765,0001476765-26-000048,10-Q,2026-06-30,2026-08-03,"Arctic Wolf Networks, Inc. | Preferred stock 1 | Non-Affiliated Issuer","Arctic Wolf Networks, Inc.","Arctic Wolf Networks, Inc.",Preferred Equity,,,,11802000.0,3736000.0,,1063000.0,315.9,,,,,False,,,USD,11802000.0,IT Services,Unaffiliated,Preferred stock,,,2020-02,,,,0.2,,,,Information Technology,Software & Services,Preferred Equity,,"Arctic Wolf Networks, Inc."
GBDC,0001476765,0001476765-26-000048,10-Q,2026-06-30,2026-08-03,"Arctic Wolf Networks, Inc. | Warrant | Non-Affiliated Issuer","Arctic Wolf Networks, Inc.","Arctic Wolf Networks, Inc.",Warrant,,,,2860000.0,779000.0,,277000.0,367.14,,,,,False,,,USD,2860000.0,IT Services,Unaffiliated,Warrant,,,2020-08,,,,0.1,,,,Information Technology,Software & Services,Warrant,,"Arctic Wolf Networks, Inc."
GBDC,0001476765,0001476765-26-000048,10-Q,2026-06-30,2026-08-03,"Critical Start, Inc. | Common stock | Non-Affiliated Issuer","Critical Start, Inc.","Critical Start, Inc.",Common Equity,,,,22000.0,379000.0,,343000.0,5.8,,,,,False,,,USD,22000.0,IT Services,Unaffiliated,Common stock,,,2022-05,,,,,,,,Information Technology,Software & Services,Common Equity,,"Critical Start, Inc."
GBDC,0001476765,0001476765-26-000048,10-Q,2026-06-30,2026-08-03,"Kentik Technologies, Inc. | Preferred stock | Non-Affiliated Issuer","Kentik Technologies, Inc.","Kentik Technologies, Inc.",Preferred Equity,,,,2924000.0,2933000.0,,509000.0,99.69,,,,,False,,,USD,2924000.0,IT Services,Unaffiliated,Preferred stock,,,2021-09,,,,0.1,,,,Information Technology,Software & Services,Preferred Equity,,"Kentik Technologies, Inc."
GBDC,0001476765,0001476765-26-000048,10-Q,2026-06-30,2026-08-03,"Kentik Technologies, Inc. | Warrant | Non-Affiliated Issuer","Kentik Technologies, Inc.","Kentik Technologies, Inc.",Warrant,,,,6000.0,5000.0,,1000.0,120.0,,,,,False,,,USD,6000.0,IT Services,Unaffiliated,Preferred stock,,,2024-11,,,,,,,,Information Technology,Software & Services,Warrant,,"Kentik Technologies, Inc."
GBDC,0001476765,0001476765-26-000048,10-Q,2026-06-30,2026-08-03,Netwrix Corporation | LLC interest | Non-Affiliated Issuer,Netwrix Corporation,Netwrix Corporation,Common Equity,,,,9000.0,19000.0,,7000.0,47.37,,,,,False,,,USD,9000.0,IT Services,Unaffiliated,LLC interest,,,2022-06,,,,,,,,Information Technology,Software & Services,Common Equity,,Netwrix Corporation
GBDC,0001476765,0001476765-26-000048,10-Q,2026-06-30,2026-08-03,"Optimizely North America, Inc. | Common stock | Non-Affiliated Issuer","Optimizely North America, Inc.","Optimizely North America, Inc.",Common Equity,,,,782000.0,1016000.0,,92000.0,76.97,,,,,False,,,USD,782000.0,IT Services,Unaffiliated,Common stock,,,2018-10,,,,,,,,Information Technology,Software & Services,Common Equity,Optimizely,"Optimizely North America, Inc."
GBDC,0001476765,0001476765-26-000048,10-Q,2026-06-30,2026-08-03,"Saturn Borrower, Inc. | LP interest | Non-Affiliated Issuer","Saturn Borrower, Inc.","Saturn Borrower, Inc.",LP Interest,,,,549000.0,470000.0,,520000.0,116.81,,,,,False,,,USD,549000.0,IT Services,Unaffiliated,LP interest,,,2020-09,,,,,,,,Information Technology,Software & Services,Common Equity,,"Saturn Borrower, Inc."
GBDC,0001476765,0001476765-26-000048,10-Q,2026-06-30,2026-08-03,"Massage Envy, LLC | LLC interest | Non-Affiliated Issuer","Massage Envy, LLC","Massage Envy, LLC",Common Equity,,,,1849000.0,210000.0,,749000.0,880.48,,,,,False,,,USD,1849000.0,Leisure Products,Unaffiliated,LLC interest,,,2012-09,,,,0.1,,,,Consumer Discretionary,Consumer Durables & Apparel,Common Equity,,"Massage Envy, LLC"
GBDC,0001476765,0001476765-26-000048,10-Q,2026-06-30,2026-08-03,"Movement Holdings, LLC | LLC interest | Non-Affiliated Issuer","Movement Holdings, LLC","Movement Holdings, LLC",Common Equity,,,,82000.0,152000.0,,0.0,53.95,,,,,False,,,USD,82000.0,Leisure Products,Unaffiliated,LLC interest,,,2024-03,,,,,,,,Consumer Discretionary,Consumer Durables & Apparel,Common Equity,,"Movement Holdings, LLC"
GBDC,0001476765,0001476765-26-000048,10-Q,2026-06-30,2026-08-03,PAS Parent Inc. | LP interest 1 | Non-Affiliated Issuer,PAS Parent Inc.,PAS Parent Inc.,LP Interest,,,,2875000.0,1918000.0,,17000.0,149.9,,,,,False,,,USD,2875000.0,Life Sciences Tools & Services,Unaffiliated,LP interest,,,2021-12,,,,0.1,,,,Health Care,"Pharmaceuticals, Biotechnology & Life Sciences",Common Equity,,PAS Parent Inc.
GBDC,0001476765,0001476765-26-000048,10-Q,2026-06-30,2026-08-03,W3 Co. | LLC interest | Non-Affiliated Issuer,W3 Co.,W3 Co.,Common Equity,,,,145000.0,1632000.0,,3000.0,8.88,,,,,False,,,USD,145000.0,"Oil, Gas & Consumable Fuels",Unaffiliated,LLC interest,,,2017-03,,,,,,,,Energy,Energy,Common Equity,,W3 Co.
GBDC,0001476765,0001476765-26-000048,10-Q,2026-06-30,2026-08-03,W3 Co. | Preferred stock | Non-Affiliated Issuer,W3 Co.,W3 Co.,Preferred Equity,,,,107000.0,224000.0,,0.0,47.77,,,,,False,,,USD,107000.0,"Oil, Gas & Consumable Fuels",Unaffiliated,Preferred stock,,,2019-01,,,,,,,,Energy,Energy,Preferred Equity,,W3 Co.
GBDC,0001476765,0001476765-26-000048,10-Q,2026-06-30,2026-08-03,"Messenger, LLC | LLC interest 1 | Non-Affiliated Issuer","Messenger, LLC","Messenger, LLC",Common Equity,,,,989000.0,667000.0,,9000.0,148.28,,,,,False,,,USD,989000.0,Paper & Forest Products,Unaffiliated,LLC interest,,,2021-12,,,,,,,,Materials,Materials,Common Equity,,"Messenger, LLC"
GBDC,0001476765,0001476765-26-000048,10-Q,2026-06-30,2026-08-03,"Amalthea Parent, Inc. | LP interest | Non-Affiliated Issuer","Amalthea Parent, Inc.","Amalthea Parent, Inc.",LP Interest,,,,772000.0,605000.0,,701000.0,127.6,,,,,False,,,USD,772000.0,Pharmaceuticals,Unaffiliated,LP interest,,,2021-03,,,,,,,,Health Care,"Pharmaceuticals, Biotechnology & Life Sciences",Common Equity,,"Amalthea Parent, Inc."
GBDC,0001476765,0001476765-26-000048,10-Q,2026-06-30,2026-08-03,"Cobalt Buyer Sub, Inc. | Preferred stock 1 | Non-Affiliated Issuer","Cobalt Buyer Sub, Inc.","Cobalt Buyer Sub, Inc.",Preferred Equity,,,,18483000.0,20522000.0,,11000.0,90.06,,,,13.75,True,,,USD,18483000.0,Pharmaceuticals,Unaffiliated,Preferred stock,,,2021-10,,,,0.5,13.75,,,Health Care,"Pharmaceuticals, Biotechnology & Life Sciences",Preferred Equity,BioVectra,"Cobalt Buyer Sub, Inc."
GBDC,0001476765,0001476765-26-000048,10-Q,2026-06-30,2026-08-03,"Cobalt Buyer Sub, Inc. | Preferred stock 2 | Non-Affiliated Issuer","Cobalt Buyer Sub, Inc.","Cobalt Buyer Sub, Inc.",Preferred Equity,,,,6000.0,246000.0,,0.0,2.44,,,,,False,,,USD,6000.0,Pharmaceuticals,Unaffiliated,Preferred stock,,,2021-10,,,,,,,,Health Care,"Pharmaceuticals, Biotechnology & Life Sciences",Preferred Equity,BioVectra,"Cobalt Buyer Sub, Inc."
GBDC,0001476765,0001476765-26-000048,10-Q,2026-06-30,2026-08-03,"Cobalt Buyer Sub, Inc. | LP interest | Non-Affiliated Issuer","Cobalt Buyer Sub, Inc.","Cobalt Buyer Sub, Inc.",LP Interest,,,,0.0,2000.0,,3000.0,0.0,,,,,False,,,USD,0.0,,,,,,,,,,,,,,Health Care,"Pharmaceuticals, Biotechnology & Life Sciences",Common Equity,BioVectra,"Cobalt Buyer Sub, Inc."
GBDC,0001476765,0001476765-26-000048,10-Q,2026-06-30,2026-08-03,"Creek Parent, Inc. | LP interest | Non-Affiliated Issuer","Creek Parent, Inc.","Creek Parent, Inc.",LP Interest,,,,3544000.0,3372000.0,,3372000.0,105.1,,,,,False,,,USD,3544000.0,Pharmaceuticals,Unaffiliated,LP interest,,,2024-12,,,,0.1,,,,Health Care,"Pharmaceuticals, Biotechnology & Life Sciences",Common Equity,Catalent,"Creek Parent, Inc."
GBDC,0001476765,0001476765-26-000048,10-Q,2026-06-30,2026-08-03,"Eclipse Buyer, Inc. | Preferred stock | Non-Affiliated Issuer","Eclipse Buyer, Inc.","Eclipse Buyer, Inc.",Preferred Equity,,,,1402000.0,1391000.0,,0.0,100.79,,,,12.5,True,,,USD,1402000.0,Professional Services,Unaffiliated,Preferred stock,,,2024-09,,,,,12.5,,,Industrials,Commercial & Professional Services,Preferred Equity,,"Eclipse Buyer, Inc."
GBDC,0001476765,0001476765-26-000048,10-Q,2026-06-30,2026-08-03,"Enboarder, Inc. | Preferred stock | Non-Affiliated Issuer","Enboarder, Inc.","Enboarder, Inc.",Preferred Equity,,,,782000.0,859000.0,,83000.0,91.04,,,,,False,,,USD,782000.0,Professional Services,Unaffiliated,Preferred stock,,,2022-01,,,,,,,,Industrials,Commercial & Professional Services,Preferred Equity,,"Enboarder, Inc."
GBDC,0001476765,0001476765-26-000048,10-Q,2026-06-30,2026-08-03,"Filevine, Inc. | Preferred stock 1 | Non-Affiliated Issuer","Filevine, Inc.","Filevine, Inc.",Preferred Equity,,,,6259000.0,3043000.0,,383000.0,205.69,,,,,False,,,USD,6259000.0,Professional Services,Unaffiliated,Preferred stock,,,2022-04,,,,0.2,,,,Industrials,Commercial & Professional Services,Preferred Equity,,"Filevine, Inc."
GBDC,0001476765,0001476765-26-000048,10-Q,2026-06-30,2026-08-03,"Filevine, Inc. | Warrant | Non-Affiliated Issuer","Filevine, Inc.","Filevine, Inc.",Warrant,,,,819000.0,224000.0,,54000.0,365.62,,,,,False,,,USD,819000.0,Professional Services,Unaffiliated,Warrant,,,2022-04,,,,,,,,Industrials,Commercial & Professional Services,Warrant,,"Filevine, Inc."
GBDC,0001476765,0001476765-26-000048,10-Q,2026-06-30,2026-08-03,Net Health Acquisition Corp. | LP interest | Non-Affiliated Issuer,Net Health Acquisition Corp.,Net Health Acquisition Corp.,LP Interest,,,,2232000.0,1684000.0,,14000.0,132.54,,,,,False,,,USD,2232000.0,Professional Services,Unaffiliated,LP interest,,,2017-12,,,,0.1,,,,Industrials,Commercial & Professional Services,Common Equity,,Net Health Acquisition Corp.
GBDC,0001476765,0001476765-26-000048,10-Q,2026-06-30,2026-08-03,"Procure Acquireco, Inc. | LP interest | Non-Affiliated Issuer","Procure Acquireco, Inc.","Procure Acquireco, Inc.",LP Interest,,,,1299000.0,901000.0,,0.0,144.17,,,,,False,,,USD,1299000.0,Professional Services,Unaffiliated,LP interest,,,2021-12,,,,,,,,Industrials,Commercial & Professional Services,Common Equity,,"Procure Acquireco, Inc."
GBDC,0001476765,0001476765-26-000048,10-Q,2026-06-30,2026-08-03,Inhabit IQ Inc. | LLC interest | Non-Affiliated Issuer,Inhabit IQ Inc.,Inhabit IQ Inc.,Common Equity,,,,165000.0,528000.0,,2000.0,31.25,,,,,False,,,USD,165000.0,Real Estate Management & Development,Unaffiliated,LLC interest,,,2018-01,,,,,,,,Real Estate,Real Estate,Common Equity,,Inhabit IQ Inc.
GBDC,0001476765,0001476765-26-000048,10-Q,2026-06-30,2026-08-03,"SC Landco Parent, LLC | Common stock | Non-Affiliated Issuer","SC Landco Parent, LLC","SC Landco Parent, LLC",Common Equity,,,,265000.0,274000.0,,2000.0,96.72,,,,,False,,,USD,265000.0,Real Estate Management & Development,Unaffiliated,Common stock,,,2022-09,,,,,,,,Real Estate,Real Estate,Common Equity,,"SC Landco Parent, LLC"
GBDC,0001476765,0001476765-26-000048,10-Q,2026-06-30,2026-08-03,"Anaplan, Inc. | LP interest | Non-Affiliated Issuer","Anaplan, Inc.","Anaplan, Inc.",LP Interest,,,,1532000.0,1254000.0,,962000.0,122.17,,,,,False,,,USD,1532000.0,Software,Unaffiliated,LP interest,,,2022-06,,,,0.1,,,,Information Technology,Software & Services,Common Equity,,"Anaplan, Inc."
GBDC,0001476765,0001476765-26-000048,10-Q,2026-06-30,2026-08-03,Aras Corporation | Preferred stock | Non-Affiliated Issuer,Aras Corporation,Aras Corporation,Preferred Equity,,,,2597000.0,2440000.0,,1000.0,106.43,,,,12.0,True,,,USD,2597000.0,Software,Unaffiliated,Preferred stock,,,2021-04,,,,0.1,12.0,,,Information Technology,Software & Services,Preferred Equity,,Aras Corporation
GBDC,0001476765,0001476765-26-000048,10-Q,2026-06-30,2026-08-03,Aras Corporation | LP interest | Non-Affiliated Issuer,Aras Corporation,Aras Corporation,LP Interest,,,,522000.0,446000.0,,427000.0,117.04,,,,,False,,,USD,522000.0,Software,Unaffiliated,LP interest,,,2021-04,,,,,,,,Information Technology,Software & Services,Common Equity,,Aras Corporation
GBDC,0001476765,0001476765-26-000048,10-Q,2026-06-30,2026-08-03,"Astute Holdings, Inc. | LP interest | Non-Affiliated Issuer","Astute Holdings, Inc.","Astute Holdings, Inc.",LP Interest,,,,0.0,520000.0,,0.0,0.0,,,,,False,,,USD,0.0,,,,,,,,,,,,,,Other,Other,Common Equity,,"Astute Holdings, Inc."
GBDC,0001476765,0001476765-26-000048,10-Q,2026-06-30,2026-08-03,Auvik Networks Inc. | Preferred stock 1 | Non-Affiliated Issuer,Auvik Networks Inc.,Auvik Networks Inc.,Preferred Equity,,,,650000.0,451000.0,,41000.0,144.12,,,,,False,,,USD,650000.0,Software,Unaffiliated,Preferred stock,,,2021-07,,,,,,,,Information Technology,Software & Services,Preferred Equity,,Auvik Networks Inc.
GBDC,0001476765,0001476765-26-000048,10-Q,2026-06-30,2026-08-03,"Bayshore Intermediate #2, L.P. | LP interest | Non-Affiliated Issuer","Bayshore Intermediate #2, L.P.","Bayshore Intermediate #2, L.P.",LP Interest,,,,6151000.0,5890000.0,,5841000.0,104.43,,,,,False,,,USD,6151000.0,Software,Unaffiliated,LP interest,,,2021-10,,,,0.2,,,,Information Technology,Software & Services,Common Equity,Boomi,"Bayshore Intermediate #2, L.P."
GBDC,0001476765,0001476765-26-000048,10-Q,2026-06-30,2026-08-03,"Bridge Growth Partners Seasmoke, LP | LP interest | Non-Affiliated Issuer","Bridge Growth Partners Seasmoke, LP","Bridge Growth Partners Seasmoke, LP",LP Interest,,,,92000.0,93000.0,,1000.0,98.92,,,,,False,,,USD,92000.0,Software,Unaffiliated,LP interest,,,2026-04,,,,,,,,Information Technology,Software & Services,Common Equity,,"Bridge Growth Partners Seasmoke, LP"
GBDC,0001476765,0001476765-26-000048,10-Q,2026-06-30,2026-08-03,"Calabrio, Inc. | LP interest 1 | Non-Affiliated Issuer","Calabrio, Inc.","Calabrio, Inc.",LP Interest,,,,794000.0,1158000.0,,135000.0,68.57,,,,,False,,,USD,794000.0,Software,Unaffiliated,LP interest,,,2021-04,,,,,,,,Information Technology,Software & Services,Common Equity,,"Calabrio, Inc."
GBDC,0001476765,0001476765-26-000048,10-Q,2026-06-30,2026-08-03,"Claroty, Ltd. | Preferred stock | Non-Affiliated Issuer","Claroty, Ltd.","Claroty, Ltd.",Preferred Equity,,,,104000.0,100000.0,,1000.0,104.0,,,,,False,,,USD,104000.0,Software,Unaffiliated,Preferred stock,,,2026-01,,,,,,,,Information Technology,Software & Services,Preferred Equity,,"Claroty, Ltd."
GBDC,0001476765,0001476765-26-000048,10-Q,2026-06-30,2026-08-03,"Clearwater Analytics Holdings, Inc. | LP interest | Non-Affiliated Issuer","Clearwater Analytics Holdings, Inc.","Clearwater Analytics Holdings, Inc.",LP Interest,,,,115000.0,115000.0,,115000.0,100.0,,,,,False,,,USD,115000.0,Software,Unaffiliated,LP interest,,,2026-06,,,,,,,,Information Technology,Software & Services,Common Equity,,"Clearwater Analytics Holdings, Inc."
GBDC,0001476765,0001476765-26-000048,10-Q,2026-06-30,2026-08-03,"Cloudbees, Inc. | Preferred stock 1 | Non-Affiliated Issuer","Cloudbees, Inc.","Cloudbees, Inc.",Preferred Equity,,,,3641000.0,2609000.0,,265000.0,139.56,,,,,False,,,USD,3641000.0,Software,Unaffiliated,Preferred stock,,,2021-11,,,,0.1,,,,Information Technology,Software & Services,Preferred Equity,,"Cloudbees, Inc."
GBDC,0001476765,0001476765-26-000048,10-Q,2026-06-30,2026-08-03,"Cloudbees, Inc. | Warrant | Non-Affiliated Issuer","Cloudbees, Inc.","Cloudbees, Inc.",Warrant,,,,715000.0,445000.0,,158000.0,160.67,,,,,False,,,USD,715000.0,Software,Unaffiliated,Warrant,,,2018-05,,,,,,,,Information Technology,Software & Services,Warrant,,"Cloudbees, Inc."
GBDC,0001476765,0001476765-26-000048,10-Q,2026-06-30,2026-08-03,Cynet Security Ltd. | Preferred stock | Non-Affiliated Issuer,Cynet Security Ltd.,Cynet Security Ltd.,Preferred Equity,,,,860000.0,855000.0,,220000.0,100.58,,,,,False,,,USD,860000.0,Software,Unaffiliated,Preferred stock,,,2022-08,,,,,,,,Information Technology,Software & Services,Preferred Equity,,Cynet Security Ltd.
GBDC,0001476765,0001476765-26-000048,10-Q,2026-06-30,2026-08-03,Denali Bidco Limited | LP interest | Non-Affiliated Issuer,Denali Bidco Limited,Denali Bidco Limited,LP Interest,,,,917000.0,341000.0,,431000.0,268.91,,,,,False,,,USD,917000.0,Software,Unaffiliated,LP interest,,,2023-08,,,,,,,,Information Technology,Software & Services,Common Equity,,Denali Bidco Limited
GBDC,0001476765,0001476765-26-000048,10-Q,2026-06-30,2026-08-03,Diligent Corporation | Preferred stock 1 | Non-Affiliated Issuer,Diligent Corporation,Diligent Corporation,Preferred Equity,,,,38573000.0,37012000.0,,24000.0,104.22,,,,10.5,True,,,USD,38573000.0,Software,Unaffiliated,Preferred stock,,,2021-04,,,,1.1,10.5,,,Information Technology,Software & Services,Preferred Equity,,Diligent Corporation
GBDC,0001476765,0001476765-26-000048,10-Q,2026-06-30,2026-08-03,Diligent Corporation | Preferred stock 2 | Non-Affiliated Issuer,Diligent Corporation,Diligent Corporation,Preferred Equity,,,,580000.0,912000.0,,415000.0,63.6,,,,,False,,,USD,580000.0,Software,Unaffiliated,Preferred stock,,,2016-04,,,,,,,,Information Technology,Software & Services,Preferred Equity,,Diligent Corporation
GBDC,0001476765,0001476765-26-000048,10-Q,2026-06-30,2026-08-03,"Energy Worldnet, LLC | LLC interest | Non-Affiliated Issuer","Energy Worldnet, LLC","Energy Worldnet, LLC",Common Equity,,,,55000.0,51000.0,,50000.0,107.84,,,,,False,,,USD,55000.0,Software,Unaffiliated,Preferred stock,,,2025-02,,,,,,,,Information Technology,Software & Services,Common Equity,,"Energy Worldnet, LLC"
GBDC,0001476765,0001476765-26-000048,10-Q,2026-06-30,2026-08-03,"FirstUp, Inc. | LP interest 1 | Non-Affiliated Issuer","FirstUp, Inc.","FirstUp, Inc.",LP Interest,,,,160000.0,688000.0,,319000.0,23.26,,,,,False,,,USD,160000.0,Software,Unaffiliated,LP interest,,,2021-07,,,,,,,,Information Technology,Software & Services,Common Equity,,"FirstUp, Inc."
GBDC,0001476765,0001476765-26-000048,10-Q,2026-06-30,2026-08-03,"GS Acquisitionco, Inc. | Preferred stock 1 | Non-Affiliated Issuer","GS Acquisitionco, Inc.","GS Acquisitionco, Inc.",Preferred Equity,,,,51400000.0,60508000.0,,40000.0,84.95,,,,11.0,True,,,USD,51400000.0,Software,Unaffiliated,Preferred stock,,,2021-04,,,,1.2,11.0,,,Information Technology,Software & Services,Preferred Equity,insightsoftware,"GS Acquisitionco, Inc."
GBDC,0001476765,0001476765-26-000048,10-Q,2026-06-30,2026-08-03,"GS Acquisitionco, Inc. | LP interest | Non-Affiliated Issuer","GS Acquisitionco, Inc.","GS Acquisitionco, Inc.",LP Interest,,,,0.0,363000.0,,1000.0,0.0,,,,,False,,,USD,0.0,,,,,,,,,,,,,,Information Technology,Software & Services,Common Equity,insightsoftware,"GS Acquisitionco, Inc."
GBDC,0001476765,0001476765-26-000048,10-Q,2026-06-30,2026-08-03,"GS Acquisitionco, Inc. | Preferred stock 3 | Non-Affiliated Issuer","GS Acquisitionco, Inc.","GS Acquisitionco, Inc.",Preferred Equity,,,,124000.0,149000.0,,0.0,83.22,10.5,,,14.23,True,,,USD,124000.0,Software,Unaffiliated,One stop,,2028-05,,,,,,9.25,5.25,,Information Technology,Software & Services,Preferred Equity,insightsoftware,"GS Acquisitionco, Inc."
GBDC,0001476765,0001476765-26-000048,10-Q,2026-06-30,2026-08-03,"GTY Technology Holdings, Inc. | LP interest | Non-Affiliated Issuer","GTY Technology Holdings, Inc.","GTY Technology Holdings, Inc.",LP Interest,,,,132000.0,83000.0,,73000.0,159.04,,,,,False,,,USD,132000.0,Software,Unaffiliated,LP interest,,,2022-07,,,,,,,,Information Technology,Software & Services,Common Equity,,"GTY Technology Holdings, Inc."
GBDC,0001476765,0001476765-26-000048,10-Q,2026-06-30,2026-08-03,"Gurobi Optimization, LLC | Common stock | Non-Affiliated Issuer","Gurobi Optimization, LLC","Gurobi Optimization, LLC",Common Equity,,,,663000.0,709000.0,,0.0,93.51,,,,,False,,,USD,663000.0,Software,Unaffiliated,Common stock,,,2024-09,,,,,,,,Information Technology,Software & Services,Common Equity,,"Gurobi Optimization, LLC"
GBDC,0001476765,0001476765-26-000048,10-Q,2026-06-30,2026-08-03,"Impartner, Inc. | Preferred stock | Non-Affiliated Issuer","Impartner, Inc.","Impartner, Inc.",Preferred Equity,,,,231000.0,307000.0,,39000.0,75.24,,,,,False,,,USD,231000.0,Software,Unaffiliated,Preferred stock,,,2021-10,,,,,,,,Information Technology,Software & Services,Preferred Equity,,"Impartner, Inc."
GBDC,0001476765,0001476765-26-000048,10-Q,2026-06-30,2026-08-03,"Insight Borrower, LLC | Preferred stock | Non-Affiliated Issuer","Insight Borrower, LLC","Insight Borrower, LLC",Preferred Equity,,,,3178000.0,2748000.0,,0.0,115.65,,,,,False,,,USD,3178000.0,Software,Unaffiliated,Preferred stock,,,2026-01,,,,0.1,,,,Information Technology,Software & Services,Preferred Equity,,"Insight Borrower, LLC"
GBDC,0001476765,0001476765-26-000048,10-Q,2026-06-30,2026-08-03,"Insight Borrower, LLC | Common stock | Non-Affiliated Issuer","Insight Borrower, LLC","Insight Borrower, LLC",Common Equity,,,,193000.0,184000.0,,0.0,104.89,,,,,False,,,USD,193000.0,Software,Unaffiliated,Common stock,,,2026-01,,,,,,,,Information Technology,Software & Services,Common Equity,,"Insight Borrower, LLC"
GBDC,0001476765,0001476765-26-000048,10-Q,2026-06-30,2026-08-03,Kaseya Inc. | Preferred stock | Non-Affiliated Issuer,Kaseya Inc.,Kaseya Inc.,Preferred Equity,,,,2836000.0,3970000.0,,2000.0,71.44,10.75,,,14.6,True,,,USD,2836000.0,Software,Unaffiliated,Preferred stock,,,2022-06,,,,0.1,14.6,10.75,,Information Technology,Software & Services,Preferred Equity,,Kaseya Inc.
GBDC,0001476765,0001476765-26-000048,10-Q,2026-06-30,2026-08-03,Kaseya Inc. | LP interest | Non-Affiliated Issuer,Kaseya Inc.,Kaseya Inc.,LP Interest,,,,145000.0,253000.0,,250000.0,57.31,,,,,False,,,USD,145000.0,Software,Unaffiliated,LP interest,,,2022-06,,,,,,,,Information Technology,Software & Services,Common Equity,,Kaseya Inc.
GBDC,0001476765,0001476765-26-000048,10-Q,2026-06-30,2026-08-03,"LogicMonitor, Inc. | LP interest | Non-Affiliated Issuer","LogicMonitor, Inc.","LogicMonitor, Inc.",LP Interest,,,,275000.0,250000.0,,250000.0,110.0,,,,,False,,,USD,275000.0,Software,Unaffiliated,LP interest,,,2024-12,,,,,,,,Information Technology,Software & Services,Common Equity,,"LogicMonitor, Inc."
GBDC,0001476765,0001476765-26-000048,10-Q,2026-06-30,2026-08-03,"Menlo Ridgeview Co-Invest, LLC | LLC interest | Non-Affiliated Issuer","Menlo Ridgeview Co-Invest, LLC","Menlo Ridgeview Co-Invest, LLC",Common Equity,,,,982000.0,962000.0,,931000.0,102.08,,,,,False,,,USD,982000.0,Software,Unaffiliated,LLC interest,,,2025-05,,,,,,,,Information Technology,Software & Services,Common Equity,,"Menlo Ridgeview Co-Invest, LLC"
GBDC,0001476765,0001476765-26-000048,10-Q,2026-06-30,2026-08-03,"Ministry Brands Holdings, LLC | LP interest | Non-Affiliated Issuer","Ministry Brands Holdings, LLC","Ministry Brands Holdings, LLC",LP Interest,,,,578000.0,774000.0,,799000.0,74.68,,,,,False,,,USD,578000.0,Software,Unaffiliated,LP interest,,,2021-12,,,,,,,,Information Technology,Software & Services,Common Equity,,"Ministry Brands Holdings, LLC"
GBDC,0001476765,0001476765-26-000048,10-Q,2026-06-30,2026-08-03,"MS Buyer, Inc. | LLC interest | Non-Affiliated Issuer","MS Buyer, Inc.","MS Buyer, Inc.",Common Equity,,,,752000.0,692000.0,,1137000.0,108.67,,,,,False,,,USD,752000.0,Software,Unaffiliated,LLC interest,,,2026-01,,,,,,,,Information Technology,Software & Services,Common Equity,Ministry Brands,"MS Buyer, Inc."
GBDC,0001476765,0001476765-26-000048,10-Q,2026-06-30,2026-08-03,Navex Global Holdings Corporation | LP interest | Non-Affiliated Issuer,Navex Global Holdings Corporation,Navex Global Holdings Corporation,LP Interest,,,,383000.0,450000.0,,0.0,85.11,,,,,False,,,USD,383000.0,Software,Unaffiliated,LP interest,,,2025-10,,,,,,,,Information Technology,Software & Services,Common Equity,,Navex Global Holdings Corporation
GBDC,0001476765,0001476765-26-000048,10-Q,2026-06-30,2026-08-03,"Onapsis, Inc. | Warrant | Non-Affiliated Issuer","Onapsis, Inc.","Onapsis, Inc.",Warrant,,,,11000.0,17000.0,,6000.0,64.71,,,,,False,,,USD,11000.0,Software,Unaffiliated,Warrant,,,2019-10,,,,,,,,Information Technology,Software & Services,Warrant,,"Onapsis, Inc."
GBDC,0001476765,0001476765-26-000048,10-Q,2026-06-30,2026-08-03,"Onit, Inc. | Common stock | Non-Affiliated Issuer","Onit, Inc.","Onit, Inc.",Common Equity,,,,14000.0,14000.0,,0.0,100.0,,,,,False,,,USD,14000.0,Software,Unaffiliated,Common stock,,,2025-09,,,,,,,,Information Technology,Software & Services,Common Equity,,"Onit, Inc."
GBDC,0001476765,0001476765-26-000048,10-Q,2026-06-30,2026-08-03,"Panzura, LLC | LLC interest | Non-Affiliated Issuer","Panzura, LLC","Panzura, LLC",Common Equity,,,,0.0,6000.0,,2000.0,0.0,,,,,False,,,USD,0.0,,,,,,,,,,,,,,Information Technology,Software & Services,Common Equity,,"Panzura, LLC"
GBDC,0001476765,0001476765-26-000048,10-Q,2026-06-30,2026-08-03,"Pluralsight, LLC | LLC interest | Non-Affiliated Issuer","Pluralsight, LLC","Pluralsight, LLC",Common Equity,,,,0.0,3663000.0,,1988000.0,0.0,,,,,False,,,USD,0.0,,,,,,,,,,,,,,Information Technology,Software & Services,Common Equity,,"Pluralsight, LLC"
GBDC,0001476765,0001476765-26-000048,10-Q,2026-06-30,2026-08-03,"QAD, Inc. | Preferred stock | Non-Affiliated Issuer","QAD, Inc.","QAD, Inc.",Preferred Equity,,,,971000.0,1186000.0,,1000.0,81.87,,,,,False,,,USD,971000.0,Software,Unaffiliated,Preferred stock,,,2021-11,,,,,,,,Information Technology,Software & Services,Preferred Equity,,"QAD, Inc."
GBDC,0001476765,0001476765-26-000048,10-Q,2026-06-30,2026-08-03,"QAD, Inc. | Common stock | Non-Affiliated Issuer","QAD, Inc.","QAD, Inc.",Common Equity,,,,92000.0,134000.0,,68000.0,68.66,,,,,False,,,USD,92000.0,Software,Unaffiliated,Common stock,,,2021-11,,,,,,,,Information Technology,Software & Services,Common Equity,,"QAD, Inc."
GBDC,0001476765,0001476765-26-000048,10-Q,2026-06-30,2026-08-03,"RegEd Aquireco, LLC | LP interest 1 | Non-Affiliated Issuer","RegEd Aquireco, LLC","RegEd Aquireco, LLC",LP Interest,,,,170000.0,408000.0,,4000.0,41.67,,,,,False,,,USD,170000.0,Software,Unaffiliated,LP interest,,,2018-12,,,,,,,,Information Technology,Software & Services,Common Equity,,"RegEd Aquireco, LLC"
GBDC,0001476765,0001476765-26-000048,10-Q,2026-06-30,2026-08-03,"Riskonnect Parent, LLC | Preferred stock 1 | Non-Affiliated Issuer","Riskonnect Parent, LLC","Riskonnect Parent, LLC",Preferred Equity,,,,39407000.0,39693000.0,,26000.0,99.28,,,,11.0,True,,,USD,39407000.0,Software,Unaffiliated,Preferred stock,,,2022-04,,,,1.1,11.0,,,Information Technology,Software & Services,Preferred Equity,Riskonnect,"Riskonnect Parent, LLC"
GBDC,0001476765,0001476765-26-000048,10-Q,2026-06-30,2026-08-03,"Riskonnect Parent, LLC | LP interest | Non-Affiliated Issuer","Riskonnect Parent, LLC","Riskonnect Parent, LLC",LP Interest,,,,912000.0,1417000.0,,1382000.0,64.36,,,,,False,,,USD,912000.0,Software,Unaffiliated,LP interest,,,2021-11,,,,,,,,Information Technology,Software & Services,Common Equity,Riskonnect,"Riskonnect Parent, LLC"
GBDC,0001476765,0001476765-26-000048,10-Q,2026-06-30,2026-08-03,"Riskonnect Parent, LLC | Preferred stock 2 | Non-Affiliated Issuer","Riskonnect Parent, LLC","Riskonnect Parent, LLC",Preferred Equity,,,,1186000.0,1188000.0,,0.0,99.83,10.5,,,14.09,True,,,USD,1186000.0,Software,Unaffiliated,Preferred stock,,,2022-07,,,,,14.09,10.5,,Information Technology,Software & Services,Preferred Equity,Riskonnect,"Riskonnect Parent, LLC"
GBDC,0001476765,0001476765-26-000048,10-Q,2026-06-30,2026-08-03,"Riskonnect Parent, LLC | Preferred stock 3 | Non-Affiliated Issuer","Riskonnect Parent, LLC","Riskonnect Parent, LLC",Preferred Equity,,,,66000.0,62000.0,,0.0,106.45,,,,13.75,True,,,USD,66000.0,Software,Unaffiliated,LLC units,,,2024-06,,,,,10.5,,,Information Technology,Software & Services,Preferred Equity,Riskonnect,"Riskonnect Parent, LLC"
GBDC,0001476765,0001476765-26-000048,10-Q,2026-06-30,2026-08-03,"Rokt, Inc. | Common stock | Non-Affiliated Issuer","Rokt, Inc.","Rokt, Inc.",Common Equity,,,,645000.0,683000.0,,20000.0,94.44,,,,,False,,,USD,645000.0,Software,Unaffiliated,Common stock,,,2025-01,,,,,,,,Information Technology,Software & Services,Common Equity,,"Rokt, Inc."
GBDC,0001476765,0001476765-26-000048,10-Q,2026-06-30,2026-08-03,"SnapLogic, Inc. | Preferred stock | Non-Affiliated Issuer","SnapLogic, Inc.","SnapLogic, Inc.",Preferred Equity,,,,1997000.0,1028000.0,,344000.0,194.26,,,,,False,,,USD,1997000.0,Software,Unaffiliated,Preferred stock,,,2019-09,,,,0.1,,,,Information Technology,Software & Services,Preferred Equity,,"SnapLogic, Inc."
GBDC,0001476765,0001476765-26-000048,10-Q,2026-06-30,2026-08-03,"SnapLogic, Inc. | Warrant | Non-Affiliated Issuer","SnapLogic, Inc.","SnapLogic, Inc.",Warrant,,,,522000.0,162000.0,,131000.0,322.22,,,,,False,,,USD,522000.0,Software,Unaffiliated,Common stock,,,2019-09,,,,,,,,Information Technology,Software & Services,Warrant,,"SnapLogic, Inc."
GBDC,0001476765,0001476765-26-000048,10-Q,2026-06-30,2026-08-03,Spartan Buyer Acquisition Co. | Common stock | Non-Affiliated Issuer,Spartan Buyer Acquisition Co.,Spartan Buyer Acquisition Co.,Common Equity,,,,504000.0,794000.0,,1000.0,63.48,,,,,False,,,USD,504000.0,Software,Unaffiliated,Common stock,,,2020-12,,,,,,,,Information Technology,Software & Services,Common Equity,,Spartan Buyer Acquisition Co.
GBDC,0001476765,0001476765-26-000048,10-Q,2026-06-30,2026-08-03,Spartan Buyer Acquisition Co. | Preferred stock | Non-Affiliated Issuer,Spartan Buyer Acquisition Co.,Spartan Buyer Acquisition Co.,Preferred Equity,,,,150000.0,110000.0,,0.0,136.36,,,,,False,,,USD,150000.0,Software,Unaffiliated,Preferred stock,,,2022-12,,,,,,,,Information Technology,Software & Services,Preferred Equity,,Spartan Buyer Acquisition Co.
GBDC,0001476765,0001476765-26-000048,10-Q,2026-06-30,2026-08-03,"Striim, Inc. | Warrant | Non-Affiliated Issuer","Striim, Inc.","Striim, Inc.",Warrant,,,,15000.0,15000.0,,14000.0,100.0,,,,,False,,,USD,15000.0,Software,Unaffiliated,Warrant,,,2026-03,,,,,,,,Information Technology,Software & Services,Warrant,,"Striim, Inc."
GBDC,0001476765,0001476765-26-000048,10-Q,2026-06-30,2026-08-03,"Telesoft Holdings, LLC | LP interest | Non-Affiliated Issuer","Telesoft Holdings, LLC","Telesoft Holdings, LLC",LP Interest,,,,106000.0,129000.0,,137000.0,82.17,,,,,False,,,USD,106000.0,Software,Unaffiliated,LP interest,,,2019-12,,,,,,,,Information Technology,Software & Services,Common Equity,"Calero Holdings, Inc","Telesoft Holdings, LLC"
GBDC,0001476765,0001476765-26-000048,10-Q,2026-06-30,2026-08-03,"Templafy APS and Templafy, LLC | Warrant | Non-Affiliated Issuer",Templafy APS,Templafy APS,Warrant,,,,32000.0,82000.0,,0.0,39.02,,,,,False,,,USD,32000.0,Software,Unaffiliated,Warrant,,,2022-07,,,,,,,,Information Technology,Software & Services,Warrant,,Templafy APS
GBDC,0001476765,0001476765-26-000048,10-Q,2026-06-30,2026-08-03,"Togetherwork Holdings, LLC | LP interest | Non-Affiliated Issuer","Togetherwork Holdings, LLC","Togetherwork Holdings, LLC",LP Interest,,,,1353000.0,1342000.0,,307000.0,100.82,,,,,False,,,USD,1353000.0,Software,Unaffiliated,LP interest,,,2024-07,,,,0.1,,,,Information Technology,Software & Services,Common Equity,,"Togetherwork Holdings, LLC"
GBDC,0001476765,0001476765-26-000048,10-Q,2026-06-30,2026-08-03,Transform Bidco Limited | LP interest | Non-Affiliated Issuer,Transform Bidco Limited,Transform Bidco Limited,LP Interest,,,,1631000.0,2386000.0,,2350000.0,68.36,,,,,False,,,USD,1631000.0,Software,Unaffiliated,LP interest,,,2025-04,,,,0.1,,,,Information Technology,Software & Services,Common Equity,,Transform Bidco Limited
GBDC,0001476765,0001476765-26-000048,10-Q,2026-06-30,2026-08-03,"Tricentis Operations Holdings, Inc. | LP interest | Non-Affiliated Issuer","Tricentis Operations Holdings, Inc.","Tricentis Operations Holdings, Inc.",LP Interest,,,,39000.0,40000.0,,40000.0,97.5,,,,,False,,,USD,39000.0,Software,Unaffiliated,LP interest,,,2025-02,,,,,,,,Information Technology,Software & Services,Common Equity,Tricentis,"Tricentis Operations Holdings, Inc."
GBDC,0001476765,0001476765-26-000048,10-Q,2026-06-30,2026-08-03,"Zendesk, Inc. | Common stock | Non-Affiliated Issuer","Zendesk, Inc.","Zendesk, Inc.",Common Equity,,,,575000.0,708000.0,,63000.0,81.21,,,,,False,,,USD,575000.0,Software,Unaffiliated,Common stock,,,2022-11,,,,,,,,Information Technology,Software & Services,Common Equity,,"Zendesk, Inc."
GBDC,0001476765,0001476765-26-000048,10-Q,2026-06-30,2026-08-03,Ave Holdings III Corp. | Preferred stock,Ave Holdings III Corp.,Ave Holdings III Corp.,Preferred Equity,,,,3020000.0,20613000.0,,15000.0,14.65,,,,11.5,True,,,USD,3020000.0,Specialty Retail,Unaffiliated,Preferred stock,,,2022-02,,,,0.1,11.5,,,Consumer Discretionary,Retailing,Preferred Equity,,Ave Holdings III Corp.
GBDC,0001476765,0001476765-26-000048,10-Q,2026-06-30,2026-08-03,Ave Holdings III Corp. | LP interest,Ave Holdings III Corp.,Ave Holdings III Corp.,LP Interest,,,,0.0,1737000.0,,2000.0,0.0,,,,,False,,,USD,0.0,,,,,,,,,,,,,,Consumer Discretionary,Retailing,Common Equity,,Ave Holdings III Corp.
GBDC,0001476765,0001476765-26-000048,10-Q,2026-06-30,2026-08-03,Batteries Plus Holding Corporation | LP interest,Batteries Plus Holding Corporation,Batteries Plus Holding Corporation,LP Interest,,,,1336000.0,1288000.0,,10000.0,103.73,,,,,False,,,USD,1336000.0,Specialty Retail,Unaffiliated,LP interest,,,2016-07,,,,,,,,Consumer Discretionary,Retailing,Common Equity,,Batteries Plus Holding Corporation
GBDC,0001476765,0001476765-26-000048,10-Q,2026-06-30,2026-08-03,"Cycle Gear, Inc. | LLC interest","Cycle Gear, Inc.","Cycle Gear, Inc.",Common Equity,,,,250000.0,560000.0,,93000.0,44.64,,,,,False,,,USD,250000.0,Specialty Retail,Unaffiliated,LLC interest,,,2026-06,,,,,,,,Consumer Discretionary,Retailing,Common Equity,,"Cycle Gear, Inc."
GBDC,0001476765,0001476765-26-000048,10-Q,2026-06-30,2026-08-03,"Cycle Gear, Inc. | Warrant","Cycle Gear, Inc.","Cycle Gear, Inc.",Warrant,,,,2000.0,0.0,,1000.0,,,,,,False,,,USD,2000.0,Specialty Retail,Unaffiliated,Warrant,,,2026-06,,,,,,,,Consumer Discretionary,Retailing,Warrant,,"Cycle Gear, Inc."
GBDC,0001476765,0001476765-26-000048,10-Q,2026-06-30,2026-08-03,"Metal Supermarkets US Buyer, LLC | LLC interest 1","Metal Supermarkets US Buyer, LLC","Metal Supermarkets US Buyer, LLC",Common Equity,,,,449000.0,347000.0,,4000.0,129.39,,,,,False,,,USD,449000.0,Specialty Retail,Unaffiliated,LLC interest,,,2024-12,,,,,,,,Consumer Discretionary,Retailing,Common Equity,,"Metal Supermarkets US Buyer, LLC"
GBDC,0001476765,0001476765-26-000048,10-Q,2026-06-30,2026-08-03,"Salon Lofts Group, LLC | Common stock","Salon Lofts Group, LLC","Salon Lofts Group, LLC",Common Equity,,,,65000.0,137000.0,,0.0,47.45,,,,,False,,,USD,65000.0,Specialty Retail,Unaffiliated,Common stock,,,2022-08,,,,,,,,Consumer Discretionary,Retailing,Common Equity,,"Salon Lofts Group, LLC"
GBDC,0001476765,0001476765-26-000048,10-Q,2026-06-30,2026-08-03,"VSG Acquisition Corp. and Sherrill, Inc. | LP interest",VSG Acquisition Corp.,VSG Acquisition Corp.,LP Interest,,,,93000.0,57000.0,,0.0,163.16,,,,,False,,,USD,93000.0,Specialty Retail,Unaffiliated,LP interest,,,2022-04,,,,,,,,Consumer Discretionary,Retailing,Common Equity,,VSG Acquisition Corp.
GBDC,0001476765,0001476765-26-000048,10-Q,2026-06-30,2026-08-03,"Dollfus Mieg Company, Inc. | Common stock | Non-Affiliated Issuer","Dollfus Mieg Company, Inc.","Dollfus Mieg Company, Inc.",Common Equity,,,,538000.0,561000.0,,0.0,95.9,,,,,False,,,USD,538000.0,"Textiles, Apparel & Luxury Goods",Unaffiliated,Common stock,,,2026-03,,,,,,,,Consumer Discretionary,Consumer Durables & Apparel,Common Equity,,"Dollfus Mieg Company, Inc."
GBDC,0001476765,0001476765-26-000048,10-Q,2026-06-30,2026-08-03,"Georgica Pine Clothiers, LLC | LLC interest | Non-Affiliated Issuer","Georgica Pine Clothiers, LLC","Georgica Pine Clothiers, LLC",Common Equity,,,,273000.0,239000.0,,20000.0,114.23,,,,,False,,,USD,273000.0,"Textiles, Apparel & Luxury Goods",Unaffiliated,LLC interest,,,2015-11,,,,,,,,Consumer Discretionary,Consumer Durables & Apparel,Common Equity,,"Georgica Pine Clothiers, LLC"
GBDC,0001476765,0001476765-26-000048,10-Q,2026-06-30,2026-08-03,"MakerSights, Inc. | Preferred stock | Non-Affiliated Issuer","MakerSights, Inc.","MakerSights, Inc.",Preferred Equity,,,,74000.0,265000.0,,56000.0,27.92,,,,,False,,,USD,74000.0,"Textiles, Apparel & Luxury Goods",Unaffiliated,Preferred stock,,,2021-06,,,,,,,,Consumer Discretionary,Consumer Durables & Apparel,Preferred Equity,,"MakerSights, Inc."
GBDC,0001476765,0001476765-26-000048,10-Q,2026-06-30,2026-08-03,"Shoes For Crews Global, LLC | LLC interest | Non-Affiliated Issuer","Shoes For Crews Global, LLC","Shoes For Crews Global, LLC",Common Equity,,,,2017000.0,1087000.0,,2000.0,185.56,,,,,False,,,USD,2017000.0,"Textiles, Apparel & Luxury Goods",Unaffiliated,LLC interest,,,2024-06,,,,0.1,,,,Consumer Discretionary,Consumer Durables & Apparel,Common Equity,,"Shoes For Crews Global, LLC"
GBDC,0001476765,0001476765-26-000048,10-Q,2026-06-30,2026-08-03,"Abita Brewing Co., L.L.C. | One stop 1","Abita Brewing Co., L.L.C.","Abita Brewing Co., L.L.C.",First Lien,,,,5139000.0,10628000.0,11465000.0,,44.82,1.0,,,4.73,True,,,USD,5139000.0,Beverages,Unaffiliated,One stop,,2027-06,,,,,,4.73,1.0,,Consumer Staples,"Food, Beverage & Tobacco",First Lien,,"Abita Brewing Co., L.L.C."
GBDC,0001476765,0001476765-26-000048,10-Q,2026-06-30,2026-08-03,"Abita Brewing Co., L.L.C. | Second lien","Abita Brewing Co., L.L.C.","Abita Brewing Co., L.L.C.",Second Lien,,,,0.0,3724000.0,5416000.0,,0.0,1.0,,,4.73,True,,,USD,0.0,,,,,,,,,,,,,,Consumer Staples,"Food, Beverage & Tobacco",Second Lien,,"Abita Brewing Co., L.L.C."
GBDC,0001476765,0001476765-26-000048,10-Q,2026-06-30,2026-08-03,"RW AM Holdco, LLC | One stop 1","RW AM Holdco, LLC","RW AM Holdco, LLC",First Lien,,,,2813000.0,2830000.0,3197000.0,,87.99,5.25,,,8.91,True,,,USD,2813000.0,Diversified Consumer Services,Unaffiliated,One stop,,2029-04,,,,,,8.91,5.25,,Consumer Discretionary,Consumer Services,First Lien,,"RW AM Holdco, LLC"
GBDC,0001476765,0001476765-26-000048,10-Q,2026-06-30,2026-08-03,"Benetech, Inc. | One stop 1","Benetech, Inc.","Benetech, Inc.",First Lien,,,,2126000.0,4302000.0,6269000.0,,33.91,1.0,,,4.73,True,,,USD,2126000.0,"Energy, Equipment & Services",Unaffiliated,One stop,,2027-08,,,,,0.1,4.73,1.0,,Energy,Energy,First Lien,,"Benetech, Inc."
GBDC,0001476765,0001476765-26-000048,10-Q,2026-06-30,2026-08-03,"G & H Wire Company, Inc. | One stop 1","G & H Wire Company, Inc.","G & H Wire Company, Inc.",First Lien,,,,2823000.0,3172000.0,3172000.0,,89.0,6.0,9.82,,,False,,,USD,2823000.0,Healthcare Equipment & Supplies,Unaffiliated,One stop,,2029-11,,,,,,9.82,6.0,,Health Care,Health Care Equipment & Services,First Lien,,"G & H Wire Company, Inc."
GBDC,0001476765,0001476765-26-000048,10-Q,2026-06-30,2026-08-03,"Bayside Opco, LLC | One stop 1","Bayside Opco, LLC","Bayside Opco, LLC",First Lien,,,,17114000.0,17112000.0,17114000.0,,100.0,7.25,11.13,,,False,,,USD,17114000.0,Healthcare Providers & Services,Unaffiliated,One stop,,2027-06,,,,,0.3,11.13,7.25,,Health Care,Health Care Equipment & Services,First Lien,Pro-PT,"Bayside Opco, LLC"
GBDC,0001476765,0001476765-26-000048,10-Q,2026-06-30,2026-08-03,"Bayside Opco, LLC | Subordinated debt","Bayside Opco, LLC","Bayside Opco, LLC",Subordinated,,,,6470000.0,6466000.0,6470000.0,,100.0,10.0,,,13.88,True,,,USD,6470000.0,Healthcare Providers & Services,Unaffiliated,Subordinated debt,,2027-06,,,,,0.2,13.88,10.0,,Health Care,Health Care Equipment & Services,Subordinated,Pro-PT,"Bayside Opco, LLC"
GBDC,0001476765,0001476765-26-000048,10-Q,2026-06-30,2026-08-03,"Bayside Opco, LLC | One stop 3","Bayside Opco, LLC","Bayside Opco, LLC",First Lien,,,,324000.0,324000.0,324000.0,,100.0,7.0,10.88,,,False,,,USD,324000.0,Healthcare Providers & Services,Unaffiliated,One stop,,2027-06,,,,,,10.88,7.0,,Health Care,Health Care Equipment & Services,First Lien,Pro-PT,"Bayside Opco, LLC"
GBDC,0001476765,0001476765-26-000048,10-Q,2026-06-30,2026-08-03,Elite Dental Partners LLC | One stop 1,Elite Dental Partners LLC,Elite Dental Partners LLC,First Lien,,,,7260000.0,17924000.0,24601000.0,,29.51,5.25,,,9.13,True,,,USD,7260000.0,Healthcare Providers & Services,Unaffiliated,One stop,,2027-09,,,,,0.1,9.13,5.25,,Health Care,Health Care Equipment & Services,First Lien,,Elite Dental Partners LLC
GBDC,0001476765,0001476765-26-000048,10-Q,2026-06-30,2026-08-03,Elite Dental Partners LLC | One stop 2,Elite Dental Partners LLC,Elite Dental Partners LLC,First Lien,,,,1942000.0,7225000.0,12946000.0,,15.0,12.0,,,15.88,True,,,USD,1942000.0,Healthcare Providers & Services,Unaffiliated,One stop,,2027-09,,,,,0.1,15.88,12.0,,Health Care,Health Care Equipment & Services,First Lien,,Elite Dental Partners LLC
GBDC,0001476765,0001476765-26-000048,10-Q,2026-06-30,2026-08-03,Elite Dental Partners LLC | One stop 6,Elite Dental Partners LLC,Elite Dental Partners LLC,First Lien,,,,750000.0,750000.0,750000.0,,100.0,5.2,,,9.13,True,,,USD,750000.0,Healthcare Providers & Services,Unaffiliated,One stop,,2027-09,,,,,,9.13,5.2,,Health Care,Health Care Equipment & Services,First Lien,,Elite Dental Partners LLC
GBDC,0001476765,0001476765-26-000048,10-Q,2026-06-30,2026-08-03,"Opening Day Borrower 111, LLC | One stop","Opening Day Borrower 111, LLC","Opening Day Borrower 111, LLC",First Lien,,,,5810000.0,5810000.0,5810000.0,,100.0,6.25,,,10.06,True,,,USD,5810000.0,Healthcare Providers & Services,Unaffiliated,One stop,,2029-05,,,,,0.2,10.06,6.25,,Health Care,Health Care Equipment & Services,First Lien,,"Opening Day Borrower 111, LLC"
GBDC,0001476765,0001476765-26-000048,10-Q,2026-06-30,2026-08-03,"SPF Borrower, LLC | One stop 1","SPF Borrower, LLC","SPF Borrower, LLC",First Lien,,,,16272000.0,16272000.0,16272000.0,,100.0,6.25,8.13,,2.0,True,,,USD,16272000.0,Healthcare Providers & Services,Unaffiliated,One stop,,2028-02,,,,,0.4,8.4,6.25,,Health Care,Health Care Equipment & Services,First Lien,,"SPF Borrower, LLC"
GBDC,0001476765,0001476765-26-000048,10-Q,2026-06-30,2026-08-03,"SPF Borrower, LLC | One stop 2","SPF Borrower, LLC","SPF Borrower, LLC",First Lien,,,,9213000.0,9213000.0,9213000.0,,100.0,9.5,,,13.38,True,,,USD,9213000.0,Healthcare Providers & Services,Unaffiliated,One stop,,2028-02,,,,,0.2,13.38,9.5,,Health Care,Health Care Equipment & Services,First Lien,,"SPF Borrower, LLC"
GBDC,0001476765,0001476765-26-000048,10-Q,2026-06-30,2026-08-03,"SPF Borrower, LLC | One stop 3","SPF Borrower, LLC","SPF Borrower, LLC",First Lien,,,,0.0,0.0,0.0,,,,,,,False,,,USD,0.0,,,,,,,,,,,,,,Health Care,Health Care Equipment & Services,First Lien,,"SPF Borrower, LLC"
GBDC,0001476765,0001476765-26-000048,10-Q,2026-06-30,2026-08-03,Reaction Biology Corporation | One stop 1,Reaction Biology Corporation,Reaction Biology Corporation,First Lien,,,,3751000.0,4718000.0,4718000.0,,79.5,4.75,,,8.48,True,,,USD,3751000.0,Life Sciences Tools & Services,Unaffiliated,One stop,,2029-03,,,,,,8.48,4.75,,Health Care,"Pharmaceuticals, Biotechnology & Life Sciences",First Lien,,Reaction Biology Corporation
GBDC,0001476765,0001476765-26-000048,10-Q,2026-06-30,2026-08-03,"Fleet Farm Group, LLC | Senior secured","Fleet Farm Group, LLC","Fleet Farm Group, LLC",First Lien,,,,8669000.0,9284000.0,9284000.0,,93.38,5.5,,,9.16,True,,,USD,8669000.0,Multiline Retail,Unaffiliated,Senior secured,,2031-01,,,,,0.1,9.16,5.5,,Consumer Discretionary,Retailing,First Lien,,"Fleet Farm Group, LLC"
GBDC,0001476765,0001476765-26-000048,10-Q,2026-06-30,2026-08-03,"IMPLUS Footcare, LLC | One stop 1","IMPLUS Footcare, LLC","IMPLUS Footcare, LLC",First Lien,,,,12186000.0,12538000.0,12954000.0,,94.07,6.0,,,9.74,True,,,USD,12186000.0,Personal Products,Unaffiliated,One stop,,2028-10,,,,,0.1,9.74,6.0,,Consumer Staples,Household & Personal Products,First Lien,,"IMPLUS Footcare, LLC"
GBDC,0001476765,0001476765-26-000048,10-Q,2026-06-30,2026-08-03,"Chestnut Optical Midco, Inc. | One stop 1","Chestnut Optical Midco, Inc.","Chestnut Optical Midco, Inc.",First Lien,,,,47167000.0,49878000.0,52575000.0,,89.71,1.0,4.73,,,False,,,USD,47167000.0,Specialty Retail,Unaffiliated,One stop,,2029-06,,,,,1.1,4.73,1.0,,Consumer Discretionary,Retailing,First Lien,,"Chestnut Optical Midco, Inc."
GBDC,0001476765,0001476765-26-000048,10-Q,2026-06-30,2026-08-03,"Chestnut Optical Midco, Inc. | One stop 2","Chestnut Optical Midco, Inc.","Chestnut Optical Midco, Inc.",First Lien,,,,-253000.0,0.0,0.0,,,,,,,False,,,USD,-253000.0,Specialty Retail,Unaffiliated,One stop,,2029-06,,,,,,,,,Consumer Discretionary,Retailing,First Lien,,"Chestnut Optical Midco, Inc."
GBDC,0001476765,0001476765-26-000048,10-Q,2026-06-30,2026-08-03,"RW AM Holdco, LLC | LLC interest 1","RW AM Holdco, LLC","RW AM Holdco, LLC",Common Equity,,,,3342000.0,3587000.0,,175000.0,93.17,,,,,False,,,USD,3342000.0,Diversified Consumer Services,Unaffiliated,LLC interest,,,2022-04,,,,0.1,,,,Consumer Discretionary,Consumer Services,Common Equity,,"RW AM Holdco, LLC"
GBDC,0001476765,0001476765-26-000048,10-Q,2026-06-30,2026-08-03,"Bayside Opco, LLC | LLC interest","Bayside Opco, LLC","Bayside Opco, LLC",Common Equity,,,,10580000.0,2592000.0,,6000.0,408.18,,,,,False,,,USD,10580000.0,Healthcare Providers & Services,Unaffiliated,LLC interest,,,2023-05,,,,0.3,,,,Health Care,Health Care Equipment & Services,Common Equity,Pro-PT,"Bayside Opco, LLC"
GBDC,0001476765,0001476765-26-000048,10-Q,2026-06-30,2026-08-03,Elite Dental Partners LLC | LLC interest 1,Elite Dental Partners LLC,Elite Dental Partners LLC,Common Equity,,,,0.0,4152000.0,,0.0,0.0,,,,,False,,,USD,0.0,,,,,,,,,,,,,,Health Care,Health Care Equipment & Services,Common Equity,,Elite Dental Partners LLC
GBDC,0001476765,0001476765-26-000048,10-Q,2026-06-30,2026-08-03,Opening Day Borrower 111 LLC | LLC interest 1,Opening Day Borrower 111 LLC,Opening Day Borrower 111 LLC,Common Equity,,,,11312000.0,29009000.0,,362000.0,38.99,,,,,False,,,USD,11312000.0,Healthcare Providers & Services,Unaffiliated,LLC interest,,,2024-09,,,,0.3,,,,Health Care,Health Care Equipment & Services,Common Equity,,Opening Day Borrower 111 LLC
GBDC,0001476765,0001476765-26-000048,10-Q,2026-06-30,2026-08-03,SPF Borrower LLC | LLC interest,SPF Borrower LLC,SPF Borrower LLC,Common Equity,,,,9684000.0,9347000.0,,0.0,103.61,,,,,False,,,USD,9684000.0,Healthcare Providers & Services,Unaffiliated,LLC interest,,,2024-02,,,,0.3,,,,Health Care,Health Care Equipment & Services,Common Equity,,SPF Borrower LLC
GBDC,0001476765,0001476765-26-000048,10-Q,2026-06-30,2026-08-03,Switchfly LLC | LLC interest 1,Switchfly LLC,Switchfly LLC,Common Equity,,,,3209000.0,8646000.0,,106595000.0,37.12,,,,,False,,,USD,3209000.0,,,,,,,,,,,,,,Information Technology,Software & Services,Common Equity,,Switchfly LLC
GBDC,0001476765,0001476765-26-000048,10-Q,2026-06-30,2026-08-03,"MMan Acquisition Co., One stop 1",MMan Acquisition Co.,MMan Acquisition Co.,First Lien,,,,2132000.0,2269000.0,2269000.0,,93.96,,,,8.0,True,,,USD,2132000.0,Healthcare Providers & Services,Unaffiliated,One stop,,2027-05,,,,,0.1,8.56,4.75,,Health Care,Health Care Equipment & Services,First Lien,,MMan Acquisition Co.
GBDC,0001476765,0001476765-26-000048,10-Q,2026-06-30,2026-08-03,"MMan Acquisition Co., One stop  2",MMan Acquisition Co.,MMan Acquisition Co.,First Lien,,,,1323000.0,1323000.0,1323000.0,,100.0,,,,12.0,True,,,USD,1323000.0,Healthcare Providers & Services,Unaffiliated,One stop,,2027-05,,,,,,8.64,5.0,,Health Care,Health Care Equipment & Services,First Lien,,MMan Acquisition Co.
GBDC,0001476765,0001476765-26-000048,10-Q,2026-06-30,2026-08-03,"MMan Acquisition Co., One stop 3",MMan Acquisition Co.,MMan Acquisition Co.,First Lien,,,,1422000.0,1422000.0,1422000.0,,100.0,,,,12.0,True,,,USD,1422000.0,Life Sciences Tools & Services,Unaffiliated,One stop,,2032-09,,,,,0.1,8.14,4.5,,Health Care,"Pharmaceuticals, Biotechnology & Life Sciences",First Lien,,MMan Acquisition Co.
GBDC,0001476765,0001476765-26-000048,10-Q,2026-06-30,2026-08-03,"MMan Acquisition Co., One stop 4",MMan Acquisition Co.,MMan Acquisition Co.,First Lien,,,,411000.0,411000.0,411000.0,,100.0,,,,12.0,True,,,USD,411000.0,Software,Unaffiliated,LP units,,,2020-12,,,,,,,,Information Technology,Software & Services,First Lien,,MMan Acquisition Co.
GBDC,0001476765,0001476765-26-000048,10-Q,2026-06-30,2026-08-03,Abita Brewing Co. LLC,Abita Brewing Co. LLC,Abita Brewing Co. LLC,,,,,5139000.0,,,,,,,,,False,,,USD,5139000.0,Professional Services,Unaffiliated,Senior secured,,2028-09,,,,,0.1,8.69,5.0,,Industrials,Commercial & Professional Services,First Lien,,Abita Brewing Co. LLC
GBDC,0001476765,0001476765-26-000048,10-Q,2026-06-30,2026-08-03,"Chestnut Optical Midco, Inc. — Other (partial rollup excess)","Chestnut Optical Midco, Inc.","Chestnut Optical Midco, Inc.",,,,,60255000.0,,,,,,,,,False,,,USD,60255000.0,Specialty Retail,Unaffiliated,LLC interest,,,2024-06,,,,1.6,,,,Consumer Discretionary,Retailing,Common Equity,,"Chestnut Optical Midco, Inc."
GBDC,0001476765,0001476765-26-000048,10-Q,2026-06-30,2026-08-03,Fleet Farm Group LLC,Fleet Farm Group LLC,Fleet Farm Group LLC,,,,,31129000.0,,,,,,,,,False,,,USD,31129000.0,Life Sciences Tools & Services,Unaffiliated,One stop,,2029-11,,,,,0.8,9.25,5.0,,Health Care,"Pharmaceuticals, Biotechnology & Life Sciences",First Lien,,Fleet Farm Group LLC
GBDC,0001476765,0001476765-26-000048,10-Q,2026-06-30,2026-08-03,"G & H Wire Company, Inc. — Other (partial rollup excess)","G & H Wire Company, Inc.","G & H Wire Company, Inc.",,,,,1513000.0,,,,,,,,,False,,,USD,1513000.0,Healthcare Equipment & Supplies,Unaffiliated,LLC interest,,,2024-11,,,,,,,,Health Care,Health Care Equipment & Services,Common Equity,,"G & H Wire Company, Inc."
GBDC,0001476765,0001476765-26-000048,10-Q,2026-06-30,2026-08-03,"IMPLUS Footcare, LLC — Other (partial rollup excess)","IMPLUS Footcare, LLC","IMPLUS Footcare, LLC",,,,,9449000.0,,,,,,,,,False,,,USD,9449000.0,Personal Products,Unaffiliated,LLC interest,,,2025-07,,,,0.3,,,,Consumer Staples,Household & Personal Products,Common Equity,,"IMPLUS Footcare, LLC"
GBDC,0001476765,0001476765-26-000048,10-Q,2026-06-30,2026-08-03,Opening Day Borrower 111 LLC — Other (partial rollup excess),Opening Day Borrower 111 LLC,Opening Day Borrower 111 LLC,,,,,5810000.0,,,,,,,,,False,,,USD,5810000.0,Healthcare Providers & Services,Unaffiliated,One stop,,2029-05,,,,,0.2,10.06,6.25,,Health Care,Health Care Equipment & Services,First Lien,,Opening Day Borrower 111 LLC
GBDC,0001476765,0001476765-26-000048,10-Q,2026-06-30,2026-08-03,Reaction Biology Corporation — Other (partial rollup excess),Reaction Biology Corporation,Reaction Biology Corporation,,,,,1534000.0,,,,,,,,,False,,,USD,1534000.0,Life Sciences Tools & Services,Unaffiliated,LLC interest,,,2025-03,,,,,,,,Health Care,"Pharmaceuticals, Biotechnology & Life Sciences",Common Equity,,Reaction Biology Corporation
GBDC,0001476765,0001476765-26-000048,10-Q,2026-06-30,2026-08-03,RW AM Holdco LLC,RW AM Holdco LLC,RW AM Holdco LLC,,,,,6155000.0,,,,,,,,,False,,,USD,6155000.0,Food & Staples Retailing,Unaffiliated,Preferred stock,,,2023-02,,,,0.2,,,,Consumer Staples,Food & Staples Retailing,Preferred Equity,,RW AM Holdco LLC
GBDC,0001476765,0001476765-26-000048,10-Q,2026-06-30,2026-08-03,SPF Borrower LLC — Other (partial rollup excess),SPF Borrower LLC,SPF Borrower LLC,,,,,25485000.0,,,,,,,,,False,,,USD,25485000.0,Software,Unaffiliated,One stop,,2027-09,,,,,0.7,9.5,5.75,,Information Technology,Software & Services,First Lien,,SPF Borrower LLC
GBDC,0001476765,0001476765-26-000048,10-Q,2026-06-30,2026-08-03,Switchfly LLC — Other (partial rollup excess),Switchfly LLC,Switchfly LLC,,,,,2412000.0,,,,,,,,,False,,,USD,2412000.0,Software,Unaffiliated,One stop,,2027-11,,,,,0.1,1.0,,,Information Technology,Software & Services,First Lien,,Switchfly LLC
GBDC,0001476765,0001476765-26-000048,10-Q,2026-06-30,2026-08-03,MMan Acquisition Co. — Other (partial rollup excess),MMan Acquisition Co.,MMan Acquisition Co.,Other,,,,6682000.0,,,,,,,,,False,,,USD,6682000.0,Insurance,Unaffiliated,One stop,,2028-02,,,,,0.2,7.99,5.0,,Financials,Insurance,First Lien,,MMan Acquisition Co.
